Name,Team,Age,IP,K/9,BB/9,K/BB,HR/9,K%,BB%,K-BB%,AVG,WHIP,BABIP,LOB%,ERA,FIP,E-F,NameASCII,PlayerId,MLBAMID
"Brooks Raley 레일리","Giants (KBO)",28,184.2,7.164246707061619,2.48555498000097,2.88235294,1.023463815294517,0.18193069,0.06311881,0.11881188,0.27972973,1.3971093351639439,0.32517483,0.69218241,4.337537121962477,4.750362491740304,-0.4128253697778268,"Brooks Raley","10061",
"Scott Copeland 코프랜드","Twins (KBO)",28,63.1,4.831581372502664,5.9684240483856446,0.80952381,1.13684267588298,0.10828025,0.13375796,-0.02547771,0.26792453,1.784211421871899,0.28251121,0.61580882,5.542108044929527,6.648864725752949,-1.1067566808234224,"Scott Copeland","10706",
"Merrill Kelly 켈리","Wyverns (KBO)",27,200.1,6.828630584316898,2.6955120727566704,2.53333333,0.6738780181891676,0.17966903,0.07092199,0.10874705,0.26315789,1.322797591260218,0.31045752,0.72111554,3.6838664994341164,4.2186249813904,-0.5347584819562838,"Merrill Kelly","11156",
"Robert Coello 코엘로","Heroes (KBO)",31,62,6.67741935483871,6.096774193548387,1.0952381,0.8709677419354839,0.1697417,0.15498155,0.01476015,0.22026432,1.4838709677419355,0.25142857,0.75934579,3.774193548387097,5.662615397668654,-1.8884218492815572,"Robert Coello","1149",
"Andy Van Hekken 밴헤켄","Heroes (KBO)",36,72,10.125,2.375,4.26315789,1.25,0.28222997,0.06620209,0.21602788,0.20912548,1.0277777777777777,0.26162791,0.76923077,3.375,4.314945146772597,-0.9399451467725974,"Andy Van Hekken","1630",
"Kwang Hyun Kim 김광현","Wyverns (KBO)",27,137,7.62043795620438,2.6934306569343067,2.82926829,1.1167883211678833,0.19897084,0.0703259,0.12864494,0.25932836,1.313868613138686,0.30272953,0.72749692,3.875912408759124,4.708294700706092,-0.8323822919469679,"Kwang Hyun Kim","27458",
"Hyeon-Jong Yang 양현종","Tigers (KBO)",28,200.1,6.559079377041232,3.4592404933710603,1.8961039,0.8535788230396123,0.17176471,0.09058824,0.08117647,0.24773022,1.3377726583310883,0.28382838,0.71487264,3.6838664994341164,4.717793883752746,-1.0339273843186296,"Hyeon-Jong Yang","27513",
"Fabio Castillo 카스티요","Eagles (KBO)",27,84,6.428571428571429,4.285714285714286,1.5,0.75,0.15267176,0.10178117,0.05089059,0.3090379,1.7380952380952381,0.35869565,0.64295486,6.428571428571429,5.199865781693232,1.228705646878197,"Fabio Castillo","2826",
"Hector Noesí 헥터","Tigers (KBO)",29,206.2,6.053215825100307,2.2209640797130623,2.7254902,0.3048382070194399,0.16013825,0.05875576,0.10138249,0.26017263,1.2677398450649724,0.30676692,0.697134,3.3967685925023305,3.6819703640375008,-0.28520177153517023,"Hector Noesi","3292",
"Chris Seddon 세든","Wyverns (KBO)",32,62,6.241935483870968,2.467741935483871,2.52941176,1.1612903225806452,0.15194346,0.06007067,0.09187279,0.28679245,1.5,0.31775701,0.50724638,5.370967741935484,4.920679913797686,0.4502878281377978,"Chris Seddon","3833",
"Zeke Spruill 지크","Tigers (KBO)",26,152,7.401315789473684,4.026315789473684,1.83823529,0.9473684210526315,0.17730496,0.0964539,0.08085106,0.29746835,1.6842105263157894,0.3503055,0.65800503,5.269736842105263,4.923863275427567,0.345873566677696,"Zeke Spruill","3873",
"Allen Webster 웹스터","Lions (KBO)",26,71,7.47887323943662,5.957746478873239,1.25531915,1.267605633802817,0.18153846,0.14461538,0.03692308,0.26181818,1.676056338028169,0.30097087,0.68518519,5.704225352112676,6.041079732062111,-0.33685437994943523,"Allen Webster","3993",
"David Huff 허프","Twins (KBO)",31,74.2,5.544640213252374,1.084820911288508,5.11111111,0.24107131361966846,0.15384615,0.03010033,0.12374582,0.24913495,1.084820911288508,0.29045643,0.60606061,3.13392707705569,3.2772469639777047,-0.14331988692201447,"David Huff","4257",
"Dustin Nippert 니퍼트","Bears (KBO)",35,167.2,7.622250909496302,3.059635928459783,2.49122807,0.8051673495946797,0.20256776,0.08131241,0.12125535,0.23779528,1.2405541386347658,0.28451883,0.79591837,2.952280281847159,4.409487673482375,-1.4572073916352162,"Dustin Nippert","4426",
"Michael Bowden 보우덴","Bears (KBO)",29,180,8,2.7,2.96296296,0.85,0.21563342,0.07277628,0.14285714,0.23313783,1.1833333333333333,0.28118812,0.69672131,3.8,4.209389591217041,-0.40938959121704155,"Michael Bowden","4440",
"Yohan Flande 플란데","Lions (KBO)",30,68.2,7.339802019536721,4.325240475798425,1.6969697,1.7038826116781673,0.16969697,0.1,0.06969697,0.31081081,1.8203874056390676,0.34801762,0.55658627,7.601937805948747,6.074922371189935,1.5270154347588125,"Yohan Flande","5057",
"Sugar Ray Marimon 마리몬","Wiz (KBO)",27,62,6.532258064516129,4.209677419354839,1.55172414,0.43548387096774194,0.16363636,0.10545455,0.05818182,0.25,1.435483870967742,0.296875,0.6277533,5.225806451612903,4.630357333152525,0.5954491184603778,"Sugar Ray Marimon","6027",
"Ryan Feierabend 피어밴드","Wiz (KBO)",30,182,7.1208791208791204,2.3736263736263736,3,1.1373626373626373,0.17932752,0.05977584,0.11955168,0.31006711,1.532967032967033,0.35986159,0.74766355,4.450549450549451,4.775873107700557,-0.325323657151106,"Ryan Feierabend","6336",
"Henry Sosa 소사","Twins (KBO)",30,199,4.839195979899498,1.7185929648241205,2.81578947,0.542713567839196,0.12298851,0.04367816,0.07931035,0.31348724,1.4874371859296482,0.34943182,0.63844552,5.155778894472362,4.176475018352719,0.9793038761196424,"Henry Sosa","6936",
"Zach Stewart 스튜어트","Dinos (KBO)",29,150,7.08,3.3,2.14545455,0.66,0.18070444,0.08422665,0.0964778,0.27118644,1.4333333333333333,0.32321041,0.69364162,4.56,4.399389591217041,0.16061040878295874,"Zach Stewart","7397",
"Josh Lindblom 린드블럼","Giants (KBO)",29,177.1,7.511292629861651,3.90790224661721,1.92207792,1.4210553624062583,0.18710493,0.09734513,0.0897598,0.27943262,1.5451157511877571,0.3194707,0.71369975,5.278205631794673,5.597738988615614,-0.31953335682094064,"Josh Lindblom","7882",
"Jae Kuk Ryu 류제국","Twins (KBO)",33,161.1,7.698363368462986,3.9049669260319497,1.97142857,0.78099338520639,0.19686163,0.09985735,0.09700428,0.24918033,1.3760359644112583,0.30131004,0.71620412,4.295463618635145,4.868896067026119,-0.5734324483909745,"Jae Kuk Ryu","8228",
"Eric Hacker 해커","Dinos (KBO)",33,140.2,7.613725630787592,1.9834075172639944,3.83870968,0.8957324271514814,0.20272572,0.0528109,0.14991482,0.24175824,1.1587649652832654,0.28571429,0.75619296,3.4549679332985708,4.235691754861083,-0.7807238215625123,"Eric Hacker","8743",
"Changmin Sim 심창민","Lions (KBO)",23,72.2,9.412839424771931,3.220181908474608,2.92307692,0.7431189019556789,0.25082508,0.08580858,0.1650165,0.21611722,1.1697241975228279,0.27748691,0.74441687,2.9724756078227155,3.979572969574279,-1.0070973617515637,"Changmin Sim","sa3011907",
"Jung Woo Lim 임정우","Twins (KBO)",25,70.2,11.08018309673945,4.584903350374945,2.41666667,0.6367921319965202,0.27444795,0.11356467,0.16088328,0.26545455,1.5424520530582377,0.3715847,0.77777778,3.8207527919791207,3.99995550774906,-0.1792027157699394,"Jung Woo Lim","sa3011909",
"Jung-Min Lee 이정민","Giants (KBO)",37,77,7.012987012987013,2.4545454545454546,2.85714286,0.7012987012987013,0.18404908,0.06441718,0.1196319,0.27666667,1.3506493506493507,0.32905983,0.79522863,3.155844155844156,4.226922058749509,-1.0710779029053534,"Jung-Min Lee","sa3011991",
"Kyu-min Woo 우규민","Twins (KBO)",31,132,5.5227272727272725,2.4545454545454546,2.25,1.0909090909090908,0.13522538,0.06010017,0.07512521,0.30458716,1.5303030303030303,0.33482143,0.66295547,4.909090909090909,5.335147166974616,-0.42605625788370727,"Kyu-min Woo","sa3012000",
"Jae Hun Chung 정재훈","Bears (KBO)",36,52.1,9.63057909836684,2.923568654861362,3.29411765,0.5159238802696521,0.25570776,0.07762557,0.17808219,0.21827411,1.146497511710338,0.28985507,0.72368421,3.2675179083744634,3.6256315481841686,-0.3581136398097051,"Jae Hun Chung","sa3012002",
"Won-Jun Chang 장원준","Bears (KBO)",30,168,7.339285714285714,4.071428571428571,1.80263158,0.75,0.18844567,0.1045392,0.08390647,0.25077882,1.4107142857142858,0.299389,0.795053,3.3214285714285716,4.729627686455136,-1.4081991150265645,"Won-Jun Chang","sa3012021",
"Hisang Yoon 윤희상","Wyverns (KBO)",31,122.2,5.4293330805688615,3.228252101959864,1.68181818,1.3206485871653988,0.13703704,0.08148148,0.05555556,0.29183673,1.524452381481047,0.31407035,0.73897497,4.842378152939796,5.683297409556758,-0.8409192566169619,"Hisang Yoon","sa3012025",
"Seunglak Son 손승락","Giants (KBO)",34,50.2,8.526310439918895,4.263155219959447,2,0.8881573374915516,0.20689655,0.10344828,0.10344828,0.29756098,1.6776305263729308,0.36842105,0.77777778,4.263155219959447,4.7462310773187655,-0.48307585735931813,"Seunglak Son","sa3012028",
"Jong-hyun Won 원종현","Dinos (KBO)",28,70.2,9.551881979947803,2.2924516751874724,4.16666667,0.5094337055972161,0.26501767,0.06360424,0.20141343,0.19465649,0.9764146023946642,0.2568306,0.69277108,3.1839606599826005,3.2641068218864144,-0.08014616190381396,"Jong-hyun Won","sa3012035",
"Hyun-seung Lee 이현승","Bears (KBO)",32,57.2,6.39884040323136,2.6531777281691005,2.41176471,1.248554225020753,0.15769231,0.06538462,0.09230769,0.27542373,1.4219645340514133,0.30481283,0.68123393,4.838147621955418,5.389446496105247,-0.551298874149829,"Hyun-seung Lee","sa3012039",
"Woo-chan Cha 차우찬","Lions (KBO)",29,152.1,7.089731396297515,3.840271172994487,1.84615385,0.9452975195063353,0.17883756,0.09687034,0.08196721,0.28093645,1.5295439030901121,0.32900433,0.70448307,4.726487597531676,4.986963453353741,-0.26047585582206434,"Woo-chan Cha","sa3012041",
"Ki-Joo Han 한기주","Tigers (KBO)",29,56.2,4.288232888483783,4.7647032094264254,0.9,1.7470578434563562,0.0971223,0.10791367,-0.01079137,0.33333333,1.958822430541975,0.34146341,0.67594433,7.623525135082281,7.182917082434547,0.4406080526477343,"Ki-Joo Han","sa3012042",
"Hee-soo Park 박희수","Wyverns (KBO)",32,54.2,6.091459872397055,4.2804853157384715,1.42307692,0.49390215181597746,0.15611814,0.10970464,0.0464135,0.20873786,1.2621943879741646,0.24096386,0.73065903,3.292681012106516,4.820364584006919,-1.5276835719004027,"Hee-soo Park","sa3012045",
"Si Hwan Chang 장시환","Wiz (KBO)",28,75.1,8.00442856179296,5.137170569508915,1.55813953,0.8362835810828465,0.18356164,0.11780822,0.06575342,0.2971246,1.805310587734399,0.35983264,0.61390533,6.331861399627266,5.259390300143417,1.0724710994838498,"Si Hwan Chang","sa3012048",
"Ji-yong Kim 김지용","Twins (KBO)",28,63,8,2.5714285714285716,3.11111111,1.2857142857142858,0.21705426,0.06976744,0.14728682,0.2212766,1.1111111111111112,0.25294118,0.80128205,3.5714285714285716,4.933992765820216,-1.3625641943916444,"Ji-yong Kim","sa3012169",
"Jae-hak Lee 이재학","Dinos (KBO)",25,127.2,9.446450545009256,3.8067785778395513,2.48148148,1.339422092202805,0.23550088,0.09490334,0.14059754,0.27504912,1.5195782800429485,0.33988764,0.73817762,4.5822334733253856,5.004817150633684,-0.4225836773082987,"Jae-hak Lee","sa3012173",
"Dae-hyun Chung 정대현","Wiz (KBO)",24,91.1,5.61679051072245,4.335768113540137,1.29545455,1.2810223971823131,0.13317757,0.10280374,0.03037383,0.30343008,1.7408765910426307,0.33009709,0.56241427,7.291973645499321,5.971069285497617,1.3209043600017045,"Dae-hyun Chung","sa3012174",
"Geon-tae Kim 김건태","Heroes (KBO)",24,63.1,3.9789493655904296,4.121054700075802,0.96551724,1.2789480103683524,0.09722222,0.10069444,-0.00347222,0.28063241,1.5789481609485831,0.28703704,0.66381156,5.257897375958782,6.380443538391689,-1.122546162432907,"Geon-tae Kim","sa3012180",
"Si-young Park 박시영","Giants (KBO)",27,61.2,8.318914630521501,4.232430250616202,1.96551724,0.8756752242654211,0.20577617,0.10469314,0.10108303,0.2601626,1.5081073306793364,0.31693989,0.65819861,5.39999721630343,4.683713439052763,0.7162837772506672,"Si-young Park","sa3012194",
"Tae-yang Lee 이태양","Eagles (KBO)",25,112.1,4.8071359183836195,4.96737378232974,0.96774194,1.2017839795959049,0.1171875,0.12109375,-0.00390625,0.28635347,1.691399674986829,0.30376344,0.73837209,4.96737378232974,6.162957550408851,-1.1955837680791115,"Tae-yang Lee","sa3012211",
"Jong-hun Park 박종훈","Wyverns (KBO)",24,140,6.685714285714286,5.85,1.14285714,1.0928571428571427,0.16,0.14,0.02,0.2630597,1.6571428571428573,0.29879518,0.66176471,5.6571428571428575,6.295103876931327,-0.6379610197884693,"Jong-hun Park","sa3012213",
"Dae-woo Kim 김대우","Lions (KBO)",27,66,5.045454545454546,2.590909090909091,1.94736842,1.0909090909090908,0.12542373,0.06440678,0.06101695,0.3037037,1.5303030303030303,0.32888889,0.70981211,5.045454545454546,5.350298682126132,-0.30484413667158616,"Dae-woo Kim","sa3012247",
"Geon-hui Hong 홍건희","Tigers (KBO)",23,90.1,8.269375953006064,4.084872458713839,2.02439024,0.9963103557838632,0.2039312,0.1007371,0.1031941,0.28219178,1.594096569254181,0.34191176,0.70229008,4.981551778919316,4.755699947000904,0.22585183191841196,"Geon-hui Hong","sa3012262",
"Myung-june Yoon 윤명준","Bears (KBO)",27,57,6.157894736842105,2.6842105263157894,2.29411765,0.7894736842105263,0.16317992,0.07112971,0.09205021,0.23287671,1.1929824561403508,0.26285714,0.71875,3.9473684210526314,4.5839509947258135,-0.636582573673182,"Myung-june Yoon","sa3012289",
"Joon-hyeong Lee 이준형","Twins (KBO)",23,71.1,4.4158900545231035,5.67757292724399,0.77777778,0.5046731490883546,0.10447761,0.13432836,-0.02985075,0.29370629,1.8084121175666041,0.32388664,0.62009419,6.182246076332344,5.567801708783645,0.6144443675486988,"Joon-hyeong Lee","sa3012306",
"Yun-dong Kim 김윤동","Tigers (KBO)",23,53,7.981132075471698,6.452830188679245,1.23684211,1.528301886792453,0.19421488,0.15702479,0.03719008,0.23880597,1.6226415094339623,0.26896552,0.73298429,5.433962264150943,6.514106572349117,-1.0801443081981743,"Yun-dong Kim","sa3012316",
"Seung-won Moon 문승원","Wyverns (KBO)",26,63.2,6.9266981121392215,4.664919136746823,1.48484848,1.696334231544299,0.16013072,0.10784314,0.05228758,0.31851852,1.8691090143867741,0.35406699,0.66539924,6.643975740215172,6.366718132294389,0.2772576079207827,"Seung-won Moon","sa3012330",
"Min-ho Lee 이민호","Dinos (KBO)",22,130.2,7.02549188154742,3.788255426324589,1.85454545,1.2397926849789564,0.16915423,0.09121061,0.07794362,0.29335793,1.6377508307746707,0.33412322,0.66735113,5.510189711017584,5.389487380726409,0.1207023302911745,"Min-ho Lee","sa3012347",
"Jae-young Shin 신재영","Heroes (KBO)",26,168.2,5.282598022519213,1.1205510956858937,4.71428571,1.0138319437158085,0.13788301,0.02924791,0.1086351,0.27988338,1.2628432983126738,0.30457746,0.74974671,3.8952490469081065,4.619071648753838,-0.7238226018457317,"Jae-young Shin","sa3012350",
"Keum-kang Choi 최금강","Dinos (KBO)",27,108,7,3,2.33333333,1.0833333333333333,0.17283951,0.07407407,0.09876543,0.27828054,1.4722222222222223,0.31884058,0.68548387,5,4.990871072698523,0.009128927301476963,"Keum-kang Choi","sa3012354",
"Jin-hyung Park 박진형","Giants (KBO)",22,93,7.548387096774194,5.225806451612903,1.44444444,0.8709677419354839,0.17808219,0.12328767,0.05479452,0.2722372,1.6666666666666667,0.32394366,0.66280566,5.806451612903226,5.501325075088009,0.3051265378152168,"Jin-hyung Park","sa3012378",
"Jun-pyo Park 박준표","Tigers (KBO)",24,51.2,5.74838355994467,3.83225570662978,1.5,0.6967737648417781,0.13865546,0.09243697,0.04621849,0.28846154,1.5870957976951614,0.32748538,0.6042654,6.2709638835760035,5.23035642810524,1.0406074554707638,"Jun-pyo Park","sa3012391",
"Sung-min Lee 이성민","Giants (KBO)",26,68.2,6.160190980682605,5.5048515146525405,1.11904762,1.4417468252661416,0.14373089,0.12844037,0.01529052,0.31672598,1.907766001109743,0.34977578,0.63545151,7.077666233124695,6.482689150053086,0.5949770830716092,"Sung-min Lee","sa3012409",
"Hyun-sik Jang 장현식","Dinos (KBO)",21,76.1,6.956335122343895,5.06987136035233,1.37209302,0.589519925622364,0.17824773,0.12990937,0.04833837,0.23776224,1.4541491498684977,0.28378378,0.68867925,4.480351434729966,4.833625900128904,-0.3532744653989379,"Hyun-sik Jang","sa3012411",
"Young-pyo Ko 고영표","Wiz (KBO)",24,56.1,9.905331033408167,3.0355046715283094,3.26315789,0.9585804225878871,0.23846154,0.07307692,0.16538462,0.28138528,1.49112510180338,0.36196319,0.65420561,5.591719131762675,4.4872006528115485,1.1045184789511264,"Young-pyo Ko","sa3012418",
"Jae-min Shim 심재민","Wiz (KBO)",22,54.1,4.969328060810148,3.9754624486481185,1.25,0.6625770747746864,0.11764706,0.09411765,0.02352941,0.33185841,1.8220869556303876,0.36979167,0.69105691,5.4662608668911625,5.213378171972603,0.25288269491855964,"Jae-min Shim","sa3012426",
"Se-woong Park 박세웅","Giants (KBO)",20,139,8.611510791366907,4.014388489208633,2.14516129,1.1007194244604317,0.21212121,0.09888357,0.11323764,0.2862254,1.5971223021582734,0.34963325,0.64152791,5.762589928057554,4.903274483303372,0.8593154447541815,"Se-woong Park","sa3012427",
"Sang-baek Eom 엄상백","Wiz (KBO)",19,73.1,6.9954579417978175,4.909093292489697,1.425,0.9818186584979394,0.16521739,0.11594203,0.04927536,0.3089701,1.8136372441698045,0.36016949,0.60413355,6.750003277173333,5.423026762560771,1.3269765146125616,"Sang-baek Eom","sa3012505",
"Sung-gon Jung 정성곤","Wiz (KBO)",19,66.1,6.241209380065738,4.477389337873247,1.39393939,0.5427138591361512,0.15131579,0.10855263,0.04276316,0.27169811,1.582915422480441,0.31627907,0.5597723,5.834173985713625,4.920194234369364,0.9139797513442609,"Sung-gon Jung","sa3012507",
"Kwon Ju 주권","Wiz (KBO)",21,134,4.231343283582089,2.955223880597015,1.43181818,0.9402985074626866,0.10606061,0.07407407,0.03198653,0.29724771,1.537313432835821,0.31623932,0.68443051,5.104477611940299,5.27431496435137,-0.16983735241107123,"Kwon Ju","sa3012508",
"Won-tae Choi 최원태","Heroes (KBO)",19,61,6.19672131147541,3.3934426229508197,1.82608696,0.8852459016393442,0.14334471,0.07849829,0.06484642,0.33712121,1.8360655737704918,0.38425926,0.61131387,7.229508196721311,5.087258443676058,2.1422497530452533,"Won-tae Choi","sa3012525",
"Ju-hyun Park 박주현","Heroes (KBO)",20,119,5.369747899159663,2.7983193277310923,1.91891892,1.4369747899159664,0.13197026,0.06877323,0.06319703,0.31034483,1.596638655462185,0.3325062,0.63593932,6.352941176470588,5.776196313906117,0.5767448625644711,"Ju-hyun Park","sa3012528",
"Chang-mo Koo 구창모","Dinos (KBO)",19,68.2,8.781548844802863,4.8495120486224765,1.81081081,1.179611038854116,0.22635135,0.125,0.10135135,0.23735409,1.4271837260210292,0.28729282,0.77803204,4.1941725825924125,5.215699515728295,-1.021526933135882,"Chang-mo Koo","sa3012564",
"Ju-han Kim 김주한","Wyverns (KBO)",23,59.1,7.584273726363517,2.1235966433817848,3.57142857,0.9101128471636222,0.19685039,0.05511811,0.14173228,0.26271186,1.2808995626747275,0.31111111,0.72625698,4.2471932867635696,4.298715722869558,-0.051522436105988056,"Ju-han Kim","sa3012615",
"Kwang-soo Kim 김광수","Tigers (KBO)",35,52.1,6.707010443505478,3.7834417886441156,1.77272727,0.8598731337827535,0.16182573,0.09128631,0.07053942,0.30593607,1.700637975703668,0.35428571,0.70731707,5.159238802696521,4.772129059894507,0.38710974280201427,"Kwang-soo Kim","sa3012749",
"Byung-yong Chei 채병용","Wyverns (KBO)",34,83.2,7.207168247774422,3.1195205848575855,2.31034483,0.9681270780592507,0.1942029,0.08405797,0.11014493,0.24600639,1.2669317317812416,0.28691983,0.6846473,4.30278701359667,4.703612296978532,-0.4008252833818622,"Byung-yong Chei","sa3012836",
"Hyuk Kwon 권혁","Eagles (KBO)",32,95.1,7.269233484048611,3.9650364458446967,1.83333333,0.47202814831484485,0.18421053,0.10047847,0.08373206,0.25203252,1.4160844449445344,0.30662021,0.71851852,3.8706308161817278,4.367781426822841,-0.4971506106411132,"Hyuk Kwon","sa3012872",
"Jung-kil Ma 마정길","Heroes (KBO)",37,63.2,7.350781670025296,4.806280322708847,1.52941176,1.4136118596202494,0.18439716,0.12056738,0.06382979,0.25,1.4921458518213742,0.28021978,0.77647059,4.099474392898723,5.95834137284854,-1.8588669799498172,"Jung-kil Ma","sa3012899",
"Kil-hyoun Yun 윤길현","Giants (KBO)",32,60,7.5,3.3,2.27272727,1.2,0.18181818,0.08,0.10181818,0.29880478,1.6166666666666667,0.34715026,0.64920273,6,5.026056257883708,0.9739437421162922,"Kil-hyoun Yun","sa3012909",
"Kyung-eun Noh 노경은","Giants (KBO)",32,94.2,4.943660112535676,4.563378565417548,1.08333333,1.235915028133919,0.11453744,0.10572687,0.00881057,0.319202,1.859154230355297,0.3422619,0.62653563,6.8450678481263205,6.125585884396511,0.7194819637298098,"Kyung-eun Noh","sa3012918",
"Kyu-jin Yun 윤규진","Eagles (KBO)",31,100.1,6.637895794848803,4.843869904349127,1.37037037,1.7043245959746927,0.15677966,0.11440678,0.04237288,0.30487805,1.7840590799969005,0.33438486,0.67955112,6.817298383898771,6.599930584508196,0.2173677993905745,"Kyu-jin Yun","sa3012958",
"Eun-beom Song 송은범","Eagles (KBO)",32,122,6.270491803278689,3.6147540983606556,1.73469388,0.9590163934426229,0.15124555,0.08718861,0.06405694,0.31299213,1.7049180327868851,0.35609756,0.60574949,6.418032786885246,5.079061722364582,1.3389710645206643,"Eun-beom Song","sa3012960",
"Soo-chang Shim 심수창","Eagles (KBO)",35,113.1,6.0353118588134205,4.605895892252347,1.31034483,1.111767973991946,0.1436673,0.10964083,0.03402647,0.29550321,1.729416848431916,0.32891247,0.63192905,5.955899860671138,5.665277546631805,0.29062231403933314,"Soo-chang Shim","sa3012973",
"Ju-won Oh 오주원","Heroes (KBO)",31,51,7.0588235294117645,3,2.35294118,0.5294117647058824,0.18181818,0.07727273,0.10454545,0.25125628,1.3137254901960784,0.30128205,0.68862275,4.411764705882353,4.190762140236649,0.22100256564570397,"Ju-won Oh","sa3012989",
"Sung-hwan Yun 윤성환","Lions (KBO)",34,180,4.25,2.05,2.07317073,1.25,0.11082138,0.05345502,0.05736636,0.28330996,1.35,0.29353234,0.72850679,4.35,5.520500702328152,-1.1705007023281526,"Sung-hwan Yun","sa3012993",
"Chang-sik Song 송창식","Eagles (KBO)",31,97.2,7.095560553284531,4.146756167503947,1.71111111,0.9215013705564327,0.17620137,0.10297483,0.07322654,0.2539267,1.4539243846557048,0.29491525,0.65942029,4.976107401004736,5.203075071755452,-0.22696767075071644,"Chang-sik Song","sa3013017",
"Woo-ram Jung 정우람","Eagles (KBO)",31,81,9.444444444444445,2.888888888888889,3.26923077,0.7777777777777778,0.25679758,0.07854985,0.17824774,0.21262458,1.1111111111111112,0.27272727,0.72446556,3.3333333333333335,3.8951920603528434,-0.5618587270195099,"Woo-ram Jung","sa3013029",
"Jung-bae Park 박정배","Wyverns (KBO)",34,51.2,4.529029471471558,2.9612885005775573,1.52941176,1.045160647262667,0.11659193,0.07623318,0.04035875,0.27093596,1.3935475296835562,0.28654971,0.61561562,5.399996677523781,5.4239046961168444,-0.023908018593063574,"Jung-bae Park","sa3013038",
"Yu-soo Jun 전유수","Wyverns (KBO)",29,54.1,7.453992091215222,4.803683792116477,1.55172414,0.9938656121620296,0.17647059,0.11372549,0.0627451,0.29646018,1.7668721993991638,0.34857143,0.66210046,5.13497232950382,5.139758496997638,-0.004786167493818105,"Yu-soo Jun","sa3013048",
"Bo-geun Lee 이보근","Heroes (KBO)",30,64.2,7.793810141913739,3.757729889851267,2.07407407,0.41752554331680747,0.19310345,0.09310345,0.1,0.26848249,1.4845352651264265,0.33333333,0.67484663,4.453605795379279,4.161451225522115,0.29215456985716415,"Bo-geun Lee","sa3013049",
"Hoon Yang 양훈","Heroes (KBO)",30,70.2,3.0566022335832965,3.438677512781209,0.88888889,1.2735842639930404,0.06896552,0.07758621,-0.00862069,0.371875,2.066036694922043,0.38111888,0.57142857,8.278297715954762,6.108445011470871,2.1698527044838913,"Hoon Yang","sa3013081",
"Jin-sung Kim 김진성","Dinos (KBO)",31,84.1,10.671941264372744,1.7075106022996391,6.25,1.6007911896559117,0.28818444,0.04610951,0.24207493,0.24012158,1.1264826890171231,0.29906542,0.69736842,4.482215331036553,4.340417504499558,0.1417978265369948,"Jin-sung Kim","sa3013091",
"Se-hyun Kim 김세현","Heroes (KBO)",28,62.1,7.219255018619302,1.0106957026067023,7.14285714,0.2887702007447721,0.19685039,0.02755906,0.16929134,0.26720648,1.1711235919093534,0.32820513,0.76923077,2.5989318067029488,2.90912177791299,-0.3101899712100411,"Se-hyun Kim","sa3013107",
"Won-sam Jang 장원삼","Lions (KBO)",33,78.1,6.089364469848067,2.642554392575576,2.30434783,1.838298707878662,0.14480874,0.06284153,0.08196721,0.33431085,1.74893696513456,0.36029412,0.60034305,7.008513823787398,6.0189650863178965,0.9895487374695016,"Won-sam Jang","sa3013108",
"Sang-su Kim 김상수","Heroes (KBO)",28,74,9.243243243243244,4.135135135135135,2.23529412,0.7297297297297297,0.22960725,0.10271903,0.12688822,0.26013514,1.5,0.3317757,0.69498069,4.621621621621622,4.1783085101359605,0.44331311148566144,"Sang-su Kim","sa3013115",
"Ki-tae Kim 김기태","Lions (KBO)",29,75,4.08,2.64,1.54545455,2.4,0.09912536,0.06413994,0.03498542,0.3022508,1.5466666666666666,0.28793774,0.66326531,7.08,7.599389591217041,-0.519389591217041,"Ki-tae Kim","sa3013119",
"Hae-soo Jin 진해수","Twins (KBO)",30,54,9,6.166666666666667,1.45945946,0.8333333333333334,0.21259843,0.14566929,0.06692913,0.26511628,1.7407407407407407,0.33333333,0.74157303,4.666666666666667,5.129759961587411,-0.46309329492074447,"Hae-soo Jin","sa3013133",
"Jung-hyun Baek 백정현","Lions (KBO)",28,68.2,10.092227776862991,3.932036796180386,2.56666667,1.179611038854116,0.25163399,0.09803922,0.15359477,0.26642336,1.4999992222465919,0.34042553,0.66017316,5.7669873010645665,4.61861244667868,1.148374854385886,"Jung-hyun Baek","sa3013166",
"Ya-gob Jin 진야곱","Bears (KBO)",27,62,8.129032258064516,5.806451612903226,1.4,1.1612903225806452,0.19047619,0.13605442,0.05442177,0.2687747,1.7419354838709677,0.31746032,0.72597137,4.935483870967742,5.61422830089446,-0.6787444299267182,"Ya-gob Jin","sa3013204",
"Chang-min Lim 임창민","Dinos (KBO)",30,70,11.7,3.857142857142857,3.03333333,0.6428571428571429,0.3013245,0.09933775,0.20198676,0.22846442,1.3,0.32748538,0.83146067,2.5714285714285716,3.58796101978847,-1.0165324483598983,"Chang-min Lim","sa3013206",
"Hee-kwan Yoo 유희관","Bears (KBO)",30,185.2,4.9443356287495765,2.8114849653674066,1.75862069,1.0664253316910852,0.12608158,0.07169345,0.05438813,0.28456376,1.4542163613969343,0.30595813,0.73817292,4.4111229629040345,5.235149898708745,-0.8240269358047101,"Hee-kwan Yoo","sa3013257",
"In-wook Jung 정인욱","Lions (KBO)",25,111,5.675675675675675,5.027027027027027,1.12903226,1.5405405405405406,0.13133208,0.1163227,0.01500938,0.29805616,1.8018018018018018,0.31818182,0.63947078,6.8108108108108105,6.615245447072898,0.1955653637379129,"In-wook Jung","sa3013272",
"Jun-heok Huh 허준혁","Bears (KBO)",25,89.1,5.641793293315435,3.9291060435589635,1.43589744,1.7126872497564714,0.13658537,0.09512195,0.04146341,0.29120879,1.6231349752594009,0.30584192,0.70982839,5.641793293315435,6.524316066314089,-0.8825227729986542,"Jun-heok Huh","sa3013281",
"Min-je Jang 장민재","Eagles (KBO)",26,119.1,6.9385668568586265,5.05308673271226,1.37313433,1.1312880744878195,0.1697417,0.12361624,0.04612546,0.28237792,1.6759823325745475,0.32417582,0.75409836,4.675990707882987,5.636489803700535,-0.9604990958175472,"Min-je Jang","sa3013300",
"Young-pil Choi 최영필","Tigers (KBO)",42,57.1,8.476748886080058,1.255814649789638,6.75,0.9418609873422287,0.21686747,0.03212851,0.18473896,0.31092437,1.4302333511493102,0.38202247,0.77023499,3.61046711814521,3.811715201624943,-0.201248083479733,"Young-pil Choi","sa3013461",
"Jung-jin Park 박정진","Eagles (KBO)",40,84,9.107142857142858,3.5357142857142856,2.57575758,1.1785714285714286,0.22727273,0.08823529,0.13903743,0.28318584,1.5357142857142858,0.34979424,0.63148789,5.571428571428571,4.68796101978847,0.8834675516401012,"Jung-jin Park","sa3013524",
"Travis Banwart 밴와트","Wiz (KBO)",30,134.2,6.148499292450986,3.274744188370634,1.87755102,1.403461795015986,0.14983713,0.07980456,0.07003257,0.30659537,1.6410849560768936,0.33705357,0.62372188,5.948004750305845,5.600969089439076,0.3470356608667693,"Travis Banwart","sa389775",
"Scott McGregor 맥그레거","Heroes (KBO)",29,90,6.1,2,3.05,1.3,0.15844156,0.05194805,0.10649351,0.29752066,1.4222222222222223,0.32871972,0.66189624,5.2,5.014945146772597,0.18505485322740345,"Scott McGregor","sa455250",
"Pilljoon Jang 장필준","Lions (KBO)",28,72,7.125,3.25,2.19230769,1.125,0.17981073,0.08201893,0.0977918,0.28671329,1.5,0.33181818,0.70717131,5.125,5.092722924550375,0.03227707544962488,"Pilljoon Jang","sa488314",
"Jae Yun Kim 김재윤","Wiz (KBO)",25,54.1,12.092031614638026,2.484664030405074,4.86666667,0.9938656121620296,0.3106383,0.06382979,0.24680851,0.27853881,1.398773824524338,0.39285714,0.67055394,4.969328060810148,3.3912912163422155,1.5780368444679325,"Jae Yun Kim","sa503670",
"Josh Lowey 로위","Wiz (KBO)",31,60,10.2,5.85,1.74358974,0.9,0.23050847,0.13220339,0.09830509,0.29482072,1.8833333333333333,0.38418079,0.65693431,6.3,4.992722924550375,1.3072770754496252,"Josh Lowey","sa560990",