"bpid","mlbid","Name","Age","Season","Team","G","PA","AB","R","HR","RBI","SB","BB%","K%","ISO","AVG","OBP","SLG","OPS","DRC+","DRB","DRP","WARP"
104004,645277,"Ozzie Albies",20,2017,"ATL",57,244,217,34,6,28,8,8.6,14.8,0.171,0.286,0.354,0.456,0.81,102,,0.6,0.9
104023,645302,"Victor Robles",20,2017,"WAS",11,27,24,2,0,4,0,0,22.2,0.208,0.25,0.308,0.458,0.766,83,,0,0.1
104042,646240,"Rafael Devers",20,2017,"BOS",58,240,222,34,10,30,3,7.5,23.8,0.198,0.284,0.338,0.482,0.82,92,,-1.6,0.3
100344,609275,"Adalberto Mondesi",21,2017,"KC",24,60,53,4,1,3,5,5,36.7,0.075,0.17,0.214,0.245,0.459,74,,0,0.1
101996,620446,"Richard Urena",21,2017,"TOR",20,75,68,6,1,4,1,8,37.3,0.103,0.206,0.27,0.309,0.579,66,,-0.9,0
102106,620439,"Franklin Barreto",21,2017,"OAK",25,76,71,10,2,6,2,6.6,43.4,0.155,0.197,0.25,0.352,0.602,56,,-0.4,0
102110,620443,"Luis Torrens",21,2017,"SD",55,139,123,7,0,7,0,8.6,21.6,0.041,0.163,0.243,0.203,0.446,71,,-6.6,-0.7
102519,641355,"Cody Bellinger",21,2017,"LAD",132,548,480,87,39,97,10,11.7,26.6,0.315,0.267,0.352,0.581,0.933,120,,0.9,3
102864,642336,"Francisco Mejía",21,2017,"CLE",11,14,13,1,0,1,0,7.1,21.4,0,0.154,0.214,0.154,0.368,93,,0,0.1
102940,642423,"Magneuris Sierra",21,2017,"STL",22,64,60,10,0,5,2,6.3,21.9,0,0.317,0.359,0.317,0.676,81,,0.7,0.2
103202,642707,"Allen Córdoba",21,2017,"SD",93,227,202,17,4,15,2,7.9,23.8,0.089,0.208,0.282,0.297,0.579,74,,-0.1,0.1
103203,642708,"Amed Rosario",21,2017,"NYM",46,170,165,16,4,10,7,1.8,28.8,0.145,0.248,0.271,0.394,0.665,66,,-0.8,0.1
104938,657077,"Alex Verdugo",21,2017,"LAD",15,25,23,1,1,1,0,8,16,0.13,0.174,0.24,0.304,0.544,97,,-0.1,0.1
107930,669720,"Austin Hays",21,2017,"BAL",18,63,60,4,1,8,0,3.2,25.4,0.1,0.217,0.238,0.317,0.555,78,,0,0.2
69600,606115,"Orlando Arcia",22,2017,"MIL",152,548,506,56,15,53,14,6.6,18.2,0.13,0.277,0.324,0.407,0.731,89,,-0.8,1.3
70619,608348,"Carson Kelly",22,2017,"STL",34,75,69,5,0,6,0,6.7,14.7,0.043,0.174,0.24,0.217,0.457,86,,1.9,0.5
100152,546990,"Anthony Alford",22,2017,"TOR",4,8,8,0,0,0,0,0,37.5,0.125,0.125,0.125,0.25,0.375,77,,0,0
100279,608577,"Nomar Mazara",22,2017,"TEX",148,616,554,64,20,101,2,8.9,20.6,0.17,0.253,0.323,0.422,0.745,102,,-1.2,2.1
100349,609280,"Miguel Andujar",22,2017,"NYY",3,8,7,0,0,4,1,12.5,0,0.286,0.571,0.625,0.857,1.482,102,,0,0
100404,614173,"Franchy Cordero",22,2017,"SD",30,99,92,15,3,9,1,6.1,44.4,0.196,0.228,0.276,0.424,0.7,68,,1.2,0
100502,621043,"Carlos Correa",22,2017,"HOU",109,480,421,82,24,84,2,11,19,0.235,0.316,0.392,0.551,0.943,139,,-2.2,3.9
100988,622534,"Manuel Margot",22,2017,"SD",125,529,487,53,13,39,17,6.6,20,0.146,0.263,0.313,0.409,0.722,87,,6.1,1.5
101568,623993,"Anthony Santander",22,2017,"BAL",13,31,30,1,0,2,0,0,25.8,0.1,0.267,0.258,0.367,0.625,82,,0,0
101604,624414,"Christian Arroyo",22,2017,"SF",33,135,125,9,3,14,1,5.9,23.7,0.112,0.192,0.244,0.304,0.548,70,,-0.5,-0.1
102429,640449,"Clint Frazier",22,2017,"NYY",39,142,134,16,4,17,1,4.9,30.3,0.216,0.231,0.268,0.448,0.716,72,,-0.1,0.2
102559,641487,"J.P. Crawford",22,2017,"PHI",23,87,70,8,0,6,1,18.4,25.3,0.086,0.214,0.356,0.3,0.656,87,,0.4,0.2
102668,641857,"Ryan McMahon",22,2017,"COL",14,24,19,2,0,1,0,20.8,20.8,0.053,0.158,0.333,0.211,0.544,95,,0,0.1
102743,642082,"Chance Sisco",22,2017,"BAL",8,22,18,3,2,4,0,13.6,31.8,0.444,0.333,0.455,0.778,1.233,97,,-0.9,0
102745,642086,"Dominic Smith",22,2017,"NYM",49,183,167,17,9,26,0,7.7,26.8,0.198,0.198,0.262,0.395,0.657,86,,0.1,-0.1
102779,642180,"Tyler Wade",22,2017,"NYY",23,63,58,7,0,2,1,7.9,30.2,0.069,0.155,0.222,0.224,0.446,75,,-0.1,0
105432,660162,"Yoán Moncada",22,2017,"CHW",54,231,199,31,8,22,3,12.6,32,0.181,0.231,0.338,0.412,0.75,99,,0.7,0.9
105437,664023,"Ian Happ",22,2017,"CHC",113,413,364,62,24,68,8,9.4,31.2,0.261,0.253,0.328,0.514,0.842,112,,1.4,1.9
105574,643217,"Andrew Benintendi",22,2017,"BOS",151,658,573,84,20,90,20,10.6,17,0.154,0.271,0.352,0.424,0.776,109,,-5.4,2.5
105665,641432,"Willie Calhoun",22,2017,"TEX",13,37,34,3,1,4,0,5.4,18.9,0.088,0.265,0.324,0.353,0.677,83,,-0.5,0
67568,593871,"Jorge Polanco",23,2017,"MIN",132,544,488,60,13,74,13,7.5,14.3,0.154,0.256,0.313,0.41,0.723,88,,2.6,1.9
69270,596059,"Rougned Odor",23,2017,"TEX",162,651,607,79,30,75,15,4.9,24.9,0.193,0.204,0.252,0.397,0.649,70,,0.4,0.3
69306,600466,"Raudy Read",23,2017,"WAS",8,11,11,1,0,0,0,0,27.3,0,0.273,0.273,0.273,0.546,82,,-0.3,0
69314,600474,"Pedro Severino",23,2017,"WAS",16,31,29,0,0,3,0,6.5,32.3,0.034,0.172,0.226,0.207,0.433,67,,0.8,0.1
69321,600524,"Renato Núñez",23,2017,"OAK",8,16,15,1,1,3,0,6.3,50,0.2,0.2,0.25,0.4,0.65,74,,0,0
69338,600869,"Jeimer Candelario",23,2017,,38,142,127,18,3,16,0,9.2,21.1,0.142,0.283,0.359,0.425,0.784,99,,0.1,0.4
69615,606132,"Raimel Tapia",23,2017,"COL",67,171,160,27,2,16,5,4.7,21.1,0.138,0.288,0.329,0.425,0.754,79,,1,0.2
69752,606299,"José Peraza",23,2017,"CIN",140,518,487,50,5,37,23,3.9,13.5,0.066,0.259,0.297,0.324,0.621,80,,-0.5,0.7
69790,606466,"Ketel Marte",23,2017,"AZ",71,255,223,30,5,18,3,11.4,14.5,0.135,0.26,0.345,0.395,0.74,98,,1.8,1.1
70339,546991,"Albert Almora Jr.",23,2017,"CHC",123,323,299,39,8,46,1,5.9,16.4,0.147,0.298,0.338,0.445,0.783,91,,-1.9,0.5
70343,547004,"Rio Ruiz",23,2017,"ATL",52,173,150,22,4,19,1,11,23.7,0.113,0.193,0.283,0.307,0.59,88,,0.1,0.2
70399,596019,"Francisco Lindor",23,2017,"CLE",159,723,651,99,33,89,15,8.3,12.9,0.232,0.273,0.337,0.505,0.842,116,,5,5.1
70607,608324,"Alex Bregman",23,2017,"HOU",153,626,556,88,19,71,17,8.8,15.5,0.191,0.284,0.352,0.475,0.827,108,,1.8,2.7
70608,608325,"Gavin Cecchini",23,2017,"NYM",32,82,77,4,1,7,0,4.9,23.2,0.065,0.208,0.256,0.273,0.529,77,,-0.1,0.1
70613,608336,"Joey Gallo",23,2017,"TEX",143,532,449,85,41,80,7,14.1,36.8,0.327,0.209,0.333,0.537,0.87,128,,-0.7,2.9
70633,608365,"Addison Russell",23,2017,"CHC",105,385,352,52,12,43,2,7.5,23.6,0.179,0.239,0.304,0.418,0.722,80,,7.2,1.7
70635,608369,"Corey Seager",23,2017,"LAD",145,613,539,85,22,77,4,10.9,21.4,0.184,0.295,0.375,0.479,0.854,121,,3.7,4.2
70645,608384,"Nick Williams",23,2017,"PHI",82,343,313,45,12,55,1,5.8,28.3,0.185,0.288,0.338,0.473,0.811,89,,-0.6,0.4
70646,608385,"Jesse Winker",23,2017,"CIN",47,137,121,21,7,15,1,10.9,17.5,0.231,0.298,0.375,0.529,0.904,111,,-0.8,0.4
70804,605233,"Derek Fisher",23,2017,"HOU",50,166,146,21,5,17,3,10.2,32.5,0.144,0.212,0.307,0.356,0.663,70,,2.5,0.4
71175,607752,"Sam Travis",23,2017,"BOS",31,83,76,13,0,1,1,7.2,27.7,0.079,0.263,0.325,0.342,0.667,72,,-0.1,0
100488,621002,"Daniel Robertson",23,2017,"TB",71,254,218,22,5,19,1,11.4,28.7,0.119,0.206,0.308,0.326,0.634,79,,0.3,0.3
100628,621433,"Brett Phillips",23,2017,"MIL",32,98,87,9,4,12,5,9.2,34.7,0.172,0.276,0.351,0.448,0.799,78,,1.3,0.2
100631,621439,"Byron Buxton",23,2017,"MIN",136,511,462,69,16,51,29,7.4,29.4,0.16,0.253,0.314,0.413,0.727,90,,18.4,3.4
100634,621446,"Lewis Brinson",23,2017,"MIL",21,55,47,2,2,3,1,12.7,30.9,0.17,0.106,0.236,0.277,0.513,85,,0,0
100653,621512,"Tomás Nido",23,2017,"NYM",5,10,10,0,0,3,0,0,20,0.1,0.3,0.3,0.4,0.7,84,,0,0
100668,621566,"Matt Olson",23,2017,"OAK",58,216,189,33,24,45,0,10.2,27.8,0.392,0.259,0.352,0.651,1.003,129,,-0.2,1.2
101077,622666,"Johan Camargo",23,2017,"ATL",79,256,241,30,4,27,0,4.7,19.9,0.154,0.299,0.331,0.452,0.783,83,,-0.1,0.5
101601,624407,"Tzu-Wei Lin",23,2017,"BOS",22,66,56,7,0,2,1,13.6,25.8,0.071,0.268,0.369,0.339,0.708,89,,-0.1,0.1
101626,624507,"Ryder Jones",23,2017,"SF",52,164,150,12,2,5,1,6.1,31.7,0.1,0.173,0.244,0.273,0.517,62,,0,-0.4
102064,605170,"Victor Caratini",23,2017,"CHC",29,66,59,6,1,2,0,6.1,19.7,0.102,0.254,0.333,0.356,0.689,98,,-0.7,0.1
104833,656669,"Jordan Luplow",23,2017,"PIT",26,87,78,6,3,11,0,6.9,25.3,0.179,0.205,0.276,0.385,0.661,87,,-0.3,0
105531,664056,"Harrison Bader",23,2017,"STL",31,92,85,10,3,10,2,5.4,26.1,0.141,0.235,0.283,0.376,0.659,97,,0.4,0.4
105846,657557,"Paul DeJong",23,2017,"STL",108,443,417,55,25,65,1,4.7,28,0.247,0.285,0.325,0.532,0.857,97,,2.3,1.2
106961,664057,"Andrew Stevenson",23,2017,"WAS",28,66,57,5,0,1,1,10.6,30.3,0.035,0.158,0.25,0.193,0.443,69,,0.2,0
107168,621020,"Dansby Swanson",23,2017,"ATL",142,551,488,59,6,51,3,10.7,21.8,0.092,0.232,0.312,0.324,0.636,76,,-5.1,0.4
60423,570267,"Domingo Santana",24,2017,"MIL",150,607,525,88,30,85,15,12,29.3,0.227,0.278,0.371,0.505,0.876,107,,-5.1,1
66018,547180,"Bryce Harper",24,2017,"WAS",111,492,420,95,29,87,4,13.8,20.1,0.276,0.319,0.413,0.595,1.008,139,,1,3.7
66883,591720,"Ronald Torreyes",24,2017,"NYY",96,336,315,35,3,36,2,3.3,12.8,0.083,0.292,0.314,0.375,0.689,83,,1.6,0.7
66895,591741,"José Osuna",24,2017,"PIT",102,227,215,31,7,30,0,4,17.6,0.195,0.233,0.269,0.428,0.697,91,,-2.2,0.2
66914,591994,"Willy García",24,2017,"CHW",41,119,105,15,2,12,0,9.2,26.1,0.162,0.238,0.305,0.4,0.705,82,,-1,-0.1
66975,592261,"Delino DeShields",24,2017,"TEX",116,440,376,75,6,22,29,10,24.8,0.098,0.269,0.347,0.367,0.714,87,,5.5,1.5
66982,592273,"Brandon Drury",24,2017,"AZ",135,480,445,41,13,63,1,5.8,21.5,0.18,0.267,0.317,0.447,0.764,84,,1.7,0.9
67049,592518,"Manny Machado",24,2017,"BAL",156,690,630,81,33,95,9,7.2,16.7,0.213,0.259,0.31,0.471,0.781,113,,-0.9,3
67248,593428,"Xander Bogaerts",24,2017,"BOS",146,635,571,94,10,62,15,8.8,18.3,0.13,0.273,0.343,0.403,0.746,90,,0.4,2.1
67342,593523,"Marco Hernández",24,2017,"BOS",20,60,58,7,0,2,0,1.7,25,0.052,0.276,0.3,0.328,0.628,76,,-0.1,0
67346,593527,"Ramón Torres",24,2017,"KC",30,79,74,9,0,4,1,5.1,15.2,0.041,0.243,0.291,0.284,0.575,88,,-0.1,0.2
67347,593528,"Jorge Bonifacio",24,2017,"KC",111,422,384,55,17,40,1,8.3,28,0.177,0.255,0.32,0.432,0.752,99,,-0.2,1.1
67472,593700,"Alen Hanson",24,2017,,101,234,217,36,4,11,11,5.1,22.2,0.124,0.221,0.262,0.346,0.608,76,,1.6,0.5
67574,593934,"Miguel Sanó",24,2017,"MIN",114,483,424,75,28,77,0,11.2,35.8,0.243,0.264,0.352,0.507,0.859,119,,-2.8,2
68062,595751,"Jorge Alfaro",24,2017,"PHI",29,114,107,12,5,14,0,2.6,28.9,0.196,0.318,0.36,0.514,0.874,100,,-4.9,-0.2
68066,595777,"Jurickson Profar",24,2017,"TEX",21,70,58,8,0,5,1,12.9,20,0.034,0.172,0.294,0.207,0.501,94,,-0.2,0.2
68087,596142,"Gary Sánchez",24,2017,"NYY",122,525,471,79,33,90,2,7.6,22.9,0.253,0.278,0.345,0.531,0.876,136,,2.2,4.4
68088,596143,"Luis Sardinas",24,2017,"SD",28,53,49,3,0,1,1,7.5,20.8,0,0.163,0.226,0.163,0.389,82,,0.1,0.1
68089,596144,"Cheslor Cuthbert",24,2017,"KC",51,153,143,10,2,18,0,5.9,25.5,0.091,0.231,0.275,0.322,0.597,76,,-0.7,0
68091,596146,"Max Kepler",24,2017,"MIN",145,568,511,67,19,69,6,8.3,20.1,0.182,0.243,0.312,0.425,0.737,83,,4.6,0.9
68156,596748,"Maikel Franco",24,2017,"PHI",154,623,575,66,24,76,0,6.6,15.2,0.179,0.23,0.281,0.409,0.69,84,,1.2,0.2
68943,595373,"Jack Reinheimer",24,2017,"AZ",2,5,5,0,0,0,0,0,60,0,0,0,0,0,83,,0,0
69667,606192,"Teoscar Hernández",24,2017,,26,95,88,16,8,20,0,6.3,37.9,0.341,0.261,0.305,0.602,0.907,96,,0.2,0.3
70217,608070,"José Ramírez",24,2017,"CLE",152,645,585,107,29,83,17,8.1,10.7,0.265,0.318,0.374,0.583,0.957,118,,-0.3,3.4
70387,595879,"Javier Báez",24,2017,"CHC",137,508,469,75,23,75,10,5.9,28.3,0.207,0.273,0.317,0.48,0.797,97,,2.9,2.2
70388,595885,"Greg Bird",24,2017,"NYY",48,170,147,20,9,28,0,11.2,24.7,0.231,0.19,0.288,0.422,0.71,86,,-0.1,0.1
70393,595943,"Phillip Evans",24,2017,"NYM",19,38,33,4,0,1,0,10.5,21.1,0.061,0.303,0.395,0.364,0.759,83,,0,0.1
70394,595956,"Cam Gallagher",24,2017,"KC",11,27,24,2,1,5,0,11.1,14.8,0.167,0.25,0.333,0.417,0.75,89,,-0.1,0.1
70397,595978,"Austin Hedges",24,2017,"SD",119,417,387,36,18,55,4,5.5,29.3,0.183,0.214,0.262,0.398,0.66,71,,23.3,2.7
70406,596115,"Trevor Story",24,2017,"COL",145,555,503,68,24,82,7,8.8,34.4,0.219,0.239,0.308,0.457,0.765,84,,-0.4,1.2
70408,596129,"Daniel Vogelbach",24,2017,"SEA",14,31,28,0,0,2,0,9.7,29,0.036,0.214,0.29,0.25,0.54,79,,-0.1,0
70430,605141,"Mookie Betts",24,2017,"BOS",153,712,628,101,24,102,26,10.8,11.1,0.194,0.264,0.344,0.459,0.803,108,,11.7,3.9
70524,607043,"Brandon Nimmo",24,2017,"NYM",68,215,177,26,5,21,2,15.3,27.9,0.158,0.26,0.379,0.418,0.797,94,,1.4,0.6
70576,607471,"Christopher Bostick",24,2017,"PIT",19,32,27,6,0,1,0,12.5,28.1,0.074,0.296,0.406,0.37,0.776,76,,0.1,0.1
70770,596105,"Dwight Smith Jr.",24,2017,"TOR",10,29,27,2,0,1,1,3.4,34.5,0.074,0.37,0.414,0.444,0.858,66,,-0.2,-0.1
70775,605137,"Josh Bell",24,2017,"PIT",159,620,549,75,26,90,2,10.6,18.9,0.211,0.255,0.334,0.466,0.8,105,,0.7,1.2
70799,605204,"J.D. Davis",24,2017,"HOU",22,68,62,8,4,7,1,5.9,29.4,0.258,0.226,0.279,0.484,0.763,83,,-0.3,0.3
70802,547170,"Nicky Delmonico",24,2017,"CHW",43,166,141,25,9,23,2,13.9,18.7,0.22,0.262,0.373,0.482,0.855,99,,0.2,0.9
70851,605480,"Mallex Smith",24,2017,"TB",81,282,256,33,2,12,16,8.2,22,0.086,0.27,0.329,0.355,0.684,81,,1.9,0.6
70917,607208,"Trea Turner",24,2017,"WAS",97,447,412,75,11,45,46,6.7,17.9,0.167,0.284,0.338,0.451,0.789,97,,-3.1,1.3
70928,605119,"Brian Anderson",24,2017,"MIA",25,95,84,11,0,8,0,10.5,29.5,0.107,0.262,0.337,0.369,0.706,70,,-0.4,0
70950,605548,"Bradley Zimmer",24,2017,"CLE",95,332,299,41,8,39,18,7.8,29.8,0.144,0.241,0.307,0.385,0.692,85,,2,0.8
70972,607223,"AJ Reed",24,2017,"HOU",2,6,6,0,0,0,0,0,16.7,0,0,0,0,0,86,,0,0
71245,596103,"Austin Slater",24,2017,"SF",34,127,117,15,3,16,0,6.3,22.8,0.12,0.282,0.339,0.402,0.741,91,,0.3,0.2
100641,621471,"Boog Powell",24,2017,,50,135,117,24,3,12,0,11.1,22.2,0.12,0.282,0.358,0.402,0.76,85,,-0.5,0.2
100663,621559,"Max Moroff",24,2017,"PIT",54,140,120,19,3,21,0,11.4,30.7,0.125,0.2,0.302,0.325,0.627,74,,0.5,0.1
100904,622441,"Rafael Bautista",24,2017,"WAS",15,27,25,2,0,0,0,7.4,18.5,0,0.16,0.222,0.16,0.382,84,,0,0.1
100951,622497,"Miguel Gómez",24,2017,"SF",22,34,33,3,0,2,0,0,17.6,0.061,0.242,0.235,0.303,0.538,92,,0.1,0.1
101614,624424,"Michael Conforto",24,2017,"NYM",108,440,373,72,27,68,2,13,25.7,0.276,0.279,0.384,0.555,0.939,127,,-0.3,2.9
102040,592567,"Colin Moran",24,2017,"HOU",6,12,11,3,1,3,0,8.3,8.3,0.455,0.364,0.417,0.818,1.235,86,,0,0
102427,640447,"Phillip Ervin",24,2017,"CIN",28,64,58,8,3,10,4,6.3,23.4,0.19,0.259,0.317,0.448,0.765,96,,-0.3,0.1
102503,641313,"Tim Anderson",24,2017,"CHW",146,606,587,72,17,56,15,2.1,26.7,0.145,0.257,0.276,0.402,0.678,83,,-7.6,1
102646,641796,"Tim Locastro",24,2017,"LAD",3,1,1,0,0,0,1,0,0,0,0,0,0,0,95,,0,0
102775,642162,"Pat Valaika",24,2017,"COL",106,196,183,28,13,40,0,3.6,27.6,0.273,0.257,0.283,0.53,0.813,73,,0.1,0.1
103380,643335,"Zack Granite",24,2017,"MIN",38,107,93,14,1,13,2,11.2,8.4,0.054,0.237,0.321,0.29,0.611,97,,1,0.4
103751,656941,"Kyle Schwarber",24,2017,"CHC",129,486,422,67,30,59,1,12.1,30.9,0.256,0.211,0.315,0.467,0.782,108,,-1.6,1.7
104718,656185,"Greg Allen",24,2017,"CLE",18,39,35,7,1,6,1,5.1,20.5,0.114,0.229,0.282,0.343,0.625,88,,-0.4,0.1
104744,656305,"Matt Chapman",24,2017,"OAK",83,326,290,39,14,40,0,9.8,28.2,0.238,0.234,0.313,0.472,0.785,113,,6.9,1.6
104806,656555,"Rhys Hoskins",24,2017,"PHI",50,212,170,37,18,48,2,17.5,21.7,0.359,0.259,0.396,0.618,1.014,139,,-0.6,1.4
104961,657145,"Mark Zagunis",24,2017,"CHC",7,18,14,0,0,1,2,22.2,33.3,0,0,0.222,0,0.222,77,,0,0
105609,657524,"John Bormann",24,2017,"PIT",1,1,1,0,0,0,0,0,100,0,0,0,0,0,92,,0,0
57850,527038,"Wilmer Flores",25,2017,"NYM",106,362,336,42,18,52,1,4.7,14.9,0.217,0.271,0.307,0.488,0.795,96,,-2.8,0.3
59432,545361,"Mike Trout",25,2017,"LAA",114,507,402,92,33,72,22,18.5,17.8,0.323,0.306,0.442,0.629,1.071,166,,-2,5.6
59660,571771,"Enrique Hernández",25,2017,"LAD",137,342,297,46,11,37,3,12,23.4,0.205,0.215,0.308,0.421,0.729,82,,-1,0.1
59755,542436,"Cristhian Adames",25,2017,"COL",12,14,13,1,0,0,0,7.1,42.9,0,0,0.071,0,0.071,80,,0,0
60095,545121,"Ildemaro Vargas",25,2017,"AZ",10,13,13,4,0,4,0,0,23.1,0.077,0.308,0.308,0.385,0.693,92,,0,0
60408,545341,"Randal Grichuk",25,2017,"STL",121,442,412,53,22,59,6,5.9,30.1,0.235,0.238,0.285,0.473,0.758,113,,0.3,1.4
60794,570717,"Ramón Flores",25,2017,"LAA",3,9,8,0,0,1,0,0,11.1,0,0.125,0.111,0.125,0.236,98,,0,0
60931,572008,"Chris Owings",25,2017,"AZ",96,386,362,41,12,51,12,4.4,22.5,0.174,0.268,0.299,0.442,0.741,81,,-1.5,0.1
60956,570482,"Gio Urshela",25,2017,"CLE",57,165,156,14,1,15,0,4.8,13.3,0.064,0.224,0.262,0.288,0.55,80,,0.5,0.3
66013,546318,"Odúbel Herrera",25,2017,"PHI",137,563,526,67,14,56,8,5.5,22.4,0.171,0.281,0.325,0.452,0.777,90,,8,2.4
66017,547172,"Tony Wolters",25,2017,"COL",79,266,229,30,0,16,0,12.4,20.7,0.044,0.24,0.341,0.284,0.625,84,,-2.7,0.1
66068,553882,"Omar Narváez",25,2017,"CHW",88,295,253,23,2,14,0,12.9,15.3,0.063,0.277,0.373,0.34,0.713,98,,-6.6,0.4
66105,553988,"Dixon Machado",25,2017,"DET",66,181,166,17,1,11,1,5.5,17.7,0.06,0.259,0.302,0.319,0.621,80,,-0.3,0.6
66110,553993,"Eugenio Suárez",25,2017,"CIN",155,632,534,87,26,82,4,13.3,23.3,0.2,0.26,0.367,0.461,0.828,106,,3.1,2.6
66245,570256,"Gregory Polanco",25,2017,"PIT",108,411,379,39,11,35,8,6.6,14.6,0.14,0.251,0.305,0.391,0.696,86,,2,0.6
66263,570481,"Erik González",25,2017,"CLE",44,115,110,18,4,11,1,2.6,32.2,0.164,0.255,0.272,0.418,0.69,78,,0.9,0.4
66268,570489,"Arismendy Alcántara",25,2017,"CIN",67,108,105,13,1,7,2,1.9,35.2,0.076,0.171,0.187,0.248,0.435,60,,0.1,-0.1
66288,570560,"Yolmer Sánchez",25,2017,"CHW",139,534,484,63,12,59,8,6.6,20.8,0.147,0.267,0.319,0.413,0.732,94,,4.9,1.7
66391,570731,"Jonathan Schoop",25,2017,"BAL",160,675,622,92,32,105,1,5.2,21,0.211,0.293,0.338,0.503,0.841,105,,5,3.9
66557,571830,"Tommy Joseph",25,2017,"PHI",142,533,495,51,22,69,1,6.2,24.2,0.192,0.24,0.289,0.432,0.721,82,,-1,-0.6
66719,575929,"Willson Contreras",25,2017,"CHC",117,428,377,50,21,74,5,10.5,22.9,0.223,0.276,0.356,0.499,0.855,113,,-11.8,0.9
66907,591971,"Breyvic Valera",25,2017,"STL",5,11,10,0,0,0,0,9.1,0,0,0.1,0.182,0.1,0.282,99,,0,0
66927,592122,"Tyler Austin",25,2017,"NYY",16,46,40,4,2,8,0,8.7,37,0.2,0.225,0.283,0.425,0.708,96,,0,0.1
66955,592206,"Nick Castellanos",25,2017,"DET",157,665,614,73,26,101,4,6.2,21.4,0.218,0.272,0.32,0.49,0.81,116,,-11,1.5
66963,592230,"Kaleb Cowart",25,2017,"LAA",40,117,102,18,3,11,4,8.5,23.9,0.157,0.225,0.313,0.382,0.695,84,,0.1,0.2
66995,592325,"Ben Gamel",25,2017,"SEA",134,550,509,68,11,59,4,6.5,22.2,0.138,0.275,0.322,0.413,0.735,86,,-0.7,0.7
67002,592348,"Niko Goodrum",25,2017,"MIN",10,18,17,1,0,0,0,5.6,55.6,0,0.059,0.111,0.059,0.17,66,,0,0
67072,592626,"Joc Pederson",25,2017,"LAD",101,323,273,44,11,35,4,12.1,21.1,0.194,0.212,0.331,0.407,0.738,103,,-8.2,0.5
67093,592680,"Yadiel Rivera",25,2017,"MIL",1,2,2,0,0,0,0,0,50,0,0,0,0,0,89,,0,0
67094,592685,"Drew Robinson",25,2017,"TEX",46,121,107,11,6,13,0,11.6,34.7,0.215,0.224,0.314,0.439,0.753,92,,-0.4,0.2
67098,592696,"Eddie Rosario",25,2017,"MIN",145,589,542,79,27,78,9,5.9,18,0.218,0.29,0.328,0.507,0.835,103,,1.9,2.2
67152,592863,"Mason Williams",25,2017,"NYY",5,17,16,3,0,1,2,5.9,11.8,0,0.25,0.294,0.25,0.544,93,,-0.2,0
67156,592885,"Christian Yelich",25,2017,"MIA",156,695,602,100,18,81,16,11.5,19.7,0.156,0.282,0.369,0.439,0.808,110,,-3,2.8
67344,593525,"Orlando Calixte",25,2017,"SF",26,55,49,5,0,6,1,5.5,29.1,0.02,0.143,0.185,0.163,0.348,71,,0,0
67700,594694,"Wilmer Difo",25,2017,"WAS",121,365,332,47,5,21,10,6.6,20.3,0.099,0.271,0.319,0.37,0.689,83,,2.4,0.9
68520,592178,"Kris Bryant",25,2017,"CHC",151,665,549,111,29,73,7,14.3,19.2,0.242,0.295,0.409,0.537,0.946,133,,3,4.2
68600,592444,"JaCoby Jones",25,2017,"DET",51,154,141,14,3,13,6,5.8,42.2,0.099,0.17,0.24,0.27,0.51,52,,0.2,-0.1
68603,592450,"Aaron Judge",25,2017,"NYY",154,678,542,128,52,114,9,18.7,30.7,0.343,0.284,0.422,0.627,1.049,174,,2.5,6.9
68660,592669,"Hunter Renfroe",25,2017,"SD",121,479,445,51,26,58,3,5.6,29.2,0.236,0.231,0.284,0.467,0.751,97,,-3,0.5
68700,592808,"Andrew Toles",25,2017,"LAD",31,102,96,17,5,15,0,4.9,15.7,0.188,0.271,0.314,0.458,0.772,96,,0.6,0.3
68737,594576,"Jacob May",25,2017,"CHW",15,42,36,2,0,3,0,7.1,40.5,0,0.056,0.15,0.056,0.206,68,,0,0
68830,595144,"Jaycob Brugman",25,2017,"OAK",47,162,143,12,3,12,1,11.1,23.5,0.077,0.266,0.346,0.343,0.689,87,,-2.7,0.1
68908,595284,"Andrew Knapp",25,2017,"PHI",56,204,171,26,3,13,1,15.2,27.5,0.111,0.257,0.368,0.368,0.736,87,,-6.3,-0.3
68945,595375,"JT Riddle",25,2017,"MIA",68,247,228,20,3,31,0,4.9,20.2,0.105,0.25,0.282,0.355,0.637,76,,4.1,0.7
68982,595453,"Chad Wallach",25,2017,"CIN",5,11,11,0,0,0,0,0,45.5,0,0.091,0.091,0.091,0.182,75,,-0.2,0
70407,596119,"Blake Swihart",25,2017,"BOS",6,7,5,1,0,0,0,28.6,42.9,0,0.2,0.429,0.2,0.629,97,,0,0
101618,624428,"Adam Frazier",25,2017,"PIT",121,454,406,55,6,53,9,7.9,12.6,0.123,0.276,0.344,0.399,0.743,100,,-0.8,1.4
101657,624585,"Jorge Soler",25,2017,"KC",33,110,97,7,2,6,0,10.9,32.7,0.113,0.144,0.245,0.258,0.503,82,,-0.7,0
102034,592387,"Ryon Healy",25,2017,"OAK",149,605,576,66,25,78,0,3.8,23.5,0.181,0.271,0.302,0.451,0.753,103,,-1.2,1.6
102436,640461,"Chad Pinder",25,2017,"OAK",86,309,282,36,15,42,2,5.8,29.8,0.22,0.238,0.292,0.457,0.749,109,,-0.2,1.4
102507,641319,"Carlos Asuaje",25,2017,"SD",87,343,307,28,4,21,0,8.2,22.2,0.091,0.27,0.334,0.362,0.696,79,,1.4,0.6
102578,641553,"Adam Engel",25,2017,"CHW",95,336,301,34,6,21,8,5.7,34.8,0.116,0.166,0.235,0.282,0.517,53,,4,0.2
102653,641820,"Trey Mancini",25,2017,"BAL",147,586,543,65,24,78,1,5.6,23.7,0.195,0.293,0.338,0.488,0.826,121,,-1.9,2.9
102771,642156,"Stuart Turner",25,2017,"CIN",35,89,82,4,2,7,0,5.6,24.7,0.11,0.134,0.182,0.244,0.426,68,,-3.3,-0.3
103417,643393,"Tony Kemp",25,2017,"HOU",14,39,37,6,0,4,1,2.6,12.8,0.027,0.216,0.256,0.243,0.499,86,,0.2,0.1
103726,650490,"Yandy Díaz",25,2017,"CLE",48,179,156,25,0,13,2,11.7,19.6,0.064,0.263,0.352,0.327,0.679,89,,0.4,0.4
34706,649557,"Aledmys Díaz",26,2017,"STL",77,301,286,31,7,20,4,4.3,14,0.133,0.259,0.29,0.392,0.682,85,,-3.1,0.4
56736,506703,"Adrián Sanchez",26,2017,"WAS",31,75,71,6,0,11,0,1.3,33.3,0.099,0.268,0.288,0.366,0.654,62,,-0.1,0
57884,544725,"Leury García",26,2017,"CHW",86,326,300,41,9,33,8,4,21.2,0.153,0.27,0.316,0.423,0.739,90,,-0.8,0.5
58420,527043,"Jefry Marte",26,2017,"LAA",45,145,127,10,4,14,1,9,23.4,0.134,0.173,0.269,0.307,0.576,83,,0,0
58559,527049,"César Puello",26,2017,,15,39,34,6,0,3,2,10.3,30.8,0,0.206,0.308,0.206,0.514,82,,-0.1,0.1
58767,543877,"Christian Vázquez",26,2017,"BOS",93,345,324,43,5,32,7,4.9,18.6,0.114,0.29,0.33,0.404,0.734,83,,12.6,2.2
59016,541645,"Avisaíl García",26,2017,"CHW",136,561,518,75,18,80,5,5.9,19.8,0.176,0.33,0.38,0.506,0.886,121,,3.9,3.4
59021,541650,"Hernán Pérez",26,2017,"MIL",128,458,432,47,14,51,13,4.4,17.2,0.155,0.259,0.289,0.414,0.703,83,,0.9,0.6
59074,542208,"Carlos Pérez",26,2017,"LAA",10,21,20,1,1,3,0,4.8,28.6,0.15,0.1,0.143,0.25,0.393,86,,-0.1,0.1
59112,542255,"Ender Inciarte",26,2017,"ATL",156,718,662,93,11,57,22,6.8,13.1,0.106,0.304,0.35,0.409,0.759,89,,7.7,2.2
59145,542303,"Marcell Ozuna",26,2017,"MIA",159,679,613,93,37,124,1,9.4,21.2,0.237,0.312,0.376,0.548,0.924,127,,2.7,3.9
59421,545338,"Nick Franklin",26,2017,,65,119,106,9,2,12,2,8.4,18.5,0.104,0.179,0.269,0.283,0.552,93,,0.1,0.3
59431,545358,"Max Stassi",26,2017,"HOU",12,31,24,5,2,4,0,19.4,12.9,0.292,0.167,0.323,0.458,0.781,130,,0.3,0.3
59584,571437,"Aaron Altherr",26,2017,"PHI",104,412,372,58,19,65,5,7.8,25.2,0.245,0.272,0.34,0.516,0.856,102,,-0.1,1.4
59586,571448,"Nolan Arenado",26,2017,"COL",159,680,606,100,37,130,3,9.1,15.6,0.277,0.309,0.373,0.586,0.959,129,,3.6,4.1
59592,571466,"Tucker Barnhart",26,2017,"CIN",119,423,370,26,7,44,4,9.9,16.1,0.132,0.27,0.347,0.403,0.75,89,,-5.1,0.3
59641,571681,"Rey Fuentes",26,2017,"AZ",57,145,136,19,3,9,4,5.5,24.1,0.103,0.235,0.278,0.338,0.616,79,,0.1,0.1
59654,571740,"Billy Hamilton",26,2017,"CIN",139,633,582,85,4,38,59,7,21,0.088,0.247,0.299,0.335,0.634,74,,5.9,0.4
59688,542340,"Jonathan Villar",26,2017,"MIL",122,436,403,49,11,40,23,6.9,30.3,0.132,0.241,0.293,0.372,0.665,75,,-0.8,0.1
59768,542454,"Danny Santana",26,2017,,77,178,168,19,4,23,7,4.5,23,0.155,0.202,0.243,0.357,0.6,81,,0.7,0.2
59818,542513,"Tomás Telis",26,2017,"MIA",47,111,104,13,0,9,0,2.7,9,0.106,0.24,0.279,0.346,0.625,92,,-0.6,0
59915,542642,"Rymer Liriano",26,2017,"CHW",16,46,41,4,1,6,1,10.9,30.4,0.122,0.22,0.304,0.341,0.645,81,,0,0.1
60122,572241,"David Washington",26,2017,"BAL",3,6,6,0,0,0,0,0,83.3,0,0,0,0,0,79,,0,0
60293,573627,"Kennys Vargas",26,2017,"MIN",76,264,241,33,11,41,0,7.6,29.2,0.191,0.253,0.314,0.444,0.758,93,,0.2,0.3
60633,571974,"John Ryan Murphy",26,2017,"AZ",2,7,7,0,0,1,0,0,14.3,0.143,0.143,0.143,0.286,0.429,84,,0,0
60635,571976,"Wil Myers",26,2017,"SD",155,649,567,80,30,74,20,10.8,27.7,0.22,0.243,0.328,0.464,0.792,108,,-0.8,1.2
60640,572000,"Mike Ohlman",26,2017,"TOR",6,13,13,1,0,1,0,0,23.1,0,0.231,0.231,0.231,0.462,86,,-0.7,0
60737,572204,"Trayce Thompson",26,2017,"LAD",24,55,49,6,1,2,0,10.9,41.8,0.143,0.122,0.218,0.265,0.483,64,,-0.1,0
60958,571602,"Matt Davidson",26,2017,"CHW",118,443,414,43,26,68,0,4.3,37.2,0.232,0.22,0.26,0.452,0.712,91,,-1.1,0.7
66004,545337,"Nolan Fontana",26,2017,"LAA",10,23,20,1,1,1,1,13,34.8,0.15,0.05,0.174,0.2,0.374,83,,0.1,0.1
66006,545350,"Jake Marisnick",26,2017,"HOU",92,259,230,50,16,35,9,7.7,34.7,0.252,0.243,0.319,0.496,0.815,98,,-2.6,0.7
66057,553869,"Elias Díaz",26,2017,"PIT",63,200,188,18,1,19,1,5.5,19,0.09,0.223,0.265,0.314,0.579,71,,-5.3,-0.3
66416,570799,"Christian Villanueva",26,2017,"SD",12,32,32,5,4,7,0,0,31.3,0.406,0.344,0.344,0.75,1.094,87,,-0.1,0.1
66594,572191,"Michael A. Taylor",26,2017,"WAS",116,432,399,55,19,53,17,6.7,31.7,0.216,0.271,0.32,0.486,0.806,84,,-0.4,0.4
67084,592663,"J.T. Realmuto",26,2017,"MIA",141,579,532,68,17,65,8,6.2,18.3,0.173,0.278,0.332,0.451,0.783,108,,5,3.2
67866,594988,"Scott Schebler",26,2017,"CIN",140,531,473,63,30,67,5,7.3,23.5,0.252,0.233,0.307,0.484,0.791,110,,1.1,2
68192,596847,"Ji Man Choi",26,2017,"NYY",6,18,15,2,2,5,0,11.1,27.8,0.467,0.267,0.333,0.733,1.066,102,,0,0
68883,595238,"Jacob Hannemann",26,2017,"SEA",9,20,20,3,1,1,0,0,20,0.15,0.15,0.15,0.3,0.45,91,,-0.1,0.1
69538,605253,"Terrance Gore",26,2017,"KC",11,5,4,2,0,0,2,20,40,0,0,0.2,0,0.2,82,,0,0
69564,605412,"Joe Panik",26,2017,"SF",138,573,511,60,10,53,4,8,9.4,0.133,0.288,0.347,0.421,0.768,97,,-7.2,1.4
69578,605486,"Cory Spangenberg",26,2017,"SD",129,486,444,57,13,46,11,7,26.3,0.137,0.264,0.322,0.401,0.723,84,,-1.6,0.1
70262,543939,"Kolten Wong",26,2017,"STL",105,410,353,55,4,42,8,10,14.6,0.127,0.286,0.377,0.414,0.791,100,,0.9,1.8
70327,543760,"Marcus Semien",26,2017,"OAK",85,386,342,53,10,40,12,9.8,22,0.149,0.249,0.325,0.398,0.723,91,,1.8,1.3
70360,571918,"Deven Marrero",26,2017,"BOS",63,188,171,32,4,27,5,6.4,32.4,0.123,0.211,0.259,0.333,0.592,55,,0.2,-0.4
70362,571980,"Tyler Naquin",26,2017,"CLE",17,40,37,4,0,1,0,5,22.5,0.054,0.216,0.25,0.27,0.52,82,,-0.2,0
70673,608596,"Tom Murphy",26,2017,"COL",11,26,24,1,0,1,0,7.7,34.6,0.042,0.042,0.115,0.083,0.198,76,,-0.5,0
70764,571718,"Brian Goodwin",26,2017,"WAS",74,278,251,41,13,30,6,8.3,24.8,0.247,0.251,0.313,0.498,0.811,95,,0.4,0.8
71291,607776,"Mac Williamson",26,2017,"SF",28,73,68,8,3,6,1,6.8,34.2,0.162,0.235,0.288,0.397,0.685,70,,-0.3,-0.1
99903,572287,"Mike Zunino",26,2017,"SEA",117,435,387,52,25,64,1,9,36.8,0.258,0.251,0.331,0.509,0.84,99,,6.1,2.2
99914,571745,"Mitch Haniger",26,2017,"SEA",96,410,369,58,16,47,5,7.6,22.7,0.209,0.282,0.352,0.491,0.843,101,,1.4,1.1
99919,572228,"Luke Voit",26,2017,"STL",59,124,114,18,4,18,0,5.6,25,0.184,0.246,0.306,0.43,0.736,88,,0.2,0.1
99963,571875,"Jake Lamb",26,2017,"AZ",149,635,536,89,30,105,6,13.7,23.9,0.239,0.248,0.357,0.487,0.844,110,,-0.3,2.2
100025,573088,"Cameron Perkins",26,2017,"PHI",42,97,88,9,1,8,0,5.2,23.7,0.091,0.182,0.237,0.273,0.51,80,,0.1,0
100036,571912,"Luke Maile",26,2017,"TOR",45,136,130,10,2,7,1,2.2,25.7,0.085,0.146,0.176,0.231,0.407,62,,3,0.4
100059,572039,"Stephen Piscotty",26,2017,"STL",106,401,341,40,9,39,3,13,21.7,0.132,0.235,0.342,0.367,0.709,99,,0.7,1.1
100121,572233,"Christian Walker",26,2017,"AZ",11,15,12,2,2,2,0,6.7,33.3,0.583,0.25,0.4,0.833,1.233,109,,0,0.1
100171,571657,"Kyle Farmer",26,2017,"LAD",18,20,20,1,0,2,0,0,15,0.05,0.3,0.3,0.35,0.65,86,,0,0
100182,572073,"Joey Rickard",26,2017,"BAL",99,277,261,29,4,19,8,3.2,22.7,0.103,0.241,0.276,0.345,0.621,68,,2.9,0.2
100187,572227,"Zach Vincej",26,2017,"CIN",9,12,9,2,0,0,0,8.3,41.7,0,0.111,0.333,0.111,0.444,76,,0,0.1
100193,581527,"Devon Travis",26,2017,"TOR",50,197,185,22,5,24,4,3.6,19.3,0.178,0.259,0.291,0.438,0.729,82,,0,0.3
100300,608671,"Travis Jankowski",26,2017,"SD",26,87,75,10,0,1,4,10.3,32.2,0.027,0.187,0.282,0.213,0.495,62,,0.5,0.1
100301,608672,"Micah Johnson",26,2017,"ATL",14,11,10,2,0,0,1,0,36.4,0,0.2,0.2,0.2,0.4,81,,0,0
100316,608700,"Kevin Plawecki",26,2017,"NYM",35,118,100,11,3,13,1,11.9,14.4,0.14,0.26,0.364,0.4,0.764,105,,-2.8,0.1
100317,608701,"Rob Refsnyder",26,2017,,45,98,88,8,0,0,4,8.2,17.3,0.045,0.17,0.247,0.216,0.463,86,,0.3,0.2
100318,608703,"Matt Reynolds",26,2017,"NYM",62,130,113,12,1,5,0,10.8,28.5,0.071,0.23,0.326,0.301,0.627,76,,-0.2,0
100496,621035,"Chris Taylor",26,2017,"LAD",140,568,514,85,21,72,17,8.8,25,0.208,0.288,0.354,0.496,0.85,99,,0.8,2.4
100767,622194,"Bruce Maxwell",26,2017,"OAK",75,253,219,21,3,22,0,12.3,24.9,0.096,0.237,0.329,0.333,0.662,86,,-2.1,0.5
100803,622270,"Alex D. Mejia",26,2017,"STL",24,49,46,6,1,3,0,4.1,26.5,0.065,0.109,0.146,0.174,0.32,75,,0.1,0
101652,624577,"Yasiel Puig",26,2017,"LAD",151,570,499,72,28,74,15,11.2,17.5,0.224,0.263,0.346,0.487,0.833,133,,-0.1,3.2
102267,628338,"Guillermo Heredia",26,2017,"SEA",119,426,386,43,6,24,1,6.3,15,0.088,0.249,0.315,0.337,0.652,85,,3.4,1.3
102355,630111,"Yasmany Tomás",26,2017,"AZ",47,180,166,19,8,32,0,7.2,27.8,0.223,0.241,0.294,0.464,0.758,86,,-1,0.1
102593,641598,"Mitch Garver",26,2017,"MIN",20,52,46,5,0,3,0,11.5,28.8,0.152,0.196,0.288,0.348,0.636,83,,-1.1,0
102749,642094,"Tyler Smith",26,2017,"SEA",8,19,16,2,0,1,0,5.3,42.1,0.063,0.188,0.263,0.25,0.513,65,,0.1,0
103340,643265,"Garrett Cooper",26,2017,"NYY",13,45,43,3,0,6,0,2.2,26.7,0.163,0.326,0.333,0.488,0.821,78,,0,0
103523,643565,"Mike Tauchman",26,2017,"COL",30,32,27,2,0,2,1,15.6,31.3,0.074,0.222,0.344,0.296,0.64,80,,0,0.1
103546,643603,"Tyler White",26,2017,"HOU",21,67,61,7,3,10,0,6,23.9,0.246,0.279,0.328,0.525,0.853,88,,-0.1,0.2
50677,501303,"Ehire Adrianza",27,2017,"MIN",67,186,162,30,2,24,8,8.6,13.4,0.117,0.265,0.324,0.383,0.707,93,,-0.9,0.7
55701,518542,"Juan Centeno",27,2017,"HOU",18,57,52,5,2,4,0,7,21.1,0.115,0.231,0.286,0.346,0.632,86,,-6,-0.4
55877,514888,"Jose Altuve",27,2017,"HOU",153,662,590,112,24,81,32,8.8,12.7,0.202,0.346,0.41,0.547,0.957,130,,3,5.4
56289,518692,"Freddie Freeman",27,2017,"ATL",117,514,440,84,28,71,8,12.6,18.5,0.28,0.307,0.403,0.586,0.989,141,,0.6,3.8
56444,514917,"César Hernández",27,2017,"PHI",128,577,511,85,9,34,15,10.6,18,0.127,0.294,0.373,0.421,0.794,105,,-5.6,1.3
56734,516949,"Héctor Sánchez",27,2017,"SD",74,143,137,14,8,25,0,3.5,28.7,0.204,0.219,0.245,0.423,0.668,75,,-5,-0.5
56761,516416,"Jean Segura",27,2017,"SEA",125,566,524,80,11,45,22,6,14.7,0.128,0.3,0.349,0.427,0.776,108,,2.4,3.1
56850,514913,"Rubén Tejada",27,2017,"BAL",36,124,113,17,0,5,0,6.5,12.1,0.053,0.23,0.293,0.283,0.576,86,,-0.7,0.2
57096,506747,"Francisco Peña",27,2017,"BAL",4,10,10,3,2,2,0,0,30,0.6,0.5,0.5,1.1,1.6,123,,0,0.1
57268,517369,"José Pirela",27,2017,"SD",82,344,312,43,10,40,4,7.8,20.6,0.202,0.288,0.347,0.49,0.837,102,,2,1.2
57278,516770,"Starlin Castro",27,2017,"NYY",112,473,443,66,16,63,2,4.9,19.7,0.153,0.3,0.338,0.454,0.792,97,,0,1.5
57302,520471,"Freddy Galvis",27,2017,"PHI",162,663,608,71,12,61,14,6.8,16.7,0.127,0.255,0.309,0.382,0.691,84,,-0.4,1.7
57335,521692,"Salvador Perez",27,2017,"KC",128,499,471,57,27,80,1,3.4,19,0.227,0.268,0.297,0.495,0.792,104,,-9.7,1.5
57396,518792,"Jason Heyward",27,2017,"CHC",123,481,432,59,11,59,4,8.5,13.9,0.13,0.259,0.326,0.389,0.715,94,,6.4,1.6
57514,519203,"Anthony Rizzo",27,2017,"CHC",157,691,572,99,32,109,10,13.2,13,0.234,0.273,0.392,0.507,0.899,138,,0.8,4.5
57556,519317,"Giancarlo Stanton",27,2017,"MIA",159,692,597,123,59,132,2,12.3,23.6,0.35,0.281,0.376,0.631,1.007,155,,0.7,5.9
57781,543094,"Jaff Decker",27,2017,"OAK",17,62,50,4,0,1,1,12.9,27.4,0.06,0.2,0.322,0.26,0.582,81,,-0.6,0
57919,543257,"Robbie Grossman",27,2017,"MIN",119,456,382,62,9,45,3,14.7,17.3,0.134,0.246,0.361,0.38,0.741,105,,0,1.6
57967,543305,"Aaron Hicks",27,2017,"NYY",88,361,301,54,15,52,10,14.1,18.6,0.209,0.266,0.372,0.475,0.847,112,,2.8,2.1
57969,543309,"Kyle Higashioka",27,2017,"NYY",8,20,18,2,0,0,0,10,30,0,0,0.1,0,0.1,77,,1,0.1
57988,543333,"Eric Hosmer",27,2017,"KC",162,671,603,98,25,94,6,9.8,15.5,0.179,0.318,0.385,0.498,0.883,126,,-0.4,3.3
58058,542921,"Tim Beckham",27,2017,,137,575,533,67,22,62,6,6.3,29,0.176,0.278,0.328,0.454,0.782,96,,-1.5,2.1
58320,543362,"A.J. Jimenez",27,2017,"TEX",7,13,12,0,0,0,0,0,53.8,0,0.083,0.083,0.083,0.166,74,,-0.2,0
58809,544369,"Didi Gregorius",27,2017,"NYY",136,570,534,73,25,87,3,4.4,12.3,0.191,0.287,0.318,0.478,0.796,90,,4.2,2.4
58862,543611,"Danny Ortiz",27,2017,"PIT",8,13,12,1,0,0,0,7.7,7.7,0,0.083,0.154,0.083,0.237,100,,0,0
59480,547912,"Gift Ngoepe",27,2017,"PIT",24,63,54,10,0,6,0,12.7,41.3,0.074,0.222,0.323,0.296,0.619,58,,0.2,-0.1
59617,571553,"Darrell Ceciliani",27,2017,"TOR",3,5,5,2,1,3,0,0,0,0.8,0.4,0.4,1.2,1.6,134,,0,0
59871,542583,"Jesús Aguilar",27,2017,"MIL",129,311,279,40,16,52,0,8,30.2,0.24,0.265,0.331,0.505,0.836,98,,-0.8,0.4
60150,572669,"Lane Adams",27,2017,"ATL",79,122,109,19,5,20,10,8.2,30.3,0.193,0.275,0.339,0.468,0.807,104,,0.3,0.6
60831,542979,"Keon Broxton",27,2017,"MIL",134,463,414,66,20,49,21,8.6,37.8,0.2,0.22,0.299,0.42,0.719,77,,2.6,0.3
61044,578428,"Jose Iglesias",27,2017,"DET",128,489,463,56,6,54,7,4.3,13.3,0.114,0.255,0.288,0.369,0.657,77,,-1.7,0.9
65856,518466,"Jabari Blash",27,2017,"SD",61,195,164,24,5,16,1,14.4,33.8,0.128,0.213,0.333,0.341,0.674,79,,-1.9,0
65867,518618,"Derek Dietrich",27,2017,"MIA",133,464,406,56,13,53,0,7.8,21.1,0.175,0.249,0.334,0.424,0.758,94,,-3.3,0.5
65918,519333,"Matt Szczur",27,2017,,109,237,195,28,3,18,0,14.3,18.6,0.128,0.226,0.35,0.354,0.704,102,,0.8,0.9
65953,542963,"Rob Brantly",27,2017,"CHW",12,36,31,4,2,5,0,8.3,38.9,0.226,0.29,0.389,0.516,0.905,75,,-0.3,0
65977,543484,"Mikie Mahtook",27,2017,"DET",104,379,348,50,12,38,6,6.1,20.8,0.181,0.276,0.33,0.457,0.787,108,,-3.4,1.4
65980,543543,"Brad Miller",27,2017,"TB",110,407,338,43,9,40,5,15.5,27,0.136,0.201,0.327,0.337,0.664,98,,-0.7,1
65992,543807,"George Springer",27,2017,"HOU",140,629,548,112,34,85,5,10.2,17.6,0.239,0.283,0.367,0.522,0.889,127,,-0.9,4.2
66539,571697,"Scooter Gennett",27,2017,"CIN",140,497,461,80,27,97,3,6,22.9,0.236,0.295,0.342,0.531,0.873,95,,-1,1.5
66662,573135,"Tyler Saladino",27,2017,"CHW",75,281,253,23,0,10,5,8.2,23.8,0.051,0.178,0.254,0.229,0.483,67,,1.4,0.1
67119,592743,"Andrelton Simmons",27,2017,"LAA",158,647,589,77,14,69,19,7.3,10.4,0.143,0.278,0.331,0.421,0.752,97,,8.5,3.4
67754,594824,"Greg Garcia",27,2017,"STL",126,290,241,27,2,20,2,12.8,22.1,0.079,0.253,0.365,0.332,0.697,89,,-0.9,0.4
67964,595281,"Kevin Kiermaier",27,2017,"TB",98,421,380,56,15,39,16,7.4,23.5,0.174,0.276,0.338,0.45,0.788,100,,8,2.3
68302,598265,"Jackie Bradley Jr.",27,2017,"BOS",133,541,482,58,17,63,8,8.9,22.9,0.158,0.245,0.323,0.402,0.725,101,,-4.1,1.7
68673,592731,"Steve Selsky",27,2017,"BOS",7,9,9,0,0,0,0,0,55.6,0.111,0.111,0.111,0.222,0.333,79,,-0.1,0
68969,595426,"Brock Stassi",27,2017,"PHI",49,90,78,6,2,7,0,13.3,24.4,0.128,0.167,0.278,0.295,0.573,87,,0.1,0.1
69158,542908,"Jett Bandy",27,2017,"MIL",58,188,169,14,6,18,1,8,27.1,0.142,0.207,0.287,0.349,0.636,69,,-4.9,-0.4
69188,543768,"Travis Shaw",27,2017,"MIL",144,606,538,84,31,101,10,9.9,22.8,0.24,0.273,0.349,0.513,0.862,106,,2.5,1.9
69304,600301,"Taylor Motter",27,2017,"SEA",87,280,258,29,7,26,12,7.5,22.1,0.128,0.198,0.257,0.326,0.583,69,,-1.5,0
69508,605113,"Nick Ahmed",27,2017,"AZ",53,178,167,24,6,21,3,5.6,21.9,0.168,0.251,0.298,0.419,0.717,75,,0.9,0.2
69512,605125,"Cody Asche",27,2017,"CHW",19,62,57,5,1,4,0,4.8,33.9,0.07,0.105,0.177,0.175,0.352,88,,0,0
69513,605131,"Austin Barnes",27,2017,"LAD",98,262,218,35,8,38,4,14.9,16.4,0.197,0.289,0.408,0.486,0.894,115,,12.2,2.7
69580,605509,"Kelby Tomlinson",27,2017,"SF",101,222,194,32,1,11,9,10.4,20.7,0.057,0.258,0.332,0.314,0.646,85,,-0.2,0.5
69854,607054,"Jace Peterson",27,2017,"ATL",87,215,186,15,2,17,3,12.6,22.3,0.102,0.215,0.318,0.317,0.635,87,,0.2,0.2
69970,607387,"Ryan Rua",27,2017,"TEX",53,144,129,17,3,12,2,9.7,36.1,0.116,0.217,0.294,0.333,0.627,81,,-0.2,0.1
70296,542993,"Billy Burns",27,2017,"KC",5,6,6,1,0,0,0,0,16.7,0,0.167,0.167,0.167,0.334,97,,0,0
70301,543068,"C.J. Cron",27,2017,"LAA",99,373,339,39,16,56,3,5.9,25.7,0.189,0.248,0.305,0.437,0.742,98,,1.2,1.1
70302,543089,"Taylor Davis",27,2017,"CHC",7,13,13,1,0,1,0,0,30.8,0.077,0.231,0.231,0.308,0.539,78,,0,0
70307,543308,"John Hicks",27,2017,"DET",59,190,173,25,6,22,2,6.8,26.8,0.173,0.266,0.326,0.439,0.765,84,,0.2,0.3
70317,543510,"James McCann",27,2017,"DET",105,391,352,39,13,49,1,6.6,22.8,0.162,0.253,0.318,0.415,0.733,95,,-22.1,-0.4
70443,605227,"Taylor Featherston",27,2017,"TB",17,47,39,6,2,6,1,10.6,31.9,0.179,0.179,0.277,0.359,0.636,96,,0.2,0.2
70466,605357,"Mike Marjama",27,2017,"SEA",4,9,9,1,1,1,0,0,11.1,0.444,0.333,0.333,0.778,1.111,103,,-0.3,0
70556,607297,"O'Koyea Dickson",27,2017,"LAD",6,9,7,0,0,0,0,22.2,22.2,0,0.143,0.333,0.143,0.476,93,,0,0
70568,607385,"Tyler Collins",27,2017,"DET",49,169,150,18,5,14,0,10.7,32.5,0.14,0.193,0.278,0.333,0.611,88,,-0.9,0.1
70755,543685,"Anthony Rendon",27,2017,"WAS",146,605,508,81,25,100,7,13.9,13.6,0.232,0.301,0.403,0.533,0.936,127,,7.4,4.1
70779,572180,"Andrew Susac",27,2017,"MIL",8,12,12,0,0,0,0,0,50,0,0.083,0.083,0.083,0.166,68,,-0.3,0
71213,607732,"Jacob Stallings",27,2017,"PIT",4,16,14,3,0,3,0,12.5,12.5,0.143,0.357,0.438,0.5,0.938,92,,0,0
100666,621563,"Joey Wendle",27,2017,"OAK",7,14,13,3,1,5,0,7.1,21.4,0.308,0.308,0.357,0.615,0.972,96,,0,0.1
100776,622210,"Ian Parmley",27,2017,"TOR",1,4,3,0,0,0,0,0,25,0,0,0,0,0,99,,0,0
101262,623182,"Patrick Kivlehan",27,2017,"CIN",111,204,178,23,9,26,1,10.8,29.9,0.191,0.208,0.304,0.399,0.703,90,,-0.9,0.3
46980,462101,"Elvis Andrus",28,2017,"TEX",158,689,643,100,20,88,25,5.5,14.7,0.174,0.297,0.337,0.471,0.808,102,,4.3,3.9
50096,502029,"Chris Marrero",28,2017,"SF",15,41,38,2,1,5,0,4.9,22,0.079,0.132,0.171,0.211,0.382,92,,0,0.1
50609,503556,"Marwin Gonzalez",28,2017,"HOU",132,516,456,67,23,90,8,9.5,19.4,0.226,0.303,0.376,0.529,0.905,110,,-0.6,2
50845,501571,"Juan Lagares",28,2017,"NYM",89,272,252,37,3,15,7,5.1,20.6,0.115,0.25,0.296,0.365,0.661,78,,1.6,0.5
50910,501659,"Abraham Almonte",28,2017,"CLE",65,195,172,26,3,14,2,10.3,23.6,0.134,0.233,0.314,0.366,0.68,84,,-0.1,0.2
51220,492802,"Juan Graterol",28,2017,"LAA",32,87,84,5,0,10,0,1.1,14.9,0.048,0.202,0.207,0.25,0.457,76,,3.1,0.4
51611,500743,"Miguel Rojas",28,2017,"MIA",81,306,272,37,1,26,2,8.8,10.5,0.085,0.29,0.361,0.375,0.736,97,,2,1.1
51653,500871,"Eduardo Escobar",28,2017,"MIN",128,499,457,62,21,73,5,6.6,19.6,0.195,0.254,0.309,0.449,0.758,109,,-1.7,1.9
51656,500874,"José A. Martínez",28,2017,"STL",105,307,272,47,14,46,4,10.4,19.5,0.21,0.309,0.379,0.518,0.897,129,,-1.5,1.5
55773,518586,"Charlie Culberson",28,2017,"LAD",9,15,13,0,0,1,0,13.3,26.7,0.077,0.154,0.267,0.231,0.498,91,,0.1,0.1
55784,518595,"Travis d'Arnaud",28,2017,"NYM",111,376,348,39,16,57,0,6.1,15.7,0.198,0.244,0.293,0.443,0.736,102,,7.4,2
55889,506560,"Alexi Amarista",28,2017,"COL",92,176,168,22,3,19,1,4,21.6,0.113,0.238,0.269,0.351,0.62,65,,-0.1,-0.1
55951,506702,"Sandy León",28,2017,"BOS",82,301,271,32,7,39,0,8.3,24.6,0.129,0.225,0.29,0.354,0.644,73,,6.3,0.9
56034,516782,"Starling Marte",28,2017,"PIT",77,339,309,48,7,31,21,5.9,18.6,0.104,0.275,0.333,0.379,0.712,101,,2.8,1.3
56792,519295,"Jake Smolinski",28,2017,"OAK",14,29,27,1,0,0,0,3.4,20.7,0.037,0.259,0.31,0.296,0.606,98,,-0.2,0.1
56806,519306,"Steven Souza Jr.",28,2017,"TB",147,617,523,78,30,78,16,13.6,29,0.22,0.239,0.351,0.459,0.81,114,,5.4,3.1
57013,519083,"Derek Norris",28,2017,"TB",53,198,179,21,9,24,1,6.1,24.2,0.179,0.201,0.258,0.38,0.638,73,,-3,-0.2
57478,519058,"Mike Moustakas",28,2017,"KC",148,598,555,75,38,85,0,5.7,15.7,0.249,0.272,0.314,0.521,0.835,123,,-3.4,3.1
57520,519222,"Austin Romine",28,2017,"NYY",74,252,229,19,2,21,0,6.3,22.6,0.074,0.218,0.272,0.293,0.565,75,,5.4,0.9
58147,502082,"Lonnie Chisenhall",28,2017,"CLE",81,270,236,34,12,53,2,9.3,20.4,0.233,0.288,0.36,0.521,0.881,117,,-0.8,1.5
58259,519025,"Will Middlebrooks",28,2017,"TEX",19,39,38,5,0,3,0,2.6,35.9,0.158,0.211,0.231,0.368,0.599,78,,0,0.1
58261,519037,"Carlos Moncrief",28,2017,"SF",28,43,38,4,0,5,0,7,34.9,0.026,0.211,0.256,0.237,0.493,64,,-0.2,0
58394,543459,"Steve Lombardozzi",28,2017,"MIA",2,8,8,0,0,0,0,0,25,0,0,0,0,0,95,,0,0
59339,518934,"DJ LeMahieu",28,2017,"COL",155,682,609,95,8,64,6,8.7,13.2,0.099,0.31,0.374,0.409,0.783,99,,2.5,2.9
59467,547379,"Roberto Pérez",28,2017,"CLE",70,248,217,22,8,38,0,10.5,28.6,0.166,0.207,0.291,0.373,0.664,84,,18.2,2.3
59582,571431,"Matt Adams",28,2017,,130,367,339,46,20,65,0,6.3,24,0.248,0.274,0.319,0.522,0.841,115,,-1.6,1.2
60927,571841,"Ty Kelly",28,2017,,66,105,89,11,2,14,0,7.6,23.8,0.146,0.191,0.257,0.337,0.594,73,,0.2,0.1
65863,518568,"Christian Colón",28,2017,,22,57,50,4,0,0,0,8.8,17.5,0.02,0.16,0.236,0.18,0.416,87,,0.2,0.1
65870,518735,"Yasmani Grandal",28,2017,"LAD",129,482,438,50,22,58,0,8.3,27,0.212,0.247,0.308,0.459,0.767,88,,22.5,3.1
65906,519237,"Cameron Rupp",28,2017,"PHI",88,331,295,35,14,34,1,10.3,34.4,0.2,0.217,0.299,0.417,0.716,80,,-13.6,-0.9
65938,534606,"Ryan LaMarre",28,2017,"OAK",3,8,7,0,0,0,0,12.5,37.5,0,0,0.125,0,0.125,76,,0,0
66535,571679,"David Freitas",28,2017,"ATL",5,17,17,2,0,2,0,0,23.5,0.118,0.235,0.235,0.353,0.588,80,,0.4,0.1
66638,572816,"Corey Dickerson",28,2017,"TB",150,629,588,84,27,62,4,5.6,24.2,0.207,0.282,0.325,0.49,0.815,101,,1.3,2.4
66691,574847,"Rob Segedin",28,2017,"LAD",10,20,20,3,0,1,0,0,35,0.1,0.2,0.2,0.3,0.5,74,,0,0
66729,576397,"Jedd Gyorko",28,2017,"STL",125,481,426,52,20,67,6,9.8,21.8,0.2,0.272,0.341,0.472,0.813,108,,4.2,1.9
66810,588751,"Adeiny Hechavarría",28,2017,,96,348,330,37,8,30,4,3.7,19.3,0.145,0.261,0.289,0.406,0.695,87,,2.3,1.3
66950,592192,"Mark Canha",28,2017,"OAK",56,187,173,16,5,14,2,3.7,29.9,0.173,0.208,0.262,0.382,0.644,77,,-0.8,0.2
67020,592419,"Jared Hoying",28,2017,"TEX",28,77,72,13,1,7,3,5.2,29.9,0.083,0.222,0.26,0.306,0.566,70,,-0.1,0
67064,592592,"Brett Nicholas",28,2017,"TEX",21,65,63,7,2,11,0,3.1,20,0.159,0.238,0.262,0.397,0.659,75,,-5.1,-0.4
67105,592710,"Josh Rutledge",28,2017,"BOS",34,118,107,10,0,9,1,7.6,26.3,0.037,0.224,0.297,0.262,0.559,73,,-0.5,-0.1
67175,593160,"Whit Merrifield",28,2017,"KC",145,630,587,80,19,78,34,4.6,14,0.172,0.288,0.324,0.46,0.784,103,,-2,2.6
67744,594807,"Adam Duvall",28,2017,"CIN",156,647,587,78,31,99,5,6,26.3,0.232,0.249,0.301,0.48,0.781,91,,-0.3,1.1
67746,594809,"Adam Eaton",28,2017,"WAS",23,107,91,24,2,13,3,13.1,16.8,0.165,0.297,0.393,0.462,0.855,109,,-0.2,0.5
67762,594838,"Phil Gosselin",28,2017,,37,50,48,3,0,2,0,4,24,0.042,0.146,0.18,0.188,0.368,78,,0,0.1
68387,518649,"Brett Eibner",28,2017,"LAD",16,36,33,3,2,6,0,5.6,47.2,0.182,0.182,0.25,0.364,0.614,86,,-0.1,0.1
68648,592620,"Jarrett Parker",28,2017,"SF",51,177,166,14,4,23,2,5.6,30.5,0.169,0.247,0.294,0.416,0.71,72,,0.5,0.1
69305,600303,"Tommy La Stella",28,2017,"CHC",73,151,125,18,5,22,0,13.2,11.9,0.184,0.288,0.389,0.472,0.861,107,,-0.7,0.5
69960,607369,"Travis Taijeron",28,2017,"NYM",26,59,52,3,1,3,0,8.5,40.7,0.096,0.173,0.271,0.269,0.54,58,,-0.3,-0.1
70093,607680,"Kevin Pillar",28,2017,"TOR",151,632,587,72,16,42,15,5.2,15,0.148,0.256,0.3,0.404,0.704,86,,-3.4,1
70210,608061,"T.J. Rivera",28,2017,"NYM",72,231,214,27,5,27,1,3.9,13.9,0.14,0.29,0.33,0.43,0.76,89,,-0.2,0.2
70378,592200,"Curt Casali",28,2017,"TB",6,13,9,2,1,3,0,23.1,23.1,0.333,0.333,0.462,0.667,1.129,100,,0.2,0.1
49829,467092,"Wilson Ramos",29,2017,"TB",62,224,208,19,11,35,0,4.5,16.1,0.188,0.26,0.29,0.447,0.737,114,,-2.2,0.7
50106,502054,"Tommy Pham",29,2017,"STL",128,530,444,95,23,73,25,13.4,22.1,0.214,0.306,0.411,0.52,0.931,140,,-0.1,3.9
51184,491696,"Jesús Sucre",29,2017,"TB",58,192,176,20,7,29,2,3.6,18.2,0.153,0.256,0.289,0.409,0.698,80,,5,0.8
51557,500208,"Yangervis Solarte",29,2017,"SD",127,512,466,49,18,64,3,7.2,11.9,0.161,0.255,0.314,0.416,0.73,94,,-1.9,1.4
51804,489149,"Logan Morrison",29,2017,"TB",149,601,512,75,38,85,2,13.5,24.8,0.27,0.246,0.353,0.516,0.869,126,,-0.4,2.7
51885,491676,"Gorkys Hernández",29,2017,"SF",117,348,310,40,0,22,12,8.9,21,0.071,0.255,0.327,0.326,0.653,83,,-1.4,0.3
51985,457708,"Justin Upton",29,2017,,152,635,557,100,35,109,14,11.7,28.3,0.268,0.273,0.361,0.54,0.901,121,,3.7,4.4
52260,444482,"David Peralta",29,2017,"AZ",140,577,525,82,14,57,8,7.5,16.3,0.15,0.293,0.352,0.444,0.796,99,,4.1,1.8
54187,547982,"Leonys Martin",29,2017,,45,138,128,14,3,9,7,5.8,23.9,0.109,0.172,0.232,0.281,0.513,74,,0.2,0
56104,519023,"Devin Mesoraco",29,2017,"CIN",55,165,141,17,6,14,1,10.9,23,0.177,0.213,0.321,0.39,0.711,93,,-6.5,-0.3
56615,519184,"Ben Revere",29,2017,"LAA",107,308,291,37,1,20,21,4.9,8.1,0.069,0.275,0.308,0.344,0.652,88,,0.8,0.7
57426,518902,"Pete Kozma",29,2017,,31,51,45,6,1,2,0,5.9,39.2,0.067,0.111,0.2,0.178,0.378,64,,-0.2,-0.1
57748,543216,"Conor Gillaspie",29,2017,"SF",42,87,80,8,2,8,0,5.7,11.5,0.125,0.163,0.218,0.288,0.506,84,,-0.4,0
57951,543281,"Josh Harrison",29,2017,"PIT",128,542,486,66,16,47,12,5.2,16.6,0.16,0.272,0.339,0.432,0.771,91,,1.3,1.4
58217,543148,"Tim Federowicz",29,2017,"SF",10,14,13,3,2,3,0,7.1,28.6,0.462,0.231,0.286,0.692,0.978,113,,-0.2,0
58220,543213,"Johnny Giavotella",29,2017,"BAL",5,10,10,0,0,0,1,0,40,0,0.1,0.1,0.1,0.2,88,,0,0
58267,451089,"Shane Peterson",29,2017,"TB",30,88,79,9,2,11,2,5.7,23.9,0.139,0.253,0.31,0.392,0.702,88,,0.3,0.2
58373,543432,"Ryan Lavarnway",29,2017,"OAK",6,13,11,0,0,2,0,7.7,23.1,0.091,0.273,0.385,0.364,0.749,97,,-0.1,0
58495,543590,"Kirk Nieuwenhuis",29,2017,"MIL",15,31,26,3,1,1,0,12.9,48.4,0.154,0.115,0.258,0.269,0.527,82,,-0.3,0
58880,543829,"Dee Strange-Gordon",29,2017,"MIA",157,695,653,114,2,33,60,3.6,13.4,0.067,0.308,0.341,0.375,0.716,89,,-0.4,1.6
59265,501981,"Khris Davis",29,2017,"OAK",153,652,566,91,43,110,4,11.2,29.9,0.281,0.247,0.336,0.528,0.864,140,,-2.8,4
59275,502110,"J.D. Martinez",29,2017,,119,489,432,85,45,104,4,10.8,26.2,0.387,0.303,0.376,0.69,1.066,152,,-2.9,3.6
59285,502205,"Grant Green",29,2017,"WAS",1,3,3,0,0,0,0,0,66.7,0,0,0,0,0,82,,0,0
59307,502671,"Paul Goldschmidt",29,2017,"AZ",154,665,558,117,36,120,18,14.1,22.1,0.265,0.297,0.404,0.563,0.967,130,,2.8,4
59319,506997,"Tony Sanchez",29,2017,"ATL",1,1,1,0,0,0,0,0,100,0,0,0,0,0,72,,0,0
59497,547957,"Hyun Soo Kim",29,2017,,93,239,212,20,1,14,0,9.2,19.2,0.061,0.231,0.307,0.292,0.599,89,,-0.8,0.4
59603,571506,"Justin Bour",29,2017,"MIA",108,429,377,52,25,83,1,11,22.1,0.247,0.289,0.366,0.536,0.902,122,,-0.6,1.4
59656,571757,"Jeremy Hazelbaker",29,2017,"AZ",36,61,52,10,2,10,1,14.8,32.8,0.231,0.346,0.443,0.577,1.02,72,,0.3,0.1
59664,571788,"Brock Holt",29,2017,"BOS",59,164,140,20,0,7,2,11.6,20.7,0.043,0.2,0.305,0.243,0.548,80,,0,0.2
60002,543302,"Chris Herrmann",29,2017,"AZ",103,256,226,35,10,27,5,11.3,26.2,0.164,0.181,0.273,0.345,0.618,74,,-4.5,-0.4
60144,572365,"Ryan Goins",29,2017,"TOR",135,459,418,37,9,62,3,6.8,20.9,0.12,0.237,0.286,0.356,0.642,76,,1.5,0.7
60238,572863,"Dustin Garneau",29,2017,,39,126,112,10,2,9,0,9.5,28.6,0.125,0.188,0.272,0.313,0.585,81,,-1.9,0
60649,572033,"Josh Phegley",29,2017,"OAK",52,161,149,14,3,10,0,5.6,16.1,0.134,0.201,0.255,0.336,0.591,95,,-1.8,0.5
60669,572114,"Ryan Schimpf",29,2017,"SD",53,197,165,24,14,25,0,13.7,35.5,0.267,0.158,0.284,0.424,0.708,92,,-1.9,0.1
60672,572122,"Kyle Seager",29,2017,"SEA",154,650,578,72,27,88,2,8.9,16.9,0.201,0.249,0.323,0.45,0.773,105,,2,2.4
60834,543228,"Yan Gomes",29,2017,"CLE",104,383,341,43,14,56,0,8.1,25.8,0.167,0.232,0.309,0.399,0.708,76,,6.6,1.2
60932,572041,"AJ Pollock",29,2017,"AZ",112,466,425,73,14,49,20,7.5,15.2,0.205,0.266,0.33,0.471,0.801,106,,0.9,1.6
65767,474832,"Brandon Belt",29,2017,"SF",104,451,382,63,18,51,3,14.6,23.1,0.228,0.241,0.355,0.469,0.824,115,,3,2
65816,502273,"Mike Freeman",29,2017,,32,66,60,6,1,1,0,9.1,28.8,0.083,0.1,0.182,0.183,0.365,75,,0.1,0.1
65828,502570,"Rocky Gale",29,2017,"SD",3,10,10,1,1,2,0,0,20,0.3,0.1,0.1,0.4,0.5,89,,-0.1,0
65846,506924,"Stephen Cardullo",29,2017,"COL",15,32,28,2,0,3,0,9.4,21.9,0,0.143,0.25,0.143,0.393,102,,0,0.1
66001,544925,"Matthew den Dekker",29,2017,"DET",3,8,7,1,0,0,0,12.5,50,0,0.143,0.25,0.143,0.393,86,,0,0
67016,592407,"Bryan Holaday",29,2017,"DET",11,29,29,1,0,2,0,0,3.4,0.069,0.241,0.241,0.31,0.551,93,,-1.6,-0.1
67728,594777,"Kole Calhoun",29,2017,"LAA",155,654,569,77,19,71,5,10.9,20.5,0.148,0.244,0.333,0.392,0.725,97,,-3.2,1
69886,607257,"Raffy Lopez",29,2017,"TOR",23,63,54,9,4,12,0,11.1,33.3,0.241,0.222,0.306,0.463,0.769,82,,0.2,0.1
69944,607345,"Kevan Smith",29,2017,"CHW",86,294,276,23,4,30,0,3.1,15.6,0.105,0.283,0.309,0.388,0.697,89,,-12.1,-0.3
109151,666561,"Jae-Gyun Hwang",29,2017,"SF",17,57,52,2,1,5,0,8.8,26.3,0.077,0.154,0.228,0.231,0.459,90,,0.1,0.1
45794,485567,"Ezequiel Carrera",30,2017,"TOR",107,325,287,38,8,20,10,9.2,23.1,0.125,0.282,0.356,0.408,0.764,86,,0.9,0.9
46400,457705,"Andrew McCutchen",30,2017,"PIT",156,650,570,94,28,88,11,11.2,17.8,0.207,0.279,0.363,0.486,0.849,117,,-6.3,2.8
46522,458675,"Colby Rasmus",30,2017,"TB",37,129,121,17,9,23,1,5.4,34.9,0.298,0.281,0.318,0.579,0.897,113,,0,0.5
46792,475100,"Scott Van Slyke",30,2017,"LAD",28,48,41,6,2,3,1,14.6,31.3,0.171,0.122,0.25,0.293,0.543,92,,-0.2,0.1
47142,457803,"Jay Bruce",30,2017,,146,617,555,82,36,101,1,9.2,22.5,0.254,0.254,0.324,0.508,0.832,100,,0.9,1.5
47236,474892,"Chris Carter",30,2017,"NYY",59,208,184,20,8,26,0,9.6,36.5,0.168,0.201,0.284,0.37,0.654,85,,-0.1,0
47625,444876,"Alcides Escobar",30,2017,"KC",162,629,599,71,6,54,4,2.4,16.2,0.107,0.25,0.272,0.357,0.629,69,,-4.5,0.4
47939,457706,"Austin Jackson",30,2017,"CLE",84,318,280,46,7,35,3,10.4,20.1,0.164,0.318,0.387,0.482,0.869,107,,-3.1,1.1
48082,455117,"Martín Maldonado",30,2017,"LAA",135,471,429,43,14,38,0,3.2,25.3,0.147,0.221,0.276,0.368,0.644,79,,25.4,3.4
48318,456488,"Eduardo Núñez",30,2017,,114,491,467,60,12,58,24,3.7,11,0.148,0.313,0.341,0.46,0.801,96,,-2,1
48685,444489,"Manny Piña",30,2017,"MIL",104,359,330,45,9,43,2,5.6,22,0.145,0.279,0.327,0.424,0.751,85,,3.4,1.1
48766,459431,"Michael Saunders",30,2017,,72,234,218,26,6,21,0,6.4,23.5,0.142,0.202,0.256,0.344,0.6,79,,0.2,0
48901,467055,"Pablo Sandoval",30,2017,,77,279,259,27,9,32,0,5.7,19,0.147,0.22,0.265,0.367,0.632,89,,-2.5,-0.1
49264,488726,"Michael Brantley",30,2017,"CLE",90,375,338,47,9,52,11,8.3,13.3,0.145,0.299,0.357,0.444,0.801,103,,-1.4,1.3
49622,465753,"Pedro Florimón",30,2017,"PHI",15,49,46,6,0,6,0,6.1,32.7,0.13,0.348,0.388,0.478,0.866,73,,-0.2,-0.1
49890,467827,"Gerardo Parra",30,2017,"COL",114,425,392,56,10,71,2,4.7,15.8,0.143,0.309,0.341,0.452,0.793,84,,1.1,0.9
50054,488721,"Peter Bourjos",30,2017,"TB",81,203,188,27,5,15,5,5.9,26.1,0.16,0.223,0.272,0.383,0.655,82,,1.4,0.5
51988,457727,"Cameron Maybin",30,2017,,112,450,395,63,10,35,33,11.3,20.9,0.137,0.228,0.318,0.365,0.683,90,,2.4,1.4
52461,456078,"Welington Castillo",30,2017,"BAL",94,365,341,44,20,53,0,6,26.6,0.208,0.282,0.323,0.49,0.813,118,,8.7,3.2
52499,451705,"Alberto Rosario",30,2017,"STL",3,3,3,0,0,0,0,0,33.3,0,0,0,0,0,86,,0,0
55831,518614,"Daniel Descalso",30,2017,"AZ",129,398,344,47,10,51,4,12.1,22.4,0.163,0.233,0.332,0.395,0.727,92,,0,0.8
56609,502210,"Josh Reddick",30,2017,"HOU",132,540,477,77,13,82,7,8,13.3,0.17,0.314,0.363,0.484,0.847,107,,0.3,2
57758,543063,"Brandon Crawford",30,2017,"SF",144,570,518,58,14,77,3,7.4,19.8,0.151,0.253,0.305,0.403,0.708,92,,3.4,1.9
57774,488818,"Chase d'Arnaud",30,2017,,34,62,58,12,1,3,5,6.5,32.3,0.086,0.19,0.242,0.276,0.518,66,,-0.1,-0.1
57843,475247,"Ryan Flaherty",30,2017,"BAL",16,43,38,5,0,4,0,9.3,23.3,0.026,0.211,0.302,0.237,0.539,85,,0.1,0.1
58012,475174,"Yonder Alonso",30,2017,,139,520,450,72,28,67,2,13.1,22.5,0.236,0.267,0.365,0.502,0.867,121,,-1.4,1.8
58057,493596,"Gordon Beckham",30,2017,"SEA",9,18,17,2,0,0,1,5.6,11.1,0,0.176,0.222,0.176,0.398,87,,0,0.1
58159,543038,"Dusty Coleman",30,2017,"SD",22,71,66,6,4,9,1,2.8,46.5,0.227,0.227,0.268,0.455,0.723,94,,0.9,0.4
58450,474568,"Jordy Mercer",30,2017,"PIT",144,558,502,52,14,58,0,9.1,15.8,0.151,0.255,0.326,0.406,0.732,85,,-6.3,0.4
58470,489138,"Tyler Moore",30,2017,"MIA",99,203,187,17,6,30,0,4.9,27.6,0.171,0.23,0.267,0.401,0.668,69,,0.1,-0.4
58548,457763,"Buster Posey",30,2017,"SF",140,568,494,62,12,67,6,10.7,11.6,0.142,0.32,0.4,0.462,0.862,120,,6.4,3.5
58692,475253,"Justin Smoak",30,2017,"TOR",156,637,560,85,38,90,0,11.5,20.1,0.259,0.27,0.355,0.529,0.884,138,,1.4,4.5
58831,488771,"Jason Castro",30,2017,"MIN",107,407,356,49,10,47,0,11.1,26.5,0.146,0.242,0.333,0.388,0.721,88,,7.4,1.6
58899,488671,"Alex Avila",30,2017,,108,376,311,41,14,49,0,16.5,31.9,0.183,0.264,0.387,0.447,0.834,129,,-10.1,1.5
58915,523253,"Logan Forsythe",30,2017,"LAD",117,439,361,56,6,36,3,15.7,24.8,0.102,0.224,0.351,0.327,0.678,90,,0.4,1
58917,457787,"Danny Espinosa",30,2017,,91,295,266,30,6,31,4,7.1,36.9,0.105,0.173,0.245,0.278,0.523,56,,2.6,-0.1
59218,476883,"Pedro Álvarez",30,2017,"BAL",14,34,32,4,1,4,0,5.9,29.4,0.125,0.313,0.353,0.438,0.791,87,,0,0.1
59346,519346,"Eric Thames",30,2017,"MIL",137,550,468,83,31,63,4,13.6,29.5,0.271,0.248,0.36,0.519,0.879,111,,-2,1.2
60007,543401,"Jason Kipnis",30,2017,"CLE",90,373,336,43,12,35,6,7.5,19,0.182,0.232,0.291,0.414,0.705,77,,2,0.8
60219,572821,"Brian Dozier",30,2017,"MIN",152,705,617,106,34,93,15,11.1,20,0.227,0.271,0.359,0.498,0.857,119,,0.7,3.8
67758,594828,"Evan Gattis",30,2017,"HOU",83,325,300,41,12,55,0,5.5,15.4,0.193,0.263,0.311,0.457,0.768,107,,-5.8,0.9
102005,547989,"José Abreu",30,2017,"CHW",156,675,621,95,33,102,3,5.2,17.6,0.248,0.304,0.354,0.552,0.906,126,,-0.2,3.3
45398,452678,"Asdrúbal Cabrera",31,2017,"NYM",135,540,479,66,14,59,3,9.3,15.4,0.154,0.28,0.351,0.434,0.785,106,,-7.7,1.1
45435,430945,"Adam Jones",31,2017,"BAL",147,635,597,82,26,73,2,4.3,17.8,0.181,0.285,0.322,0.466,0.788,108,,-7.6,2.1
45844,465041,"Francisco Cervelli",31,2017,"PIT",81,304,265,31,5,31,0,10.5,21.4,0.121,0.249,0.342,0.37,0.712,87,,-3.6,0.6
45945,435622,"Ian Desmond",31,2017,"COL",95,373,339,47,7,40,15,6.4,23.3,0.1,0.274,0.326,0.375,0.701,75,,-1.1,-0.4
46607,461858,"Trevor Plouffe",31,2017,,96,313,283,31,9,19,1,8.9,28.1,0.12,0.198,0.272,0.318,0.59,84,,0.8,0.3
46716,444432,"Mark Trumbo",31,2017,"BAL",146,603,559,79,23,65,1,7,24.7,0.163,0.234,0.289,0.397,0.686,87,,-2.4,0.2
46752,472528,"Luis Valbuena",31,2017,"LAA",116,401,347,42,22,65,0,12,26.4,0.233,0.199,0.294,0.432,0.726,90,,0.9,1
47202,456715,"Lorenzo Cain",31,2017,"KC",155,645,584,86,15,49,26,8.4,15.5,0.14,0.3,0.363,0.44,0.803,108,,1.6,3.2
47493,451594,"Dexter Fowler",31,2017,"STL",118,491,420,68,18,64,7,12.8,20.6,0.224,0.264,0.363,0.488,0.851,110,,-7.1,1.7
47621,460576,"Carlos Gómez",31,2017,"TEX",105,426,368,51,17,51,13,7.3,29.8,0.207,0.255,0.34,0.462,0.802,92,,-1.9,1.3
47678,471865,"Carlos González",31,2017,"COL",136,534,470,72,14,57,3,10.5,22.3,0.162,0.262,0.339,0.423,0.762,90,,-1.8,0.5
48929,467793,"Carlos Santana",31,2017,"CLE",154,667,571,90,23,79,5,13.2,14.1,0.196,0.259,0.363,0.455,0.818,122,,2.9,3.5
49024,435522,"Neil Walker",31,2017,,111,448,385,59,14,49,0,12.3,17.2,0.174,0.265,0.362,0.439,0.801,110,,-2.3,1.6
50126,502100,"Alex Presley",31,2017,"DET",70,264,245,30,3,20,5,5.7,18.6,0.102,0.314,0.354,0.416,0.77,88,,-0.1,0.4
50131,502117,"Kristopher Negrón",31,2017,"AZ",12,31,25,3,0,1,0,12.9,22.6,0.04,0.16,0.3,0.2,0.5,91,,0.1,0.1
52253,448801,"Chris Davis",31,2017,"BAL",127,524,456,65,26,61,1,11.6,37.2,0.208,0.215,0.309,0.423,0.732,90,,-2.9,-0.5
52285,449181,"Paulo Orlando",31,2017,"KC",31,90,86,9,2,6,1,1.1,22.2,0.105,0.198,0.225,0.302,0.527,82,,0.1,0
52448,446334,"Evan Longoria",31,2017,"TB",156,677,613,71,20,86,6,6.8,16.1,0.163,0.261,0.313,0.424,0.737,98,,5.4,2.6
52532,452095,"Tyler Flowers",31,2017,"ATL",99,370,317,41,12,49,0,8.4,22.2,0.164,0.281,0.378,0.445,0.823,100,,18,3.2
52804,453568,"Charlie Blackmon",31,2017,"COL",159,724,643,137,37,104,14,9,18.5,0.271,0.331,0.399,0.602,1.001,134,,-1.9,4.7
53004,493316,"Yoenis Cespedes",31,2017,"NYM",81,321,291,46,17,42,0,8.1,19,0.247,0.292,0.352,0.54,0.892,123,,-0.7,1.8
53395,453943,"Todd Frazier",31,2017,,145,576,474,74,27,76,4,14.4,21.7,0.215,0.213,0.344,0.428,0.772,119,,0,3
54877,461865,"Andrew Romine",31,2017,"DET",109,348,318,45,4,25,6,6.3,19.3,0.104,0.233,0.289,0.336,0.625,79,,-1.2,0.3
55752,446359,"Zack Cozart",31,2017,"CIN",122,507,438,80,24,63,3,12.2,15.4,0.251,0.297,0.385,0.548,0.933,118,,1.1,3.2
56185,518626,"Josh Donaldson",31,2017,"TOR",113,496,415,65,33,78,2,15.3,22.4,0.289,0.27,0.385,0.559,0.944,140,,0.9,4
56196,446263,"Lucas Duda",31,2017,,127,491,423,50,30,64,0,12.2,27.5,0.279,0.217,0.322,0.496,0.818,102,,-0.4,1.2
56298,518700,"Eric Fryer",31,2017,"STL",34,83,71,7,0,3,0,13.3,21.7,0.042,0.155,0.277,0.197,0.474,82,,-1,0
56991,519068,"Efren Navarro",31,2017,"DET",21,69,61,9,2,2,0,11.6,30.4,0.148,0.23,0.319,0.377,0.696,93,,0.1,0.1
57191,518960,"Jonathan Lucroy",31,2017,,123,481,423,45,6,40,1,9.6,10.6,0.106,0.265,0.345,0.371,0.716,105,,-24.1,-0.8
57379,446386,"Brandon Guyer",31,2017,"CLE",67,192,165,23,2,20,2,7.8,22.4,0.091,0.236,0.326,0.327,0.653,84,,0.3,0.3
57476,519048,"Mitch Moreland",31,2017,"BOS",148,576,508,73,22,79,0,9.9,20.8,0.197,0.246,0.326,0.443,0.769,113,,1.7,2
57552,519299,"Eric Sogard",31,2017,"MIL",89,300,250,37,3,18,3,15,12.7,0.104,0.272,0.391,0.376,0.767,106,,1,1.4
57645,446381,"Darwin Barney",31,2017,"TOR",121,362,336,34,6,25,7,5,17.7,0.095,0.232,0.275,0.327,0.602,68,,-4.7,-0.5
57712,446308,"Matt Wieters",31,2017,"WAS",122,465,422,43,10,52,1,8.2,20.2,0.118,0.225,0.288,0.344,0.632,75,,-5.6,-0.2
58842,543376,"Caleb Joseph",31,2017,"BAL",81,266,254,31,8,28,0,3.8,27.1,0.157,0.256,0.287,0.413,0.7,77,,12.7,1.6
58869,543706,"Daniel Robertson",31,2017,"CLE",31,88,80,9,1,7,0,8,3.4,0.113,0.225,0.287,0.338,0.625,97,,0.1,0.3
60187,572761,"Matt Carpenter",31,2017,"STL",144,622,497,91,23,69,2,17.5,20.1,0.209,0.241,0.384,0.451,0.835,118,,-0.1,2.3
45397,466320,"Melky Cabrera",32,2017,,156,666,620,78,17,85,1,5.4,11.1,0.137,0.285,0.324,0.423,0.747,101,,-7.7,1.2
45436,461314,"Matt Kemp",32,2017,"ATL",115,467,438,47,19,64,0,5.8,21.2,0.187,0.276,0.318,0.463,0.781,99,,-9.3,0.6
45471,446481,"Sean Rodríguez",32,2017,,50,153,132,18,5,8,1,10.5,37.3,0.129,0.167,0.276,0.295,0.571,64,,-0.4,-0.1
45623,475582,"Ryan Zimmerman",32,2017,"WAS",142,576,524,90,36,108,1,7.6,21.9,0.269,0.303,0.358,0.573,0.931,131,,-0.8,3.1
45744,466988,"Emilio Bonifácio",32,2017,"ATL",36,44,38,2,0,3,0,2.3,20.5,0.079,0.132,0.15,0.211,0.361,78,,0.2,0.1
46714,457454,"Jarrod Saltalamacchia",32,2017,"TOR",9,26,25,1,0,0,0,3.8,61.5,0,0.04,0.077,0.04,0.117,56,,-1.5,-0.2
46724,453064,"Troy Tulowitzki",32,2017,"TOR",66,260,241,16,7,26,0,6.5,15.4,0.129,0.249,0.3,0.378,0.678,96,,1.2,1.2
46943,451192,"Jim Adduci",32,2017,"DET",27,93,83,14,1,10,1,10.8,29,0.157,0.241,0.323,0.398,0.721,83,,0,0.1
47910,446653,"Jose Lobaton",32,2017,"WAS",48,158,141,11,4,11,0,8.9,22.2,0.106,0.17,0.248,0.277,0.525,94,,-0.5,0.4
47952,459964,"Matt Joyce",32,2017,"OAK",139,544,469,78,25,68,4,12.1,20.8,0.23,0.243,0.335,0.473,0.808,108,,-3.4,2.3
49200,458913,"Eric Young Jr.",32,2017,"LAA",45,125,110,24,4,16,12,4,24.8,0.155,0.264,0.336,0.418,0.754,77,,0.2,0.2
50147,502143,"Danny Valencia",32,2017,"SEA",129,500,450,54,15,66,2,8,24.4,0.156,0.256,0.314,0.411,0.725,86,,0,0
50152,502151,"Chad Huffman",32,2017,"STL",12,15,14,3,0,0,0,6.7,40,0.143,0.286,0.333,0.429,0.762,76,,0,0
50228,502317,"Chris Heisey",32,2017,"WAS",37,79,74,8,1,5,0,6.3,27.8,0.108,0.162,0.215,0.27,0.485,80,,-0.1,0.1
50297,502481,"Jarrod Dyson",32,2017,"SEA",109,390,346,56,5,30,28,7.2,14.1,0.098,0.251,0.324,0.35,0.674,87,,4.4,1.2
50312,502517,"Daniel Murphy",32,2017,"WAS",144,593,534,94,23,93,2,8.8,13,0.221,0.322,0.384,0.543,0.927,112,,-7.3,2.1
51910,458085,"Chris Coghlan",32,2017,"TOR",35,88,75,7,1,5,0,10.2,25,0.067,0.2,0.299,0.267,0.566,78,,-0.8,-0.1
51936,453203,"Shane Robinson",32,2017,"LAA",16,35,31,7,0,1,2,8.6,14.3,0,0.194,0.257,0.194,0.451,94,,0.2,0.1
51938,453211,"Drew Stubbs",32,2017,"SF",9,24,22,0,0,0,0,8.3,37.5,0,0.091,0.167,0.091,0.258,71,,0.2,0
51991,457759,"Justin Turner",32,2017,"LAD",130,543,457,72,21,71,7,10.9,10.3,0.208,0.322,0.415,0.53,0.945,146,,-0.6,4.5
52296,445055,"Jon Jay",32,2017,"CHC",141,433,379,65,2,34,6,8.5,18.5,0.079,0.296,0.374,0.375,0.749,90,,-2.8,0.4
52341,450641,"Quintin Berry",32,2017,"MIL",7,3,3,0,0,0,2,0,66.7,0,0,0,0,0,79,,0,0
56945,519390,"Stephen Vogt",32,2017,,98,303,279,25,12,40,0,6.9,18.5,0.19,0.233,0.285,0.423,0.708,92,,6.2,2
100357,611177,"Adonis García",32,2017,"ATL",52,183,173,19,5,19,4,3.8,12.6,0.11,0.237,0.273,0.347,0.62,85,,-1.2,0
31340,453923,"Grégor Blanco",33,2017,"AZ",80,256,224,43,3,13,15,12.1,23,0.112,0.246,0.337,0.357,0.694,89,,-0.3,0.5
31724,434670,"Hanley Ramirez",33,2017,"BOS",132,553,496,58,23,62,1,9.2,21,0.188,0.242,0.32,0.429,0.749,108,,-0.1,2
32318,430947,"Erick Aybar",33,2017,"SD",106,370,333,37,7,22,11,7.6,15.4,0.114,0.234,0.3,0.348,0.648,80,,-5.3,0.2
32835,433217,"Andrés Blanco",33,2017,"PHI",75,144,130,10,3,13,1,8.3,23.6,0.1,0.192,0.257,0.292,0.549,78,,-0.1,0.1
33829,455139,"Robinson Chirinos",33,2017,"TEX",84,309,263,46,17,38,1,11,25.6,0.251,0.255,0.36,0.506,0.866,119,,-0.8,2
39835,471083,"Miguel Montero",33,2017,,75,213,185,24,6,16,1,10.8,22.1,0.13,0.216,0.31,0.346,0.656,98,,1.5,1
41774,425784,"René Rivera",33,2017,,70,237,218,23,10,35,0,5.9,29.5,0.179,0.252,0.305,0.431,0.736,90,,1,0.7
45437,435062,"Howie Kendrick",33,2017,,91,334,305,40,9,41,12,6.6,20.4,0.161,0.315,0.368,0.475,0.843,102,,-0.4,1.1
45446,455976,"Nick Markakis",33,2017,"ATL",160,670,593,76,8,76,0,10.1,16.4,0.11,0.275,0.354,0.384,0.738,93,,-2.4,1
45449,435263,"Brian McCann",33,2017,"HOU",97,399,349,47,18,62,1,9.5,14.5,0.195,0.241,0.323,0.436,0.759,103,,0.6,1.5
45457,461235,"Brandon Moss",33,2017,"KC",116,401,362,41,22,50,2,9.2,31.9,0.221,0.207,0.279,0.428,0.707,104,,0,1.3
45464,456030,"Dustin Pedroia",33,2017,"BOS",105,463,406,46,7,62,4,10.6,10.4,0.099,0.293,0.369,0.392,0.761,98,,1.4,1.9
45487,458015,"Joey Votto",33,2017,"CIN",162,707,559,106,36,100,5,19,11.7,0.258,0.32,0.454,0.578,1.032,157,,2,5.6
45492,455759,"Chris Young",33,2017,"BOS",87,276,243,30,7,25,3,10.9,19.9,0.152,0.235,0.322,0.387,0.709,86,,-0.8,0.3
45858,457477,"Alejandro De Aza",33,2017,"WAS",26,70,62,8,0,9,1,4.3,22.9,0.129,0.194,0.224,0.323,0.547,76,,0.1,0
46027,453056,"Jacoby Ellsbury",33,2017,"NYY",111,409,356,65,7,39,22,10,15.4,0.138,0.264,0.348,0.402,0.75,101,,-0.9,1.6
46195,444379,"John Jaso",33,2017,"PIT",123,302,256,28,10,35,1,13.2,21.9,0.191,0.211,0.328,0.402,0.73,99,,-3.2,0.5
46262,476704,"Jed Lowrie",33,2017,"OAK",153,645,567,86,14,69,0,11.3,15.5,0.171,0.277,0.36,0.448,0.808,110,,0,2.7
46537,489232,"Anthony Recker",33,2017,"ATL",4,7,7,1,0,0,0,0,14.3,0,0.143,0.143,0.143,0.286,93,,-0.1,0
46626,452655,"Denard Span",33,2017,"SF",128,542,497,73,12,43,12,7.4,12.7,0.155,0.272,0.329,0.427,0.756,90,,-10.9,0.3
47127,460075,"Ryan Braun",33,2017,"MIL",104,424,379,58,17,52,12,9,17.9,0.219,0.269,0.337,0.488,0.825,108,,-0.8,2
47155,460077,"Drew Butera",33,2017,"KC",63,177,163,18,3,14,0,6.8,23.2,0.092,0.227,0.284,0.319,0.603,71,,-6.9,-0.5
47454,458731,"Brett Gardner",33,2017,"NYY",151,682,594,96,21,63,23,10.6,17.9,0.163,0.264,0.35,0.428,0.778,100,,9.3,2.8
47690,460026,"Nick Hundley",33,2017,"SF",100,303,287,27,9,35,0,4,26.7,0.174,0.244,0.272,0.418,0.69,77,,-3.5,0
47736,452104,"Chase Headley",33,2017,"NYY",147,586,512,77,12,61,9,10.2,22.5,0.133,0.273,0.352,0.406,0.758,98,,-1.5,1.2
48037,452252,"Adam Lind",33,2017,"WAS",114,301,267,39,14,59,1,9.3,15.6,0.21,0.303,0.362,0.513,0.875,116,,-1.7,1.3
48486,460060,"Cliff Pennington",33,2017,"LAA",81,217,194,23,3,21,3,7.4,26.7,0.077,0.253,0.306,0.33,0.636,71,,0.4,0.2
48560,445988,"Martín Prado",33,2017,"MIA",37,147,140,13,2,12,0,4.1,15,0.107,0.25,0.279,0.357,0.636,79,,-0.9,-0.2
48633,448602,"Mark Reynolds",33,2017,"COL",147,593,520,82,30,97,2,11.6,29.5,0.219,0.267,0.352,0.487,0.839,104,,-0.7,0.9
49076,435559,"Kurt Suzuki",33,2017,"ATL",81,309,276,38,19,50,0,5.5,12.6,0.254,0.283,0.351,0.536,0.887,119,,-0.7,1.5
49364,488912,"Tuffy Gosewisch",33,2017,"SEA",10,31,28,1,0,0,0,3.2,45.2,0,0.071,0.103,0.071,0.174,64,,-0.5,-0.1
50191,502226,"Craig Gentry",33,2017,"BAL",53,117,101,17,2,11,5,9.4,20.5,0.129,0.257,0.333,0.386,0.719,85,,0.3,0.3
51408,493329,"Yuli Gurriel",33,2017,"HOU",139,564,529,69,18,75,3,3.9,11,0.187,0.299,0.332,0.486,0.818,99,,-1.7,0.6
52054,460086,"Alex Gordon",33,2017,"KC",146,541,476,52,9,45,7,8.3,23.3,0.107,0.208,0.293,0.315,0.608,81,,1.5,0.3
31369,429666,"J.J. Hardy",34,2017,"BAL",72,268,254,24,4,24,0,4.5,17.9,0.106,0.217,0.255,0.323,0.578,75,,2.8,0.6
31391,425877,"Yadier Molina",34,2017,"STL",136,543,501,60,18,82,9,5.2,13.6,0.166,0.273,0.312,0.439,0.751,101,,9.6,2.9
31483,408234,"Miguel Cabrera",34,2017,"DET",130,529,469,50,16,60,0,10.2,20.8,0.149,0.249,0.329,0.399,0.728,110,,-2,1.3
31511,408314,"José Reyes",34,2017,"NYM",143,561,501,75,15,58,24,8.9,14.1,0.168,0.246,0.315,0.413,0.728,86,,-7.2,0.3
31564,429665,"Edwin Encarnación",34,2017,"CLE",157,669,554,96,38,107,2,15.5,19.9,0.245,0.258,0.377,0.504,0.881,132,,-0.1,4
31602,425772,"Jeff Mathis",34,2017,"AZ",60,203,186,13,2,11,1,6.9,30,0.108,0.215,0.277,0.323,0.6,59,,6.3,0.3
31672,425783,"Shin-Soo Choo",34,2017,"TEX",149,636,544,96,22,78,12,12.1,21.1,0.162,0.261,0.357,0.423,0.78,113,,-3.8,2.2
31759,408045,"Joe Mauer",34,2017,"MIN",140,597,525,69,7,71,2,11.1,13.9,0.112,0.305,0.384,0.417,0.801,117,,0.7,2.5
31789,429664,"Robinson Canó",34,2017,"SEA",150,648,592,79,23,97,1,7.6,13.1,0.172,0.28,0.338,0.453,0.791,112,,-6.1,2.8
36436,429711,"Franklin Gutierrez",34,2017,"LAD",34,63,56,8,1,8,0,11.1,25.4,0.107,0.232,0.317,0.339,0.656,89,,-0.8,0.1
43102,434567,"Geovany Soto",34,2017,"CHW",13,48,42,5,3,9,0,8.3,20.8,0.214,0.19,0.271,0.405,0.676,120,,-3.4,-0.1
45365,430001,"Rickie Weeks Jr.",34,2017,"TB",37,112,97,13,2,8,1,10.7,43.8,0.124,0.216,0.321,0.34,0.661,64,,-0.1,-0.2
45379,434778,"Kendrys Morales",34,2017,"TOR",150,608,557,67,28,85,0,7.1,21.7,0.196,0.25,0.308,0.445,0.753,107,,-0.1,2.2
45447,431145,"Russell Martin",34,2017,"TOR",91,365,307,49,13,35,1,13.7,22.7,0.166,0.221,0.343,0.388,0.731,104,,3.7,2.2
45465,452254,"Hunter Pence",34,2017,"SF",133,539,493,55,13,67,2,7.4,18.9,0.126,0.26,0.315,0.385,0.7,101,,-0.8,1.1
45606,452220,"Stephen Drew",34,2017,"WAS",46,106,95,9,1,17,0,7.5,19.8,0.105,0.253,0.302,0.358,0.66,83,,-0.1,0.1
46150,455104,"Chris Iannetta",34,2017,"AZ",88,316,272,38,17,43,0,11.7,27.5,0.257,0.254,0.354,0.511,0.865,102,,5.9,2.1
46184,457926,"Paul Janish",34,2017,"BAL",10,28,26,0,0,3,0,3.6,21.4,0,0.077,0.111,0.077,0.188,82,,-0.3,0
47575,460269,"Chris Gimenez",34,2017,"MIN",69,225,186,28,7,16,1,14.7,26.7,0.161,0.22,0.35,0.382,0.732,88,,2.5,0.8
48428,456665,"Steve Pearce",34,2017,"TOR",92,348,313,38,13,37,0,7.8,19.5,0.185,0.252,0.319,0.438,0.757,94,,-3.8,0.7
48892,452234,"Seth Smith",34,2017,"BAL",106,373,330,50,13,32,2,9.7,21.2,0.176,0.258,0.34,0.433,0.773,103,,-1.5,1
49341,488862,"Yunel Escobar",34,2017,"LAA",89,381,350,43,7,31,1,7.6,13.4,0.123,0.274,0.333,0.397,0.73,101,,-1.5,1
49545,489267,"Adam Rosales",34,2017,,98,312,289,25,7,36,1,3.5,32.1,0.128,0.225,0.26,0.353,0.613,55,,0.4,-0.5
51110,501896,"David Freese",34,2017,"PIT",130,503,426,44,10,52,0,11.5,23.1,0.108,0.263,0.368,0.371,0.739,105,,4.4,1.6
51242,492841,"Michael Martinez",34,2017,,20,43,37,2,0,0,0,11.6,34.9,0.027,0.162,0.262,0.189,0.451,77,,-0.2,0
58488,537953,"Daniel Nava",34,2017,"PHI",79,214,183,21,4,21,1,12.1,17.8,0.12,0.301,0.393,0.421,0.814,102,,-1.9,0.7
31485,408236,"Adrián González",35,2017,"LAD",71,252,231,14,3,30,0,6.3,17.1,0.113,0.242,0.287,0.355,0.642,85,,0.4,-0.1
31606,435063,"Mike Napoli",35,2017,"TEX",124,485,425,60,29,66,1,10.1,33.6,0.235,0.193,0.285,0.428,0.713,105,,-0.2,1.2
40007,434604,"Michael Morse",35,2017,"SF",24,40,36,1,1,3,0,7.5,35,0.111,0.194,0.25,0.306,0.556,71,,0,0
40963,425509,"Jhonny Peralta",35,2017,"STL",21,58,54,3,0,0,0,6.9,22.4,0,0.204,0.259,0.204,0.463,81,,-0.1,0
43258,455755,"Chris Stewart",35,2017,"PIT",50,144,131,8,0,4,0,6.3,15.3,0.038,0.183,0.241,0.221,0.462,74,,1,0.2
45430,431094,"Aaron Hill",35,2017,"SF",34,80,68,7,1,7,0,13.8,16.3,0.103,0.132,0.25,0.235,0.485,96,,-0.3,0.2
45438,435079,"Ian Kinsler",35,2017,"DET",139,613,551,90,22,52,14,9,14,0.176,0.236,0.313,0.412,0.725,101,,0,2.3
45962,444843,"Andre Ethier",35,2017,"LAD",20,38,34,3,2,3,0,10.5,26.3,0.206,0.235,0.316,0.441,0.757,102,,-0.1,0.1
46669,448605,"Justin Ruggiano",35,2017,"SF",19,63,60,2,2,4,1,1.6,27,0.117,0.217,0.238,0.333,0.571,78,,-0.4,0
51312,493114,"Norichika Aoki",35,2017,,109,374,336,48,5,35,10,7.8,11.8,0.116,0.277,0.335,0.393,0.728,96,,0.9,1
1113,408252,"Brandon Phillips",36,2017,,144,604,572,81,13,60,11,3.5,12.1,0.131,0.285,0.319,0.416,0.735,93,,-3,1.3
32570,430832,"José Bautista",36,2017,"TOR",157,686,587,92,23,65,6,12.2,24.8,0.164,0.203,0.308,0.366,0.674,93,,-8.4,0.5
34484,434658,"Rajai Davis",36,2017,,109,367,337,56,5,20,29,7.4,22.9,0.113,0.234,0.292,0.347,0.639,74,,3.8,0.6
36252,434158,"Curtis Granderson",36,2017,,146,527,449,74,26,64,6,13.5,23.3,0.241,0.212,0.323,0.452,0.775,102,,-2,1.6
36585,452672,"Ryan Hanigan",36,2017,"COL",33,112,101,9,2,12,0,7.1,23.2,0.079,0.267,0.324,0.347,0.671,79,,-12.3,-1.1
41409,430605,"Ryan Raburn",36,2017,"WAS",25,69,65,7,2,6,0,5.8,36.2,0.169,0.262,0.304,0.431,0.735,61,,-0.2,-0.1
45386,449107,"Mike Aviles",36,2017,"MIA",37,97,86,5,1,8,0,6.2,15.5,0.058,0.233,0.298,0.291,0.589,83,,-0.1,0.2
45495,450314,"Ben Zobrist",36,2017,"CHC",126,496,435,58,12,50,2,10.9,14.3,0.143,0.232,0.318,0.375,0.693,97,,0,1.7
47564,454560,"A.J. Ellis",36,2017,"MIA",51,163,143,17,6,14,0,7.4,17.8,0.161,0.21,0.298,0.371,0.669,87,,-5.1,-0.3
204,405395,"Albert Pujols",37,2017,"LAA",149,636,593,53,23,101,3,5.8,14.6,0.145,0.241,0.286,0.386,0.672,91,,0,1.1
34302,443558,"Nelson Cruz",37,2017,"SEA",155,645,556,91,39,119,1,10.9,21.7,0.261,0.288,0.375,0.549,0.924,145,,-0.2,4.2
37052,407812,"Matt Holliday",37,2017,"NYY",105,427,373,50,19,64,1,10.8,26.7,0.201,0.231,0.316,0.432,0.748,110,,-0.1,1.4
38161,456124,"Erik Kratz",37,2017,"NYY",2,2,2,0,0,2,0,0,0,0.5,1,1,1.5,2.5,88,,0,0
340,134181,"Adrián Beltré",38,2017,"TEX",94,389,340,47,17,71,1,10,13.4,0.221,0.312,0.383,0.532,0.915,122,,3.8,2.2
1020,150029,"Jayson Werth",38,2017,"WAS",70,289,252,35,10,29,4,12.1,23.9,0.167,0.226,0.322,0.393,0.715,101,,-1.6,0.6
16632,400284,"Chase Utley",38,2017,"LAD",126,353,309,43,8,34,6,9.1,16.1,0.168,0.236,0.324,0.405,0.729,92,,0.4,0.7
42127,434563,"Carlos Ruiz",38,2017,"SEA",50,145,125,14,3,11,1,9.7,26.2,0.136,0.216,0.313,0.352,0.665,79,,-11.9,-1
1358,136860,"Carlos Beltrán",40,2017,"HOU",129,509,467,60,14,51,0,6.5,20,0.152,0.231,0.283,0.383,0.666,80,,-0.1,0.1
1184,400085,"Ichiro Suzuki",43,2017,"MIA",136,215,196,19,3,20,1,7.9,16.3,0.077,0.255,0.318,0.332,0.65,84,,1.1,0.4