"bpid","mlbid","Name","Age","Season","Team","G","PA","AB","H","1B","2B","3B","HR","TB","R","RBI","BB","K","HBP","SB","CS","SF","SH","GDP","GUILLEN"
150551,694212,"Samuel Basallo",20,2025,"BAL",31,118,109,18,8,6,0,4,36,10,15,6,30,3,0,0,0,0,5,60
170244,805811,"Bryce Eldridge",20,2025,"SF",10,37,28,3,1,2,0,0,5,1,4,7,13,1,0,0,1,0,0,0
147956,691406,"Junior Caminero",21,2025,"TB",154,653,602,159,86,28,0,45,322,93,110,41,125,3,7,1,7,0,31,57
150534,694192,"Jackson Chourio",21,2025,"MIL",131,589,549,148,88,35,4,21,254,88,78,30,121,3,21,7,6,1,14,36.4
150544,694203,"Denzer Guzman",21,2025,"LAA",13,43,42,8,5,1,0,2,15,4,3,1,22,0,0,0,0,0,0,50
150547,694208,"Moisés Ballesteros",21,2025,"CHC",20,66,57,17,12,2,1,2,27,12,11,9,12,0,0,0,0,0,2,33.3
151195,695600,"Carter Jensen",21,2025,"KC",20,69,60,18,9,6,0,3,33,12,13,9,12,0,0,0,0,0,1,33.3
153804,701350,"Roman Anthony",21,2025,"BOS",71,303,257,75,48,18,1,8,119,48,32,40,84,5,4,1,1,0,2,37.5
153843,701398,"Sal Stewart",21,2025,"CIN",18,58,55,14,8,1,0,5,30,11,8,3,15,0,0,0,0,0,1,63.6
157293,702284,"Cole Young",21,2025,"SEA",74,257,223,47,35,7,1,4,68,24,24,28,47,2,1,0,2,2,4,45.8
157722,702616,"Jackson Holliday",21,2025,"BAL",149,649,586,142,101,21,3,17,220,70,55,56,140,6,17,11,1,0,4,35.7
111669,682634,"Kevin Alcántara",22,2025,"CHC",8,12,11,4,4,0,0,0,4,2,1,1,4,0,1,0,0,0,0,50
141799,683357,"Owen Caissie",22,2025,"CHC",12,27,26,5,3,1,0,1,9,4,4,1,11,0,0,0,0,0,0,25
147897,691185,"Maximo Acosta",22,2025,"MIA",18,61,54,11,7,1,0,3,21,7,5,6,17,1,1,2,0,0,0,57.1
147898,691182,"Adael Amador",22,2025,"COL",38,128,113,20,12,7,0,1,30,5,10,11,27,1,1,1,0,3,2,20
147900,691176,"Jasson Domínguez",22,2025,"NYY",121,429,381,98,69,18,1,10,148,58,47,41,115,3,23,5,4,0,6,32.8
147988,691373,"Jhostynxon Garcia",22,2025,"BOS",4,9,7,1,0,1,0,0,2,0,0,2,5,0,0,0,0,0,0,
148246,691594,"Javier Sanoja",22,2025,"MIA",113,342,313,76,44,22,4,6,124,40,38,19,41,2,6,5,4,4,3,32.5
148298,691781,"Brady House",22,2025,"WSH",73,274,261,61,46,11,0,4,84,26,29,8,78,0,5,3,5,0,12,23.1
148300,691783,"Jordan Lawlar",22,2025,"AZ",25,74,66,12,5,7,0,0,19,9,5,6,26,1,2,0,1,0,0,33.3
148304,691785,"Marcelo Mayer",22,2025,"BOS",42,136,127,29,16,8,1,4,51,20,10,8,41,0,0,2,1,0,2,35
148307,691777,"Max Muncy",22,2025,"ATH",60,220,206,44,28,7,0,9,78,17,23,10,68,3,1,1,1,0,1,52.9
148648,694497,"Evan Carter",22,2025,"TEX",62,220,194,48,32,9,2,5,76,31,25,19,41,7,14,2,0,0,4,29
149874,696030,"Alejandro Osuna",22,2025,"TEX",56,176,151,32,26,4,0,2,42,12,15,21,34,2,5,4,2,0,2,25
150017,700337,"Edgar Quero",22,2025,"CWS",111,403,365,98,76,17,0,5,130,31,36,32,71,4,0,1,2,0,10,29
150294,692585,"Yanquiel Fernández",22,2025,"COL",52,147,138,31,22,5,0,4,48,13,11,8,44,0,0,0,1,0,4,61.5
151206,701538,"Jackson Merrill",22,2025,"SD",114,483,440,116,69,25,6,16,201,59,67,33,108,4,1,2,5,1,5,33.9
151225,695578,"James Wood",22,2025,"WSH",157,689,598,153,84,38,0,31,284,87,94,85,221,3,15,7,3,0,14,47.1
151486,695670,"Harry Ford",22,2025,"SEA",6,8,6,1,1,0,0,0,1,1,1,0,3,1,0,0,1,0,0,0
151521,695734,"Daylen Lile",22,2025,"WSH",91,351,321,96,61,15,11,9,160,51,41,21,56,4,8,6,3,1,7,23.5
151544,700246,"Carson Williams",22,2025,"TB",31,106,99,17,9,3,0,5,35,11,12,6,44,0,2,1,0,1,3,72.7
152771,695506,"Jac Caglianone",22,2025,"KC",62,232,210,33,19,6,1,7,62,19,18,18,52,4,1,0,0,0,4,36.8
153809,701358,"Cam Smith",22,2025,"HOU",133,493,441,104,71,21,3,9,158,55,51,43,137,7,8,1,2,0,14,34.5
153974,701762,"Nick Kurtz",22,2025,"ATH",117,489,420,122,58,26,2,36,260,90,86,63,151,2,2,1,3,0,4,58.9
156087,691720,"Kyle Karros",22,2025,"COL",42,156,137,31,26,4,0,1,38,20,9,15,41,2,0,0,2,0,5,20
157008,695681,"Christian Moore",22,2025,"LAA",50,184,162,32,19,5,1,7,60,20,16,19,62,1,3,0,1,1,3,60
163722,805373,"Nacho Alvarez Jr.",22,2025,"ATL",57,208,188,44,30,12,0,2,62,18,15,12,49,5,0,0,1,2,1,22.2
170199,807712,"Luke Keaschall",22,2025,"MIN",49,207,182,55,37,14,0,4,81,25,28,19,29,5,14,3,1,0,4,28
111462,682668,"Luisangel Acuña",23,2025,"NYM",79,193,175,41,34,7,0,0,48,30,8,13,37,2,16,1,1,2,6,10
111885,682626,"Francisco Alvarez",23,2025,"NYM",74,277,246,63,39,12,1,11,110,32,32,27,73,4,0,0,0,0,6,40.6
113517,682653,"Warming Bernabel",23,2025,"COL",39,146,139,35,22,8,1,4,57,15,14,7,25,0,1,1,0,0,2,33.3
116377,682729,"Jonatan Clase",23,2025,"TOR",34,112,100,21,16,3,0,2,30,10,9,10,28,1,3,1,0,1,1,30
117798,682829,"Elly De La Cruz",23,2025,"CIN",162,699,629,166,106,31,7,22,277,102,86,67,181,2,37,8,1,0,15,32.4
127835,682622,"Noelvi Marte",23,2025,"CIN",89,360,339,89,56,17,2,14,152,45,51,16,85,3,10,3,2,0,8,44.4
127926,682657,"Angel Martínez",23,2025,"CLE",136,484,446,100,64,23,2,11,160,56,45,23,110,6,8,2,4,5,9,35.7
128307,682641,"Luis Matos",23,2025,"SF",56,184,172,38,20,9,1,8,73,26,21,11,27,0,4,0,1,0,5,34.6
130914,678877,"Jhonkensy Noel",23,2025,"CLE",61,153,148,24,16,2,0,6,44,19,13,4,52,0,0,0,1,0,4,42.1
131840,677347,"Kyren Paris",23,2025,"LAA",43,140,126,24,13,4,1,6,48,20,11,10,59,3,7,1,0,0,1,40
133524,682663,"Agustín Ramírez",23,2025,"MIA",136,585,537,124,69,33,1,21,222,72,67,36,113,8,16,3,4,0,15,40.3
133655,682868,"Bryan Ramos",23,2025,"CWS",4,12,12,2,0,2,0,0,4,1,2,0,4,0,0,0,0,0,0,0
139025,678662,"Ezequiel Tovar",23,2025,"COL",95,390,360,91,60,18,4,9,144,44,33,21,98,1,5,3,2,6,2,40.9
142588,683748,"Victor Mesa Jr.",23,2025,"MIA",14,38,32,6,3,2,0,1,11,7,6,5,5,0,0,0,0,1,0,28.6
144172,687231,"Darell Hernaiz",23,2025,"ATH",50,197,173,39,31,5,1,2,52,17,16,17,24,0,3,4,5,2,2,35.3
144717,687637,"Dylan Beavers",23,2025,"BAL",35,137,110,25,15,5,1,4,44,16,14,26,36,0,2,2,0,1,2,25
147776,686611,"Dylan Crews",23,2025,"WSH",83,322,293,61,42,7,2,10,102,43,27,24,76,5,17,5,0,0,4,30.2
147790,690976,"Alex Freeland",23,2025,"LAD",29,97,84,16,11,2,1,2,26,10,6,11,35,1,1,0,0,1,5,30
147801,690984,"Petey Halpin",23,2025,"CLE",6,8,6,2,2,0,0,0,2,5,0,2,2,0,0,0,0,0,0,20
147804,690987,"Robert Hassell III",23,2025,"WSH",64,206,197,44,32,9,0,3,62,22,18,8,62,1,4,0,0,0,4,22.7
147813,690993,"Colt Keith",23,2025,"DET",137,468,414,106,69,22,2,13,171,65,45,48,102,2,1,1,4,0,7,40
147846,691011,"Drew Romo",23,2025,"COL",3,3,3,0,0,0,0,0,0,0,0,0,3,0,0,0,0,0,0,
147855,691016,"Tyler Soderstrom",23,2025,"ATH",157,624,561,155,95,34,1,25,266,75,93,55,141,6,8,3,2,0,19,41.3
147861,691019,"Kyle Teel",23,2025,"CWS",77,297,253,69,50,11,0,8,104,38,35,37,77,5,3,1,1,1,2,47.4
147867,691023,"Jordan Walker",23,2025,"STL",108,396,363,78,58,13,1,6,111,40,41,29,126,3,10,3,1,0,11,32.5
147872,691026,"Masyn Winn",23,2025,"STL",127,537,491,124,88,27,0,9,178,72,51,34,102,8,9,5,2,2,11,29.2
148154,691718,"Pete Crow-Armstrong",23,2025,"CHC",156,647,591,146,74,37,4,31,284,91,95,29,155,9,35,8,12,6,3,45.1
148371,691907,"Tsung-Che Cheng",23,2025,"PIT",3,7,7,0,0,0,0,0,0,0,0,0,3,0,0,1,0,0,0,
148616,691723,"Coby Mayo",23,2025,"BAL",85,294,263,57,34,12,0,11,102,30,28,27,84,4,3,0,0,0,2,60
148617,691728,"Zac Veen",23,2025,"COL",10,37,34,4,2,1,0,1,8,1,2,2,14,1,1,1,0,0,0,100
148643,694377,"Nick Yorke",23,2025,"PIT",22,72,69,16,12,3,0,1,22,7,8,3,15,0,1,0,0,0,1,28.6
148658,695336,"Thomas Saggese",23,2025,"STL",81,295,275,71,53,16,0,2,93,25,25,16,83,1,3,0,2,1,6,28
151347,695657,"Colson Montgomery",23,2025,"CWS",71,284,255,61,30,9,1,21,135,43,55,25,83,2,0,0,1,0,5,60.5
156048,692225,"Kristian Campbell",23,2025,"BOS",67,263,229,51,35,10,0,6,79,24,21,29,72,4,2,1,1,0,1,33.3
156461,694728,"Brice Matthews",23,2025,"HOU",13,47,42,7,3,0,0,4,19,6,9,2,20,1,1,0,0,2,0,66.7
160132,694384,"Nolan Schanuel",23,2025,"LAA",131,563,487,129,93,23,1,12,190,64,53,59,70,10,5,1,4,3,12,42.2
160384,694671,"Wyatt Langford",23,2025,"TEX",134,573,489,118,70,25,1,22,211,73,62,74,151,5,22,6,5,0,10,45.2
160972,692216,"C.J. Kayfus",23,2025,"CLE",43,138,123,27,12,10,1,4,51,16,19,11,38,2,4,0,1,1,0,37.5
161277,699625,"Jimmy Crooks",23,2025,"STL",13,46,45,6,4,0,1,1,11,3,1,0,17,1,0,0,0,0,1,66.7
163439,805779,"Jacob Wilson",23,2025,"ATH",125,523,486,151,112,26,0,13,216,62,63,27,39,7,5,2,1,2,16,43.5
163779,805367,"Chase Meidroth",23,2025,"CWS",119,505,450,115,95,15,0,5,145,54,23,45,72,6,14,4,1,3,17,27.8
170210,807713,"Matt Shaw",23,2025,"CHC",123,437,393,89,52,21,3,13,155,57,44,38,94,2,17,5,4,0,4,33.3
111298,677595,"Ronny Mauricio",24,2025,"NYM",59,184,168,38,26,6,0,6,62,19,10,15,54,1,4,0,0,0,5,42.1
111303,677870,"Leo Jiménez",24,2025,"TOR",15,32,29,2,1,0,0,1,5,2,1,2,8,0,0,0,0,1,2,50
111305,677592,"Everson Pereira",24,2025,"TB",23,73,65,9,6,1,0,2,16,7,8,7,28,0,2,0,1,0,2,57.1
111352,682928,"CJ Abrams",24,2025,"WSH",144,635,580,148,89,35,5,19,250,92,60,37,125,14,31,3,3,1,5,37
112765,681460,"Brooks Baldwin",24,2025,"CWS",102,328,300,72,45,15,1,11,122,32,38,21,86,1,5,0,2,4,9,37.5
112947,678489,"Jorge Barrosa",24,2025,"AZ",29,77,71,10,6,3,0,1,16,8,7,2,22,1,0,0,3,0,2,50
113730,672012,"Tyler Black",24,2025,"MIL",5,13,8,2,1,1,0,0,3,1,1,5,1,0,0,1,0,0,0,0
114935,671732,"Lawrence Butler",24,2025,"ATH",150,630,569,133,80,30,2,21,230,83,63,59,179,0,22,7,0,2,7,45.8
122787,682998,"Corbin Carroll",24,2025,"AZ",141,642,564,146,66,32,17,31,305,107,84,67,153,7,32,6,4,0,9,41.1
122795,682985,"Riley Greene",24,2025,"DET",157,655,600,155,87,31,1,36,296,84,111,46,201,4,2,1,5,0,15,45.2
122896,671739,"Michael Harris II",24,2025,"ATL",159,641,611,152,100,26,6,20,250,55,86,16,128,3,20,6,7,4,10,49.1
123218,683002,"Gunnar Henderson",24,2025,"BAL",154,651,577,158,103,33,5,17,252,85,68,62,137,7,30,5,5,0,9,36.5
123722,677956,"Rece Hinds",24,2025,"CIN",14,44,43,5,2,1,0,2,12,6,3,1,21,0,0,0,0,0,1,50
128864,678554,"Curtis Mead",24,2025,,88,264,240,56,42,10,1,3,77,26,19,15,63,8,5,1,1,0,9,38.5
131720,681624,"Andy Pages",24,2025,"LAD",155,624,581,158,103,27,1,27,268,74,86,29,135,8,14,7,6,0,10,45.9
132154,678894,"Liover Peguero",24,2025,"PIT",31,88,80,16,11,1,0,4,29,9,8,6,25,2,4,0,0,0,4,55.6
133479,678882,"Ceddanne Rafaela",24,2025,"BOS",153,587,546,136,82,34,4,16,226,84,63,28,117,8,20,5,2,3,10,34.5
134616,677587,"Brayan Rocchio",24,2025,"CLE",111,383,344,80,55,18,2,5,117,34,44,22,77,8,8,4,5,4,5,35.3
134822,677594,"Julio Rodríguez",24,2025,"SEA",160,710,652,175,107,32,4,32,311,106,98,44,152,12,30,6,2,0,15,53.8
135022,679032,"Johan Rojas",24,2025,"PHI",65,172,152,34,28,3,2,1,44,23,18,13,40,0,12,2,3,4,2,8.7
138565,677588,"José Tena",24,2025,"WSH",48,169,152,37,22,13,2,0,54,19,16,15,37,1,3,1,1,0,4,21.1
139549,671655,"George Valera",24,2025,"CLE",16,49,42,9,5,2,0,2,17,7,5,7,14,0,0,0,0,0,1,57.1
140120,678391,"Jorbit Vivas",24,2025,"NYY",27,66,56,9,6,2,0,1,14,6,5,5,13,3,0,0,0,0,1,66.7
140156,683011,"Anthony Volpe",24,2025,"NYY",150,596,539,114,59,32,4,19,211,65,72,43,150,4,18,8,7,3,10,46.2
141718,683227,"Cody Freeman",24,2025,"TEX",36,121,114,26,19,4,0,3,39,13,15,5,19,0,1,1,1,1,3,38.5
141735,683090,"Matthew Lugo",24,2025,"LAA",25,70,69,16,9,2,1,4,32,9,9,0,24,1,0,0,0,0,3,44.4
141747,683083,"Nasim Nuñez",24,2025,"WSH",36,92,82,19,13,2,0,4,33,13,13,8,20,0,9,1,1,1,1,38.5
143959,686948,"Drake Baldwin",24,2025,"ATL",124,446,405,111,72,18,2,19,190,56,80,38,68,3,0,0,0,0,10,48.2
144289,686797,"Brooks Lee",24,2025,"MIN",137,527,487,115,83,15,1,16,180,50,64,31,92,4,3,1,5,0,11,42
144429,687263,"Zach Neto",24,2025,"LAA",128,554,502,129,73,29,1,26,238,82,62,33,149,14,26,9,3,2,5,41.5
144540,687221,"Dalton Rushing",24,2025,"LAD",51,155,142,29,20,5,0,4,46,15,24,10,58,1,0,0,2,0,1,46.7
144555,687363,"Victor Scott II",24,2025,"STL",132,463,398,86,65,15,1,5,118,54,37,42,111,10,34,4,3,10,5,27.8
144718,687597,"Jordan Beck",24,2025,"COL",147,588,539,139,91,27,5,16,224,62,53,43,174,4,19,8,1,0,9,40.3
144811,687551,"Drew Gilbert",24,2025,"SF",34,109,100,19,10,5,1,3,35,12,13,7,20,1,1,1,1,0,2,41.7
144940,687529,"Grant McCray",24,2025,"SF",12,26,22,2,1,0,1,0,4,3,2,2,11,0,0,0,1,1,1,66.7
145096,687515,"Colby Thomas",24,2025,"ATH",49,132,120,27,16,5,0,6,50,20,19,7,49,1,2,1,3,1,3,50
146339,690291,"Jace Jung",24,2025,"DET",19,55,47,5,5,0,0,0,5,8,3,7,16,1,0,0,0,0,2,50
146515,682988,"Tyler Locklear",24,2025,"AZ",31,116,103,18,15,0,0,3,27,11,6,10,43,3,3,1,0,0,3,36.4
146693,689200,"Jacob Melton",24,2025,"HOU",30,78,70,11,10,0,1,0,13,7,7,6,29,1,7,2,0,0,2,14.3
146945,688363,"Graham Pauley",24,2025,"MIA",57,184,161,36,22,9,1,4,59,18,11,21,36,0,2,0,1,1,2,33.3
147123,690022,"Ryan Ritter",24,2025,"COL",59,207,187,45,32,9,3,1,63,22,18,10,61,5,3,1,1,4,7,9.1
151394,700932,"Kyle Manzardo",24,2025,"CLE",142,531,470,109,61,19,2,27,213,47,69,48,135,8,2,0,5,0,8,63.8
153929,701675,"Nathan Church",24,2025,"STL",20,65,56,10,8,1,0,1,14,9,8,3,18,3,1,0,1,2,0,11.1
162174,802415,"Chandler Simpson",24,2025,"TB",109,441,414,122,104,15,3,0,143,53,26,20,43,0,44,12,2,3,11,18.9
163702,805300,"Jakob Marsee",24,2025,"MIA",55,234,209,61,35,18,3,5,100,28,33,22,48,2,14,6,1,0,3,32.1
163734,805904,"Zach Cole",24,2025,"HOU",15,52,47,12,6,2,0,4,26,9,11,5,20,0,3,0,0,0,0,55.6
163807,804668,"Rafael Flores",24,2025,"PIT",6,17,15,3,1,2,0,0,5,0,0,2,7,0,0,0,0,0,0,
167784,810938,"Ben Williamson",24,2025,"SEA",82,295,277,70,56,13,0,1,86,36,21,15,64,1,5,1,0,2,6,22.2
109139,671277,"Luis García Jr.",25,2025,"WSH",138,526,488,123,78,28,1,16,201,67,66,27,84,2,14,5,9,0,8,35.8
109355,672356,"Gabriel Arias",25,2025,"CLE",128,471,432,95,57,25,2,11,157,44,54,27,162,7,8,4,4,1,8,34.1
109543,672744,"Alexander Canario",25,2025,"PIT",78,234,216,47,34,6,1,6,73,25,20,17,80,0,3,1,1,0,6,32
109864,672580,"Maikel Garcia",25,2025,"KC",159,666,595,171,111,39,5,16,268,81,74,62,84,1,23,9,5,3,14,40.7
110017,671056,"Iván Herrera",25,2025,"STL",107,452,388,110,78,13,0,19,180,54,66,43,84,15,8,2,4,0,20,48.1
110402,672515,"Gabriel Moreno",25,2025,"AZ",81,309,277,79,57,12,1,9,120,44,40,29,53,1,2,2,2,0,8,34.1
110476,672359,"Tirso Ornelas",25,2025,"SD",7,16,14,1,1,0,0,0,1,0,1,2,2,0,0,0,0,0,1,
110535,672724,"Oswald Peraza",25,2025,,96,265,244,40,29,6,0,5,61,24,20,17,80,2,9,0,1,0,6,29.2
110536,672695,"Geraldo Perdomo",25,2025,"AZ",161,720,597,173,115,33,5,20,276,98,100,94,83,10,27,6,11,8,12,41.8
110551,672761,"Wenceel Pérez",25,2025,"DET",98,383,344,84,50,17,4,13,148,47,43,31,87,3,8,3,5,0,7,44.7
110621,671218,"Heliot Ramos",25,2025,"SF",157,695,620,159,113,24,1,21,248,85,69,52,158,17,6,4,6,0,16,41.2
110685,671286,"Johnathan Rodríguez",25,2025,"CLE",27,77,71,14,7,4,1,2,26,6,10,6,22,0,1,0,0,0,2,50
110868,672820,"Lenyn Sosa",25,2025,"CWS",140,544,518,137,94,20,1,22,225,57,75,18,127,4,2,1,3,1,13,52.6
111017,668901,"Mark Vientos",25,2025,"NYM",121,463,424,99,59,21,2,17,175,44,61,30,115,5,1,0,4,0,11,56.8
111154,676679,"Luis Vázquez",25,2025,"BAL",21,53,50,8,6,1,0,1,12,6,3,3,14,0,2,0,0,0,0,16.7
111498,677941,"Jordyn Adams",25,2025,"BAL",5,5,5,0,0,0,0,0,0,1,0,0,2,0,0,0,0,0,0,0
112639,678225,"Ji Hwan Bae",25,2025,"PIT",12,25,20,1,1,0,0,0,1,4,0,5,9,0,4,1,0,0,0,25
112807,677943,"Will Banfield",25,2025,"CIN",5,10,10,1,1,0,0,0,1,0,0,0,6,0,0,0,0,0,1,
112867,680718,"Addison Barger",25,2025,"TOR",134,502,459,112,58,32,1,21,209,61,75,36,121,3,4,1,3,0,9,49.2
113835,669208,"Ryan Bliss",25,2025,"SEA",11,39,35,7,5,1,0,1,11,1,3,4,11,0,2,2,0,0,2,100
115660,671213,"Triston Casas",25,2025,"BOS",29,112,99,18,12,3,0,3,30,5,11,11,27,2,0,0,0,0,3,60
116366,672016,"Denzel Clarke",25,2025,"ATH",46,159,148,34,21,8,2,3,55,18,8,6,61,3,6,0,0,2,2,33.3
117074,681297,"Colton Cowser",25,2025,"BAL",91,360,327,64,34,14,0,16,126,36,40,27,128,6,14,0,0,0,5,55.6
117672,680779,"Henry Davis",25,2025,"PIT",84,283,252,42,28,7,0,7,70,25,22,18,76,5,2,1,3,3,2,32
118072,680728,"Adrian Del Castillo",25,2025,"AZ",44,131,120,29,19,6,0,4,47,9,17,8,47,1,0,0,2,0,2,55.6
119177,669364,"Xavier Edwards",25,2025,"MIA",139,619,561,159,131,20,5,3,198,75,43,49,88,3,27,7,3,3,6,16
121206,680869,"Zack Gelof",25,2025,"ATH",27,101,92,16,11,3,0,2,25,12,7,7,46,0,1,2,1,1,0,50
121931,669357,"Nolan Gorman",25,2025,"STL",108,402,351,72,43,14,1,14,130,48,46,47,136,0,1,1,4,0,2,39.6
123409,681715,"Heriberto Hernández",25,2025,"MIA",86,294,256,68,45,12,1,10,112,40,45,31,77,3,1,1,4,0,6,37.5
124483,669236,"Jeremiah Jackson",25,2025,"BAL",48,183,170,47,30,10,2,5,76,20,21,11,50,2,0,2,0,0,6,40
125372,672284,"Jarred Kelenic",25,2025,"ATL",24,65,60,10,6,2,0,2,18,7,2,5,23,0,0,1,0,0,1,42.9
126483,683004,"Jack Leiter",25,2025,"TEX",1,1,1,0,0,0,0,0,0,0,0,0,1,0,0,0,0,0,0,
127532,669234,"Justyn-Henry Malloy",25,2025,"DET",51,127,104,23,16,6,0,1,32,15,17,20,32,1,0,0,2,0,1,26.7
128758,680574,"Matt McLain",25,2025,"CIN",145,577,510,112,79,18,0,15,175,73,50,55,167,5,18,2,4,3,10,30.1
128870,678009,"Parker Meadows",25,2025,"DET",56,213,191,41,29,6,2,4,63,22,16,21,56,0,4,0,1,0,0,40.9
130661,666310,"Bo Naylor",25,2025,"CLE",119,414,359,70,33,22,1,14,136,46,47,45,99,1,1,2,6,3,4,43.5
130940,681393,"Connor Norby",25,2025,"MIA",87,337,311,78,52,17,1,8,121,42,34,18,90,5,8,2,3,0,6,26.2
131149,681351,"Logan O'Hoppe",25,2025,"LAA",119,451,423,90,62,8,1,19,157,35,43,24,139,2,2,1,1,1,13,62.9
131409,680716,"Jonathan Ornelas",25,2025,,5,10,9,2,2,0,0,0,2,1,0,1,3,0,0,0,0,0,0,0
132680,671976,"Tristan Peters",25,2025,"TB",4,12,12,0,0,0,0,0,0,0,0,0,7,0,0,0,0,0,0,
134717,682848,"Endy Rodríguez",25,2025,"PIT",16,57,52,9,5,4,0,0,13,5,2,5,14,0,0,1,0,0,0,20
136838,672279,"Michael Siani",25,2025,"STL",13,19,17,4,4,0,0,0,4,4,0,2,7,0,0,0,0,0,0,0
136960,682927,"Ronny Simon",25,2025,,27,88,77,18,15,3,0,0,21,10,7,8,15,0,1,0,2,1,1,50
138635,677950,"Alek Thomas",25,2025,"AZ",136,469,433,108,77,19,3,9,160,51,38,21,122,5,7,4,4,6,2,23.5
138910,679529,"Spencer Torkelson",25,2025,"DET",155,649,563,135,76,27,1,31,257,82,78,72,169,9,2,1,5,0,12,53.7
139196,668930,"Brice Turang",25,2025,"MIL",155,659,584,168,120,28,2,18,254,97,81,66,150,2,24,8,5,2,4,34
139705,678246,"Miguel Vargas",25,2025,"CWS",138,569,504,118,68,32,2,16,202,80,60,56,100,6,6,0,3,0,9,35
140577,669224,"Austin Wells",25,2025,"NYY",120,448,401,88,44,22,1,21,175,51,71,30,118,5,5,1,11,0,10,56.9
141166,677951,"Bobby Witt Jr.",25,2025,"KC",157,687,623,184,108,47,6,23,312,99,88,49,125,8,38,9,7,0,8,39.4
141269,669398,"Gage Workman",25,2025,,9,17,16,3,2,1,0,0,4,0,2,1,7,0,1,0,0,0,0,
141688,683146,"Brett Baty",25,2025,"NYM",126,432,393,100,67,13,2,18,171,53,50,33,108,2,8,0,3,0,6,45.3
141693,682997,"Tyler Callihan",25,2025,"CIN",4,6,6,1,1,0,0,0,1,0,1,0,1,0,0,0,0,0,0,
143435,685744,"Kenedy Corona",25,2025,"HOU",2,4,2,0,0,0,0,0,0,0,0,2,1,0,0,0,0,0,0,
144778,687952,"Christian Encarnacion-Strand",25,2025,"CIN",36,137,130,27,17,4,0,6,49,13,19,3,32,2,0,2,2,0,2,46.2
144832,687957,"Dustin Harris",25,2025,"TEX",18,43,40,8,4,3,0,1,14,5,2,3,13,0,1,1,0,0,1,40
147481,689041,"Rhylan Thomas",25,2025,"SEA",3,10,8,1,0,1,0,0,2,2,2,1,0,0,0,0,1,0,0,50
149417,696100,"Hunter Goodman",25,2025,"COL",143,579,540,150,86,28,5,31,281,73,91,33,152,4,1,2,2,0,16,49.3
151226,700242,"Trey Sweeney",25,2025,"DET",108,327,297,58,44,6,2,6,86,36,32,26,93,0,3,1,4,0,2,25
151281,686217,"Sal Frelick",25,2025,"MIL",141,594,528,152,117,20,3,12,214,76,63,47,80,7,19,6,5,3,5,27.6
151300,702332,"Caleb Durbin",25,2025,"MIL",134,506,445,114,78,25,0,11,172,60,53,30,50,24,18,6,4,3,11,23.3
151463,696285,"Jacob Young",25,2025,"WSH",112,364,324,75,62,10,1,2,93,34,31,27,65,3,15,11,1,9,7,23.5
153145,702358,"Trey Lipscomb",25,2025,"WSH",1,4,4,2,2,0,0,0,2,1,0,0,1,0,0,0,0,0,0,0
153781,701305,"Zach Dezenzo",25,2025,"HOU",32,109,98,24,16,6,0,2,36,17,10,11,37,0,1,0,0,0,2,41.2
157585,702176,"Alan Roden",25,2025,,51,153,136,26,17,6,1,2,40,17,9,8,37,6,1,1,3,0,1,17.6
163882,805249,"Otto Kemp",25,2025,"PHI",62,218,197,46,27,11,0,8,81,26,28,12,67,7,2,2,2,0,4,46.2
106820,660688,"Keibert Ruiz",26,2025,"WSH",68,267,255,63,49,12,0,2,81,19,25,8,26,3,0,2,1,0,4,42.1
107182,665742,"Juan Soto",26,2025,"NYM",160,715,577,152,88,20,1,43,303,120,105,127,137,3,37,5,6,1,18,55.8
107184,665489,"Vladimir Guerrero Jr.",26,2025,"TOR",156,680,589,172,115,34,0,23,275,96,84,81,94,6,6,3,4,0,17,44.8
107293,665750,"Leody Taveras",26,2025,,54,180,171,35,25,6,1,3,52,13,17,5,50,0,9,3,1,3,0,23.1
107401,665804,"Miguel Amaya",26,2025,"CHC",28,103,96,27,14,9,0,4,48,14,25,4,22,1,0,0,1,1,0,35.7
107439,668731,"Akil Baddoo",26,2025,"DET",7,18,17,2,1,1,0,0,3,0,1,1,5,0,1,0,0,0,0,
107561,665828,"Oswaldo Cabrera",26,2025,"NYY",33,122,107,26,21,4,0,1,33,17,11,11,25,2,0,1,1,1,1,23.5
107582,666185,"Dylan Carlson",26,2025,"BAL",76,241,217,44,28,9,1,6,73,17,20,21,54,2,3,3,1,0,3,52.9
107628,665953,"Andrés Chaparro",26,2025,"WSH",28,73,66,12,9,2,0,1,17,4,5,5,22,1,0,0,1,0,0,50
107675,665833,"Oneil Cruz",26,2025,"PIT",135,544,471,94,53,18,3,20,178,62,61,64,174,4,38,5,5,0,7,41.9
107784,665877,"José Fermín",26,2025,"STL",30,70,60,17,11,5,0,1,25,5,9,8,10,1,2,2,0,1,0,20
107858,665926,"Andrés Giménez",26,2025,"TOR",98,369,329,69,50,11,1,7,103,39,35,25,66,11,12,2,3,1,8,20.5
108145,665561,"Rafael Marchán",26,2025,"PHI",39,118,105,22,16,4,0,2,32,9,13,10,17,1,0,0,1,1,1,22.2
108284,665966,"Carlos Narváez",26,2025,"BOS",117,446,403,97,55,27,0,15,169,51,50,38,111,1,1,1,2,2,14,47.1
108350,670623,"Isaac Paredes",26,2025,"HOU",102,438,378,96,60,15,1,20,173,53,53,50,76,8,0,1,2,0,10,54.7
108479,665861,"Sebastián  Rivero",26,2025,"LAA",11,34,33,6,4,2,0,0,8,4,2,1,9,0,1,0,0,0,0,25
108525,665923,"Esteury Ruiz",26,2025,"LAD",15,23,21,4,3,0,0,1,7,2,2,2,8,0,4,0,0,0,0,50
108651,665487,"Fernando Tatis Jr.",26,2025,"SD",155,691,594,159,105,27,2,25,265,111,71,89,129,6,32,7,2,0,7,27.9
108656,669392,"Samad Taylor",26,2025,"SEA",4,9,8,1,1,0,0,0,1,1,0,0,1,0,0,0,0,1,0,0
108701,665839,"Enmanuel Valdez",26,2025,"PIT",30,102,91,19,11,4,2,2,33,7,12,11,16,0,0,0,0,0,2,42.9
109083,669261,"Jack Suwinski",26,2025,"PIT",57,178,150,22,12,7,0,3,38,15,10,24,57,4,7,1,0,0,1,33.3
109295,666176,"Jo Adell",26,2025,"LAA",150,573,526,124,68,18,1,37,255,63,98,33,151,10,5,1,1,0,11,68.3
109318,669397,"Nick Allen",26,2025,"ATL",130,416,371,82,71,11,0,0,93,32,22,31,99,3,8,7,3,8,8,15.6
109448,672642,"Steward Berroa",26,2025,"MIL",2,6,5,0,0,0,0,0,0,0,0,1,2,0,1,0,0,0,0,
109542,669134,"Luis Campusano",26,2025,"SD",10,27,21,0,0,0,0,0,0,0,0,6,11,0,0,0,0,0,2,
109738,673237,"Yainer Diaz",26,2025,"HOU",143,567,542,139,93,25,1,20,226,56,70,20,95,2,1,1,3,0,13,48.2
109838,671289,"Tyler Freeman",26,2025,"COL",110,428,377,106,82,20,2,2,136,50,31,34,51,11,18,9,4,2,10,24
110120,671083,"Buddy Kennedy",26,2025,,13,32,29,2,1,1,0,0,3,2,1,2,8,1,0,0,0,0,0,0
110182,668904,"Royce Lewis",26,2025,"MIN",105,403,376,87,56,18,0,13,144,36,51,25,80,0,12,2,2,0,8,58.3
110207,672640,"Otto Lopez",26,2025,"MIA",142,594,544,134,98,21,0,15,200,66,77,44,82,3,15,6,3,0,9,37.9
110333,669004,"MJ Melendez",26,2025,"KC",21,65,60,5,2,2,0,1,10,5,1,3,23,2,0,0,0,0,0,20
110401,666624,"Christopher Morel",26,2025,"TB",104,305,278,61,34,16,0,11,110,37,33,25,109,2,7,2,0,0,8,45.9
110800,676914,"Davis Schneider",26,2025,"TOR",80,227,188,44,28,5,0,11,82,33,31,36,60,2,3,1,1,0,5,42.4
111018,668723,"Ryan Vilade",26,2025,"STL",6,15,13,1,1,0,0,0,1,1,0,2,5,0,0,0,0,0,1,0
111044,671221,"Drew Waters",26,2025,"KC",68,219,206,50,40,6,3,1,65,21,14,11,60,2,5,3,0,0,2,4.8
111086,677800,"Wilyer Abreu",26,2025,"BOS",112,417,373,92,53,17,0,22,175,53,69,40,101,0,6,3,3,1,8,50.9
111090,676070,"Jacob Amaya",26,2025,"CWS",31,73,66,7,6,1,0,0,8,7,8,3,16,0,2,0,3,1,2,14.3
111187,677649,"Ezequiel Duran",26,2025,"TEX",80,219,205,46,32,14,0,0,60,16,14,8,55,4,11,2,1,1,3,12.5
111216,672386,"Alejandro Kirk",26,2025,"TOR",130,506,451,126,93,18,0,15,189,45,76,48,59,1,1,0,6,0,18,57.8
111707,677942,"Blaze Alexander",26,2025,"AZ",73,266,230,53,33,12,1,7,88,31,28,22,86,10,4,6,1,3,5,41.9
112687,672275,"Patrick Bailey",26,2025,"SF",129,452,409,91,64,18,3,6,133,47,55,30,133,3,1,0,6,4,7,40.4
114833,676475,"Alec Burleson",26,2025,"STL",138,546,497,144,98,26,2,18,228,54,69,39,79,3,5,1,4,1,15,50
118215,676356,"Jonny DeLuca",26,2025,"TB",19,59,57,19,15,1,3,0,26,5,4,2,13,0,6,0,0,0,0,20
119234,671284,"Tim Elko",26,2025,"CWS",22,72,67,9,4,1,0,4,22,6,8,5,30,0,1,0,0,0,1,66.7
120345,679822,"Justin Foscue",26,2025,"TEX",4,9,9,1,0,1,0,0,2,0,2,0,3,0,0,0,0,0,0,
125175,666397,"Edouard Julien",26,2025,"MIN",62,208,182,40,27,10,0,3,59,13,12,22,61,2,0,3,1,1,5,38.5
125642,677008,"Heston Kjerstad",26,2025,"BAL",52,167,156,30,19,5,2,4,51,16,19,6,45,4,1,0,1,0,10,31.3
126858,679845,"Nick Loftin",26,2025,"KC",66,188,168,35,20,9,2,4,60,17,20,14,27,3,1,1,2,1,7,41.2
127849,668885,"Austin Martin",26,2025,"MIN",47,181,156,44,34,8,1,1,57,22,7,22,31,1,11,4,0,2,6,22.7
129622,669003,"Garrett Mitchell",26,2025,"MIL",24,78,68,14,9,4,1,0,20,9,3,7,25,1,3,0,1,1,0,33.3
136264,669477,"Casey Schmitt",26,2025,"SF",94,348,312,74,47,15,0,12,125,34,40,27,83,5,0,0,3,1,8,50
136475,678011,"Anthony Seigler",26,2025,"MIL",33,73,63,12,11,1,0,0,13,6,5,8,16,1,2,0,1,0,2,16.7
136621,676044,"Bob Seymour",26,2025,"TB",24,83,78,16,13,1,1,1,22,9,5,4,32,1,1,0,0,0,2,22.2
137780,677060,"Chad Stevens",26,2025,"LAA",5,14,13,2,2,0,0,0,2,1,0,0,7,0,0,1,0,1,0,0
138572,669326,"Bryce Teodosio",26,2025,"LAA",49,150,138,28,18,7,2,1,42,12,7,5,47,4,7,1,2,1,3,33.3
138833,669911,"Michael Toglia",26,2025,"COL",87,337,306,58,31,15,1,11,108,22,32,28,132,1,3,0,2,0,7,59.1
140632,676059,"Jordan Westburg",26,2025,"BAL",85,352,328,87,59,10,1,17,150,59,41,17,80,6,1,2,1,0,6,44.1
141102,669717,"Will Wilson",26,2025,"CLE",33,91,78,15,11,4,0,0,19,7,2,7,34,1,2,0,0,5,1,0
141127,676466,"Jack Winkler",26,2025,"MIA",11,16,16,4,2,2,0,0,6,2,0,0,4,0,1,0,0,0,0,50
143882,686676,"Korey Lee",26,2025,"CWS",20,40,35,9,5,3,0,1,15,10,3,4,7,0,0,0,0,1,1,10
144443,687401,"Joey Ortiz",26,2025,"MIL",147,506,471,109,83,18,1,7,150,62,45,27,74,3,14,3,0,5,11,21
144454,686780,"Pedro Pagés",26,2025,"STL",107,389,361,83,57,15,0,11,131,38,45,19,107,3,0,0,3,3,9,44.7
146199,689414,"Liam Hicks",26,2025,"MIA",119,390,332,82,62,13,1,6,115,37,45,43,56,9,2,0,3,3,7,21.6
147697,689172,"Brett Wisely",26,2025,,23,63,54,10,5,4,0,1,17,5,10,7,14,0,1,1,0,2,0,40
148608,686894,"Joey Wiemer",26,2025,"MIA",21,61,55,13,8,2,0,3,24,7,12,2,23,2,0,0,2,0,1,57.1
148620,693304,"Nick Gonzales",26,2025,"PIT",96,408,381,100,74,18,3,5,139,39,30,21,73,2,0,2,4,0,14,23.1
148622,693307,"Dillon Dingler",26,2025,"DET",125,469,435,121,85,21,2,13,185,54,57,23,110,9,0,0,1,0,9,42.6
148642,694376,"Shay Whitcomb",26,2025,"HOU",17,32,32,4,3,0,0,1,7,4,1,0,10,0,0,0,0,0,0,25
151203,694362,"Blake Dunn",26,2025,"CIN",26,75,60,9,6,2,0,1,14,10,7,8,25,7,1,1,0,0,1,80
151227,700250,"Ben Rice",26,2025,"NYY",136,530,467,119,61,28,4,26,233,74,65,50,100,9,3,2,2,0,19,50
151254,694374,"Tim Tawa",26,2025,"AZ",69,225,199,40,25,8,0,7,69,29,18,20,64,1,8,2,3,2,6,44.8
151256,695257,"Billy Cook",26,2025,"PIT",3,6,6,2,2,0,0,0,2,1,0,0,1,0,0,0,0,0,0,0
151283,694388,"Joey Loperfido",26,2025,"TOR",38,104,96,32,24,4,0,4,48,12,14,4,27,3,1,2,0,1,2,50
151288,695238,"Will Wagner",26,2025,,55,149,129,29,22,7,0,0,36,15,7,17,28,2,1,0,0,1,5,13.3
151341,690924,"Braxton Fulford",26,2025,"COL",38,120,108,23,15,5,2,1,35,11,16,7,36,2,1,0,3,0,1,27.3
151383,694359,"Niko Kavadas",26,2025,"LAA",9,23,20,2,2,0,0,0,2,0,0,3,10,0,0,0,0,0,0,
152854,693409,"César Prieto",26,2025,"STL",3,6,6,1,1,0,0,0,1,0,0,0,5,0,0,0,0,0,0,
165248,808975,"Hyeseong Kim",26,2025,"LAD",65,170,161,45,35,6,1,3,62,19,17,7,52,1,13,1,0,1,0,47.4
165254,808982,"Jung Hoo Lee",26,2025,"SF",149,617,560,149,98,31,12,8,228,73,55,47,71,6,10,3,4,0,4,28.8
105454,660670,"Ronald Acuña Jr.",27,2025,"ATL",95,412,338,98,64,12,1,21,175,74,42,71,102,3,9,1,0,0,5,36.5
105636,660644,"Vidal Bruján",27,2025,,52,95,87,22,17,5,0,0,27,14,8,6,21,1,2,1,1,0,1,21.4
105764,661388,"William Contreras",27,2025,"MIL",150,659,566,146,101,28,0,17,225,89,76,84,120,3,6,4,6,0,15,39.3
106066,660757,"Oscar Gonzalez",27,2025,"SD",20,61,59,13,12,1,0,0,14,2,4,2,13,0,0,1,0,0,2,0
106217,663330,"Jahmai Jones",27,2025,"DET",70,150,129,37,18,11,1,7,71,21,23,18,32,3,2,0,0,0,4,52.4
106748,660844,"Leo Rivas",27,2025,"SEA",44,111,90,22,18,2,0,2,30,19,9,20,24,1,6,0,0,0,1,31.6
106844,660821,"Jesús Sánchez",27,2025,,134,497,451,107,68,21,4,14,178,61,48,42,110,2,13,3,2,0,10,44.3
107415,666018,"Jonathan Aranda",27,2025,"TB",106,422,370,117,81,22,0,14,181,56,59,41,107,8,0,2,3,0,12,35.7
107480,666181,"Will Benson",27,2025,"CIN",86,253,230,52,30,8,2,12,100,31,41,16,67,1,2,2,6,0,4,54.8
107491,666182,"Bo Bichette",27,2025,"TOR",139,628,582,181,118,44,1,18,281,78,93,40,91,3,4,3,3,0,20,39.7
107632,665862,"Jazz Chisholm Jr.",27,2025,"NYY",130,531,462,112,65,15,1,31,222,75,80,58,148,6,31,8,4,1,6,46.7
107982,669087,"Sam Huff",27,2025,"SF",20,58,53,11,8,1,0,2,18,5,4,4,25,0,0,0,1,0,2,40
108051,666198,"Carter Kieboom",27,2025,"LAA",3,8,8,2,2,0,0,0,2,0,1,0,1,0,0,0,0,0,0,
108118,666139,"Josh Lowe",27,2025,"TB",108,435,396,87,53,21,2,11,145,56,40,33,109,3,18,4,2,1,8,37.5
108127,666158,"Gavin Lux",27,2025,"CIN",140,503,446,120,85,28,2,5,167,49,53,56,114,0,1,0,1,0,4,42.9
108236,669304,"Jose Miranda",27,2025,"MIN",12,36,36,6,5,0,0,1,9,2,5,0,13,0,0,0,0,0,0,100
108243,666160,"Mickey Moniak",27,2025,"COL",133,461,434,117,65,20,8,24,225,62,68,22,110,2,9,3,3,0,4,51.6
108516,666163,"Ben Rortvedt",27,2025,,41,128,112,17,13,3,0,1,23,9,10,11,23,2,0,0,0,3,1,22.2
108682,666211,"Taylor Trammell",27,2025,"HOU",48,135,117,23,13,7,0,3,39,15,12,17,41,0,3,2,1,0,0,33.3
108947,666134,"Nolan Jones",27,2025,"CLE",130,403,355,75,54,14,2,5,108,34,34,39,113,5,8,3,3,1,6,29.4
109122,669016,"Brandon Marsh",27,2025,"PHI",127,425,379,106,68,25,2,11,168,59,43,38,110,0,7,1,4,3,7,33.9
109539,672569,"Gustavo Campero",27,2025,"LAA",26,66,58,10,6,1,0,3,20,9,8,5,14,3,4,1,0,0,2,33.3
109776,666464,"Jerar Encarnacion",27,2025,"SF",19,56,55,11,6,3,0,2,20,5,7,1,15,0,1,0,0,0,3,40
110664,673357,"Luis Robert Jr.",27,2025,"CWS",108,431,382,85,59,12,0,14,139,52,53,40,112,2,33,8,3,1,9,44.2
111030,676572,"Eric Wagaman",27,2025,"MIA",138,514,476,119,79,28,3,9,180,56,53,32,100,1,4,1,5,0,12,41.1
111286,669432,"Trevor Rogers",27,2025,"BAL",1,2,2,0,0,0,0,0,0,0,0,0,2,0,0,0,0,0,0,
111300,676480,"José Barrero",27,2025,"STL",17,31,29,4,2,1,0,1,8,4,3,1,9,1,0,0,0,0,0,25
113823,668709,"JJ Bleday",27,2025,"ATH",97,344,307,64,33,17,0,14,123,48,39,36,91,0,1,2,1,0,6,35.4
115478,681481,"Kerry Carpenter",27,2025,"DET",130,464,433,109,60,18,5,26,215,66,62,18,106,7,1,1,2,0,5,54.5
116712,665052,"Griffin Conine",27,2025,"MIA",24,86,79,20,11,7,0,2,33,13,8,7,25,0,0,1,0,0,1,15.4
117625,669722,"Logan Davidson",27,2025,,16,48,43,7,4,2,0,1,12,3,4,3,23,0,0,0,0,2,1,33.3
120133,666149,"Tyler Fitzgerald",27,2025,"SF",70,243,217,47,32,10,1,4,71,19,14,17,70,2,9,4,1,6,4,31.6
120177,666150,"Dominic Fletcher",27,2025,"CWS",11,34,32,7,1,5,0,1,15,5,2,2,2,0,1,0,0,0,1,20
122664,666152,"David Hamilton",27,2025,"BOS",78,194,177,35,24,4,1,6,59,27,19,13,47,1,22,6,0,3,3,44.4
122720,668974,"Maverick Handley",27,2025,"BAL",16,47,41,3,3,0,0,0,3,2,3,2,18,1,0,0,1,2,0,0
125028,675659,"Greg Jones",27,2025,"CWS",3,2,2,0,0,0,0,0,0,0,0,0,2,0,1,0,0,0,0,
125906,668952,"Ryan Kreidler",27,2025,"DET",15,44,38,4,4,0,0,0,4,5,0,4,19,0,2,0,0,2,0,20
126005,680757,"Steven Kwan",27,2025,"CLE",156,693,625,170,129,29,1,11,234,81,56,55,60,3,21,5,7,3,3,33.3
126172,669127,"Shea Langeliers",27,2025,"ATH",123,522,480,133,70,32,0,31,258,73,72,36,102,1,7,1,5,0,11,54.8
128477,664983,"Jake McCarthy",27,2025,"AZ",66,222,206,42,26,7,5,4,71,18,20,10,40,2,6,0,1,3,2,27.8
128566,676812,"Carson McCusker",27,2025,"MIN",16,30,29,4,4,0,0,0,4,0,1,1,16,0,0,1,0,0,0,
129286,670223,"Matt Mervis",27,2025,"MIA",42,134,120,21,10,4,0,7,46,15,14,11,50,2,0,0,1,0,1,66.7
129605,670224,"Kameron Misner",27,2025,"TB",65,217,197,42,27,9,1,5,68,27,22,16,69,1,8,1,2,1,1,29.6
130740,669194,"Ryne Nelson",27,2025,"AZ",1,1,1,1,1,0,0,0,1,1,1,0,0,0,0,0,0,0,0,0
130939,663457,"Lars Nootbaar",27,2025,"STL",134,583,509,119,81,24,1,13,184,68,48,64,119,6,4,5,3,1,6,23.5
132232,665161,"Jeremy Peña",27,2025,"HOU",125,543,493,150,101,30,2,17,235,68,62,35,93,12,20,2,2,1,9,44.1
133769,670231,"John Rave",27,2025,"KC",57,175,153,30,21,5,0,4,47,18,14,18,46,1,7,2,1,2,1,27.8
135527,668939,"Adley Rutschman",27,2025,"BAL",90,365,322,71,44,16,2,9,118,37,29,40,57,1,0,0,2,0,9,40.5
135580,666165,"Blake Sabol",27,2025,"BOS",7,18,16,2,1,1,0,0,3,2,1,1,7,0,0,0,1,0,1,0
136350,668845,"Aaron Schunk",27,2025,"COL",11,33,32,6,5,1,0,0,7,1,0,0,10,0,0,0,0,1,1,0
137201,669701,"Josh Smith",27,2025,"TEX",141,563,495,124,89,23,2,10,181,70,35,55,100,8,12,3,1,3,8,30
137710,668715,"Spencer Steer",27,2025,"CIN",142,568,509,121,77,21,2,21,209,66,75,51,129,5,7,1,2,1,12,39.4
137906,681082,"Bryson Stott",27,2025,"PHI",145,560,499,128,90,22,3,13,195,66,66,54,91,1,24,5,4,2,5,37.9
137926,669065,"Kyle Stowers",27,2025,"MIA",116,457,399,115,66,21,3,25,217,61,73,48,125,5,5,1,4,1,8,50.8
139109,669707,"Jared Triolo",27,2025,"PIT",104,376,331,75,48,18,2,7,118,41,24,39,76,2,13,2,1,3,4,29.3
140293,670242,"Matt Wallner",27,2025,"MIN",103,392,336,68,27,16,3,22,156,47,40,46,114,8,4,3,2,0,3,51.1
142212,683737,"Michael Busch",27,2025,"CHC",154,592,524,137,73,25,5,34,274,78,90,56,139,10,4,0,2,0,4,51.3
142220,673962,"Josh Jung",27,2025,"TEX",130,511,482,121,83,23,1,14,188,53,61,27,129,2,4,1,0,0,10,41.5
142498,683766,"Christian Koss",27,2025,"SF",66,191,174,46,34,9,0,3,64,25,23,9,45,3,4,1,2,3,4,24
142696,683770,"Will Robertson",27,2025,,26,75,70,9,8,1,0,0,10,2,9,2,27,2,0,0,1,0,1,0
142821,683734,"Andrew Vaughn",27,2025,,112,447,406,103,67,22,0,14,167,35,65,31,80,3,0,0,6,1,13,42.9
143143,685301,"Matt Gorski",27,2025,"PIT",14,42,41,8,5,0,1,2,16,2,4,1,16,0,0,1,0,0,1,100
143743,686452,"Drew Millas",27,2025,"WSH",17,55,49,15,9,5,1,0,22,6,7,4,7,0,2,0,0,1,0,0
143748,686469,"Vinnie Pasquantino",27,2025,"KC",160,682,621,163,97,33,1,32,294,72,113,49,107,7,1,0,5,0,18,59.7
143760,686475,"Tyler Tolbert",27,2025,"KC",51,57,50,14,11,2,0,1,19,19,6,1,11,3,20,2,2,1,1,15.8
143787,686527,"Dominic Canzone",27,2025,"SEA",82,269,244,73,51,11,0,11,117,30,32,20,59,3,3,1,2,0,7,53.3
143812,686555,"Isaac Collins",27,2025,"MIL",126,441,372,99,65,22,3,9,154,56,55,57,93,6,16,7,3,3,9,30.4
143845,686668,"Brenton Doyle",27,2025,"COL",138,538,502,118,78,23,2,15,190,57,57,30,138,0,18,2,4,2,15,38.6
143852,686554,"Oliver Dunn",27,2025,"MIL",14,41,36,6,4,2,0,0,8,4,6,2,11,0,1,0,1,2,0,0
143892,686681,"Michael Massey",27,2025,"KC",76,277,262,64,52,9,0,3,82,20,20,9,43,1,2,1,4,1,4,30
144013,686823,"Will Brennan",27,2025,"CLE",6,13,11,1,1,0,0,0,1,0,0,1,1,1,0,1,0,0,1,
144197,687462,"Spencer Horwitz",27,2025,"PIT",108,411,364,99,62,26,0,11,158,55,51,44,73,2,0,1,1,0,7,25.5
144210,674441,"Jacob Hurtubise",27,2025,"CIN",10,15,12,1,1,0,0,0,1,3,0,1,6,2,0,0,0,0,0,33.3
144597,686765,"Nick Sogard",27,2025,"BOS",30,104,96,25,17,8,0,0,33,13,9,5,24,3,2,1,0,0,3,23.1
151389,695391,"Brett Harris",27,2025,"ATH",29,84,73,20,15,5,0,0,25,11,5,7,21,2,1,0,1,1,1,18.2
164622,829272,"Shinnosuke Ogasawara",27,2025,"WSH",1,1,1,0,0,0,0,0,0,0,0,0,1,0,0,0,0,0,0,
103221,642727,"Sergio Alcántara",28,2025,"SF",1,4,4,0,0,0,0,0,0,0,0,0,2,0,0,0,0,0,0,
104004,645277,"Ozzie Albies",28,2025,"ATL",157,667,603,145,104,23,2,16,220,74,74,55,94,4,14,3,5,0,9,40.5
104023,645302,"Victor Robles",28,2025,"SEA",32,114,106,26,20,4,1,1,35,12,9,3,26,3,6,2,2,0,4,41.7
104025,645305,"Ali Sánchez",28,2025,,9,23,23,5,3,2,0,0,7,2,0,0,6,0,0,0,0,0,1,0
104033,645444,"Jose Herrera",28,2025,"AZ",57,204,166,31,23,6,0,2,43,21,17,23,47,1,0,0,3,11,2,33.3
104042,646240,"Rafael Devers",28,2025,,163,729,607,153,85,33,0,35,291,99,109,112,192,6,1,1,4,0,16,53.5
104096,649966,"Luis Urías",28,2025,"ATH",92,330,287,66,51,7,0,8,97,27,25,31,45,6,2,1,3,0,10,51.9
104123,650333,"Luis Arraez",28,2025,"SD",154,675,620,181,139,30,4,8,243,66,61,34,21,2,11,4,7,12,16,31.8
104180,650402,"Gleyber Torres",28,2025,"DET",145,628,532,136,98,22,0,16,206,79,74,85,101,4,4,1,7,0,12,44.3
104205,650489,"Willi Castro",28,2025,,119,454,402,91,60,17,3,11,147,58,33,40,111,11,10,4,0,1,12,31
104261,650559,"Bryan De La Cruz",28,2025,"ATL",16,50,47,9,8,1,0,0,10,1,0,3,18,0,1,0,0,0,1,0
104450,650859,"Luis Rengifo",28,2025,"LAA",146,541,501,119,91,16,3,9,168,55,43,33,104,3,10,7,3,1,7,32.7
104515,650968,"Yohel Pozo",28,2025,"STL",63,168,160,37,24,8,0,5,60,16,19,7,22,0,0,0,1,0,5,37.5
104562,655316,"Andruw Monasterio",28,2025,"MIL",54,135,126,34,21,9,0,4,55,19,16,7,32,2,2,1,0,0,1,26.3
105670,663662,"Daz Cameron",28,2025,"MIL",20,42,41,8,6,1,0,1,12,7,3,1,13,0,1,0,0,0,1,14.3
105735,663757,"Trent Grisham",28,2025,"NYY",138,581,493,116,72,9,1,34,229,87,74,82,137,4,3,2,1,1,7,58.6
106121,663647,"Ke'Bryan Hayes",28,2025,,149,570,527,124,100,16,3,5,161,50,49,36,111,5,12,3,1,1,14,24
106527,663624,"Ryan Mountcastle",28,2025,"BAL",88,357,332,83,58,18,0,7,122,34,35,15,98,4,3,0,6,0,11,35.3
106548,647304,"Josh Naylor",28,2025,,146,604,543,160,110,29,1,20,251,81,92,48,83,4,30,2,5,0,17,50.6
106659,663368,"Blake Perkins",28,2025,"MIL",49,171,155,35,24,6,2,3,54,25,19,15,47,1,7,2,0,0,4,24
106744,663586,"Austin Riley",28,2025,"ATL",102,447,416,108,71,20,1,16,178,54,54,27,128,3,2,1,1,0,9,50
106765,663898,"Brendan Rodgers",28,2025,"HOU",37,128,115,22,16,4,0,2,32,12,11,11,46,1,0,1,1,0,2,25
106960,663886,"Tyler Stephenson",28,2025,"CIN",88,342,299,69,38,18,0,13,126,40,50,37,116,2,0,1,4,0,6,42.5
107047,663656,"Kyle Tucker",28,2025,"CHC",136,597,500,133,82,25,4,22,232,91,73,87,88,4,25,3,3,1,9,46.2
107130,663897,"Luke Williams",28,2025,"ATL",33,34,31,4,2,2,0,0,6,5,5,1,9,1,5,0,1,0,2,0
109090,647351,"Abraham Toro",28,2025,"BOS",77,284,259,62,42,13,0,7,96,33,27,14,42,6,2,1,5,0,2,45.5
109147,670541,"Yordan Alvarez",28,2025,"HOU",48,199,165,45,31,8,0,6,71,17,27,28,33,0,1,1,6,0,2,41.2
109390,675915,"David Bañuelos",28,2025,"BAL",1,2,1,0,0,0,0,0,0,0,0,0,1,1,0,0,0,0,0,
109531,676609,"José Caballero",28,2025,,118,370,314,74,50,18,1,5,109,52,36,47,98,3,49,11,2,4,2,26.9
110030,669374,"Keston Hiura",28,2025,"COL",7,21,18,4,3,1,0,0,5,3,1,0,7,3,0,0,0,0,0,33.3
110280,665155,"Nick Maton",28,2025,"CWS",23,63,54,9,5,2,0,2,17,5,4,9,19,0,0,1,0,0,0,40
110995,662139,"Daulton Varsho",28,2025,"TOR",69,271,248,59,24,13,2,20,136,43,55,17,77,1,2,0,5,0,1,62.8
111033,670764,"Taylor Walls",28,2025,"TB",93,317,282,62,43,14,1,4,90,36,38,26,70,0,14,6,6,3,2,25
111709,680769,"CJ Alexander",28,2025,"ATH",6,17,17,3,3,0,0,0,3,0,0,0,8,0,0,0,0,0,1,
112733,663609,"Luken Baker",28,2025,"STL",18,41,34,8,5,3,0,0,11,3,2,7,10,0,0,0,0,0,3,33.3
112968,663698,"Joey Bart",28,2025,"PIT",90,332,285,71,54,12,1,4,97,21,30,40,93,7,1,1,0,0,14,28.6
113905,664761,"Alec Bohm",28,2025,"PHI",120,504,464,132,100,18,3,11,189,53,59,29,82,5,2,0,6,0,16,39.6
115362,681962,"Vinny Capra",28,2025,,44,105,96,12,9,2,0,1,17,10,6,3,25,1,2,0,2,3,5,10
116988,666126,"Carlos Cortes",28,2025,"ATH",40,99,94,29,16,8,1,4,51,11,14,3,20,0,0,0,2,0,3,72.7
117987,681909,"Justin Dean",28,2025,"LAD",5,2,2,0,0,0,0,0,0,0,0,0,1,0,1,0,0,0,0,
118722,680977,"Brendan Donovan",28,2025,"STL",118,515,460,133,91,32,0,10,195,64,50,42,67,7,3,3,4,2,6,20.3
119003,680776,"Jarren Duran",28,2025,"BOS",157,696,620,159,89,41,13,16,274,86,84,60,169,12,24,6,3,1,7,33.7
119087,681987,"Nate Eaton",28,2025,"BOS",38,90,81,24,19,4,0,1,31,16,4,6,19,1,9,2,1,1,1,12.5
119337,663536,"Tristin English",28,2025,"AZ",7,23,22,2,1,1,0,0,3,0,1,1,8,0,0,0,0,0,0,
119759,676439,"Hunter Feduccia",28,2025,,36,105,88,13,8,5,0,0,18,5,8,15,29,0,1,0,2,0,2,0
120337,663743,"Nick Fortes",28,2025,,86,242,218,50,35,9,1,5,76,19,21,14,47,7,1,0,1,2,7,36.8
121858,663853,"Romy Gonzalez",28,2025,"BOS",93,341,315,96,61,23,3,9,152,47,53,18,81,3,6,5,5,0,8,27.7
123806,663538,"Nico Hoerner",28,2025,"CHC",156,649,599,178,138,29,4,7,236,89,61,39,49,7,29,6,4,0,7,29.2
124341,663697,"Jonathan India",28,2025,"KC",136,567,497,116,78,29,0,9,172,63,45,54,106,13,0,4,2,1,13,28.6
124395,664728,"Kyle Isbel",28,2025,"KC",127,409,368,94,70,16,4,4,130,42,33,23,74,2,4,5,3,13,9,23.8
124659,680777,"Ryan Jeffers",28,2025,"MIN",115,464,406,108,73,26,0,9,161,47,47,50,91,7,1,1,1,0,10,38.3
125216,663731,"Connor Kaiser",28,2025,"AZ",10,19,18,2,1,1,0,0,3,1,2,1,5,0,0,0,0,0,1,100
125363,680577,"DaShawn Keirsey Jr.",28,2025,"MIN",52,88,84,9,7,0,0,2,15,11,6,2,33,1,10,3,0,1,1,45.5
126235,663616,"Trevor Larnach",28,2025,"MIN",142,567,503,126,84,24,1,17,203,62,60,53,122,4,4,4,6,0,19,37.1
126844,663604,"Brandon Lockridge",28,2025,,56,148,134,31,23,7,1,0,40,17,11,8,36,1,10,1,2,3,3,11.8
127336,680862,"Willie MacIver",28,2025,"ATH",30,111,102,19,11,5,0,3,33,7,9,7,27,2,3,0,0,0,1,42.9
129503,680911,"Owen Miller",28,2025,"COL",9,17,14,2,2,0,0,0,2,0,1,2,4,1,1,0,0,0,0,
129840,663796,"Coco Montes",28,2025,"TB",4,10,10,2,2,0,0,0,2,0,1,0,3,0,0,0,0,0,0,
131575,681546,"James Outman",28,2025,,51,148,134,19,7,5,1,6,44,19,11,12,63,2,1,0,0,0,1,52.6
131734,680700,"Richie Palacios",28,2025,"TB",16,48,42,14,11,2,0,1,19,10,3,5,9,0,4,0,1,0,3,30
133509,663728,"Cal Raleigh",28,2025,"SEA",159,705,596,147,63,24,0,60,351,110,125,97,188,9,14,4,3,0,9,67.3
136273,682177,"Daniel Schneemann",28,2025,"CLE",129,422,379,78,47,18,1,12,134,48,41,38,117,3,9,3,1,1,8,33.3
136321,680474,"Max Schuemann",28,2025,"ATH",83,213,183,36,28,4,2,2,50,20,13,22,35,4,7,1,1,3,6,45
136522,663584,"Hayden Senger",28,2025,"NYM",28,78,72,13,12,1,0,0,14,8,4,3,22,1,0,0,1,1,3,12.5
137796,670276,"Cal Stevenson",28,2025,"PHI",5,8,8,2,2,0,0,0,2,0,1,0,2,0,0,0,0,0,0,
138003,667690,"C.J. Stubbs",28,2025,"WSH",1,3,3,0,0,0,0,0,0,0,0,0,0,0,0,0,0,0,0,
139799,679631,"Terrin Vavra",28,2025,"BAL",1,1,1,0,0,0,0,0,0,0,0,0,0,0,0,0,0,0,0,
140000,663837,"Matt Vierling",28,2025,"DET",31,100,88,21,17,3,0,1,27,6,11,7,24,3,2,0,2,0,1,33.3
140051,681584,"David Villar",28,2025,"SF",9,25,20,4,3,1,0,0,5,4,1,4,5,1,0,0,0,0,1,25
144071,687478,"Cam Devanney",28,2025,"PIT",13,38,36,5,4,1,0,0,6,1,1,2,21,0,0,1,0,0,1,0
144877,687859,"Troy Johnston",28,2025,"MIA",44,121,112,31,24,2,1,4,47,12,13,8,26,1,2,2,0,0,1,41.7
145666,688760,"Blaine Crim",28,2025,,20,74,65,13,6,2,0,5,30,10,12,6,28,1,0,0,2,0,0,50
102110,620443,"Luis Torrens",29,2025,"NYM",88,283,261,59,39,14,1,5,90,20,29,19,56,2,1,0,0,1,7,35
102202,624641,"Edmundo Sosa",29,2025,"PHI",85,261,243,67,43,12,1,11,114,30,39,10,56,2,1,1,2,3,7,60
102464,640492,"José Azocar",29,2025,,13,21,19,5,5,0,0,0,5,5,1,2,1,0,1,0,0,0,0,40
102482,640902,"Jhonny Pereda",29,2025,,26,78,69,17,11,6,0,0,23,4,4,8,21,0,0,0,0,1,1,25
102514,641343,"Jake Bauers",29,2025,"MIL",84,218,183,43,27,9,0,7,73,28,28,32,59,2,8,1,1,0,2,32.1
102519,641355,"Cody Bellinger",29,2025,"NYY",152,656,588,159,100,25,5,29,281,89,97,57,90,2,13,2,9,0,10,58.4
102876,642350,"Jose Siri",29,2025,"NYM",13,36,32,2,0,2,0,0,4,7,1,4,17,0,2,0,0,0,0,14.3
103203,642708,"Amed Rosario",29,2025,,61,191,181,50,33,11,0,6,79,20,23,7,31,2,1,0,1,0,6,55
103209,642715,"Willy Adames",29,2025,"SF",159,686,591,133,79,22,2,30,249,94,87,80,179,5,12,4,9,0,10,42.6
103225,642731,"Thairo Estrada",29,2025,"COL",39,165,154,39,27,9,0,3,57,14,21,6,26,2,1,3,3,0,7,42.9
104814,656577,"Alex Jackson",29,2025,"BAL",31,100,91,20,7,8,0,5,43,17,8,5,37,4,0,0,0,0,2,41.2
104926,657041,"Lane Thomas",29,2025,"CLE",38,142,125,20,14,2,0,4,34,10,11,14,44,1,4,1,2,0,4,60
104938,657077,"Alex Verdugo",29,2025,"ATL",56,213,197,47,37,10,0,0,57,21,12,14,31,2,1,0,0,0,1,19
105420,656537,"Derek Hill",29,2025,,50,149,134,29,20,6,0,3,44,19,11,9,48,3,7,0,0,3,4,21.1
106750,656896,"Emmanuel Rivera",29,2025,"BAL",39,127,120,30,26,4,0,0,34,5,13,6,24,1,1,0,0,0,3,20
107537,670092,"Trenton Brooks",29,2025,"SD",24,43,41,6,3,2,0,1,11,5,2,2,13,0,0,0,0,0,3,20
107930,669720,"Austin Hays",29,2025,"CIN",103,416,380,101,65,16,5,15,172,60,64,29,107,1,7,0,6,0,10,40
108028,669288,"Daniel Johnson",29,2025,,24,57,53,11,6,4,0,1,18,13,1,4,13,0,2,1,0,0,0,30.8
108119,663993,"Nathaniel Lowe",29,2025,,152,609,540,123,79,23,3,18,206,64,84,62,159,2,1,0,5,0,7,37.5
108175,670156,"Miles Mastrobuoni",29,2025,"SEA",75,175,152,38,33,4,0,1,45,20,12,17,29,0,6,3,1,5,2,25
109009,641943,"Joshua Palacios",29,2025,"CWS",48,145,128,26,19,4,0,3,39,11,9,12,36,4,0,0,0,1,1,45.5
109162,670770,"TJ Friedl",29,2025,"CIN",151,685,579,151,113,22,2,14,219,82,53,81,115,16,12,3,5,4,8,31.7
109294,656180,"Riley Adams",29,2025,"WSH",82,286,263,49,33,8,0,8,81,29,24,18,110,5,1,0,0,0,6,37.9
109483,656248,"Sean Bouchard",29,2025,"COL",31,73,66,11,9,0,1,1,16,7,7,7,27,0,1,1,0,0,2,28.6
109519,669394,"Jake Burger",29,2025,"TEX",103,376,356,84,52,15,1,16,149,43,53,12,93,5,1,1,3,0,3,46.5
109602,676391,"Ernie Clement",29,2025,"TOR",150,588,545,151,105,35,2,9,217,83,50,27,61,4,6,5,5,7,13,21.7
109801,656413,"Stuart Fairchild",29,2025,"ATL",26,55,51,11,6,4,1,0,17,7,2,4,15,0,2,1,0,0,2,0
109933,656484,"Tristan Gray",29,2025,"TB",29,86,78,18,10,5,0,3,32,9,9,6,19,0,0,0,1,1,0,55.6
110022,676551,"Brewer Hicklen",29,2025,"DET",1,4,3,2,2,0,0,0,2,2,0,1,1,0,1,0,0,0,0,0
110092,669369,"Bryce Johnson",29,2025,"SD",41,84,76,26,21,4,0,1,33,9,8,3,19,2,4,1,0,3,1,22.2
110106,667452,"Corey Julks",29,2025,"CWS",5,13,12,3,1,2,0,0,5,2,1,0,3,0,0,0,1,0,0,0
110358,676694,"Jake Meyers",29,2025,"HOU",98,381,343,100,80,15,2,3,128,53,24,31,67,3,16,5,2,2,10,30.2
110424,667472,"Dane Myers",29,2025,"MIA",104,333,307,72,56,10,0,6,100,29,31,23,77,2,18,5,1,0,13,31
110445,676116,"Ryan Noda",29,2025,,22,59,47,5,4,0,0,1,8,3,2,11,25,0,1,0,0,1,0,66.7
110836,657757,"Gavin Sheets",29,2025,"SD",145,545,492,124,76,28,1,19,211,57,71,44,107,5,2,1,4,0,10,45.6
110857,656976,"Pavin Smith",29,2025,"AZ",86,288,244,63,37,17,1,8,106,36,28,41,92,0,2,2,2,0,7,47.2
110964,676701,"Alan Trejo",29,2025,"COL",13,43,40,7,5,2,0,0,9,3,1,1,7,0,0,0,1,1,3,0
111074,676724,"Jared Young",29,2025,"NYM",19,47,43,8,3,1,0,4,21,5,6,2,16,1,0,0,1,0,1,80
111161,657136,"Connor Wong",29,2025,"BOS",55,188,168,32,24,8,0,0,40,16,7,16,42,1,2,1,2,1,7,18.8
112533,682183,"Drew Avans",29,2025,,7,18,17,2,2,0,0,0,2,1,1,0,6,0,1,0,1,0,0,100
114350,681146,"Jonah Bride",29,2025,,43,125,112,19,17,2,0,0,21,7,5,11,39,1,0,0,1,0,1,42.9
116408,665019,"Kody Clemens",29,2025,,113,386,348,74,39,12,4,19,151,46,52,29,93,5,5,1,2,2,5,54.3
120642,681807,"David Fry",29,2025,"CLE",66,156,145,25,13,4,0,8,53,16,23,9,57,2,1,0,0,0,3,56.3
121137,681508,"Mickey Gasper",29,2025,"MIN",40,110,95,15,12,1,0,2,22,15,11,10,20,3,2,0,1,1,1,33.3
123186,680737,"Michael Helman",29,2025,"TEX",37,110,99,23,12,5,1,5,45,18,20,7,21,1,4,0,0,3,0,27.8
125523,673490,"Ha-Seong Kim",29,2025,,48,191,171,40,31,4,0,5,59,19,17,16,39,2,6,2,2,0,2,26.3
127578,663968,"Jake Mangum",29,2025,"TB",117,428,405,120,98,18,1,3,149,37,40,19,64,2,27,6,1,1,8,10.8
133136,682515,"Logan Porter",29,2025,"SF",4,9,7,1,1,0,0,0,1,2,1,1,2,1,0,0,0,0,0,0
135620,663967,"César Salazar",29,2025,"HOU",9,16,13,3,3,0,0,0,3,0,1,2,2,1,0,0,0,0,2,
137713,683021,"Michael Stefanic",29,2025,"TOR",9,25,22,4,4,0,0,0,4,1,0,3,3,0,0,0,0,0,0,100
69600,606115,"Orlando Arcia",30,2025,,67,214,203,41,30,7,1,3,59,13,13,10,47,0,0,1,1,0,4,23.1
70619,608348,"Carson Kelly",30,2025,"CHC",109,421,369,92,61,13,1,17,158,48,50,45,80,3,2,0,4,0,11,47.9
100349,609280,"Miguel Andujar",30,2025,,94,341,321,102,74,17,1,10,151,36,44,17,49,1,1,0,2,0,9,38.9
100502,621043,"Carlos Correa",30,2025,,143,584,537,148,106,29,0,13,216,63,52,45,113,1,0,0,1,0,21,38.1
100988,622534,"Manuel Margot",30,2025,"DET",6,20,19,6,6,0,0,0,6,1,3,0,6,0,0,0,1,0,0,0
101165,622761,"Jorge Mateo",30,2025,"BAL",37,83,79,14,9,4,0,1,21,9,3,4,30,0,15,2,0,0,1,33.3
101568,623993,"Anthony Santander",30,2025,"TOR",54,221,194,34,23,5,0,6,57,16,18,25,61,1,0,0,1,0,9,56.3
101603,624413,"Pete Alonso",30,2025,"NYM",162,709,624,170,90,41,1,38,327,87,126,61,162,15,1,2,9,0,25,56.3
101605,624415,"Cavan Biggio",30,2025,"KC",33,83,69,12,9,2,0,1,17,9,4,11,21,1,1,0,0,2,0,33.3
101630,624512,"Reese McGuire",30,2025,"CHC",41,140,133,30,19,2,0,9,59,17,24,4,27,0,0,0,2,1,3,76.5
101631,624513,"Dom Nuñez",30,2025,"CLE",2,7,7,2,2,0,0,0,2,2,0,0,4,0,0,0,0,0,0,50
102434,640459,"Brian Navarreto",30,2025,"MIA",6,15,14,4,1,2,0,1,9,3,5,0,3,0,0,0,1,0,0,33.3
102559,641487,"J.P. Crawford",30,2025,"SEA",156,654,570,150,114,24,0,12,210,69,57,74,122,3,8,1,1,6,12,49.3
102606,641645,"Luis Guillorme",30,2025,"HOU",9,21,20,3,3,0,0,0,3,2,0,1,8,0,0,0,0,0,2,50
102612,641680,"Jonah Heim",30,2025,"TEX",122,433,395,84,59,14,0,11,131,38,43,32,88,1,3,0,4,1,10,39.5
102667,641856,"Billy McKinney",30,2025,"TEX",6,21,20,4,3,1,0,0,5,4,1,1,1,0,0,0,0,0,0,25
102668,641857,"Ryan McMahon",30,2025,,151,586,509,109,65,23,1,20,194,62,53,70,189,4,3,1,3,0,8,50
102704,641933,"Tyler O'Neill",30,2025,"BAL",54,209,181,36,20,6,1,9,71,22,26,22,51,3,4,0,3,0,2,59.1
102745,642086,"Dominic Smith",30,2025,"SF",63,225,204,58,41,12,0,5,85,26,34,15,42,2,2,0,4,0,5,34.6
102764,642133,"Rowdy Tellez",30,2025,,110,312,289,65,37,11,0,17,127,34,49,17,83,3,1,0,3,0,9,73.5
102779,642180,"Tyler Wade",30,2025,"SD",51,127,107,22,19,1,2,0,27,13,9,15,31,1,1,2,0,4,1,0
103355,643289,"Mauricio Dubón",30,2025,"HOU",119,398,369,89,61,21,0,7,131,43,33,24,42,1,3,0,1,3,14,32.6
103405,643376,"Danny Jansen",30,2025,,98,337,288,62,37,11,0,14,115,38,36,42,86,4,0,0,2,1,5,52.6
103420,643396,"Isiah Kiner-Falefa",30,2025,,132,459,431,113,88,21,2,2,144,45,40,17,77,5,15,4,1,5,9,24.4
103625,644433,"Chadwick Tromp",30,2025,,7,22,21,3,1,1,0,1,7,2,1,1,6,0,0,0,0,0,1,50
105147,657656,"Ramón Laureano",30,2025,,129,488,441,124,72,26,2,24,226,72,76,35,119,8,7,4,4,0,11,51.4
105432,660162,"Yoán Moncada",30,2025,"LAA",83,289,248,58,31,13,2,12,111,39,35,32,75,7,0,0,2,0,5,51.3
105437,664023,"Ian Happ",30,2025,"CHC",150,663,569,138,83,32,0,23,239,87,79,87,151,2,6,3,5,0,9,48.3
105439,656775,"Cedric Mullins",30,2025,,130,498,435,94,53,23,1,17,170,58,59,50,120,4,22,4,6,3,3,46.6
105472,641302,"Tyler Alexander",30,2025,"CWS",1,1,1,0,0,0,0,0,0,0,0,0,0,0,0,0,0,0,0,
105574,643217,"Andrew Benintendi",30,2025,"CWS",116,470,420,101,63,16,2,20,181,57,63,40,82,3,1,0,6,0,6,43.9
105993,664034,"Ty France",30,2025,,136,490,444,114,82,25,0,7,160,50,52,22,83,21,1,0,3,0,14,30
106346,664770,"Nathan Lukes",30,2025,"TOR",130,438,388,98,65,19,2,12,157,55,65,38,60,2,2,4,3,7,15,36.4
106969,664702,"Myles Straw",30,2025,"TOR",112,299,267,70,51,14,1,4,98,51,32,19,50,1,12,1,1,11,6,25.5
107284,664040,"Brandon Lowe",30,2025,"TB",134,553,507,130,80,19,0,31,242,79,83,38,149,2,3,2,6,0,7,57
107566,669743,"Alex Call",30,2025,,100,322,270,72,52,13,2,5,104,43,31,36,55,6,2,1,4,6,7,25.6
107752,669242,"Tommy Edman",30,2025,"LAD",96,377,346,78,51,13,1,13,132,49,49,19,61,6,3,1,5,1,6,46.9
107783,666023,"Freddy Fermin",30,2025,,104,348,321,81,63,13,0,5,109,32,26,19,66,2,1,2,0,6,5,34.4
107811,641584,"Jake Fraley",30,2025,,74,217,191,46,31,9,0,6,73,31,23,25,49,1,4,3,0,0,1,32.3
107920,641658,"Garrett Hampson",30,2025,,51,91,77,11,9,2,0,0,13,19,1,11,29,0,3,1,0,3,2,15.8
107983,669450,"Cooper Hummel",30,2025,,37,105,88,15,12,0,0,3,24,10,7,14,31,2,1,0,0,1,1,50
108059,668800,"Andrew Knizner",30,2025,"SF",30,88,77,17,14,1,1,1,23,12,5,7,10,2,0,0,1,1,0,33.3
108112,670032,"Nicky Lopez",30,2025,,13,28,24,1,1,0,0,0,1,2,1,4,4,0,0,0,0,0,1,0
108278,669221,"Sean Murphy",30,2025,"ATL",93,337,291,58,29,13,0,16,119,34,45,35,105,8,0,0,3,0,9,61.8
108437,670042,"Luke Raley",30,2025,"SEA",70,219,183,37,25,8,0,4,57,23,19,19,64,13,2,1,1,3,3,26.1
108483,642020,"Chuckie Robinson",30,2025,"LAD",1,2,1,0,0,0,0,0,0,1,0,0,0,0,0,0,0,1,0,0
108507,668670,"Jake Rogers",30,2025,"DET",45,142,123,23,13,5,2,3,41,14,19,15,39,1,0,0,2,1,3,42.9
108587,670097,"Zack Short",30,2025,"HOU",20,56,50,11,7,2,0,2,19,9,7,4,18,1,0,1,0,1,0,44.4
108612,669257,"Will Smith",30,2025,"LAD",110,436,362,107,69,20,1,17,180,64,61,64,89,5,2,3,5,0,9,40.6
108615,669256,"Nick Solak",30,2025,"PIT",4,11,11,1,1,0,0,0,1,0,0,0,2,0,0,0,0,0,0,
108661,642136,"Matt Thaiss",30,2025,,59,190,156,34,26,6,1,1,45,16,16,29,46,3,1,1,1,1,3,25
108774,642215,"Weston Wilson",30,2025,"PHI",48,125,111,22,13,4,0,5,41,15,17,12,34,1,2,3,0,1,1,60
108855,666915,"Bobby Dalbec",30,2025,"CWS",7,21,18,4,3,1,0,0,5,2,1,3,6,0,0,0,0,0,1,0
108878,669289,"Santiago Espinal",30,2025,"CIN",105,328,301,73,61,12,0,0,85,25,16,21,38,1,2,1,2,3,13,16
108977,656716,"Zach McKinstry",30,2025,"DET",143,511,452,117,71,23,11,12,198,68,49,46,111,7,19,5,5,1,9,35.3
109040,668804,"Bryan Reynolds",30,2025,"PIT",154,654,587,144,87,38,3,16,236,68,73,57,173,7,3,2,3,0,16,33.8
109161,668227,"Randy Arozarena",30,2025,"SEA",160,709,613,146,86,32,1,27,261,95,76,64,191,27,31,6,5,0,10,54.7
109781,641555,"J.C. Escarra",30,2025,"NYY",34,98,84,17,10,5,0,2,28,5,11,11,14,1,1,0,2,0,1,40
110298,676801,"Chas McCormick",30,2025,"HOU",50,116,100,21,15,5,0,1,29,13,5,9,31,1,2,3,1,5,1,38.5
110300,669200,"Mason McCoy",30,2025,"SD",13,26,22,2,1,1,0,0,3,5,1,3,7,1,2,0,0,0,0,40
110715,667670,"Brent Rooker",30,2025,"ATH",162,699,626,164,91,40,3,30,300,92,89,65,155,5,6,1,2,0,15,56.5
111306,660271,"Shohei Ohtani",30,2025,"LAD",158,727,611,172,83,25,9,55,380,146,102,109,187,3,20,6,2,0,10,51.4
138164,673548,"Seiya Suzuki",30,2025,"CHC",151,651,571,140,74,31,3,32,273,75,103,71,164,1,5,2,8,0,14,52
67568,593871,"Jorge Polanco",31,2025,"SEA",137,524,471,125,69,30,0,26,233,64,78,42,82,3,6,3,5,3,8,53.1
69338,600869,"Jeimer Candelario",31,2025,"CIN",22,91,80,9,5,2,0,2,17,3,10,9,29,0,0,1,2,0,1,100
69455,602104,"Ramón Urías",31,2025,,110,391,352,85,57,17,0,11,135,33,44,27,88,2,3,0,10,0,6,54.5
69790,606466,"Ketel Marte",31,2025,"AZ",126,556,480,136,80,28,0,28,248,87,72,64,83,9,4,2,3,0,12,49.4
70399,596019,"Francisco Lindor",31,2025,"NYM",160,732,644,172,106,35,0,31,300,117,86,65,131,16,31,6,7,0,12,45.3
70607,608324,"Alex Bregman",31,2025,"BOS",114,495,433,118,72,28,0,18,200,64,62,51,70,9,1,1,2,0,13,48.4
70635,608369,"Corey Seager",31,2025,"TEX",102,445,380,103,63,19,0,21,185,61,50,58,87,5,2,0,2,0,13,49.2
70646,608385,"Jesse Winker",31,2025,"NYM",26,81,70,16,8,5,2,1,28,8,10,9,21,0,1,0,2,0,2,62.5
71028,605353,"Vimael Machín",31,2025,"BAL",4,12,11,1,0,0,0,1,4,1,1,1,2,0,0,0,0,0,0,100
100630,621438,"Tyrone Taylor",31,2025,"NYM",103,341,310,69,46,18,3,2,99,34,27,16,76,9,12,2,2,3,4,20.6
100631,621439,"Byron Buxton",31,2025,"MIN",126,542,488,129,66,21,7,35,269,97,83,41,148,7,24,0,6,0,0,43.3
100653,621512,"Tomás Nido",31,2025,"DET",10,37,35,12,12,0,0,0,12,4,2,0,10,1,0,0,0,1,1,25
100668,621566,"Matt Olson",31,2025,"ATL",162,724,624,170,98,41,2,29,302,98,95,91,176,4,1,0,5,0,15,48
101023,622569,"Pablo Reyes",31,2025,"NYY",21,34,31,6,5,1,0,0,7,4,2,2,10,0,1,0,0,1,0,0
102064,605170,"Victor Caratini",31,2025,"HOU",113,386,344,89,63,14,0,12,139,35,46,23,65,13,1,0,6,0,8,42.9
104869,656811,"Ryan O'Hearn",31,2025,,144,544,474,133,94,21,1,17,207,67,63,58,109,8,3,1,4,0,12,49.3
105531,664056,"Harrison Bader",31,2025,,139,501,448,124,82,24,1,17,201,61,54,39,136,11,11,7,3,0,5,39.3
105791,630105,"Jake Cronenworth",31,2025,"SD",135,515,419,103,71,20,1,11,158,61,59,69,107,15,3,3,7,4,5,29.5
105846,657557,"Paul DeJong",31,2025,"WSH",55,208,193,44,28,10,0,6,72,18,23,11,70,1,4,0,3,0,3,38.9
106102,664059,"Sam Haggerty",31,2025,"TEX",62,182,162,41,29,7,3,2,60,31,13,16,37,2,12,4,0,1,1,19.4
106165,656541,"Sam Hilliard",31,2025,"COL",20,61,51,10,4,3,1,2,21,8,3,10,23,0,2,1,0,0,1,37.5
106259,664068,"Scott Kingery",31,2025,"LAA",14,29,27,4,3,1,0,0,5,3,0,2,11,0,1,1,0,0,1,33.3
106558,621028,"Kevin Newman",31,2025,"LAA",49,116,114,23,19,2,0,2,31,13,11,1,23,0,1,0,0,1,5,30.8
106977,664954,"Brett Sullivan",31,2025,"PIT",3,9,6,1,1,0,0,0,1,1,2,1,3,1,0,0,1,0,0,0
107095,664774,"LaMonte Wade Jr.",31,2025,,75,242,209,35,23,8,2,2,53,19,18,27,58,3,1,0,1,2,3,21.1
107106,621493,"Taylor Ward",31,2025,"LAA",157,663,579,132,63,31,2,36,275,86,103,75,175,3,4,1,6,0,16,55.8
107168,621020,"Dansby Swanson",31,2025,"CHC",159,645,590,144,93,24,3,24,246,84,77,47,168,2,20,3,5,1,9,45.2
108764,642201,"Eli White",31,2025,"ATL",97,271,256,60,39,8,3,10,104,43,35,11,70,2,10,1,1,1,2,32.6
109101,622268,"Donovan Walton",31,2025,"PHI",2,9,8,1,1,0,0,0,1,1,1,0,1,0,0,0,0,1,0,0
109138,666971,"Lourdes Gurriel Jr.",31,2025,"AZ",129,546,500,124,79,24,2,19,209,52,80,31,76,6,10,4,9,0,12,53.8
110699,668942,"Josh Rojas",31,2025,"CWS",66,211,189,34,23,9,0,2,49,14,11,19,48,0,4,1,2,1,7,28.6
120131,680837,"Ryan Fitzgerald",31,2025,"MIN",22,53,46,9,5,0,0,4,21,10,9,7,8,0,1,0,0,0,0,70
152764,807799,"Masataka Yoshida",31,2025,"BOS",55,205,188,50,35,11,0,4,73,16,26,10,24,3,3,0,4,0,4,43.8
66018,547180,"Bryce Harper",32,2025,"PHI",132,580,501,131,72,32,0,27,244,72,75,70,121,6,12,2,3,0,9,47.2
67049,592518,"Manny Machado",32,2025,"SD",159,678,615,169,109,33,0,27,283,91,95,55,131,3,14,3,5,0,17,35.2
67248,593428,"Xander Bogaerts",32,2025,"SD",136,552,491,128,87,30,0,11,191,63,53,48,94,4,20,2,8,1,14,25.4
68062,595751,"Jorge Alfaro",32,2025,"WSH",11,39,39,10,8,2,0,0,12,3,3,0,14,0,1,0,0,0,0,33.3
68066,595777,"Jurickson Profar",32,2025,"ATL",80,371,318,78,47,16,1,14,138,56,43,48,59,5,9,2,0,0,5,39.3
68087,596142,"Gary Sánchez",32,2025,"BAL",28,101,91,21,14,2,0,5,38,13,24,4,27,5,0,0,1,0,2,53.8
68091,596146,"Max Kepler",32,2025,"PHI",126,474,417,90,53,19,0,18,163,58,52,48,93,4,3,0,4,1,11,46.6
69667,606192,"Teoscar Hernández",32,2025,"LAD",134,546,511,127,72,29,1,25,233,65,89,26,134,3,5,2,5,0,14,47.7
70217,608070,"José Ramírez",32,2025,"CLE",158,673,594,168,101,34,3,30,298,103,85,66,74,8,44,7,5,0,10,40.8
70387,595879,"Javier Báez",32,2025,"DET",122,436,416,107,75,17,3,12,166,55,57,10,108,6,5,1,3,0,9,34.5
70397,595978,"Austin Hedges",32,2025,"CLE",58,180,155,25,17,3,0,5,43,13,10,18,43,1,1,2,2,4,2,46.2
70406,596115,"Trevor Story",32,2025,"BOS",156,654,612,161,107,29,0,25,265,91,96,33,176,7,31,1,1,1,5,38.5
70430,605141,"Mookie Betts",32,2025,"LAD",150,663,589,152,107,23,2,20,239,95,82,61,68,3,8,2,10,0,17,45.3
70516,606992,"Eric Haase",32,2025,"MIL",27,77,70,16,11,3,0,2,25,11,9,4,31,2,0,0,0,1,1,27.3
70524,607043,"Brandon Nimmo",32,2025,"NYM",155,652,587,154,102,27,0,25,256,81,92,50,141,7,13,1,7,1,8,50.6
70775,605137,"Josh Bell",32,2025,"WSH",140,533,468,112,72,17,1,22,197,54,63,57,88,5,0,3,3,0,16,50
70799,605204,"J.D. Davis",32,2025,"LAA",5,10,10,1,1,0,0,0,1,0,0,0,4,0,0,0,0,0,0,
70917,607208,"Trea Turner",32,2025,"PHI",141,639,589,178,125,31,7,15,268,94,69,43,107,5,36,7,2,0,12,38.3
70926,605244,"Aramis Garcia",32,2025,"AZ",1,4,4,0,0,0,0,0,0,0,0,0,3,0,0,0,0,0,0,
71245,596103,"Austin Slater",32,2025,,61,160,148,32,20,6,1,5,55,22,13,11,51,0,1,0,0,1,6,40.9
101614,624424,"Michael Conforto",32,2025,"LAD",137,486,418,83,51,20,0,12,139,54,36,56,121,9,1,0,3,0,12,35.2
101621,624431,"Jose Trevino",32,2025,"CIN",89,302,282,67,43,20,0,4,99,30,22,15,39,0,0,0,4,1,10,30
102293,628451,"Andy Ibáñez",32,2025,"DET",87,193,176,42,30,8,0,4,62,24,21,12,26,4,4,1,1,0,6,29.2
102503,641313,"Tim Anderson",32,2025,"LAA",29,90,83,17,14,3,0,0,20,8,3,3,29,3,1,1,0,1,1,37.5
103751,656941,"Kyle Schwarber",32,2025,"PHI",162,724,604,146,65,23,2,56,341,111,132,108,197,11,10,2,1,0,8,64.9
104718,656185,"Greg Allen",32,2025,"BAL",7,14,14,0,0,0,0,0,0,1,0,0,5,0,0,1,0,0,2,100
104744,656305,"Matt Chapman",32,2025,"SF",127,535,454,105,59,23,2,21,195,76,61,71,126,6,9,4,4,0,11,39.5
104806,656555,"Rhys Hoskins",32,2025,"MIL",90,328,279,66,41,12,1,12,116,30,43,38,91,5,2,1,6,0,6,56.7
105633,664913,"Seth Brown",32,2025,"ATH",35,76,65,12,9,2,0,1,17,6,3,9,23,2,1,0,0,0,2,66.7
106208,656582,"Connor Joe",32,2025,,37,80,70,13,9,4,0,0,17,2,4,7,20,1,2,2,2,0,2,0
106503,664238,"Dylan Moore",32,2025,,101,243,219,44,28,5,0,11,82,35,25,20,82,1,14,5,3,0,2,40
106973,596117,"Garrett Stubbs",32,2025,"PHI",4,1,1,0,0,0,0,0,0,2,0,0,0,0,0,0,0,0,0,0
109860,666969,"Adolis García",32,2025,"TEX",135,547,507,115,68,28,0,19,200,58,75,28,135,5,13,4,7,0,10,48.3
113778,680118,"Dairon Blanco",32,2025,"KC",8,8,6,1,0,1,0,0,2,2,1,0,2,0,3,2,0,2,0,0
57850,527038,"Wilmer Flores",33,2025,"SF",125,463,419,101,75,10,0,16,159,44,71,34,88,7,1,0,3,0,16,59.1
59432,545361,"Mike Trout",33,2025,"LAA",130,556,456,106,65,14,1,26,200,73,64,87,178,6,2,0,6,0,7,56.2
59660,571771,"Enrique Hernández",33,2025,"LAD",85,256,232,47,29,8,0,10,85,30,35,18,68,0,0,0,5,1,7,43.3
60095,545121,"Ildemaro Vargas",33,2025,"AZ",38,121,115,31,25,2,1,3,44,12,19,2,15,2,0,0,1,1,3,33.3
60408,545341,"Randal Grichuk",33,2025,,112,293,272,62,34,18,1,9,109,35,27,17,61,1,0,1,3,0,6,42.9
60676,572138,"Jon Singleton",33,2025,"HOU",3,9,9,1,1,0,0,0,1,0,0,0,1,0,0,0,0,0,0,
60956,570482,"Gio Urshela",33,2025,"ATH",56,197,181,43,28,14,1,0,59,10,20,13,40,0,0,1,1,2,6,20
66068,553882,"Omar Narváez",33,2025,"CWS",3,10,7,2,2,0,0,0,2,1,3,2,1,0,0,0,1,0,0,0
66110,553993,"Eugenio Suárez",33,2025,,159,657,588,134,57,28,0,49,309,91,118,46,196,16,4,1,7,0,13,63.7
66719,575929,"Willson Contreras",33,2025,"STL",135,563,490,126,74,31,1,20,219,70,80,44,142,23,5,1,4,1,16,45.7
66955,592206,"Nick Castellanos",33,2025,"PHI",146,589,547,137,91,27,2,17,219,72,72,32,133,4,4,0,6,0,16,40.3
67072,592626,"Joc Pederson",33,2025,"TEX",96,306,265,48,28,10,1,9,87,28,26,34,65,5,2,0,1,0,5,39.3
67098,592696,"Eddie Rosario",33,2025,,5,8,8,1,1,0,0,0,1,1,0,0,2,0,0,0,0,0,0,0
67156,592885,"Christian Yelich",33,2025,"MIL",150,644,573,151,101,21,0,29,259,88,103,64,167,6,16,6,1,0,6,44.3
68520,592178,"Kris Bryant",33,2025,"COL",11,41,39,6,4,2,0,0,8,2,1,2,13,0,0,0,0,0,1,0
68603,592450,"Aaron Judge",33,2025,"NYY",152,679,541,179,94,30,2,53,372,137,114,124,160,7,12,5,7,0,16,56.2
68660,592669,"Hunter Renfroe",33,2025,"KC",32,108,99,18,12,6,0,0,24,5,4,8,21,0,0,0,1,0,4,0
101618,624428,"Adam Frazier",33,2025,,134,459,419,112,85,20,0,7,153,43,44,26,81,8,8,6,5,1,9,27.9
101657,624585,"Jorge Soler",33,2025,"LAA",81,315,279,60,36,12,0,12,108,31,34,28,94,4,0,0,3,0,6,64.5
103451,643446,"Jeff McNeil",33,2025,"NYM",122,462,399,97,59,21,5,12,164,42,54,49,55,8,3,0,4,2,7,52.4
103726,650490,"Yandy Díaz",33,2025,"TB",150,651,583,175,120,29,1,25,281,79,83,57,92,6,3,1,5,0,14,49.4
58767,543877,"Christian Vázquez",34,2025,"MIN",62,214,190,36,26,7,0,3,52,14,14,18,35,4,1,1,2,0,4,50
59145,542303,"Marcell Ozuna",34,2025,"ATL",145,592,487,114,74,19,0,21,196,61,68,94,144,3,0,0,7,0,14,52.5
59586,571448,"Nolan Arenado",34,2025,"STL",106,436,401,95,64,18,1,12,151,48,52,28,49,3,3,0,4,0,11,47.9
59592,571466,"Tucker Barnhart",34,2025,"TEX",6,15,13,3,3,0,0,0,3,0,0,1,4,1,0,0,0,0,2,
66057,553869,"Elias Díaz",34,2025,"SD",96,282,254,52,36,7,0,9,86,34,29,21,73,2,0,0,0,5,11,41.2
66594,572191,"Michael A. Taylor",34,2025,"CWS",119,325,295,59,29,20,1,9,108,33,35,23,110,1,8,3,2,4,7,36.4
67084,592663,"J.T. Realmuto",34,2025,"PHI",134,550,502,129,90,26,1,12,193,57,52,35,129,9,8,2,3,0,13,40.4
70327,543760,"Marcus Semien",34,2025,"TEX",127,534,470,108,76,16,1,15,171,62,62,50,93,5,11,1,9,0,8,40.3
99953,573262,"Mike Yastrzemski",34,2025,,144,558,477,111,65,28,1,17,192,68,46,72,108,2,7,2,5,2,8,38.2
100007,571970,"Max Muncy",34,2025,"LAD",100,388,313,76,45,10,2,19,147,48,67,64,83,6,4,0,5,0,5,50
100036,571912,"Luke Maile",34,2025,"KC",19,54,45,11,8,2,0,1,16,6,6,7,16,0,1,0,0,2,1,66.7
100121,572233,"Christian Walker",34,2025,"HOU",154,640,585,139,87,24,1,27,246,72,88,40,177,11,2,1,4,0,12,51.4
100171,571657,"Kyle Farmer",34,2025,"COL",96,300,277,63,41,14,0,8,101,24,31,17,66,4,0,1,2,0,9,50
100300,608671,"Travis Jankowski",34,2025,,22,50,45,11,9,2,0,0,13,8,2,3,12,0,2,0,1,1,0,12.5
100317,608701,"Rob Refsnyder",34,2025,"BOS",70,209,182,49,28,12,0,9,88,29,30,24,54,1,3,0,2,0,6,55.2
100496,621035,"Chris Taylor",34,2025,,48,125,113,21,12,7,0,2,34,15,12,5,42,6,2,2,1,0,1,20
101250,623168,"Tyler Heineman",34,2025,"TOR",58,174,149,42,30,8,1,3,61,25,20,12,31,6,2,0,2,5,1,28
102593,641598,"Mitch Garver",34,2025,"SEA",87,290,254,53,38,5,1,9,87,29,30,30,80,3,3,0,3,0,7,51.7
103280,642851,"Austin Wynns",34,2025,,35,110,103,30,16,8,0,6,56,13,21,5,32,0,0,0,1,1,3,46.2
103523,643565,"Mike Tauchman",34,2025,"CWS",93,385,335,88,61,17,1,9,134,44,40,45,86,4,0,0,1,0,6,36.4
55877,514888,"Jose Altuve",35,2025,"HOU",155,654,588,156,105,24,1,26,260,80,77,55,109,4,10,6,6,1,22,46.3
56289,518692,"Freddie Freeman",35,2025,"LAD",147,627,556,164,99,39,2,24,279,81,90,60,128,6,6,2,5,0,15,54.3
57335,521692,"Salvador Perez",35,2025,"KC",155,641,597,141,76,35,0,30,266,54,100,28,125,12,0,0,1,0,15,63
57396,518792,"Jason Heyward",35,2025,"SD",31,95,85,15,11,2,0,2,23,9,12,6,20,0,0,1,3,0,1,44.4
57556,519317,"Giancarlo Stanton",35,2025,"NYY",77,281,249,68,36,8,0,24,148,36,66,29,96,1,0,0,1,0,6,83.3
57969,543309,"Kyle Higashioka",35,2025,"TEX",93,327,303,73,47,14,1,11,122,33,47,20,72,2,3,1,2,0,6,54.5
61044,578428,"Jose Iglesias",35,2025,"SD",109,343,306,70,56,11,0,3,90,29,36,24,56,7,5,1,2,4,7,37.9
65953,542963,"Rob Brantly",35,2025,"MIA",3,7,7,3,3,0,0,0,3,0,1,0,1,0,0,0,0,0,0,
65992,543807,"George Springer",35,2025,"TOR",139,586,498,153,94,26,1,32,277,106,84,69,111,8,18,1,4,0,14,37.7
69159,542932,"Jon Berti",35,2025,"CHC",48,107,100,21,19,2,0,0,23,12,2,5,22,2,11,3,0,0,1,16.7
69508,605113,"Nick Ahmed",35,2025,"TEX",5,10,9,0,0,0,0,0,0,1,0,1,3,0,1,0,0,0,1,0
69513,605131,"Austin Barnes",35,2025,"LAD",13,44,42,9,6,3,0,0,12,4,2,1,14,0,0,0,0,1,1,0
69553,605361,"Nick Martini",35,2025,"COL",43,111,102,23,18,4,0,1,30,9,4,9,18,0,0,0,0,0,1,22.2
69856,607067,"Colin Rea",35,2025,"CHC",1,1,1,0,0,0,0,0,0,0,0,0,1,0,0,0,0,0,0,
70317,543510,"James McCann",35,2025,"AZ",38,137,123,32,21,6,0,5,53,18,17,8,33,4,0,0,1,1,3,44.4
71054,543592,"Austin Nola",35,2025,"COL",14,41,38,7,6,1,0,0,8,2,1,2,5,0,0,0,0,1,3,0
71213,607732,"Jacob Stallings",35,2025,,41,129,119,16,12,4,0,0,20,5,9,6,40,3,0,0,0,1,6,20
51611,500743,"Miguel Rojas",36,2025,"LAD",108,317,290,76,51,18,0,7,115,35,27,24,46,0,5,0,0,3,7,28.6
55784,518595,"Travis d'Arnaud",36,2025,"LAA",67,231,213,42,23,13,0,6,73,16,21,13,74,4,0,0,1,0,5,37.5
55951,506702,"Sandy León",36,2025,"ATL",4,12,12,1,0,0,0,1,4,1,3,0,4,0,0,0,0,0,0,100
56034,516782,"Starling Marte",36,2025,"NYM",98,329,293,79,56,14,0,9,120,37,34,22,68,9,7,2,4,1,8,32.4
59339,518934,"DJ LeMahieu",36,2025,"NYY",41,142,128,34,29,3,0,2,43,13,12,14,35,0,0,0,0,0,4,46.2
66950,592192,"Mark Canha",36,2025,"KC",46,125,113,24,20,3,0,1,30,9,6,7,24,3,0,1,2,0,1,11.1
70093,607680,"Kevin Pillar",36,2025,"TEX",19,43,43,9,7,2,0,0,11,6,1,0,8,0,3,0,0,0,0,50
48772,456781,"Donovan Solano",37,2025,,66,179,166,41,33,4,1,3,56,10,21,8,40,3,0,0,2,0,9,40
50106,502054,"Tommy Pham",37,2025,"PIT",117,449,392,96,68,17,1,10,145,44,52,50,94,2,5,3,5,0,13,38.6
59307,502671,"Paul Goldschmidt",37,2025,"NYY",140,534,489,134,92,31,1,10,197,76,45,36,100,4,5,1,2,0,9,34.2
46400,457705,"Andrew McCutchen",38,2025,"PIT",135,551,477,114,79,22,0,13,175,51,57,67,118,2,1,1,3,0,13,45.1
48082,455117,"Martín Maldonado",38,2025,"SD",61,161,147,30,20,6,0,4,48,11,12,8,57,0,0,0,0,6,3,36.4
48929,467793,"Carlos Santana",39,2025,,122,474,415,91,69,11,0,11,135,49,54,52,91,3,7,0,4,0,9,34.7
51991,457759,"Justin Turner",40,2025,"CHC",77,191,169,37,27,7,0,3,53,14,18,17,37,1,2,0,4,0,3,42.9
51408,493329,"Yuli Gurriel",41,2025,"SD",16,40,36,4,3,1,0,0,5,2,3,4,8,0,0,0,0,0,0,0