"bpid","mlbid","Name","Age","Season","Team","G","PA","AB","H","1B","2B","3B","HR","TB","R","RBI","BB","K","HBP","SB","CS","SF","SH","GDP","GUILLEN"
104004,645277,"Ozzie Albies",20,2017,"ATL",57,244,217,62,42,9,5,6,99,34,28,21,36,3,8,1,1,2,3,35.3
104023,645302,"Victor Robles",20,2017,"WAS",11,27,24,6,3,1,2,0,11,2,4,0,6,2,0,1,1,0,2,0
104042,646240,"Rafael Devers",20,2017,"BOS",58,240,222,63,39,14,0,10,107,34,30,18,57,0,3,1,0,0,5,38.2
100344,609275,"Adalberto Mondesi",21,2017,"KC",24,60,53,9,7,1,0,1,13,4,3,3,22,0,5,2,4,0,2,25
101996,620446,"Richard Urena",21,2017,"TOR",20,75,68,14,9,4,0,1,21,6,4,6,28,0,1,0,1,0,0,50
102106,620439,"Franklin Barreto",21,2017,"OAK",25,76,71,14,9,1,2,2,25,10,6,5,33,0,2,0,0,0,1,40
102110,620443,"Luis Torrens",21,2017,"SD",55,139,123,20,16,3,1,0,25,7,7,12,30,1,0,0,3,0,5,0
102519,641355,"Cody Bellinger",21,2017,"LAD",132,548,480,128,59,26,4,39,279,87,97,64,146,1,10,3,0,3,5,57.5
102864,642336,"Francisco Mejía",21,2017,"CLE",11,14,13,2,2,0,0,0,2,1,1,1,3,0,0,0,0,0,0,0
102940,642423,"Magneuris Sierra",21,2017,"STL",22,64,60,19,19,0,0,0,19,10,5,4,14,0,2,2,0,0,0,10
103202,642707,"Allen Córdoba",21,2017,"SD",93,227,202,42,34,2,2,4,60,17,15,18,54,4,2,2,0,3,2,47.1
103203,642708,"Amed Rosario",21,2017,"NYM",46,170,165,41,29,4,4,4,65,16,10,3,49,2,7,3,0,0,5,37.5
104938,657077,"Alex Verdugo",21,2017,"LAD",15,25,23,4,3,0,0,1,7,1,1,2,4,0,0,1,0,0,1,100
107930,669720,"Austin Hays",21,2017,"BAL",18,63,60,13,9,3,0,1,19,4,8,2,16,0,0,0,0,1,2,50
69600,606115,"Orlando Arcia",22,2017,"MIL",152,548,506,140,106,17,2,15,206,56,53,36,100,1,14,7,2,3,12,35.7
70619,608348,"Carson Kelly",22,2017,"STL",34,75,69,12,9,3,0,0,15,5,6,5,11,1,0,0,0,0,3,0
100152,546990,"Anthony Alford",22,2017,"TOR",4,8,8,1,0,1,0,0,2,0,0,0,3,0,0,0,0,0,0,
100279,608577,"Nomar Mazara",22,2017,"TEX",148,616,554,140,88,30,2,20,234,64,101,55,127,4,2,2,0,3,12,59.4
100349,609280,"Miguel Andujar",22,2017,"NYY",3,8,7,4,2,2,0,0,6,0,4,1,0,0,1,0,0,0,0,
100404,614173,"Franchy Cordero",22,2017,"SD",30,99,92,21,12,3,3,3,39,15,9,6,44,0,1,1,1,0,0,40
100502,621043,"Carlos Correa",22,2017,"HOU",109,480,421,133,83,25,1,24,232,82,84,53,91,2,2,1,0,4,14,48.8
100988,622534,"Manuel Margot",22,2017,"SD",125,529,487,128,90,18,7,13,199,53,39,35,106,2,17,7,1,4,8,35.8
101568,623993,"Anthony Santander",22,2017,"BAL",13,31,30,8,5,3,0,0,11,1,2,0,8,0,0,0,0,1,0,100
101604,624414,"Christian Arroyo",22,2017,"SF",33,135,125,24,16,5,0,3,38,9,14,8,32,1,1,2,0,1,4,44.4
102429,640449,"Clint Frazier",22,2017,"NYY",39,142,134,31,14,9,4,4,60,16,17,7,43,0,1,0,0,1,2,43.8
102559,641487,"J.P. Crawford",22,2017,"PHI",23,87,70,15,10,4,1,0,21,8,6,16,22,0,1,0,0,1,1,12.5
102668,641857,"Ryan McMahon",22,2017,"COL",14,24,19,3,2,1,0,0,4,2,1,5,5,0,0,0,0,0,1,0
102743,642082,"Chance Sisco",22,2017,"BAL",8,22,18,6,2,2,0,2,14,3,4,3,7,1,0,0,0,0,0,66.7
102745,642086,"Dominic Smith",22,2017,"NYM",49,183,167,33,18,6,0,9,66,17,26,14,49,1,0,0,0,1,5,64.7
102779,642180,"Tyler Wade",22,2017,"NYY",23,63,58,9,5,4,0,0,13,7,2,5,19,0,1,1,0,0,2,28.6
105432,660162,"Yoán Moncada",22,2017,"CHW",54,231,199,46,28,8,2,8,82,31,22,29,74,3,3,2,0,0,1,41.9
105437,664023,"Ian Happ",22,2017,"CHC",113,413,364,92,48,17,3,24,187,62,68,39,129,4,8,4,2,4,15,46.8
105574,643217,"Andrew Benintendi",22,2017,"BOS",151,658,573,155,108,26,1,20,243,84,90,70,112,6,20,5,1,8,17,33.3
105665,641432,"Willie Calhoun",22,2017,"TEX",13,37,34,9,8,0,0,1,12,3,4,2,7,1,0,0,0,0,0,33.3
67568,593871,"Jorge Polanco",23,2017,"MIN",132,544,488,125,79,30,3,13,200,60,74,41,78,2,13,5,7,6,9,36.7
69270,596059,"Rougned Odor",23,2017,"TEX",162,651,607,124,70,21,3,30,241,79,75,32,162,8,15,6,0,4,15,62
69306,600466,"Raudy Read",23,2017,"WAS",8,11,11,3,3,0,0,0,3,1,0,0,3,0,0,0,0,0,0,0
69314,600474,"Pedro Severino",23,2017,"WAS",16,31,29,5,4,1,0,0,6,0,3,2,10,0,0,0,0,0,0,
69321,600524,"Renato Núñez",23,2017,"OAK",8,16,15,3,2,0,0,1,6,1,3,1,8,0,0,0,0,0,0,100
69338,600869,"Jeimer Candelario",23,2017,,38,142,127,36,24,9,0,3,54,18,16,13,30,2,0,0,0,0,3,33.3
69615,606132,"Raimel Tapia",23,2017,"COL",67,171,160,46,30,12,2,2,68,27,16,8,36,2,5,2,1,0,3,11.1
69752,606299,"José Peraza",23,2017,"CIN",140,518,487,126,108,9,4,5,158,50,37,20,70,7,23,8,3,1,8,32
69790,606466,"Ketel Marte",23,2017,"AZ",71,255,223,58,40,11,2,5,88,30,18,29,37,1,3,1,0,2,4,26.7
70339,546991,"Albert Almora Jr.",23,2017,"CHC",123,323,299,89,62,18,1,8,133,39,46,19,53,0,1,0,3,2,9,33.3
70343,547004,"Rio Ruiz",23,2017,"ATL",52,173,150,29,20,5,0,4,46,22,19,19,41,1,1,0,0,3,5,27.3
70399,596019,"Francisco Lindor",23,2017,"CLE",159,723,651,178,97,44,4,33,329,99,89,60,93,4,15,3,5,3,11,42.4
70607,608324,"Alex Bregman",23,2017,"HOU",153,626,556,158,95,39,5,19,264,88,71,55,97,7,17,5,1,7,15,33
70608,608325,"Gavin Cecchini",23,2017,"NYM",32,82,77,16,13,2,0,1,21,4,7,4,19,1,0,1,0,0,4,25
70613,608336,"Joey Gallo",23,2017,"TEX",143,532,449,94,32,18,3,41,241,85,80,75,196,8,7,2,0,0,5,65.9
70633,608365,"Addison Russell",23,2017,"CHC",105,385,352,84,48,21,3,12,147,52,43,29,91,4,2,1,0,0,5,34.6
70635,608369,"Corey Seager",23,2017,"LAD",145,613,539,159,104,33,0,22,258,85,77,67,131,4,4,2,0,3,17,38.8
70645,608384,"Nick Williams",23,2017,"PHI",82,343,313,90,60,14,4,12,148,45,55,20,97,6,1,2,0,4,9,51.1
70646,608385,"Jesse Winker",23,2017,"CIN",47,137,121,36,22,7,0,7,64,21,15,15,24,0,1,1,1,0,2,57.1
70804,605233,"Derek Fisher",23,2017,"HOU",50,166,146,31,21,4,1,5,52,21,17,17,54,3,3,3,0,0,2,47.6
71175,607752,"Sam Travis",23,2017,"BOS",31,83,76,20,14,6,0,0,26,13,1,6,23,1,1,0,0,0,4,23.1
100488,621002,"Daniel Robertson",23,2017,"TB",71,254,218,45,31,7,2,5,71,22,19,29,73,4,1,1,1,2,6,45.5
100628,621433,"Brett Phillips",23,2017,"MIL",32,98,87,24,17,3,0,4,39,9,12,9,34,1,5,0,1,0,0,44.4
100631,621439,"Byron Buxton",23,2017,"MIN",136,511,462,117,81,14,6,16,191,69,51,38,150,4,29,1,5,2,2,34.8
100634,621446,"Lewis Brinson",23,2017,"MIL",21,55,47,5,2,0,1,2,13,2,3,7,17,1,1,0,0,0,0,100
100653,621512,"Tomás Nido",23,2017,"NYM",5,10,10,3,2,1,0,0,4,0,3,0,2,0,0,0,0,0,0,
100668,621566,"Matt Olson",23,2017,"OAK",58,216,189,49,23,2,0,24,123,33,45,22,60,5,0,0,0,0,8,78.8
101077,622666,"Johan Camargo",23,2017,"ATL",79,256,241,72,45,21,2,4,109,30,27,12,51,0,0,0,2,1,5,40
101601,624407,"Tzu-Wei Lin",23,2017,"BOS",22,66,56,15,13,0,2,0,19,7,2,9,17,0,1,1,1,0,0,14.3
101626,624507,"Ryder Jones",23,2017,"SF",52,164,150,26,17,5,2,2,41,12,5,10,52,4,1,0,0,0,3,25
102064,605170,"Victor Caratini",23,2017,"CHC",29,66,59,15,11,3,0,1,21,6,2,4,13,3,0,0,0,0,3,33.3
104833,656669,"Jordan Luplow",23,2017,"PIT",26,87,78,16,9,3,1,3,30,6,11,6,22,2,0,1,0,1,4,50
105531,664056,"Harrison Bader",23,2017,"STL",31,92,85,20,14,3,0,3,32,10,10,5,24,1,2,1,0,1,2,40
105846,657557,"Paul DeJong",23,2017,"STL",108,443,417,119,67,26,1,25,222,55,65,21,124,4,1,0,0,1,8,58.2
106961,664057,"Andrew Stevenson",23,2017,"WAS",28,66,57,9,7,2,0,0,11,5,1,7,20,0,1,0,2,0,1,20
107168,621020,"Dansby Swanson",23,2017,"ATL",142,551,488,113,82,23,2,6,158,59,51,59,120,0,3,3,0,4,7,22
60423,570267,"Domingo Santana",24,2017,"MIL",150,607,525,146,87,29,0,30,265,88,85,73,178,6,15,4,0,3,14,45.5
66018,547180,"Bryce Harper",24,2017,"WAS",111,492,420,134,77,27,1,29,250,95,87,68,99,1,4,2,0,3,16,46.3
66883,591720,"Ronald Torreyes",24,2017,"NYY",96,336,315,92,73,15,1,3,118,35,36,11,43,1,2,0,5,4,10,20
66895,591741,"José Osuna",24,2017,"PIT",102,227,215,50,26,13,4,7,92,31,30,9,40,2,0,0,0,1,12,29
66914,591994,"Willy García",24,2017,"CHW",41,119,105,25,15,5,3,2,42,15,12,11,31,0,0,0,1,2,2,26.7
66975,592261,"Delino DeShields",24,2017,"TEX",116,440,376,101,78,15,2,6,138,75,22,44,109,3,29,8,13,4,4,22.7
66982,592273,"Brandon Drury",24,2017,"AZ",135,480,445,119,67,37,2,13,199,41,63,28,103,5,1,1,0,2,9,43.9
67049,592518,"Manny Machado",24,2017,"BAL",156,690,630,163,96,33,1,33,297,81,95,50,115,1,9,4,0,9,20,54.3
67248,593428,"Xander Bogaerts",24,2017,"BOS",146,635,571,156,108,32,6,10,230,94,62,56,116,6,15,1,0,2,19,24.5
67342,593523,"Marco Hernández",24,2017,"BOS",20,60,58,16,13,3,0,0,19,7,2,1,15,1,0,1,0,0,0,0
67346,593527,"Ramón Torres",24,2017,"KC",30,79,74,18,15,3,0,0,21,9,4,4,12,1,1,0,0,0,1,33.3
67347,593528,"Jorge Bonifacio",24,2017,"KC",111,422,384,98,65,15,1,17,166,55,40,35,118,2,1,1,0,1,10,47.3
67472,593700,"Alen Hanson",24,2017,,101,234,217,48,32,9,3,4,75,36,11,12,52,1,11,3,1,3,5,19.4
67574,593934,"Miguel Sanó",24,2017,"MIN",114,483,424,112,67,15,2,28,215,75,77,54,173,4,0,0,0,1,13,50.7
68062,595751,"Jorge Alfaro",24,2017,"PHI",29,114,107,34,23,6,0,5,55,12,14,3,33,4,0,0,0,0,2,50
68066,595777,"Jurickson Profar",24,2017,"TEX",21,70,58,10,8,2,0,0,12,8,5,9,14,1,1,1,2,0,0,25
68087,596142,"Gary Sánchez",24,2017,"NYY",122,525,471,131,78,20,0,33,250,79,90,40,120,10,2,1,0,4,12,55.7
68088,596143,"Luis Sardinas",24,2017,"SD",28,53,49,8,8,0,0,0,8,3,1,4,11,0,1,0,0,0,1,33.3
68089,596144,"Cheslor Cuthbert",24,2017,"KC",51,153,143,33,24,7,0,2,46,10,18,9,39,0,0,0,0,1,3,40
68091,596146,"Max Kepler",24,2017,"MIN",145,568,511,124,71,32,2,19,217,67,69,47,114,6,6,1,1,3,5,38.8
68156,596748,"Maikel Franco",24,2017,"PHI",154,623,575,132,78,29,1,24,235,66,76,41,95,2,0,0,0,5,24,47
68943,595373,"Jack Reinheimer",24,2017,"AZ",2,5,5,0,0,0,0,0,0,0,0,0,3,0,0,0,0,0,0,
69667,606192,"Teoscar Hernández",24,2017,,26,95,88,23,9,6,0,8,53,16,20,6,36,0,0,1,0,1,1,56.3
70217,608070,"José Ramírez",24,2017,"CLE",152,645,585,186,95,56,6,29,341,107,83,52,69,3,17,5,0,5,13,41.1
70387,595879,"Javier Báez",24,2017,"CHC",137,508,469,128,79,24,2,23,225,75,75,30,144,1,10,3,6,2,10,36
70388,595885,"Greg Bird",24,2017,"NYY",48,170,147,28,12,7,0,9,62,20,28,19,42,2,0,0,0,2,3,60
70393,595943,"Phillip Evans",24,2017,"NYM",19,38,33,10,8,2,0,0,12,4,1,4,8,1,0,0,0,0,1,50
70394,595956,"Cam Gallagher",24,2017,"KC",11,27,24,6,4,1,0,1,10,2,5,3,4,0,0,0,0,0,1,50
70397,595978,"Austin Hedges",24,2017,"SD",119,417,387,83,48,17,0,18,154,36,55,23,122,3,4,1,1,3,11,55.6
70406,596115,"Trevor Story",24,2017,"COL",145,555,503,120,61,32,3,24,230,68,82,49,191,2,7,2,0,1,12,42.6
70408,596129,"Daniel Vogelbach",24,2017,"SEA",14,31,28,6,5,1,0,0,7,0,2,3,9,0,0,0,0,0,2,
70430,605141,"Mookie Betts",24,2017,"BOS",153,712,628,166,94,46,2,24,288,101,102,77,79,2,26,3,0,5,10,30.7
70524,607043,"Brandon Nimmo",24,2017,"NYM",68,215,177,46,29,11,1,5,74,26,21,33,60,2,2,0,1,2,4,46.2
70576,607471,"Christopher Bostick",24,2017,"PIT",19,32,27,8,6,2,0,0,10,6,1,4,9,1,0,1,0,0,0,33.3
70770,596105,"Dwight Smith Jr.",24,2017,"TOR",10,29,27,10,8,2,0,0,12,2,1,1,10,1,1,0,0,0,0,50
70775,605137,"Josh Bell",24,2017,"PIT",159,620,549,140,82,26,6,26,256,75,90,66,117,1,2,4,0,4,15,40
70799,605204,"J.D. Davis",24,2017,"HOU",22,68,62,14,6,4,0,4,30,8,7,4,20,1,1,1,0,1,4,50
70802,547170,"Nicky Delmonico",24,2017,"CHW",43,166,141,37,24,4,0,9,68,25,23,23,31,2,2,0,0,0,7,44
70851,605480,"Mallex Smith",24,2017,"TB",81,282,256,69,55,8,4,2,91,33,12,23,62,0,16,5,2,1,3,24.2
70917,607208,"Trea Turner",24,2017,"WAS",97,447,412,117,76,24,6,11,186,75,45,30,80,4,46,8,0,1,6,24
70928,605119,"Brian Anderson",24,2017,"MIA",25,95,84,22,14,7,1,0,31,11,8,10,28,0,0,0,0,1,1,9.1
70950,605548,"Bradley Zimmer",24,2017,"CLE",95,332,299,72,47,15,2,8,115,41,39,26,99,4,18,1,0,3,6,36.6
70972,607223,"AJ Reed",24,2017,"HOU",2,6,6,0,0,0,0,0,0,0,0,0,1,0,0,0,0,0,0,
71245,596103,"Austin Slater",24,2017,"SF",34,127,117,33,26,3,1,3,47,15,16,8,29,2,0,0,0,0,3,33.3
100641,621471,"Boog Powell",24,2017,,50,135,117,33,25,5,0,3,47,24,12,15,30,0,0,1,1,2,2,45.8
100663,621559,"Max Moroff",24,2017,"PIT",54,140,120,24,16,4,1,3,39,19,21,16,43,2,0,1,1,1,0,36.8
100904,622441,"Rafael Bautista",24,2017,"WAS",15,27,25,4,4,0,0,0,4,2,0,2,5,0,0,0,0,0,1,0
100951,622497,"Miguel Gómez",24,2017,"SF",22,34,33,8,6,2,0,0,10,3,2,0,6,0,0,0,0,1,1,33.3
101614,624424,"Michael Conforto",24,2017,"NYM",108,440,373,104,56,20,1,27,207,72,68,57,113,8,2,0,0,2,4,52.8
102040,592567,"Colin Moran",24,2017,"HOU",6,12,11,4,2,0,1,1,9,3,3,1,1,0,0,0,0,0,0,33.3
102427,640447,"Phillip Ervin",24,2017,"CIN",28,64,58,15,10,2,0,3,26,8,10,4,15,1,4,1,1,0,1,37.5
102503,641313,"Tim Anderson",24,2017,"CHW",146,606,587,151,104,26,4,17,236,72,56,13,162,3,15,1,2,1,15,37.5
102646,641796,"Tim Locastro",24,2017,"LAD",3,1,1,0,0,0,0,0,0,0,0,0,0,0,1,0,0,0,0,
102775,642162,"Pat Valaika",24,2017,"COL",106,196,183,47,23,11,0,13,97,28,40,7,54,0,0,0,5,1,1,50
103380,643335,"Zack Granite",24,2017,"MIN",38,107,93,22,19,2,0,1,27,14,13,12,9,0,2,2,1,1,6,21.4
103751,656941,"Kyle Schwarber",24,2017,"CHC",129,486,422,89,42,16,1,30,197,67,59,59,150,5,1,1,0,0,6,58.2
104718,656185,"Greg Allen",24,2017,"CLE",18,39,35,8,6,1,0,1,12,7,6,2,8,1,1,0,0,1,0,42.9
104744,656305,"Matt Chapman",24,2017,"OAK",83,326,290,68,29,23,2,14,137,39,40,32,92,2,0,3,0,2,2,43.6
104806,656555,"Rhys Hoskins",24,2017,"PHI",50,212,170,44,19,7,0,18,105,37,48,37,46,3,2,0,0,2,2,70.3
104961,657145,"Mark Zagunis",24,2017,"CHC",7,18,14,0,0,0,0,0,0,0,1,4,6,0,2,0,0,0,0,
105609,657524,"John Bormann",24,2017,"PIT",1,1,1,0,0,0,0,0,0,0,0,0,1,0,0,0,0,0,0,
57850,527038,"Wilmer Flores",25,2017,"NYM",106,362,336,91,55,17,1,18,164,42,52,17,54,3,1,1,0,6,14,54.8
59432,545361,"Mike Trout",25,2017,"LAA",114,507,402,123,62,25,3,33,253,92,72,94,90,7,22,4,0,4,8,48.9
59660,571771,"Enrique Hernández",25,2017,"LAD",137,342,297,64,27,24,2,11,125,46,37,41,80,0,3,0,1,3,4,39.1
59755,542436,"Cristhian Adames",25,2017,"COL",12,14,13,0,0,0,0,0,0,1,0,1,6,0,0,0,0,0,0,0
60095,545121,"Ildemaro Vargas",25,2017,"AZ",10,13,13,4,3,1,0,0,5,4,4,0,3,0,0,0,0,0,1,25
60408,545341,"Randal Grichuk",25,2017,"STL",121,442,412,98,48,25,3,22,195,53,59,26,133,2,6,1,0,2,10,45.3
60794,570717,"Ramón Flores",25,2017,"LAA",3,9,8,1,1,0,0,0,1,0,1,0,1,0,0,0,0,1,0,
60931,572008,"Chris Owings",25,2017,"AZ",96,386,362,97,59,25,1,12,160,41,51,17,87,1,12,2,2,4,3,41.5
60956,570482,"Gio Urshela",25,2017,"CLE",57,165,156,35,27,7,0,1,45,14,15,8,22,0,0,0,1,0,6,35.7
66013,546318,"Odúbel Herrera",25,2017,"PHI",137,563,526,148,89,42,3,14,238,67,56,31,126,4,8,5,0,2,15,38.8
66017,547172,"Tony Wolters",25,2017,"COL",79,266,229,55,46,8,1,0,65,30,16,33,55,2,0,1,2,0,10,16.7
66068,553882,"Omar Narváez",25,2017,"CHW",88,295,253,70,58,10,0,2,86,23,14,38,45,1,0,0,3,0,8,21.7
66105,553988,"Dixon Machado",25,2017,"DET",66,181,166,43,36,5,1,1,53,17,11,10,32,1,1,0,2,2,7,52.9
66110,553993,"Eugenio Suárez",25,2017,"CIN",155,632,534,139,86,25,2,26,246,87,82,84,147,9,4,5,0,5,18,50.6
66245,570256,"Gregory Polanco",25,2017,"PIT",108,411,379,95,64,20,0,11,148,39,35,27,60,3,8,1,0,1,5,38.5
66263,570481,"Erik González",25,2017,"CLE",44,115,110,28,18,6,0,4,46,18,11,3,37,0,1,2,1,1,1,27.8
66268,570489,"Arismendy Alcántara",25,2017,"CIN",67,108,105,18,13,3,1,1,26,13,7,2,38,0,2,0,1,0,2,15.4
66288,570560,"Yolmer Sánchez",25,2017,"CHW",139,534,484,129,90,19,8,12,200,63,59,35,111,4,8,9,7,4,12,27
66391,570731,"Jonathan Schoop",25,2017,"BAL",160,675,622,182,115,35,0,32,313,92,105,35,142,11,1,0,0,7,22,46.7
66557,571830,"Tommy Joseph",25,2017,"PHI",142,533,495,119,69,27,1,22,214,51,69,33,129,2,1,0,0,3,22,58.8
66719,575929,"Willson Contreras",25,2017,"CHC",117,428,377,104,62,21,0,21,188,50,74,45,98,3,5,4,1,2,13,60
66907,591971,"Breyvic Valera",25,2017,"STL",5,11,10,1,1,0,0,0,1,0,0,1,0,0,0,0,0,0,0,
66927,592122,"Tyler Austin",25,2017,"NYY",16,46,40,9,5,2,0,2,17,4,8,4,17,0,0,0,0,2,1,50
66955,592206,"Nick Castellanos",25,2017,"DET",157,665,614,167,95,36,10,26,301,73,101,41,142,5,4,5,0,5,12,46.6
66963,592230,"Kaleb Cowart",25,2017,"LAA",40,117,102,23,14,5,1,3,39,18,11,10,28,3,4,2,2,0,5,33.3
66995,592325,"Ben Gamel",25,2017,"SEA",134,550,509,140,97,27,5,11,210,68,59,36,122,1,4,1,1,3,9,30.9
67002,592348,"Niko Goodrum",25,2017,"MIN",10,18,17,1,1,0,0,0,1,1,0,1,10,0,0,0,0,0,0,100
67072,592626,"Joc Pederson",25,2017,"LAD",101,323,273,58,27,20,0,11,111,44,35,39,68,10,4,3,0,1,8,47.7
67093,592680,"Yadiel Rivera",25,2017,"MIL",1,2,2,0,0,0,0,0,0,0,0,0,1,0,0,0,0,0,0,
67094,592685,"Drew Robinson",25,2017,"TEX",46,121,107,24,13,5,0,6,47,11,13,14,42,0,0,2,0,0,2,81.8
67098,592696,"Eddie Rosario",25,2017,"MIN",145,589,542,157,95,33,2,27,275,79,78,35,106,0,9,8,4,8,12,40.5
67152,592863,"Mason Williams",25,2017,"NYY",5,17,16,4,4,0,0,0,4,3,1,1,2,0,2,0,0,0,0,33.3
67156,592885,"Christian Yelich",25,2017,"MIA",156,695,602,170,114,36,2,18,264,100,81,80,137,6,16,2,0,6,15,43
67344,593525,"Orlando Calixte",25,2017,"SF",26,55,49,7,6,1,0,0,8,5,6,3,16,0,1,0,1,2,1,20
67700,594694,"Wilmer Difo",25,2017,"WAS",121,365,332,90,71,10,4,5,123,47,21,24,74,1,10,1,5,3,8,27.7
68520,592178,"Kris Bryant",25,2017,"CHC",151,665,549,162,91,38,4,29,295,111,73,95,128,15,7,5,0,6,12,45
68600,592444,"JaCoby Jones",25,2017,"DET",51,154,141,24,17,3,1,3,38,14,13,9,65,4,6,2,0,0,5,28.6
68603,592450,"Aaron Judge",25,2017,"NYY",154,678,542,154,75,24,3,52,340,128,114,127,208,5,9,4,0,4,15,53.1
68660,592669,"Hunter Renfroe",25,2017,"SD",121,479,445,103,51,25,1,26,208,51,58,27,140,6,3,0,0,1,4,54.9
68700,592808,"Andrew Toles",25,2017,"LAD",31,102,96,26,18,3,0,5,44,17,15,5,16,1,0,1,0,0,3,35.3
68737,594576,"Jacob May",25,2017,"CHW",15,42,36,2,2,0,0,0,2,2,3,3,17,1,0,0,2,0,1,0
68830,595144,"Jaycob Brugman",25,2017,"OAK",47,162,143,38,33,2,0,3,49,12,12,18,38,0,1,2,0,1,1,41.7
68908,595284,"Andrew Knapp",25,2017,"PHI",56,204,171,44,32,8,1,3,63,26,13,31,56,0,1,0,0,2,5,26.9
68945,595375,"JT Riddle",25,2017,"MIA",68,247,228,57,40,13,1,3,81,20,31,12,50,0,0,2,2,5,7,20
68982,595453,"Chad Wallach",25,2017,"CIN",5,11,11,1,1,0,0,0,1,0,0,0,5,0,0,0,0,0,0,
70407,596119,"Blake Swihart",25,2017,"BOS",6,7,5,1,1,0,0,0,1,1,0,2,3,0,0,0,0,0,0,0
101618,624428,"Adam Frazier",25,2017,"PIT",121,454,406,112,80,20,6,6,162,55,53,36,57,8,9,5,1,3,10,27.3
101657,624585,"Jorge Soler",25,2017,"KC",33,110,97,14,7,5,0,2,25,7,6,12,36,1,0,0,0,0,5,42.9
102034,592387,"Ryon Healy",25,2017,"OAK",149,605,576,156,102,29,0,25,260,66,78,23,142,4,0,1,0,2,17,57.6
102436,640461,"Chad Pinder",25,2017,"OAK",86,309,282,67,36,15,1,15,129,36,42,18,92,5,2,1,0,3,7,52.8
102507,641319,"Carlos Asuaje",25,2017,"SD",87,343,307,83,64,14,1,4,111,28,21,28,76,2,0,1,5,1,6,32.1
102578,641553,"Adam Engel",25,2017,"CHW",95,336,301,50,30,11,3,6,85,34,21,19,117,8,8,1,8,0,2,35.3
102653,641820,"Trey Mancini",25,2017,"BAL",147,586,543,159,105,26,4,24,265,65,78,33,139,6,1,0,0,4,12,46.2
102771,642156,"Stuart Turner",25,2017,"CIN",35,89,82,11,6,3,0,2,20,4,7,5,22,0,0,0,1,1,5,75
103417,643393,"Tony Kemp",25,2017,"HOU",14,39,37,8,7,1,0,0,9,6,4,1,5,1,1,0,0,0,0,33.3
103726,650490,"Yandy Díaz",25,2017,"CLE",48,179,156,41,32,8,1,0,51,25,13,21,35,1,2,0,0,1,5,24
34706,649557,"Aledmys Díaz",26,2017,"STL",77,301,286,74,50,17,0,7,112,31,20,13,42,0,4,1,1,1,11,38.7
56736,506703,"Adrián Sanchez",26,2017,"WAS",31,75,71,19,12,7,0,0,26,6,11,1,25,1,0,2,2,0,2,16.7
57884,544725,"Leury García",26,2017,"CHW",86,326,300,81,55,15,2,9,127,41,33,13,69,8,8,5,3,2,5,41.5
58420,527043,"Jefry Marte",26,2017,"LAA",45,145,127,22,13,5,0,4,39,10,14,13,34,4,1,0,0,1,3,60
58559,527049,"César Puello",26,2017,,15,39,34,7,7,0,0,0,7,6,3,4,12,1,2,0,0,0,2,16.7
58767,543877,"Christian Vázquez",26,2017,"BOS",93,345,324,94,69,18,2,5,131,43,32,17,64,3,7,2,0,1,15,25.6
59016,541645,"Avisaíl García",26,2017,"CHW",136,561,518,171,121,27,5,18,262,75,80,33,111,9,5,3,0,1,16,42.7
59021,541650,"Hernán Pérez",26,2017,"MIL",128,458,432,112,76,19,3,14,179,47,51,20,79,0,13,4,2,4,8,42.6
59074,542208,"Carlos Pérez",26,2017,"LAA",10,21,20,2,1,0,0,1,5,1,3,1,6,0,0,0,0,0,0,100
59112,542255,"Ender Inciarte",26,2017,"ATL",156,718,662,201,158,27,5,11,271,93,57,49,94,0,22,9,3,4,9,21.5
59145,542303,"Marcell Ozuna",26,2017,"MIA",159,679,613,191,122,30,2,37,336,93,124,64,144,0,1,3,0,2,20,57
59421,545338,"Nick Franklin",26,2017,,65,119,106,19,13,3,1,2,30,9,12,10,22,3,2,0,0,0,1,33.3
59431,545358,"Max Stassi",26,2017,"HOU",12,31,24,4,1,1,0,2,11,5,4,6,4,0,0,0,0,1,3,40
59584,571437,"Aaron Altherr",26,2017,"PHI",104,412,372,101,53,24,5,19,192,58,65,32,104,7,5,4,0,1,14,50
59586,571448,"Nolan Arenado",26,2017,"COL",159,680,606,187,100,43,7,37,355,100,130,62,106,4,3,2,1,6,21,54
59592,571466,"Tucker Barnhart",26,2017,"CIN",119,423,370,100,67,24,2,7,149,26,44,42,68,3,4,0,5,3,12,46.2
59641,571681,"Rey Fuentes",26,2017,"AZ",57,145,136,32,26,1,2,3,46,19,9,8,35,0,4,1,1,0,1,15.8
59654,571740,"Billy Hamilton",26,2017,"CIN",139,633,582,144,112,17,11,4,195,85,38,44,133,0,59,13,5,2,5,21.2
59688,542340,"Jonathan Villar",26,2017,"MIL",122,436,403,97,67,18,1,11,150,49,40,30,132,0,23,8,2,1,4,53.1
59768,542454,"Danny Santana",26,2017,,77,178,168,34,18,10,2,4,60,19,23,8,41,1,7,0,1,0,3,31.6
59818,542513,"Tomás Telis",26,2017,"MIA",47,111,104,25,17,5,3,0,36,13,9,3,10,3,0,0,0,1,2,23.1
59915,542642,"Rymer Liriano",26,2017,"CHW",16,46,41,9,6,2,0,1,14,4,6,5,14,0,1,0,0,0,0,25
60122,572241,"David Washington",26,2017,"BAL",3,6,6,0,0,0,0,0,0,0,0,0,5,0,0,0,0,0,0,
60293,573627,"Kennys Vargas",26,2017,"MIN",76,264,241,61,37,13,0,11,107,33,41,20,77,2,0,0,0,1,11,48.5
60633,571974,"John Ryan Murphy",26,2017,"AZ",2,7,7,1,0,1,0,0,2,0,1,0,1,0,0,0,0,0,2,
60635,571976,"Wil Myers",26,2017,"SD",155,649,567,138,76,29,3,30,263,80,74,70,180,5,20,6,0,7,18,51.3
60640,572000,"Mike Ohlman",26,2017,"TOR",6,13,13,3,3,0,0,0,3,1,1,0,3,0,0,0,0,0,0,0
60737,572204,"Trayce Thompson",26,2017,"LAD",24,55,49,6,2,2,1,1,13,6,2,6,23,0,0,0,0,0,0,50
60958,571602,"Matt Davidson",26,2017,"CHW",118,443,414,91,48,16,1,26,187,43,68,19,165,5,0,1,0,5,15,65.1
66004,545337,"Nolan Fontana",26,2017,"LAA",10,23,20,1,0,0,0,1,4,1,1,3,8,0,1,1,0,0,1,100
66006,545350,"Jake Marisnick",26,2017,"HOU",92,259,230,56,30,10,0,16,114,50,35,20,90,6,9,4,2,1,5,46
66057,553869,"Elias Díaz",26,2017,"PIT",63,200,188,42,27,14,0,1,59,18,19,11,38,0,1,0,0,1,9,16.7
66416,570799,"Christian Villanueva",26,2017,"SD",12,32,32,11,6,1,0,4,24,5,7,0,10,0,0,0,0,0,0,100
66594,572191,"Michael A. Taylor",26,2017,"WAS",116,432,399,108,63,23,3,19,194,55,53,29,137,1,17,7,1,2,3,45.5
67084,592663,"J.T. Realmuto",26,2017,"MIA",141,579,532,148,95,31,5,17,240,68,65,36,106,8,8,2,0,3,14,36.8
67866,594988,"Scott Schebler",26,2017,"CIN",140,531,473,110,53,25,2,30,229,63,67,39,125,14,5,3,0,5,7,57.1
68192,596847,"Ji Man Choi",26,2017,"NYY",6,18,15,4,1,1,0,2,11,2,5,2,5,0,0,0,0,1,1,100
68883,595238,"Jacob Hannemann",26,2017,"SEA",9,20,20,3,2,0,0,1,6,3,1,0,4,0,0,1,0,0,1,33.3
69538,605253,"Terrance Gore",26,2017,"KC",11,5,4,0,0,0,0,0,0,2,0,1,2,0,2,2,0,0,0,0
69564,605412,"Joe Panik",26,2017,"SF",138,573,511,147,104,28,5,10,215,60,53,46,54,5,4,1,3,8,11,25
69578,605486,"Cory Spangenberg",26,2017,"SD",129,486,444,117,84,18,2,13,178,57,46,34,128,5,11,3,2,1,3,33.3
70262,543939,"Kolten Wong",26,2017,"STL",105,410,353,101,67,27,3,4,146,55,42,41,60,12,8,2,1,3,4,27.3
70327,543760,"Marcus Semien",26,2017,"OAK",85,386,342,85,55,19,1,10,136,53,40,38,85,2,12,1,1,3,4,30.2
70360,571918,"Deven Marrero",26,2017,"BOS",63,188,171,36,23,9,0,4,57,32,27,12,61,0,5,0,3,2,8,25
70362,571980,"Tyler Naquin",26,2017,"CLE",17,40,37,8,6,2,0,0,10,4,1,2,9,0,0,1,0,1,1,50
70673,608596,"Tom Murphy",26,2017,"COL",11,26,24,1,0,1,0,0,2,1,1,2,9,0,0,0,0,0,0,0
70764,571718,"Brian Goodwin",26,2017,"WAS",74,278,251,63,28,21,1,13,125,41,30,23,69,1,6,0,0,3,6,48.8
71291,607776,"Mac Williamson",26,2017,"SF",28,73,68,16,11,2,0,3,27,8,6,5,25,0,1,1,0,0,2,37.5
99903,572287,"Mike Zunino",26,2017,"SEA",117,435,387,97,47,25,0,25,197,52,64,39,160,8,1,0,0,1,10,59.6
99914,571745,"Mitch Haniger",26,2017,"SEA",96,410,369,104,61,25,2,16,181,58,47,31,93,9,5,4,1,0,14,41.4
99919,572228,"Luke Voit",26,2017,"STL",59,124,114,28,15,9,0,4,49,18,18,7,31,3,0,0,0,0,4,33.3
99963,571875,"Jake Lamb",26,2017,"AZ",149,635,536,133,69,30,4,30,261,89,105,87,152,7,6,4,0,5,16,52.8
100025,573088,"Cameron Perkins",26,2017,"PHI",42,97,88,16,10,5,0,1,24,9,8,5,23,2,0,0,0,2,2,22.2
100036,571912,"Luke Maile",26,2017,"TOR",45,136,130,19,12,5,0,2,30,10,7,3,35,2,1,0,0,1,2,40
100059,572039,"Stephen Piscotty",26,2017,"STL",106,401,341,80,54,16,1,9,125,40,39,52,87,5,3,6,0,3,14,32.5
100121,572233,"Christian Walker",26,2017,"AZ",11,15,12,3,0,1,0,2,10,2,2,1,5,2,0,0,0,0,0,100
100171,571657,"Kyle Farmer",26,2017,"LAD",18,20,20,6,5,1,0,0,7,1,2,0,3,0,0,0,0,0,2,0
100182,572073,"Joey Rickard",26,2017,"BAL",99,277,261,63,44,15,0,4,90,29,19,9,63,4,8,1,2,1,7,24.1
100187,572227,"Zach Vincej",26,2017,"CIN",9,12,9,1,1,0,0,0,1,2,0,1,5,2,0,0,0,0,0,50
100193,581527,"Devon Travis",26,2017,"TOR",50,197,185,48,25,18,0,5,81,22,24,7,38,2,4,2,1,2,5,40.9
100300,608671,"Travis Jankowski",26,2017,"SD",26,87,75,14,12,2,0,0,16,10,1,9,28,1,4,0,2,0,3,20
100301,608672,"Micah Johnson",26,2017,"ATL",14,11,10,2,2,0,0,0,2,2,0,0,4,0,1,0,1,0,0,50
100316,608700,"Kevin Plawecki",26,2017,"NYM",35,118,100,26,18,5,0,3,40,11,13,14,17,3,1,0,0,1,2,36.4
100317,608701,"Rob Refsnyder",26,2017,,45,98,88,15,12,2,1,0,19,8,0,8,17,1,4,1,0,0,4,25
100318,608703,"Matt Reynolds",26,2017,"NYM",62,130,113,26,22,1,2,1,34,12,5,14,37,2,0,1,1,0,2,25
100496,621035,"Chris Taylor",26,2017,"LAD",140,568,514,148,88,34,5,21,255,85,72,50,142,3,17,4,0,1,5,44.7
100767,622194,"Bruce Maxwell",26,2017,"OAK",75,253,219,52,37,12,0,3,73,21,22,31,63,0,0,0,1,2,10,42.9
100803,622270,"Alex D. Mejia",26,2017,"STL",24,49,46,5,4,0,0,1,8,6,3,2,13,0,0,0,1,0,2,33.3
101652,624577,"Yasiel Puig",26,2017,"LAD",151,570,499,131,77,24,2,28,243,72,74,64,100,2,15,6,0,5,22,48.6
102267,628338,"Guillermo Heredia",26,2017,"SEA",119,426,386,96,74,16,0,6,130,43,24,27,64,11,1,5,1,1,11,30.2
102355,630111,"Yasmany Tomás",26,2017,"AZ",47,180,166,40,20,11,1,8,77,19,32,13,50,0,0,0,0,1,3,52.6
102593,641598,"Mitch Garver",26,2017,"MIN",20,52,46,9,5,1,3,0,16,5,3,6,15,0,0,0,0,0,1,0
102749,642094,"Tyler Smith",26,2017,"SEA",8,19,16,3,2,1,0,0,4,2,1,1,8,1,0,0,0,1,0,0
103340,643265,"Garrett Cooper",26,2017,"NYY",13,45,43,14,8,5,1,0,21,3,6,1,12,0,0,0,0,1,0,0
103523,643565,"Mike Tauchman",26,2017,"COL",30,32,27,6,5,0,1,0,8,2,2,5,10,0,1,2,0,0,1,0
103546,643603,"Tyler White",26,2017,"HOU",21,67,61,17,8,6,0,3,32,7,10,4,16,1,0,1,0,1,0,71.4
50677,501303,"Ehire Adrianza",27,2017,"MIN",67,186,162,43,30,9,2,2,62,30,24,16,25,1,8,1,1,6,0,23.3
55701,518542,"Juan Centeno",27,2017,"HOU",18,57,52,12,10,0,0,2,18,5,4,4,12,0,0,0,1,0,2,40
55877,514888,"Jose Altuve",27,2017,"HOU",153,662,590,204,137,39,4,24,323,112,81,58,84,9,32,6,1,4,19,33
56289,518692,"Freddie Freeman",27,2017,"ATL",117,514,440,135,70,35,2,28,258,84,71,65,95,7,8,5,0,2,11,45.2
56444,514917,"César Hernández",27,2017,"PHI",128,577,511,150,109,26,6,9,215,85,34,61,104,4,15,5,0,1,10,24.7
56734,516949,"Héctor Sánchez",27,2017,"SD",74,143,137,30,18,4,0,8,58,14,25,5,41,0,0,0,0,1,4,71.4
56761,516416,"Jean Segura",27,2017,"SEA",125,566,524,157,114,30,2,11,224,80,45,34,83,6,22,8,0,1,18,37.5
56850,514913,"Rubén Tejada",27,2017,"BAL",36,124,113,26,20,6,0,0,32,17,5,8,15,2,0,0,1,0,6,29.4
57096,506747,"Francisco Peña",27,2017,"BAL",4,10,10,5,3,0,0,2,11,3,2,0,3,0,0,0,0,0,0,66.7
57268,517369,"José Pirela",27,2017,"SD",82,344,312,90,51,25,4,10,153,43,40,27,71,2,4,3,1,2,8,37.2
57278,516770,"Starlin Castro",27,2017,"NYY",112,473,443,133,98,18,1,16,201,66,63,23,93,4,2,0,0,3,12,42.4
57302,520471,"Freddy Galvis",27,2017,"PHI",162,663,608,155,108,29,6,12,232,71,61,45,111,4,14,5,2,4,14,38
57335,521692,"Salvador Perez",27,2017,"KC",128,499,471,126,74,24,1,27,233,57,80,17,95,5,1,0,0,5,25,56.1
57396,518792,"Jason Heyward",27,2017,"CHC",123,481,432,112,82,15,4,11,168,59,59,41,67,3,4,4,2,2,10,37.3
57514,519203,"Anthony Rizzo",27,2017,"CHC",157,691,572,156,89,32,3,32,290,99,109,91,90,24,10,4,0,4,23,48.5
57556,519317,"Giancarlo Stanton",27,2017,"MIA",159,692,597,168,77,32,0,59,377,123,132,85,163,7,2,2,0,3,13,57.7
57781,543094,"Jaff Decker",27,2017,"OAK",17,62,50,10,8,1,1,0,13,4,1,8,17,1,1,1,3,0,1,0
57919,543257,"Robbie Grossman",27,2017,"MIN",119,456,382,94,62,22,1,9,145,62,45,67,79,3,3,1,2,2,6,35.5
57967,543305,"Aaron Hicks",27,2017,"NYY",88,361,301,80,47,18,0,15,143,54,52,51,67,3,10,5,1,5,9,50
57969,543309,"Kyle Higashioka",27,2017,"NYY",8,20,18,0,0,0,0,0,0,2,0,2,6,0,0,0,0,0,0,50
57988,543333,"Eric Hosmer",27,2017,"KC",162,671,603,192,135,31,1,25,300,98,94,66,104,0,6,1,0,2,22,49
58058,542921,"Tim Beckham",27,2017,,137,575,533,148,103,18,5,22,242,67,62,36,167,4,6,5,1,1,11,41.8
58320,543362,"A.J. Jimenez",27,2017,"TEX",7,13,12,1,1,0,0,0,1,0,0,0,7,0,0,0,1,0,1,
58809,544369,"Didi Gregorius",27,2017,"NYY",136,570,534,153,101,27,0,25,255,73,87,25,70,3,3,1,0,7,11,52.1
58862,543611,"Danny Ortiz",27,2017,"PIT",8,13,12,1,1,0,0,0,1,1,0,1,1,0,0,0,0,0,0,0
59480,547912,"Gift Ngoepe",27,2017,"PIT",24,63,54,12,9,2,1,0,16,10,6,8,26,0,0,0,1,0,0,20
59617,571553,"Darrell Ceciliani",27,2017,"TOR",3,5,5,2,0,1,0,1,6,2,3,0,0,0,0,0,0,0,0,50
59871,542583,"Jesús Aguilar",27,2017,"MIL",129,311,279,74,41,15,2,16,141,40,52,25,94,4,0,0,0,3,9,57.5
60150,572669,"Lane Adams",27,2017,"ATL",79,122,109,30,20,4,1,5,51,19,20,10,37,1,10,0,1,1,3,36.8
60831,542979,"Keon Broxton",27,2017,"MIL",134,463,414,91,52,15,4,20,174,66,49,40,175,7,21,7,1,1,4,39.4
61044,578428,"Jose Iglesias",27,2017,"DET",128,489,463,118,78,33,1,6,171,56,54,21,65,1,7,4,3,1,6,26.8
65856,518466,"Jabari Blash",27,2017,"SD",61,195,164,35,24,6,0,5,56,24,16,28,66,2,1,2,0,1,5,37.5
65867,518618,"Derek Dietrich",27,2017,"MIA",133,464,406,101,61,22,5,13,172,56,53,36,98,18,0,1,0,4,7,30.4
65918,519333,"Matt Szczur",27,2017,,109,237,195,44,27,12,2,3,69,28,18,34,44,4,0,2,3,1,2,25
65953,542963,"Rob Brantly",27,2017,"CHW",12,36,31,9,6,1,0,2,16,4,5,3,14,2,0,0,0,0,0,75
65977,543484,"Mikie Mahtook",27,2017,"DET",104,379,348,96,63,15,6,12,159,50,38,23,79,6,6,0,0,2,4,38
65980,543543,"Brad Miller",27,2017,"TB",110,407,338,68,43,13,3,9,114,43,40,63,110,2,5,3,0,4,5,39.5
65992,543807,"George Springer",27,2017,"HOU",140,629,548,155,92,29,0,34,286,112,85,64,111,11,5,7,0,4,17,42.9
66539,571697,"Scooter Gennett",27,2017,"CIN",140,497,461,136,84,22,3,27,245,80,97,30,114,4,3,2,0,2,17,45
66662,573135,"Tyler Saladino",27,2017,"CHW",75,281,253,45,34,9,2,0,58,23,10,23,67,3,5,4,2,0,5,8.7
67119,592743,"Andrelton Simmons",27,2017,"LAA",158,647,589,164,110,38,2,14,248,77,69,47,67,3,19,6,0,8,22,39
67754,594824,"Greg Garcia",27,2017,"STL",126,290,241,61,48,9,2,2,80,27,20,37,64,6,2,1,5,1,6,29.6
67964,595281,"Kevin Kiermaier",27,2017,"TB",98,421,380,105,72,15,3,15,171,56,39,31,99,5,16,7,4,1,4,39.3
68302,598265,"Jackie Bradley Jr.",27,2017,"BOS",133,541,482,118,79,19,3,17,194,58,63,48,124,9,8,3,0,2,12,37.9
68673,592731,"Steve Selsky",27,2017,"BOS",7,9,9,1,0,1,0,0,2,0,0,0,5,0,0,0,0,0,0,
68969,595426,"Brock Stassi",27,2017,"PHI",49,90,78,13,8,2,1,2,23,6,7,12,22,0,0,0,0,0,5,50
69158,542908,"Jett Bandy",27,2017,"MIL",58,188,169,35,23,6,0,6,59,14,18,15,51,4,1,0,0,0,5,71.4
69188,543768,"Travis Shaw",27,2017,"MIL",144,606,538,147,81,34,1,31,276,84,101,60,138,4,10,0,1,3,22,47.6
69304,600301,"Taylor Motter",27,2017,"SEA",87,280,258,51,32,12,0,7,84,29,26,21,62,0,12,1,0,1,9,37.9
69508,605113,"Nick Ahmed",27,2017,"AZ",53,178,167,42,27,8,1,6,70,24,21,10,39,1,3,4,0,0,6,33.3
69512,605125,"Cody Asche",27,2017,"CHW",19,62,57,6,4,1,0,1,10,5,4,3,21,2,0,0,0,0,1,40
69513,605131,"Austin Barnes",27,2017,"LAD",98,262,218,63,38,15,2,8,106,35,38,39,43,5,4,1,0,0,6,31.4
69580,605509,"Kelby Tomlinson",27,2017,"SF",101,222,194,50,43,4,2,1,61,32,11,23,46,0,9,1,2,3,10,9.4
69854,607054,"Jace Peterson",27,2017,"ATL",87,215,186,40,27,9,2,2,59,15,17,27,48,1,3,0,1,0,4,20
69970,607387,"Ryan Rua",27,2017,"TEX",53,144,129,28,19,6,0,3,43,17,12,14,52,0,2,2,1,0,3,35.3
70296,542993,"Billy Burns",27,2017,"KC",5,6,6,1,1,0,0,0,1,1,0,0,1,0,0,1,0,0,0,0
70301,543068,"C.J. Cron",27,2017,"LAA",99,373,339,84,53,14,1,16,148,39,56,22,96,7,3,2,0,3,7,56.4
70302,543089,"Taylor Davis",27,2017,"CHC",7,13,13,3,2,1,0,0,4,1,1,0,4,0,0,0,0,0,0,100
70307,543308,"John Hicks",27,2017,"DET",59,190,173,46,28,12,0,6,76,25,22,13,51,3,2,1,0,1,6,32
70317,543510,"James McCann",27,2017,"DET",105,391,352,89,60,14,2,13,146,39,49,26,89,9,1,0,1,3,9,43.6
70443,605227,"Taylor Featherston",27,2017,"TB",17,47,39,7,4,1,0,2,14,6,6,5,15,1,1,0,0,2,1,50
70466,605357,"Mike Marjama",27,2017,"SEA",4,9,9,3,1,1,0,1,7,1,1,0,1,0,0,0,0,0,0,100
70556,607297,"O'Koyea Dickson",27,2017,"LAD",6,9,7,1,1,0,0,0,1,0,0,2,2,0,0,0,0,0,0,
70568,607385,"Tyler Collins",27,2017,"DET",49,169,150,29,19,4,1,5,50,18,14,18,55,0,0,4,0,1,2,61.1
70755,543685,"Anthony Rendon",27,2017,"WAS",146,605,508,153,86,41,1,25,271,81,100,84,82,7,7,2,0,6,7,50.6
70779,572180,"Andrew Susac",27,2017,"MIL",8,12,12,1,1,0,0,0,1,0,0,0,6,0,0,0,0,0,0,
71213,607732,"Jacob Stallings",27,2017,"PIT",4,16,14,5,3,2,0,0,7,3,3,2,2,0,0,0,0,0,0,0
100666,621563,"Joey Wendle",27,2017,"OAK",7,14,13,4,2,1,0,1,8,3,5,1,3,0,0,0,0,0,0,66.7
100776,622210,"Ian Parmley",27,2017,"TOR",1,4,3,0,0,0,0,0,0,0,0,0,1,0,0,0,1,0,0,
101262,623182,"Patrick Kivlehan",27,2017,"CIN",111,204,178,37,22,5,1,9,71,23,26,22,61,3,1,2,0,1,3,39.1
46980,462101,"Elvis Andrus",28,2017,"TEX",158,689,643,191,123,44,4,20,303,100,88,38,101,3,25,10,1,4,20,32
50096,502029,"Chris Marrero",28,2017,"SF",15,41,38,5,4,0,0,1,8,2,5,2,9,0,0,0,0,1,4,50
50609,503556,"Marwin Gonzalez",28,2017,"HOU",132,516,456,138,81,34,0,23,241,67,90,49,100,6,8,3,3,2,9,47.8
50845,501571,"Juan Lagares",28,2017,"NYM",89,272,252,63,42,16,2,3,92,37,15,14,56,3,7,3,2,1,7,18.9
50910,501659,"Abraham Almonte",28,2017,"CLE",65,195,172,40,26,8,3,3,63,26,14,20,46,1,2,1,1,1,2,23.1
51220,492802,"Juan Graterol",28,2017,"LAA",32,87,84,17,13,4,0,0,21,5,10,1,13,0,0,0,0,2,5,0
51611,500743,"Miguel Rojas",28,2017,"MIA",81,306,272,79,60,16,2,1,102,37,26,27,32,4,2,1,1,2,7,21.6
51653,500871,"Eduardo Escobar",28,2017,"MIN",128,499,457,116,74,16,5,21,205,62,73,33,98,5,5,1,1,3,7,38.7
51656,500874,"José A. Martínez",28,2017,"STL",105,307,272,84,56,13,1,14,141,47,46,32,60,0,4,0,1,2,10,42.6
55773,518586,"Charlie Culberson",28,2017,"LAD",9,15,13,2,1,1,0,0,3,0,1,2,4,0,0,0,0,0,2,
55784,518595,"Travis d'Arnaud",28,2017,"NYM",111,376,348,85,49,19,1,16,154,39,57,23,59,2,0,0,0,3,13,53.8
55889,506560,"Alexi Amarista",28,2017,"COL",92,176,168,40,27,10,0,3,59,22,19,7,38,0,1,0,1,0,5,36.4
55951,506702,"Sandy León",28,2017,"BOS",82,301,271,61,40,14,0,7,96,32,39,25,74,1,0,0,1,3,6,40.6
56034,516782,"Starling Marte",28,2017,"PIT",77,339,309,85,69,7,2,7,117,48,31,20,63,8,21,4,0,2,5,33.3
56792,519295,"Jake Smolinski",28,2017,"OAK",14,29,27,7,6,1,0,0,8,1,0,1,6,1,0,0,0,0,0,0
56806,519306,"Steven Souza Jr.",28,2017,"TB",147,617,523,125,72,21,2,30,240,78,78,84,179,7,16,4,2,1,10,48.7
57013,519083,"Derek Norris",28,2017,"TB",53,198,179,36,22,5,0,9,68,21,24,12,48,3,1,0,0,4,5,47.6
57478,519058,"Mike Moustakas",28,2017,"KC",148,598,555,151,89,24,0,38,289,75,85,34,94,3,0,0,0,6,18,54.7
57520,519222,"Austin Romine",28,2017,"NYY",74,252,229,50,38,9,1,2,67,19,21,16,57,2,0,0,2,3,7,31.6
58147,502082,"Lonnie Chisenhall",28,2017,"CLE",81,270,236,68,38,17,1,12,123,34,53,25,55,3,2,2,3,3,7,50
58259,519025,"Will Middlebrooks",28,2017,"TEX",19,39,38,8,4,2,2,0,14,5,3,1,14,0,0,0,0,0,0,0
58261,519037,"Carlos Moncrief",28,2017,"SF",28,43,38,8,7,1,0,0,9,4,5,3,15,0,0,0,0,2,1,0
58394,543459,"Steve Lombardozzi",28,2017,"MIA",2,8,8,0,0,0,0,0,0,0,0,0,2,0,0,0,0,0,0,
59339,518934,"DJ LeMahieu",28,2017,"COL",155,682,609,189,149,28,4,8,249,95,64,59,90,6,6,5,3,5,30,27.4
59467,547379,"Roberto Pérez",28,2017,"CLE",70,248,217,45,25,12,0,8,81,22,38,26,71,0,0,1,4,1,4,45.5
59582,571431,"Matt Adams",28,2017,,130,367,339,93,50,22,1,20,177,46,65,23,88,1,0,0,0,4,6,56.5
60927,571841,"Ty Kelly",28,2017,,66,105,89,17,8,7,0,2,30,11,14,8,25,1,0,0,4,3,0,36.4
65863,518568,"Christian Colón",28,2017,,22,57,50,8,7,1,0,0,9,4,0,5,10,0,0,0,2,0,4,25
65870,518735,"Yasmani Grandal",28,2017,"LAD",129,482,438,108,59,27,0,22,201,50,58,40,130,0,0,1,1,3,10,52
65906,519237,"Cameron Rupp",28,2017,"PHI",88,331,295,64,33,17,0,14,123,35,34,34,114,1,1,0,0,1,6,57.1
65938,534606,"Ryan LaMarre",28,2017,"OAK",3,8,7,0,0,0,0,0,0,0,0,1,3,0,0,0,0,0,0,
66535,571679,"David Freitas",28,2017,"ATL",5,17,17,4,2,2,0,0,6,2,2,0,4,0,0,0,0,0,1,0
66638,572816,"Corey Dickerson",28,2017,"TB",150,629,588,166,102,33,4,27,288,84,62,35,152,3,4,3,0,2,11,45.2
66691,574847,"Rob Segedin",28,2017,"LAD",10,20,20,4,2,2,0,0,6,3,1,0,7,0,0,0,0,0,0,33.3
66729,576397,"Jedd Gyorko",28,2017,"STL",125,481,426,116,73,21,2,20,201,52,67,47,105,1,6,2,0,7,13,44.2
66810,588751,"Adeiny Hechavarría",28,2017,,96,348,330,86,59,14,5,8,134,37,30,13,67,1,4,1,2,2,9,40.5
66950,592192,"Mark Canha",28,2017,"OAK",56,187,173,36,17,13,1,5,66,16,14,7,56,6,2,0,0,1,5,43.8
67020,592419,"Jared Hoying",28,2017,"TEX",28,77,72,16,12,3,0,1,22,13,7,4,23,0,3,0,0,1,0,7.7
67064,592592,"Brett Nicholas",28,2017,"TEX",21,65,63,15,9,4,0,2,25,7,11,2,13,0,0,0,0,0,2,42.9
67105,592710,"Josh Rutledge",28,2017,"BOS",34,118,107,24,21,2,1,0,28,10,9,9,31,2,1,0,0,0,1,10
67175,593160,"Whit Merrifield",28,2017,"KC",145,630,587,169,112,32,6,19,270,80,78,29,88,6,34,8,1,7,14,31.3
67744,594807,"Adam Duvall",28,2017,"CIN",156,647,587,146,75,37,3,31,282,78,99,39,170,10,5,3,0,11,12,50
67746,594809,"Adam Eaton",28,2017,"WAS",23,107,91,27,17,7,1,2,42,24,13,14,18,1,3,1,0,1,0,41.7
67762,594838,"Phil Gosselin",28,2017,,37,50,48,7,5,2,0,0,9,3,2,2,12,0,0,1,0,0,1,0
68387,518649,"Brett Eibner",28,2017,"LAD",16,36,33,6,4,0,0,2,12,3,6,2,17,1,0,0,0,0,0,66.7
68648,592620,"Jarrett Parker",28,2017,"SF",51,177,166,41,23,12,2,4,69,14,23,10,54,1,2,1,0,0,3,50
69305,600303,"Tommy La Stella",28,2017,"CHC",73,151,125,36,23,8,0,5,59,18,22,20,18,2,0,0,0,2,3,44.4
69960,607369,"Travis Taijeron",28,2017,"NYM",26,59,52,9,6,2,0,1,14,3,3,5,24,2,0,0,0,0,1,66.7
70093,607680,"Kevin Pillar",28,2017,"TOR",151,632,587,150,96,37,1,16,237,72,42,33,95,6,15,6,3,3,15,41.7
70210,608061,"T.J. Rivera",28,2017,"NYM",72,231,214,62,43,13,1,5,92,27,27,9,32,5,1,0,1,2,6,33.3
70378,592200,"Curt Casali",28,2017,"TB",6,13,9,3,2,0,0,1,6,2,3,3,3,0,0,0,0,1,0,50
49829,467092,"Wilson Ramos",29,2017,"TB",62,224,208,54,37,6,0,11,93,19,35,10,36,0,0,0,0,3,11,63.2
50106,502054,"Tommy Pham",29,2017,"STL",128,530,444,136,89,22,2,23,231,95,73,71,117,10,25,7,2,3,18,33.7
51184,491696,"Jesús Sucre",29,2017,"TB",58,192,176,45,32,6,0,7,72,20,29,7,35,3,2,0,2,4,6,75
51557,500208,"Yangervis Solarte",29,2017,"SD",127,512,466,119,80,21,0,18,194,49,64,37,61,5,3,0,0,4,18,65.3
51804,489149,"Logan Morrison",29,2017,"TB",149,601,512,126,65,22,1,38,264,75,85,81,149,5,2,0,0,3,14,68
51885,491676,"Gorkys Hernández",29,2017,"SF",117,348,310,79,58,20,1,0,101,40,22,31,73,3,12,4,2,2,7,7.5
51985,457708,"Justin Upton",29,2017,,152,635,557,152,73,44,0,35,301,100,109,74,180,3,14,5,0,1,9,44
52260,444482,"David Peralta",29,2017,"AZ",140,577,525,154,106,31,3,14,233,82,57,43,94,6,8,4,0,3,7,37.8
54187,547982,"Leonys Martin",29,2017,,45,138,128,22,15,3,1,3,36,14,9,8,33,2,7,4,0,0,2,42.9
56104,519023,"Devin Mesoraco",29,2017,"CIN",55,165,141,30,18,5,1,6,55,17,14,18,38,5,1,0,0,1,4,47.1
56615,519184,"Ben Revere",29,2017,"LAA",107,308,291,80,64,13,2,1,100,37,20,15,25,0,21,6,0,2,7,18.9
57426,518902,"Pete Kozma",29,2017,,31,51,45,5,4,0,0,1,8,6,2,3,20,2,0,1,1,0,0,33.3
57748,543216,"Conor Gillaspie",29,2017,"SF",42,87,80,13,7,4,0,2,23,8,8,5,10,1,0,0,0,1,3,37.5
57951,543281,"Josh Harrison",29,2017,"PIT",128,542,486,132,88,26,2,16,210,66,47,28,90,23,12,4,2,3,6,37.9
58217,543148,"Tim Federowicz",29,2017,"SF",10,14,13,3,1,0,0,2,9,3,3,1,4,0,0,0,0,0,1,66.7
58220,543213,"Johnny Giavotella",29,2017,"BAL",5,10,10,1,1,0,0,0,1,0,0,0,4,0,1,0,0,0,0,
58267,451089,"Shane Peterson",29,2017,"TB",30,88,79,20,13,5,0,2,31,9,11,5,21,2,2,0,0,1,2,33.3
58373,543432,"Ryan Lavarnway",29,2017,"OAK",6,13,11,3,2,1,0,0,4,0,2,1,3,1,0,0,0,0,1,
58495,543590,"Kirk Nieuwenhuis",29,2017,"MIL",15,31,26,3,1,1,0,1,7,3,1,4,15,1,0,0,0,0,0,100
58880,543829,"Dee Strange-Gordon",29,2017,"MIA",157,695,653,201,170,20,9,2,245,114,33,25,93,10,60,16,2,4,9,26.3
59265,501981,"Khris Davis",29,2017,"OAK",153,652,566,140,68,28,1,43,299,91,110,73,195,6,4,0,0,7,21,58.2
59275,502110,"J.D. Martinez",29,2017,,119,489,432,131,57,26,3,45,298,85,104,53,128,0,4,0,0,4,24,65.9
59285,502205,"Grant Green",29,2017,"WAS",1,3,3,0,0,0,0,0,0,0,0,0,2,0,0,0,0,0,0,
59307,502671,"Paul Goldschmidt",29,2017,"AZ",154,665,558,166,93,34,3,36,314,117,120,94,147,8,18,5,0,4,15,55.6
59319,506997,"Tony Sanchez",29,2017,"ATL",1,1,1,0,0,0,0,0,0,0,0,0,1,0,0,0,0,0,0,
59497,547957,"Hyun Soo Kim",29,2017,,93,239,212,49,39,8,1,1,62,20,14,22,46,2,0,0,0,2,3,25
59603,571506,"Justin Bour",29,2017,"MIA",108,429,377,109,66,18,0,25,202,52,83,47,95,1,1,0,0,4,11,55.8
59656,571757,"Jeremy Hazelbaker",29,2017,"AZ",36,61,52,18,12,2,2,2,30,10,10,9,20,0,1,0,0,0,1,40
59664,571788,"Brock Holt",29,2017,"BOS",59,164,140,28,22,6,0,0,34,20,7,19,34,3,2,1,0,2,3,30
60002,543302,"Chris Herrmann",29,2017,"AZ",103,256,226,41,24,7,0,10,78,35,27,29,67,0,5,0,0,1,2,42.9
60144,572365,"Ryan Goins",29,2017,"TOR",135,459,418,99,68,21,1,9,149,37,62,31,96,0,3,2,5,5,15,59.5
60238,572863,"Dustin Garneau",29,2017,,39,126,112,21,11,8,0,2,35,10,9,12,36,1,0,0,1,0,4,30
60649,572033,"Josh Phegley",29,2017,"OAK",52,161,149,30,16,11,0,3,50,14,10,9,26,2,0,1,0,1,5,21.4
60669,572114,"Ryan Schimpf",29,2017,"SD",53,197,165,26,10,2,0,14,70,24,25,27,70,3,0,0,0,2,0,75
60672,572122,"Kyle Seager",29,2017,"SEA",154,650,578,144,83,33,1,27,260,72,88,58,110,8,2,1,0,6,6,48.6
60834,543228,"Yan Gomes",29,2017,"CLE",104,383,341,79,50,15,0,14,136,43,56,31,99,8,0,0,1,2,9,46.5
60932,572041,"AJ Pollock",29,2017,"AZ",112,466,425,113,60,33,6,14,200,73,49,35,71,6,20,6,0,0,8,34.2
65767,474832,"Brandon Belt",29,2017,"SF",104,451,382,92,44,27,3,18,179,63,51,66,104,2,3,2,0,1,5,39.7
65816,502273,"Mike Freeman",29,2017,,32,66,60,6,3,2,0,1,11,6,1,6,19,0,0,0,0,0,1,16.7
65828,502570,"Rocky Gale",29,2017,"SD",3,10,10,1,0,0,0,1,4,1,2,0,2,0,0,0,0,0,0,100
65846,506924,"Stephen Cardullo",29,2017,"COL",15,32,28,4,4,0,0,0,4,2,3,3,7,1,0,0,0,0,0,0
66001,544925,"Matthew den Dekker",29,2017,"DET",3,8,7,1,1,0,0,0,1,1,0,1,4,0,0,0,0,0,0,100
67016,592407,"Bryan Holaday",29,2017,"DET",11,29,29,7,5,2,0,0,9,1,2,0,1,0,0,0,0,0,2,0
67728,594777,"Kole Calhoun",29,2017,"LAA",155,654,569,139,95,23,2,19,223,77,71,71,134,8,5,1,0,6,10,46.8
69886,607257,"Raffy Lopez",29,2017,"TOR",23,63,54,12,7,1,0,4,25,9,12,7,21,0,0,0,0,1,1,55.6
69944,607345,"Kevan Smith",29,2017,"CHW",86,294,276,78,57,17,0,4,107,23,30,9,46,3,0,0,2,3,9,21.7
109151,666561,"Jae-Gyun Hwang",29,2017,"SF",17,57,52,8,6,1,0,1,12,2,5,5,15,0,0,0,0,0,1,50
45794,485567,"Ezequiel Carrera",30,2017,"TOR",107,325,287,81,62,10,1,8,117,38,20,30,75,3,10,1,5,0,4,42.1
46400,457705,"Andrew McCutchen",30,2017,"PIT",156,650,570,159,99,30,2,28,277,94,88,73,116,4,11,5,0,3,11,41.5
46522,458675,"Colby Rasmus",30,2017,"TB",37,129,121,34,17,7,1,9,70,17,23,7,45,0,1,0,0,1,1,64.7
46792,475100,"Scott Van Slyke",30,2017,"LAD",28,48,41,5,2,1,0,2,12,6,3,7,15,0,1,0,0,0,0,33.3
47142,457803,"Jay Bruce",30,2017,,146,617,555,141,74,29,2,36,282,82,101,57,139,2,1,1,0,3,12,50
47236,474892,"Chris Carter",30,2017,"NYY",59,208,184,37,23,5,1,8,68,20,26,20,76,2,0,0,0,2,5,60
47625,444876,"Alcides Escobar",30,2017,"KC",162,629,599,150,103,36,5,6,214,71,54,15,102,4,4,7,7,4,14,22.5
47939,457706,"Austin Jackson",30,2017,"CLE",84,318,280,89,60,19,3,7,135,46,35,33,64,1,3,1,0,4,14,41.3
48082,455117,"Martín Maldonado",30,2017,"LAA",135,471,429,95,61,19,1,14,158,43,38,15,119,18,0,2,8,1,12,48.8
48318,456488,"Eduardo Núñez",30,2017,,114,491,467,146,101,33,0,12,215,60,58,18,54,3,24,7,1,2,13,28.3
48685,444489,"Manny Piña",30,2017,"MIL",104,359,330,92,62,21,0,9,140,45,43,20,79,5,2,0,1,3,8,37.8
48766,459431,"Michael Saunders",30,2017,,72,234,218,44,27,9,2,6,75,26,21,15,55,1,0,1,0,0,3,34.6
48901,467055,"Pablo Sandoval",30,2017,,77,279,259,57,37,11,0,9,95,27,32,16,53,1,0,1,0,3,11,44.4
49264,488726,"Michael Brantley",30,2017,"CLE",90,375,338,101,71,20,1,9,150,47,52,31,50,2,11,1,0,4,9,42.6
49622,465753,"Pedro Florimón",30,2017,"PHI",15,49,46,16,11,4,1,0,22,6,6,3,16,0,0,0,0,0,1,0
49890,467827,"Gerardo Parra",30,2017,"COL",114,425,392,121,86,24,1,10,177,56,71,20,67,4,2,5,0,9,14,33.9
50054,488721,"Peter Bourjos",30,2017,"TB",81,203,188,42,25,9,3,5,72,27,15,12,53,1,5,4,1,1,3,22.2
51988,457727,"Cameron Maybin",30,2017,,112,450,395,90,58,20,2,10,144,63,35,51,94,2,33,8,1,1,12,25.4
52461,456078,"Welington Castillo",30,2017,"BAL",94,365,341,96,65,11,0,20,167,44,53,22,97,0,0,0,0,2,10,50
52499,451705,"Alberto Rosario",30,2017,"STL",3,3,3,0,0,0,0,0,0,0,0,0,1,0,0,0,0,0,1,
55831,518614,"Daniel Descalso",30,2017,"AZ",129,398,344,80,49,16,5,10,136,47,51,48,89,4,4,0,0,2,6,42.6
56609,502210,"Josh Reddick",30,2017,"HOU",132,540,477,150,99,34,4,13,231,77,82,43,72,0,7,3,1,12,14,36.4
57758,543063,"Brandon Crawford",30,2017,"SF",144,570,518,131,82,34,1,14,209,58,77,42,113,1,3,5,0,9,20,32.8
57774,488818,"Chase d'Arnaud",30,2017,,34,62,58,11,8,2,0,1,16,12,3,4,20,0,5,1,0,0,0,8.3
57843,475247,"Ryan Flaherty",30,2017,"BAL",16,43,38,8,7,1,0,0,9,5,4,4,10,1,0,0,0,0,0,60
58012,475174,"Yonder Alonso",30,2017,,139,520,450,120,70,22,0,28,226,72,67,68,117,2,2,0,0,0,13,58.3
58057,493596,"Gordon Beckham",30,2017,"SEA",9,18,17,3,3,0,0,0,3,2,0,1,2,0,1,0,0,0,2,0
58159,543038,"Dusty Coleman",30,2017,"SD",22,71,66,15,8,3,0,4,30,6,9,2,33,2,1,0,0,1,1,83.3
58450,474568,"Jordy Mercer",30,2017,"PIT",144,558,502,128,85,24,5,14,204,52,58,51,88,3,0,4,0,2,19,40.4
58470,489138,"Tyler Moore",30,2017,"MIA",99,203,187,43,23,14,0,6,75,17,30,10,56,1,0,0,1,4,7,41.2
58548,457763,"Buster Posey",30,2017,"SF",140,568,494,158,112,34,0,12,228,62,67,61,66,8,6,1,0,5,20,27.4
58692,475253,"Justin Smoak",30,2017,"TOR",156,637,560,151,83,29,1,38,296,85,90,73,128,2,0,1,0,2,20,57.6
58831,488771,"Jason Castro",30,2017,"MIN",107,407,356,86,54,22,0,10,138,49,47,45,108,4,0,0,1,1,10,32.7
58899,488671,"Alex Avila",30,2017,,108,376,311,82,54,13,1,14,139,41,49,62,120,1,0,1,1,1,10,53.7
58915,523253,"Logan Forsythe",30,2017,"LAD",117,439,361,81,56,19,0,6,118,56,36,69,109,4,3,2,0,5,13,37.5
58917,457787,"Danny Espinosa",30,2017,,91,295,266,46,30,10,0,6,74,30,31,21,109,5,4,5,1,2,2,23.3
59218,476883,"Pedro Álvarez",30,2017,"BAL",14,34,32,10,8,1,0,1,14,4,4,2,10,0,0,0,0,0,0,50
59346,519346,"Eric Thames",30,2017,"MIL",137,550,468,116,55,26,4,31,243,83,63,75,162,7,4,2,0,0,7,62.7
60007,543401,"Jason Kipnis",30,2017,"CLE",90,373,336,78,41,25,0,12,139,43,35,28,71,2,6,2,2,5,0,32.6
60219,572821,"Brian Dozier",30,2017,"MIN",152,705,617,167,99,30,4,34,307,106,93,78,141,8,15,7,0,2,12,47.2
67758,594828,"Evan Gattis",30,2017,"HOU",83,325,300,79,45,22,0,12,137,41,55,18,50,4,0,1,0,3,11,53.7
102005,547989,"José Abreu",30,2017,"CHW",156,675,621,189,107,43,6,33,343,95,102,35,119,15,3,0,0,4,21,51.6
45398,452678,"Asdrúbal Cabrera",31,2017,"NYM",135,540,479,134,88,32,0,14,208,66,59,50,83,5,3,2,1,5,19,43.9
45435,430945,"Adam Jones",31,2017,"BAL",147,635,597,170,115,28,1,26,278,82,73,27,113,7,2,1,1,3,19,46.3
45844,465041,"Francisco Cervelli",31,2017,"PIT",81,304,265,66,46,13,2,5,98,31,31,32,65,6,0,2,0,1,8,22.6
45945,435622,"Ian Desmond",31,2017,"COL",95,373,339,93,74,11,1,7,127,47,40,24,87,4,15,4,2,4,14,25.5
46607,461858,"Trevor Plouffe",31,2017,,96,313,283,56,40,7,0,9,90,31,19,28,88,1,1,2,0,1,12,71
46716,444432,"Mark Trumbo",31,2017,"BAL",146,603,559,131,86,22,0,23,222,79,65,42,149,1,1,0,0,1,14,46.8
46752,472528,"Luis Valbuena",31,2017,"LAA",116,401,347,69,32,15,0,22,150,42,65,48,106,1,0,2,0,5,7,69
47202,456715,"Lorenzo Cain",31,2017,"KC",155,645,584,175,128,27,5,15,257,86,49,54,100,5,26,2,0,2,20,36
47493,451594,"Dexter Fowler",31,2017,"STL",118,491,420,111,62,22,9,18,205,68,64,63,101,4,7,3,0,4,13,38.2
47621,460576,"Carlos Gómez",31,2017,"TEX",105,426,368,94,53,23,1,17,170,51,51,31,127,19,13,5,3,5,3,60.8
47678,471865,"Carlos González",31,2017,"COL",136,534,470,123,75,34,0,14,199,72,57,56,119,2,3,0,0,6,11,43.1
48929,467793,"Carlos Santana",31,2017,"CLE",154,667,571,148,85,37,3,23,260,90,79,88,94,6,5,1,0,2,11,37.8
49024,435522,"Neil Walker",31,2017,,111,448,385,102,65,21,2,14,169,59,49,55,77,5,0,2,1,2,9,37.3
50126,502100,"Alex Presley",31,2017,"DET",70,264,245,77,61,10,3,3,102,30,20,15,49,0,5,0,3,0,5,30
50131,502117,"Kristopher Negrón",31,2017,"AZ",12,31,25,4,3,1,0,0,5,3,1,4,7,1,0,0,1,0,1,66.7
52253,448801,"Chris Davis",31,2017,"BAL",127,524,456,98,56,15,1,26,193,65,61,61,195,3,1,1,0,4,7,56.9
52285,449181,"Paulo Orlando",31,2017,"KC",31,90,86,17,12,3,0,2,26,9,6,1,20,2,1,1,0,0,3,33.3
52448,446334,"Evan Longoria",31,2017,"TB",156,677,613,160,102,36,2,20,260,71,86,46,109,6,6,1,0,12,20,50.7
52532,452095,"Tyler Flowers",31,2017,"ATL",99,370,317,89,61,16,0,12,141,41,49,31,82,20,0,1,0,2,6,43.9
52804,453568,"Charlie Blackmon",31,2017,"COL",159,724,643,213,127,35,14,37,387,137,104,65,134,10,14,10,3,3,6,38
53004,493316,"Yoenis Cespedes",31,2017,"NYM",81,321,291,85,49,17,2,17,157,46,42,26,61,2,0,1,0,2,8,50
53395,453943,"Todd Frazier",31,2017,,145,576,474,101,54,19,1,27,203,74,76,83,125,14,4,3,0,5,10,50
54877,461865,"Andrew Romine",31,2017,"DET",109,348,318,74,51,17,2,4,107,45,25,22,67,4,6,4,2,2,7,20
55752,446359,"Zack Cozart",31,2017,"CIN",122,507,438,130,75,24,7,24,240,80,63,62,78,3,3,0,0,4,7,55
56185,518626,"Josh Donaldson",31,2017,"TOR",113,496,415,112,58,21,0,33,232,65,78,76,111,3,2,2,0,2,5,64.6
56196,446263,"Lucas Duda",31,2017,,127,491,423,92,34,28,0,30,210,50,64,60,135,6,0,0,0,2,13,68
56298,518700,"Eric Fryer",31,2017,"STL",34,83,71,11,8,3,0,0,14,7,3,11,18,1,0,0,0,0,4,14.3
56991,519068,"Efren Navarro",31,2017,"DET",21,69,61,14,10,1,1,2,23,9,2,8,21,0,0,1,0,0,3,33.3
57191,518960,"Jonathan Lucroy",31,2017,,123,481,423,112,82,21,3,6,157,45,40,46,51,8,1,0,0,4,16,31.1
57379,446386,"Brandon Guyer",31,2017,"CLE",67,192,165,39,29,7,1,2,54,23,20,15,43,8,2,0,2,2,4,30.4
57476,519048,"Mitch Moreland",31,2017,"BOS",148,576,508,125,69,34,0,22,225,73,79,57,120,6,0,1,0,5,16,41.1
57552,519299,"Eric Sogard",31,2017,"MIL",89,300,250,68,49,15,1,3,94,37,18,45,38,4,3,3,1,0,7,29.7
57645,446381,"Darwin Barney",31,2017,"TOR",121,362,336,78,58,14,0,6,110,34,25,18,64,2,7,2,5,1,14,41.2
57712,446308,"Matt Wieters",31,2017,"WAS",122,465,422,95,65,20,0,10,145,43,52,38,94,1,1,0,0,4,15,44.2
58842,543376,"Caleb Joseph",31,2017,"BAL",81,266,254,65,42,14,1,8,105,31,28,10,72,1,0,0,1,0,8,38.7
58869,543706,"Daniel Robertson",31,2017,"CLE",31,88,80,18,12,4,1,1,27,9,7,7,3,0,0,1,1,0,6,22.2
60187,572761,"Matt Carpenter",31,2017,"STL",144,622,497,120,64,31,2,23,224,91,69,109,125,9,2,1,2,5,6,46.2
45397,466320,"Melky Cabrera",32,2017,,156,666,620,177,128,30,2,17,262,78,85,36,74,2,1,2,2,6,20,43.6
45436,461314,"Matt Kemp",32,2017,"ATL",115,467,438,121,78,23,1,19,203,47,64,27,99,0,0,2,0,1,25,55.3
45471,446481,"Sean Rodríguez",32,2017,,50,153,132,22,15,2,0,5,39,18,8,16,57,4,1,0,1,0,3,38.9
45623,475582,"Ryan Zimmerman",32,2017,"WAS",142,576,524,159,90,33,0,36,300,90,108,44,126,3,1,0,0,5,17,53.3
45744,466988,"Emilio Bonifácio",32,2017,"ATL",36,44,38,5,3,1,1,0,8,2,3,1,9,0,0,0,4,1,1,50
46714,457454,"Jarrod Saltalamacchia",32,2017,"TOR",9,26,25,1,1,0,0,0,1,1,0,1,16,0,0,0,0,0,0,0
46724,453064,"Troy Tulowitzki",32,2017,"TOR",66,260,241,60,43,10,0,7,91,16,26,17,40,1,0,1,0,1,10,56.3
46943,451192,"Jim Adduci",32,2017,"DET",27,93,83,20,11,6,2,1,33,14,10,10,27,0,1,1,0,0,2,35.7
47910,446653,"Jose Lobaton",32,2017,"WAS",48,158,141,24,17,3,0,4,39,11,11,14,35,1,0,0,1,1,5,45.5
47952,459964,"Matt Joyce",32,2017,"OAK",139,544,469,114,56,33,0,25,222,78,68,66,113,2,4,1,0,7,10,47.4
49200,458913,"Eric Young Jr.",32,2017,"LAA",45,125,110,29,20,5,0,4,46,24,16,5,31,7,12,3,3,0,0,37.5
50147,502143,"Danny Valencia",32,2017,"SEA",129,500,450,115,78,19,3,15,185,54,66,40,122,2,2,2,0,8,16,46.3
50152,502151,"Chad Huffman",32,2017,"STL",12,15,14,4,3,0,1,0,6,3,0,1,6,0,0,0,0,0,0,33.3
50228,502317,"Chris Heisey",32,2017,"WAS",37,79,74,12,7,3,1,1,20,8,5,5,22,0,0,0,0,0,1,37.5
50297,502481,"Jarrod Dyson",32,2017,"SEA",109,390,346,87,66,13,3,5,121,56,30,28,55,10,28,7,4,2,5,25
50312,502517,"Daniel Murphy",32,2017,"WAS",144,593,534,172,103,43,3,23,290,94,93,52,77,4,2,0,0,3,16,48.9
51910,458085,"Chris Coghlan",32,2017,"TOR",35,88,75,15,12,2,0,1,20,7,5,9,22,2,0,0,1,1,3,57.1
51936,453203,"Shane Robinson",32,2017,"LAA",16,35,31,6,6,0,0,0,6,7,1,3,5,0,2,0,0,1,1,0
51938,453211,"Drew Stubbs",32,2017,"SF",9,24,22,2,2,0,0,0,2,0,0,2,9,0,0,0,0,0,0,
51991,457759,"Justin Turner",32,2017,"LAD",130,543,457,147,94,32,0,21,242,72,71,59,56,19,7,1,1,7,13,55.6
52296,445055,"Jon Jay",32,2017,"CHC",141,433,379,112,89,18,3,2,142,65,34,37,80,12,6,2,3,2,11,18.5
52341,450641,"Quintin Berry",32,2017,"MIL",7,3,3,0,0,0,0,0,0,0,0,0,2,0,2,1,0,0,0,
56945,519390,"Stephen Vogt",32,2017,,98,303,279,65,37,15,1,12,118,25,40,21,56,0,0,1,1,2,3,56
100357,611177,"Adonis García",32,2017,"ATL",52,183,173,41,32,4,0,5,60,19,19,7,23,2,4,0,0,1,10,31.6
31340,453923,"Grégor Blanco",33,2017,"AZ",80,256,224,55,39,10,3,3,80,43,13,31,59,0,15,1,1,0,3,30.2
31724,434670,"Hanley Ramirez",33,2017,"BOS",132,553,496,120,73,24,0,23,213,58,62,51,116,6,1,3,0,0,16,53.4
32318,430947,"Erick Aybar",33,2017,"SD",106,370,333,78,55,15,1,7,116,37,22,28,57,4,11,4,3,2,6,37.8
32835,433217,"Andrés Blanco",33,2017,"PHI",75,144,130,25,18,4,0,3,38,10,13,12,34,0,1,0,0,2,1,40
33829,455139,"Robinson Chirinos",33,2017,"TEX",84,309,263,67,36,13,1,17,133,46,38,34,79,10,1,0,1,1,7,50
39835,471083,"Miguel Montero",33,2017,,75,213,185,40,28,6,0,6,64,24,16,23,47,3,1,0,0,2,6,33.3
41774,425784,"René Rivera",33,2017,,70,237,218,55,36,9,0,10,94,23,35,14,70,3,0,1,1,1,4,56.5
45437,435062,"Howie Kendrick",33,2017,,91,334,305,96,68,16,3,9,145,40,41,22,68,5,12,5,0,2,8,30
45446,455976,"Nick Markakis",33,2017,"ATL",160,670,593,163,115,39,1,8,228,76,76,68,110,6,0,2,0,3,17,35.5
45449,435263,"Brian McCann",33,2017,"HOU",97,399,349,84,53,12,1,18,152,47,62,38,58,7,1,0,0,5,13,48.9
45457,461235,"Brandon Moss",33,2017,"KC",116,401,362,75,39,14,0,22,155,41,50,37,128,0,2,0,0,2,8,58.5
45464,456030,"Dustin Pedroia",33,2017,"BOS",105,463,406,119,93,19,0,7,159,46,62,49,48,2,4,3,2,4,14,30.4
45487,458015,"Joey Votto",33,2017,"CIN",162,707,559,179,108,34,1,36,323,106,100,134,83,8,5,1,0,6,17,57.5
45492,455759,"Chris Young",33,2017,"BOS",87,276,243,57,36,12,2,7,94,30,25,30,55,2,3,2,0,1,4,43.3
45858,457477,"Alejandro De Aza",33,2017,"WAS",26,70,62,12,7,2,3,0,20,8,9,3,16,0,1,0,3,2,1,12.5
46027,453056,"Jacoby Ellsbury",33,2017,"NYY",111,409,356,94,63,20,4,7,143,65,39,41,63,5,22,3,2,0,8,29.2
46195,444379,"John Jaso",33,2017,"PIT",123,302,256,54,25,19,0,10,103,28,35,40,66,5,1,1,0,1,6,42.9
46262,476704,"Jed Lowrie",33,2017,"OAK",153,645,567,157,91,49,3,14,254,86,69,73,100,2,0,1,0,3,12,46.5
46537,489232,"Anthony Recker",33,2017,"ATL",4,7,7,1,1,0,0,0,1,1,0,0,1,0,0,0,0,0,1,0
46626,452655,"Denard Span",33,2017,"SF",128,542,497,135,87,31,5,12,212,73,43,40,69,3,12,7,1,1,12,17.8
47127,460075,"Ryan Braun",33,2017,"MIL",104,424,379,102,55,28,2,17,185,58,52,38,76,3,12,4,0,4,14,53.4
47155,460077,"Drew Butera",33,2017,"KC",63,177,163,37,29,4,1,3,52,18,14,12,41,1,0,0,1,0,0,33.3
47454,458731,"Brett Gardner",33,2017,"NYY",151,682,594,157,106,26,4,21,254,96,63,72,122,8,23,5,5,3,8,47.9
47690,460026,"Nick Hundley",33,2017,"SF",100,303,287,70,38,23,0,9,120,27,35,12,81,0,0,0,2,2,6,37
47736,452104,"Chase Headley",33,2017,"NYY",147,586,512,140,97,30,1,12,208,77,61,60,132,6,9,2,1,7,13,37.7
48037,452252,"Adam Lind",33,2017,"WAS",114,301,267,81,53,14,0,14,137,39,59,28,47,0,1,0,0,6,6,48.7
48486,460060,"Cliff Pennington",33,2017,"LAA",81,217,194,49,40,6,0,3,64,23,21,16,58,1,3,1,1,5,2,21.7
48560,445988,"Martín Prado",33,2017,"MIA",37,147,140,35,24,9,0,2,50,13,12,6,22,0,0,0,0,1,4,23.1
48633,448602,"Mark Reynolds",33,2017,"COL",147,593,520,139,86,22,1,30,253,82,97,69,175,1,2,1,0,3,12,48.8
49076,435559,"Kurt Suzuki",33,2017,"ATL",81,309,276,78,46,13,0,19,148,38,50,17,39,13,0,0,1,2,6,63.2
49364,488912,"Tuffy Gosewisch",33,2017,"SEA",10,31,28,2,2,0,0,0,2,1,0,1,14,0,0,0,2,0,2,0
50191,502226,"Craig Gentry",33,2017,"BAL",53,117,101,26,18,5,1,2,39,17,11,11,24,1,5,4,3,1,2,17.6
51408,493329,"Yuli Gurriel",33,2017,"HOU",139,564,529,158,96,43,1,18,257,69,75,22,62,7,3,2,0,6,13,43.5
52054,460086,"Alex Gordon",33,2017,"KC",146,541,476,99,68,20,2,9,150,52,45,45,126,14,7,4,2,4,8,32.7
31369,429666,"J.J. Hardy",34,2017,"BAL",72,268,254,55,37,13,1,4,82,24,24,12,48,1,0,1,1,0,7,45.8
31391,425877,"Yadier Molina",34,2017,"STL",136,543,501,137,91,27,1,18,220,60,82,28,74,4,9,4,1,9,16,46.7
31483,408234,"Miguel Cabrera",34,2017,"DET",130,529,469,117,79,22,0,16,187,50,60,54,110,3,0,1,0,3,19,50
31511,408314,"José Reyes",34,2017,"NYM",143,561,501,123,76,25,7,15,207,75,58,50,79,2,24,6,5,3,6,34.7
31564,429665,"Edwin Encarnación",34,2017,"CLE",157,669,554,143,84,20,1,38,279,96,107,104,133,5,2,0,0,5,18,53.1
31602,425772,"Jeff Mathis",34,2017,"AZ",60,203,186,40,26,10,2,2,60,13,11,14,61,2,1,0,1,0,6,15.4
31672,425783,"Shin-Soo Choo",34,2017,"TEX",149,636,544,142,99,20,1,22,230,96,78,77,134,7,12,3,3,5,24,37.5
31759,408045,"Joe Mauer",34,2017,"MIN",140,597,525,160,116,36,1,7,219,69,71,66,83,3,2,1,0,3,17,37.7
31789,429664,"Robinson Canó",34,2017,"SEA",150,648,592,166,110,33,0,23,268,79,97,49,85,4,1,0,0,3,20,57
36436,429711,"Franklin Gutierrez",34,2017,"LAD",34,63,56,13,9,3,0,1,19,8,8,7,16,0,0,1,0,0,2,12.5
43102,434567,"Geovany Soto",34,2017,"CHW",13,48,42,8,5,0,0,3,17,5,9,4,10,1,0,0,0,1,2,60
45365,430001,"Rickie Weeks Jr.",34,2017,"TB",37,112,97,21,13,6,0,2,33,13,8,12,49,3,1,0,0,0,0,23.1
45379,434778,"Kendrys Morales",34,2017,"TOR",150,608,557,139,86,25,0,28,248,67,85,43,132,5,0,0,0,3,23,53.7
45447,431145,"Russell Martin",34,2017,"TOR",91,365,307,68,43,12,0,13,119,49,35,50,83,7,1,2,1,0,15,44.9
45465,452254,"Hunter Pence",34,2017,"SF",133,539,493,128,97,13,5,13,190,55,67,40,102,2,2,3,0,4,8,27.3
45606,452220,"Stephen Drew",34,2017,"WAS",46,106,95,24,16,7,0,1,34,9,17,8,21,0,0,0,0,3,2,33.3
46150,455104,"Chris Iannetta",34,2017,"AZ",88,316,272,69,33,19,0,17,139,38,43,37,87,6,0,0,0,1,4,57.9
46184,457926,"Paul Janish",34,2017,"BAL",10,28,26,2,2,0,0,0,2,0,3,1,6,0,0,0,1,0,1,
47575,460269,"Chris Gimenez",34,2017,"MIN",69,225,186,41,25,9,0,7,71,28,16,33,60,4,1,0,2,0,4,53.6
48428,456665,"Steve Pearce",34,2017,"TOR",92,348,313,79,48,17,1,13,137,38,37,27,68,5,0,0,0,3,11,50
48892,452234,"Seth Smith",34,2017,"BAL",106,373,330,85,53,19,0,13,143,50,32,36,79,6,2,0,0,1,7,56
49341,488862,"Yunel Escobar",34,2017,"LAA",89,381,350,96,68,20,1,7,139,43,31,29,51,2,1,4,0,0,15,34.9
49545,489267,"Adam Rosales",34,2017,,98,312,289,65,42,16,0,7,102,25,36,11,100,4,1,2,4,4,6,48
51110,501896,"David Freese",34,2017,"PIT",130,503,426,112,86,16,0,10,158,44,52,58,116,15,0,1,0,4,10,40.9
51242,492841,"Michael Martinez",34,2017,,20,43,37,6,5,1,0,0,7,2,0,5,15,0,0,1,1,0,1,0
58488,537953,"Daniel Nava",34,2017,"PHI",79,214,183,55,42,8,1,4,77,21,21,26,38,3,1,0,0,2,2,33.3
31485,408236,"Adrián González",35,2017,"LAD",71,252,231,56,36,17,0,3,82,14,30,16,43,0,0,1,0,4,8,35.7
31606,435063,"Mike Napoli",35,2017,"TEX",124,485,425,82,41,11,1,29,182,60,66,49,163,7,1,2,0,3,13,58.3
40007,434604,"Michael Morse",35,2017,"SF",24,40,36,7,5,1,0,1,11,1,3,3,14,0,0,0,0,1,1,100
40963,425509,"Jhonny Peralta",35,2017,"STL",21,58,54,11,11,0,0,0,11,3,0,4,13,0,0,0,0,0,2,33.3
43258,455755,"Chris Stewart",35,2017,"PIT",50,144,131,24,21,1,2,0,29,8,4,9,22,1,0,0,3,0,4,12.5
45430,431094,"Aaron Hill",35,2017,"SF",34,80,68,9,5,2,1,1,16,7,7,11,13,0,0,0,0,1,2,42.9
45438,435079,"Ian Kinsler",35,2017,"DET",139,613,551,130,80,25,3,22,227,90,52,55,86,7,14,5,0,0,9,38.9
45962,444843,"Andre Ethier",35,2017,"LAD",20,38,34,8,5,1,0,2,15,3,3,4,10,0,0,0,0,0,0,100
46669,448605,"Justin Ruggiano",35,2017,"SF",19,63,60,13,10,1,0,2,20,2,4,1,17,1,1,1,0,1,0,100
51312,493114,"Norichika Aoki",35,2017,,109,374,336,93,66,20,2,5,132,48,35,29,44,3,10,2,1,5,13,25
1113,408252,"Brandon Phillips",36,2017,,144,604,572,163,115,34,1,13,238,81,60,21,73,8,11,8,2,1,23,28.4
32570,430832,"José Bautista",36,2017,"TOR",157,686,587,119,69,27,0,23,215,92,65,84,170,8,6,3,0,7,17,52.2
34484,434658,"Rajai Davis",36,2017,,109,367,337,79,53,19,2,5,117,56,20,27,84,1,29,7,1,1,12,25
36252,434158,"Curtis Granderson",36,2017,,146,527,449,95,42,24,3,26,203,74,64,71,123,4,6,2,0,3,6,48.6
36585,452672,"Ryan Hanigan",36,2017,"COL",33,112,101,27,23,2,0,2,35,9,12,8,26,1,0,0,1,1,6,44.4
41409,430605,"Ryan Raburn",36,2017,"WAS",25,69,65,17,12,1,2,2,28,7,6,4,25,0,0,1,0,0,1,57.1
45386,449107,"Mike Aviles",36,2017,"MIA",37,97,86,20,17,2,0,1,25,5,8,6,15,2,0,0,3,0,3,20
45495,450314,"Ben Zobrist",36,2017,"CHC",126,496,435,101,66,20,3,12,163,58,50,54,71,2,2,2,2,3,14,46.6
47564,454560,"A.J. Ellis",36,2017,"MIA",51,163,143,30,19,5,0,6,53,17,14,12,29,6,0,0,2,0,6,52.9
204,405395,"Albert Pujols",37,2017,"LAA",149,636,593,143,103,17,0,23,229,53,101,37,93,2,3,0,0,4,28,62.3
34302,443558,"Nelson Cruz",37,2017,"SEA",155,645,556,160,93,28,0,39,305,91,119,70,140,12,1,1,0,7,15,57.1
37052,407812,"Matt Holliday",37,2017,"NYY",105,427,373,86,49,18,0,19,161,50,64,46,114,3,1,0,0,5,14,64
38161,456124,"Erik Kratz",37,2017,"NYY",2,2,2,2,1,1,0,0,3,0,2,0,0,0,0,0,0,0,0,
340,134181,"Adrián Beltré",38,2017,"TEX",94,389,340,106,66,22,1,17,181,47,71,39,52,4,1,0,0,6,7,63.8
1020,150029,"Jayson Werth",38,2017,"WAS",70,289,252,57,36,10,1,10,99,35,29,35,69,1,4,3,0,1,4,40
16632,400284,"Chase Utley",38,2017,"LAD",126,353,309,73,41,20,4,8,125,43,34,32,57,9,6,1,1,2,5,27.9
42127,434563,"Carlos Ruiz",38,2017,"SEA",50,145,125,27,16,8,0,3,44,14,11,14,38,4,1,0,1,1,5,35.7
1358,136860,"Carlos Beltrán",40,2017,"HOU",129,509,467,108,65,29,0,14,179,60,51,33,102,3,0,0,0,6,12,43.3
1184,400085,"Ichiro Suzuki",43,2017,"MIA",136,215,196,50,41,6,0,3,65,19,20,17,35,1,1,1,1,0,2,21.1