"bpid","mlbid","Name","Age","Season","Team","G","PA","AB","R","HR","RBI","SB","BB%","K%","ISO","AVG","OBP","SLG","OPS","DRC+","DRB","DRP","WARP"
150551,694212,"Samuel Basallo",20,2025,"BAL",31,118,109,10,4,15,0,5.1,25.4,0.165,0.165,0.229,0.33,0.559,86,,-0.6,0.1
170244,805811,"Bryce Eldridge",20,2025,"SF",10,37,28,1,0,4,0,18.9,35.1,0.071,0.107,0.297,0.179,0.476,102,,0,0.1
147956,691406,"Junior Caminero",21,2025,"TB",154,653,602,93,45,110,7,6.3,19.1,0.271,0.264,0.311,0.535,0.846,127,-0.1,-0.5,4.5
150534,694192,"Jackson Chourio",21,2025,"MIL",131,589,549,88,21,78,21,5.1,20.5,0.193,0.27,0.308,0.463,0.771,97,0.4,-5.9,1.3
150544,694203,"Denzer Guzman",21,2025,"LAA",13,43,42,4,2,3,0,2.3,51.2,0.167,0.19,0.209,0.357,0.566,47,,-0.2,-0.2
150547,694208,"Moisés Ballesteros",21,2025,"CHC",20,66,57,12,2,11,0,13.6,18.2,0.175,0.298,0.394,0.474,0.868,115,,0,0.2
151195,695600,"Carter Jensen",21,2025,"KC",20,69,60,12,3,13,0,13,17.4,0.25,0.3,0.391,0.55,0.941,123,,0.1,0.4
153804,701350,"Roman Anthony",21,2025,"BOS",71,303,257,48,8,32,4,13.2,27.7,0.171,0.292,0.396,0.463,0.859,119,0,1.2,1.6
153843,701398,"Sal Stewart",21,2025,"CIN",18,58,55,11,5,8,0,5.2,25.9,0.291,0.255,0.293,0.545,0.838,129,,0.1,0.4
157293,702284,"Cole Young",21,2025,"SEA",74,257,223,24,4,24,1,10.9,18.3,0.094,0.211,0.302,0.305,0.607,89,,0.1,0.6
157722,702616,"Jackson Holliday",21,2025,"BAL",149,649,586,70,17,55,17,8.6,21.6,0.133,0.242,0.314,0.375,0.689,99,-0.2,-3.7,1.9
111669,682634,"Kevin Alcántara",22,2025,"CHC",8,12,11,2,0,1,1,8.3,33.3,0,0.364,0.417,0.364,0.781,82,,0,0
141799,683357,"Owen Caissie",22,2025,"CHC",12,27,26,4,1,4,0,3.7,40.7,0.154,0.192,0.222,0.346,0.568,81,,-0.1,0
147897,691185,"Maximo Acosta",22,2025,"MIA",18,61,54,7,3,5,1,9.8,27.9,0.185,0.204,0.295,0.389,0.684,107,,-0.2,0.3
147898,691182,"Adael Amador",22,2025,"COL",38,128,113,5,1,10,1,8.6,21.1,0.088,0.177,0.256,0.265,0.521,83,0,-0.6,0.2
147900,691176,"Jasson Domínguez",22,2025,"NYY",121,429,381,58,10,47,23,9.6,26.8,0.131,0.257,0.331,0.388,0.719,89,0.3,-5.4,0.2
147988,691373,"Jhostynxon Garcia",22,2025,"BOS",4,9,7,0,0,0,0,22.2,55.6,0.143,0.143,0.333,0.286,0.619,73,,0,0
148246,691594,"Javier Sanoja",22,2025,"MIA",113,342,313,40,6,38,6,5.6,12,0.153,0.243,0.287,0.396,0.683,88,0.1,0.6,0.8
148298,691781,"Brady House",22,2025,"WSH",73,274,261,26,4,29,5,2.9,28.5,0.088,0.234,0.252,0.322,0.574,59,0,0.1,-0.3
148300,691783,"Jordan Lawlar",22,2025,"AZ",25,74,66,9,0,5,2,8.1,35.1,0.106,0.182,0.257,0.288,0.545,64,,-0.1,-0.1
148304,691785,"Marcelo Mayer",22,2025,"BOS",42,136,127,20,4,10,0,5.9,30.1,0.173,0.228,0.272,0.402,0.674,83,,0.1,0.2
148307,691777,"Max Muncy",22,2025,"ATH",60,220,206,17,9,23,1,4.5,30.9,0.165,0.214,0.259,0.379,0.638,75,0,-0.5,0.1
148648,694497,"Evan Carter",22,2025,"TEX",62,220,194,31,5,25,14,8.6,18.6,0.144,0.247,0.336,0.392,0.728,102,0.1,3.7,1.3
149874,696030,"Alejandro Osuna",22,2025,"TEX",56,176,151,12,2,15,5,11.9,19.3,0.066,0.212,0.313,0.278,0.591,98,0,0.4,0.5
150017,700337,"Edgar Quero",22,2025,"CWS",111,403,365,31,5,36,0,7.9,17.6,0.088,0.268,0.333,0.356,0.689,91,,-9.1,-0.1
150294,692585,"Yanquiel Fernández",22,2025,"COL",52,147,138,13,4,11,0,5.4,29.9,0.123,0.225,0.265,0.348,0.613,72,,-2,-0.4
151206,701538,"Jackson Merrill",22,2025,"SD",114,483,440,59,16,67,1,6.8,22.4,0.193,0.264,0.317,0.457,0.774,110,0,-1.5,2.5
151225,695578,"James Wood",22,2025,"WSH",157,689,598,87,31,94,15,12.3,32.1,0.219,0.256,0.35,0.475,0.825,120,0.1,4.1,4.1
151486,695670,"Harry Ford",22,2025,"SEA",6,8,6,1,0,1,0,0,37.5,0,0.167,0.25,0.167,0.417,85,,-0.1,0
151521,695734,"Daylen Lile",22,2025,"WSH",91,351,321,51,9,41,8,6,16,0.199,0.299,0.347,0.498,0.845,106,0.1,-5.5,0.6
151544,700246,"Carson Williams",22,2025,"TB",31,106,99,11,5,12,2,5.7,41.5,0.182,0.172,0.219,0.354,0.573,64,,-0.1,-0.1
152771,695506,"Jac Caglianone",22,2025,"KC",62,232,210,19,7,18,1,7.8,22.4,0.138,0.157,0.237,0.295,0.532,95,,-2.2,0.2
153809,701358,"Cam Smith",22,2025,"HOU",133,493,441,55,9,51,8,8.7,27.8,0.122,0.236,0.312,0.358,0.67,84,0,4.2,0.7
153974,701762,"Nick Kurtz",22,2025,"ATH",117,489,420,90,36,86,2,12.9,30.9,0.329,0.29,0.383,0.619,1.002,134,0,-0.6,3.2
156087,691720,"Kyle Karros",22,2025,"COL",42,156,137,20,1,9,0,9.6,26.3,0.051,0.226,0.308,0.277,0.585,74,,0.2,0.1
157008,695681,"Christian Moore",22,2025,"LAA",50,184,162,20,7,16,3,10.3,33.7,0.173,0.198,0.284,0.37,0.654,81,,-0.3,0.2
163722,805373,"Nacho Alvarez Jr.",22,2025,"ATL",57,208,188,18,2,15,0,5.8,23.6,0.096,0.234,0.296,0.33,0.626,70,,0,0
170199,807712,"Luke Keaschall",22,2025,"MIN",49,207,182,25,4,28,14,9.2,14,0.143,0.302,0.382,0.445,0.827,106,0.2,-0.6,0.8
111462,682668,"Luisangel Acuña",23,2025,"NYM",79,193,175,30,0,8,16,6.7,19.2,0.04,0.234,0.293,0.274,0.567,83,0.5,1.6,0.5
111885,682626,"Francisco Alvarez",23,2025,"NYM",74,277,246,32,11,32,0,9.7,26.4,0.191,0.256,0.339,0.447,0.786,100,,0.1,1
113517,682653,"Warming Bernabel",23,2025,"COL",39,146,139,15,4,14,1,4.8,17.1,0.158,0.252,0.288,0.41,0.698,79,,-0.4,-0.1
116377,682729,"Jonatan Clase",23,2025,"TOR",34,112,100,10,2,9,3,8.9,25,0.09,0.21,0.288,0.3,0.588,92,0.1,-0.2,0.3
117798,682829,"Elly De La Cruz",23,2025,"CIN",162,699,629,102,22,86,37,9.6,25.9,0.176,0.264,0.336,0.44,0.776,103,0.6,-0.7,2.5
127835,682622,"Noelvi Marte",23,2025,"CIN",89,360,339,45,14,51,10,4.4,23.6,0.186,0.263,0.3,0.448,0.748,99,0,-0.2,1
127926,682657,"Angel Martínez",23,2025,"CLE",136,484,446,56,11,45,8,4.8,22.7,0.135,0.224,0.269,0.359,0.628,68,0.2,-1.3,-0.1
128307,682641,"Luis Matos",23,2025,"SF",56,184,172,26,8,21,4,6,14.7,0.203,0.221,0.266,0.424,0.69,94,0,-0.6,0.3
130914,678877,"Jhonkensy Noel",23,2025,"CLE",61,153,148,19,6,13,0,2.6,34,0.135,0.162,0.183,0.297,0.48,65,,-1.2,-0.4
131840,677347,"Kyren Paris",23,2025,"LAA",43,140,126,20,6,11,7,7.1,42.1,0.19,0.19,0.266,0.381,0.647,70,0.2,-0.9,0
133524,682663,"Agustín Ramírez",23,2025,"MIA",136,585,537,72,21,67,16,6.2,19.3,0.182,0.231,0.287,0.413,0.7,101,-0.3,-6.8,0.9
133655,682868,"Bryan Ramos",23,2025,"CWS",4,12,12,1,0,2,0,0,33.3,0.167,0.167,0.167,0.333,0.5,79,,0,0
139025,678662,"Ezequiel Tovar",23,2025,"COL",95,390,360,44,9,33,5,5.4,25.1,0.147,0.253,0.294,0.4,0.694,87,0,0.4,0.7
142588,683748,"Victor Mesa Jr.",23,2025,"MIA",14,38,32,7,1,6,0,13.2,13.2,0.156,0.188,0.297,0.344,0.641,99,,-0.2,0.1
144172,687231,"Darell Hernaiz",23,2025,"ATH",50,197,173,17,2,16,3,8.6,12.2,0.075,0.225,0.287,0.301,0.588,104,,-0.2,0.8
144717,687637,"Dylan Beavers",23,2025,"BAL",35,137,110,16,4,14,2,19,26.3,0.173,0.227,0.375,0.4,0.775,117,,0.6,0.8
147776,686611,"Dylan Crews",23,2025,"WSH",83,322,293,43,10,27,17,7.5,23.6,0.14,0.208,0.28,0.348,0.628,103,0.2,6.7,1.7
147790,690976,"Alex Freeland",23,2025,"LAD",29,97,84,10,2,6,1,11.3,36.1,0.119,0.19,0.292,0.31,0.602,69,,-0.1,0
147801,690984,"Petey Halpin",23,2025,"CLE",6,8,6,5,0,0,0,25,25,0,0.333,0.5,0.333,0.833,102,,-0.1,0
147804,690987,"Robert Hassell III",23,2025,"WSH",64,206,197,22,3,18,4,3.9,30.1,0.091,0.223,0.257,0.315,0.572,63,0,2.6,0.1
147813,690993,"Colt Keith",23,2025,"DET",137,468,414,65,13,45,1,10.3,21.8,0.157,0.256,0.333,0.413,0.746,101,,-0.5,1.3
147846,691011,"Drew Romo",23,2025,"COL",3,3,3,0,0,0,0,0,100,0,0,0,0,0,86,,0,0
147855,691016,"Tyler Soderstrom",23,2025,"ATH",157,624,561,75,25,93,8,8.8,22.6,0.198,0.276,0.346,0.474,0.82,112,-0.1,2.6,3.1
147861,691019,"Kyle Teel",23,2025,"CWS",77,297,253,38,8,35,3,12.5,25.9,0.138,0.273,0.375,0.411,0.786,100,,1.2,1.1
147867,691023,"Jordan Walker",23,2025,"STL",108,396,363,40,6,41,10,7.3,31.8,0.091,0.215,0.278,0.306,0.584,79,-0.1,-3.3,-0.4
147872,691026,"Masyn Winn",23,2025,"STL",127,537,491,72,9,51,9,6.3,19,0.11,0.253,0.31,0.363,0.673,85,0.3,-1.6,0.6
148154,691718,"Pete Crow-Armstrong",23,2025,"CHC",156,647,591,91,31,95,35,4.5,24,0.234,0.247,0.287,0.481,0.768,105,0.8,9.6,4.1
148371,691907,"Tsung-Che Cheng",23,2025,"PIT",3,7,7,0,0,0,0,0,42.9,0,0,0,0,0,91,,0,0
148616,691723,"Coby Mayo",23,2025,"BAL",85,294,263,30,11,28,3,9.2,28.6,0.171,0.217,0.299,0.388,0.687,91,0,-0.4,0.4
148617,691728,"Zac Veen",23,2025,"COL",10,37,34,1,1,2,1,5.4,37.8,0.118,0.118,0.189,0.235,0.424,77,0,0,0
148643,694377,"Nick Yorke",23,2025,"PIT",22,72,69,7,1,8,1,4.2,20.8,0.087,0.232,0.264,0.319,0.583,88,,-0.1,0.1
148658,695336,"Thomas Saggese",23,2025,"STL",81,295,275,25,2,25,3,5.4,28.1,0.08,0.258,0.299,0.338,0.637,69,,-1.5,-0.2
151347,695657,"Colson Montgomery",23,2025,"CWS",71,284,255,43,21,55,0,8.8,29.2,0.29,0.239,0.311,0.529,0.84,114,,0.2,1.5
156048,692225,"Kristian Campbell",23,2025,"BOS",67,263,229,24,6,21,2,11,27.4,0.122,0.223,0.319,0.345,0.664,85,0,-1.9,0.3
156461,694728,"Brice Matthews",23,2025,"HOU",13,47,42,6,4,9,1,4.3,42.6,0.286,0.167,0.222,0.452,0.674,89,,0,0.1
160132,694384,"Nolan Schanuel",23,2025,"LAA",131,563,487,64,12,53,5,10.5,12.4,0.125,0.265,0.354,0.39,0.744,109,-0.4,-1.4,1.8
160384,694671,"Wyatt Langford",23,2025,"TEX",134,573,489,73,22,62,22,12.9,26.4,0.19,0.241,0.344,0.431,0.775,117,0.2,6.1,3.8
160972,692216,"C.J. Kayfus",23,2025,"CLE",43,138,123,16,4,19,4,8,27.5,0.195,0.22,0.292,0.415,0.707,89,,0.8,0.3
161277,699625,"Jimmy Crooks",23,2025,"STL",13,46,45,3,1,1,0,0,37,0.111,0.133,0.152,0.244,0.396,68,,-0.3,0
163439,805779,"Jacob Wilson",23,2025,"ATH",125,523,486,62,13,63,5,5.2,7.5,0.134,0.311,0.355,0.444,0.799,108,-0.1,-7.7,1.5
163779,805367,"Chase Meidroth",23,2025,"CWS",119,505,450,54,5,23,14,8.9,14.3,0.067,0.256,0.331,0.322,0.653,91,-0.2,0.4,1.2
170210,807713,"Matt Shaw",23,2025,"CHC",123,437,393,57,13,44,17,8.7,21.5,0.168,0.226,0.295,0.394,0.689,86,0.2,2.7,1.2
111298,677595,"Ronny Mauricio",24,2025,"NYM",59,184,168,19,6,10,4,8.2,29.3,0.143,0.226,0.293,0.369,0.662,81,0,0.6,0.3
111303,677870,"Leo Jiménez",24,2025,"TOR",15,32,29,2,1,1,0,6.3,25,0.103,0.069,0.129,0.172,0.301,80,,0.1,0.1
111305,677592,"Everson Pereira",24,2025,"TB",23,73,65,7,2,8,2,9.6,38.4,0.108,0.138,0.219,0.246,0.465,71,,-0.1,0
111352,682928,"CJ Abrams",24,2025,"WSH",144,635,580,92,19,60,31,5.8,19.7,0.176,0.255,0.314,0.431,0.745,98,0.6,-0.4,2
112765,681460,"Brooks Baldwin",24,2025,"CWS",102,328,300,32,11,38,5,6.4,26.2,0.167,0.24,0.29,0.407,0.697,92,0,-2.5,0.6
112947,678489,"Jorge Barrosa",24,2025,"AZ",29,77,71,8,1,7,0,2.6,28.6,0.085,0.141,0.169,0.225,0.394,69,,0.7,0.1
113730,672012,"Tyler Black",24,2025,"MIL",5,13,8,1,0,1,0,38.5,7.7,0.125,0.25,0.538,0.375,0.913,114,,0,0.1
114935,671732,"Lawrence Butler",24,2025,"ATH",150,630,569,83,21,63,22,9.4,28.4,0.17,0.234,0.306,0.404,0.71,90,0.2,-0.9,1.1
122787,682998,"Corbin Carroll",24,2025,"AZ",141,642,564,107,31,84,32,10.4,23.8,0.282,0.259,0.343,0.541,0.884,136,0.2,13.5,5.9
122795,682985,"Riley Greene",24,2025,"DET",157,655,600,84,36,111,2,7,30.7,0.235,0.258,0.313,0.493,0.806,108,0.1,3.6,3
122896,671739,"Michael Harris II",24,2025,"ATL",159,641,611,55,20,86,20,2.5,20,0.16,0.249,0.268,0.409,0.677,91,0.3,-0.4,1.9
123218,683002,"Gunnar Henderson",24,2025,"BAL",154,651,577,85,17,68,30,9.5,21,0.163,0.274,0.349,0.437,0.786,106,0.3,-1.8,2.4
123722,677956,"Rece Hinds",24,2025,"CIN",14,44,43,6,2,3,0,2.3,47.7,0.163,0.116,0.136,0.279,0.415,75,,-0.2,0
128864,678554,"Curtis Mead",24,2025,,88,264,240,26,3,19,5,5.7,23.9,0.088,0.233,0.299,0.321,0.62,78,0,0.2,0.2
131720,681624,"Andy Pages",24,2025,"LAD",155,624,581,74,27,86,14,4.6,21.6,0.189,0.272,0.313,0.461,0.774,102,0.1,2.2,2.7
132154,678894,"Liover Peguero",24,2025,"PIT",31,88,80,9,4,8,4,6.8,28.4,0.163,0.2,0.273,0.363,0.636,73,,0,0
133479,678882,"Ceddanne Rafaela",24,2025,"BOS",153,587,546,84,16,63,20,4.8,19.9,0.165,0.249,0.295,0.414,0.709,93,0.4,16,3.5
134616,677587,"Brayan Rocchio",24,2025,"CLE",111,383,344,34,5,44,8,5.7,20.1,0.108,0.233,0.29,0.34,0.63,79,-0.1,-1.6,0.2
134822,677594,"Julio Rodríguez",24,2025,"SEA",160,710,652,106,32,98,30,6.2,21.4,0.209,0.268,0.325,0.477,0.802,114,0.1,9,5.1
135022,679032,"Johan Rojas",24,2025,"PHI",65,172,152,23,1,18,12,7.6,23.3,0.066,0.224,0.28,0.289,0.569,82,0.4,1.2,0.5
138565,677588,"José Tena",24,2025,"WSH",48,169,152,19,0,16,3,8.9,21.9,0.112,0.243,0.314,0.355,0.669,84,0.1,-1.4,0.2
139549,671655,"George Valera",24,2025,"CLE",16,49,42,7,2,5,0,14.3,28.6,0.19,0.214,0.327,0.405,0.732,90,,-0.1,0
140120,678391,"Jorbit Vivas",24,2025,"NYY",27,66,56,6,1,5,0,7.6,19.7,0.089,0.161,0.266,0.25,0.516,89,,-0.1,0.2
140156,683011,"Anthony Volpe",24,2025,"NYY",150,596,539,65,19,72,18,7.2,25.2,0.18,0.212,0.272,0.391,0.663,81,-0.4,2.6,0.9
141718,683227,"Cody Freeman",24,2025,"TEX",36,121,114,13,3,15,1,4.1,15.7,0.114,0.228,0.258,0.342,0.6,86,,0.1,0.2
141735,683090,"Matthew Lugo",24,2025,"LAA",25,70,69,9,4,9,0,0,34.3,0.232,0.232,0.243,0.464,0.707,69,,-1.3,-0.2
141747,683083,"Nasim Nuñez",24,2025,"WSH",36,92,82,13,4,13,9,8.7,21.7,0.171,0.232,0.297,0.402,0.699,95,0.2,0.2,0.3
143959,686948,"Drake Baldwin",24,2025,"ATL",124,446,405,56,19,80,0,8.5,15.2,0.195,0.274,0.341,0.469,0.81,123,,-1.7,2.7
144289,686797,"Brooks Lee",24,2025,"MIN",137,527,487,50,16,64,3,5.9,17.5,0.133,0.236,0.285,0.37,0.655,82,-0.1,-3.7,0.3
144429,687263,"Zach Neto",24,2025,"LAA",128,554,502,82,26,62,26,6,26.9,0.217,0.257,0.319,0.474,0.793,115,0,1.2,3
144540,687221,"Dalton Rushing",24,2025,"LAD",51,155,142,15,4,24,0,6.5,37.4,0.12,0.204,0.258,0.324,0.582,59,,-1.8,-0.4
144555,687363,"Victor Scott II",24,2025,"STL",132,463,398,54,5,37,34,9.1,24,0.08,0.216,0.305,0.296,0.601,73,1.5,10.1,1.4
144718,687597,"Jordan Beck",24,2025,"COL",147,588,539,62,16,53,19,7.3,29.6,0.158,0.258,0.317,0.416,0.733,86,0.4,-3.4,0.5
144811,687551,"Drew Gilbert",24,2025,"SF",34,109,100,12,3,13,1,6.4,18.3,0.16,0.19,0.248,0.35,0.598,100,,1,0.4
144940,687529,"Grant McCray",24,2025,"SF",12,26,22,3,0,2,0,7.7,42.3,0.091,0.091,0.16,0.182,0.342,73,,0,0
145096,687515,"Colby Thomas",24,2025,"ATH",49,132,120,20,6,19,2,5.3,37.1,0.192,0.225,0.267,0.417,0.684,81,,0.1,0.1
146339,690291,"Jace Jung",24,2025,"DET",19,55,47,8,0,3,0,12.7,29.1,0,0.106,0.236,0.106,0.342,83,,-0.2,0.1
146515,682988,"Tyler Locklear",24,2025,"AZ",31,116,103,11,3,6,3,8.6,37.1,0.087,0.175,0.267,0.262,0.529,69,,-0.3,-0.2
146693,689200,"Jacob Melton",24,2025,"HOU",30,78,70,7,0,7,7,7.7,37.2,0.029,0.157,0.234,0.186,0.42,65,0,0.1,0
146945,688363,"Graham Pauley",24,2025,"MIA",57,184,161,18,4,11,2,11.4,19.6,0.143,0.224,0.311,0.366,0.677,89,,-0.2,0.4
147123,690022,"Ryan Ritter",24,2025,"COL",59,207,187,22,1,18,3,4.8,29.5,0.096,0.241,0.296,0.337,0.633,63,,-0.4,-0.2
151394,700932,"Kyle Manzardo",24,2025,"CLE",142,531,470,47,27,69,2,9,25.4,0.221,0.232,0.311,0.453,0.764,105,-0.1,-0.3,1.3
153929,701675,"Nathan Church",24,2025,"STL",20,65,56,9,1,8,1,4.6,27.7,0.071,0.179,0.254,0.25,0.504,81,,0.4,0.1
162174,802415,"Chandler Simpson",24,2025,"TB",109,441,414,53,0,26,44,4.5,9.8,0.051,0.295,0.326,0.345,0.671,93,0.7,-3.8,0.8
163702,805300,"Jakob Marsee",24,2025,"MIA",55,234,209,28,5,33,14,9.4,20.5,0.187,0.292,0.363,0.478,0.841,100,,1.4,1.1
163734,805904,"Zach Cole",24,2025,"HOU",15,52,47,9,4,11,3,9.6,38.5,0.298,0.255,0.327,0.553,0.88,103,,-0.2,0.2
163807,804668,"Rafael Flores",24,2025,"PIT",6,17,15,0,0,0,0,11.8,41.2,0.133,0.2,0.294,0.333,0.627,78,,0,0
167784,810938,"Ben Williamson",24,2025,"SEA",82,295,277,36,1,21,5,5.1,21.7,0.058,0.253,0.294,0.31,0.604,79,-0.1,1.3,0.5
109139,671277,"Luis García Jr.",25,2025,"WSH",138,526,488,67,16,66,14,5.1,16,0.16,0.252,0.289,0.412,0.701,97,0,-3.7,1.4
109355,672356,"Gabriel Arias",25,2025,"CLE",128,471,432,44,11,54,8,5.7,34.4,0.144,0.22,0.274,0.363,0.637,85,0.1,3.6,1.2
109543,672744,"Alexander Canario",25,2025,"PIT",78,234,216,25,6,20,3,7.3,34.2,0.12,0.218,0.274,0.338,0.612,86,0,-3,0.1
109864,672580,"Maikel Garcia",25,2025,"KC",159,666,595,81,16,74,23,9.3,12.6,0.163,0.287,0.353,0.45,0.803,113,0.2,5.7,4.1
110017,671056,"Iván Herrera",25,2025,"STL",107,452,388,54,19,66,8,9.5,18.6,0.18,0.284,0.373,0.464,0.837,135,-0.1,-0.3,2.7
110402,672515,"Gabriel Moreno",25,2025,"AZ",81,309,277,44,9,40,2,9.4,17.2,0.148,0.285,0.353,0.433,0.786,104,-0.1,3.9,1.7
110476,672359,"Tirso Ornelas",25,2025,"SD",7,16,14,0,0,1,0,12.5,12.5,0,0.071,0.188,0.071,0.259,115,,0,0.1
110535,672724,"Oswald Peraza",25,2025,,96,265,244,24,5,20,9,6.4,30.2,0.086,0.164,0.223,0.25,0.473,71,,-0.8,-0.1
110536,672695,"Geraldo Perdomo",25,2025,"AZ",161,720,597,98,20,100,27,13.1,11.5,0.173,0.29,0.389,0.462,0.851,133,0.3,5.6,5.9
110551,672761,"Wenceel Pérez",25,2025,"DET",98,383,344,47,13,43,8,8.1,22.7,0.186,0.244,0.308,0.43,0.738,89,,1.2,0.7
110621,671218,"Heliot Ramos",25,2025,"SF",157,695,620,85,21,69,6,7.5,22.7,0.144,0.256,0.328,0.4,0.728,103,0.3,-6.6,1.8
110685,671286,"Johnathan Rodríguez",25,2025,"CLE",27,77,71,6,2,10,1,7.8,28.6,0.169,0.197,0.26,0.366,0.626,86,,-1.9,-0.1
110868,672820,"Lenyn Sosa",25,2025,"CWS",140,544,518,57,22,75,2,3.3,23.3,0.17,0.264,0.293,0.434,0.727,103,-0.1,-1.5,1.8
111017,668901,"Mark Vientos",25,2025,"NYM",121,463,424,44,17,61,1,6.5,24.8,0.179,0.233,0.289,0.413,0.702,90,,-3.7,0.4
111154,676679,"Luis Vázquez",25,2025,"BAL",21,53,50,6,1,3,2,5.7,26.4,0.08,0.16,0.208,0.24,0.448,78,,-0.1,0
111498,677941,"Jordyn Adams",25,2025,"BAL",5,5,5,1,0,0,0,0,40,0,0,0,0,0,84,,0,0
112639,678225,"Ji Hwan Bae",25,2025,"PIT",12,25,20,4,0,0,4,20,36,0,0.05,0.24,0.05,0.29,97,,0.3,0.1
112807,677943,"Will Banfield",25,2025,"CIN",5,10,10,0,0,0,0,0,60,0,0.1,0.1,0.1,0.2,62,,0.3,0
112867,680718,"Addison Barger",25,2025,"TOR",134,502,459,61,21,75,4,7.2,24.1,0.211,0.244,0.301,0.455,0.756,105,0,0.9,2.1
113835,669208,"Ryan Bliss",25,2025,"SEA",11,39,35,1,1,3,2,10.3,28.2,0.114,0.2,0.282,0.314,0.596,100,0,0,0.2
115660,671213,"Triston Casas",25,2025,"BOS",29,112,99,5,3,11,0,9.8,24.1,0.121,0.182,0.277,0.303,0.58,85,,0,0.1
116366,672016,"Denzel Clarke",25,2025,"ATH",46,159,148,18,3,8,6,3.8,38.4,0.142,0.23,0.274,0.372,0.646,61,0.1,7.9,0.7
117074,681297,"Colton Cowser",25,2025,"BAL",91,360,327,36,16,40,14,7.5,35.6,0.19,0.196,0.269,0.385,0.654,72,0.1,-1,0
117672,680779,"Henry Davis",25,2025,"PIT",84,283,252,25,7,22,2,6.4,26.9,0.111,0.167,0.234,0.278,0.512,96,,2,1.2
118072,680728,"Adrian Del Castillo",25,2025,"AZ",44,131,120,9,4,17,0,6.1,35.9,0.15,0.242,0.29,0.392,0.682,66,,0.2,-0.3
119177,669364,"Xavier Edwards",25,2025,"MIA",139,619,561,75,3,43,27,7.9,14.2,0.07,0.283,0.343,0.353,0.696,96,0,3.5,2.3
121206,680869,"Zack Gelof",25,2025,"ATH",27,101,92,12,2,7,1,6.9,45.5,0.098,0.174,0.23,0.272,0.502,62,,0.4,0
121931,669357,"Nolan Gorman",25,2025,"STL",108,402,351,48,14,46,1,11.7,33.8,0.165,0.205,0.296,0.37,0.666,84,,-1.7,0.3
123409,681715,"Heriberto Hernández",25,2025,"MIA",86,294,256,40,10,45,1,10.5,26.2,0.172,0.266,0.347,0.438,0.785,100,,-1.3,0.6
124483,669236,"Jeremiah Jackson",25,2025,"BAL",48,183,170,20,5,21,0,6,27.3,0.171,0.276,0.328,0.447,0.775,87,,-1.3,0.1
125372,672284,"Jarred Kelenic",25,2025,"ATL",24,65,60,7,2,2,0,7.7,35.4,0.133,0.167,0.231,0.3,0.531,99,,0.2,0.2
126483,683004,"Jack Leiter",25,2025,"TEX",1,1,1,0,0,0,0,0,100,0,0,0,0,0,81,,0,0
127532,669234,"Justyn-Henry Malloy",25,2025,"DET",51,127,104,15,1,17,0,15.7,25.2,0.087,0.221,0.346,0.308,0.654,95,,-0.4,0.2
128758,680574,"Matt McLain",25,2025,"CIN",145,577,510,73,15,50,18,9.5,28.9,0.124,0.22,0.3,0.343,0.643,76,0.5,-2.9,0.2
128870,678009,"Parker Meadows",25,2025,"DET",56,213,191,22,4,16,4,9.9,26.3,0.115,0.215,0.291,0.33,0.621,88,0,0.7,0.6
130661,666310,"Bo Naylor",25,2025,"CLE",119,414,359,46,14,47,1,10.9,23.9,0.184,0.195,0.282,0.379,0.661,88,0,-2.6,0.7
130940,681393,"Connor Norby",25,2025,"MIA",87,337,311,42,8,34,8,5.3,26.7,0.138,0.251,0.3,0.389,0.689,80,0,-1,0.3
131149,681351,"Logan O'Hoppe",25,2025,"LAA",119,451,423,35,19,43,2,5.3,30.8,0.158,0.213,0.258,0.371,0.629,75,0,-11.2,-0.9
131409,680716,"Jonathan Ornelas",25,2025,,5,10,9,1,0,0,0,10,30,0,0.222,0.3,0.222,0.522,89,,0,0
132680,671976,"Tristan Peters",25,2025,"TB",4,12,12,0,0,0,0,0,58.3,0,0,0,0,0,64,,-0.1,0
134717,682848,"Endy Rodríguez",25,2025,"PIT",16,57,52,5,0,2,0,8.8,24.6,0.077,0.173,0.246,0.25,0.496,84,0,-0.1,0.1
136838,672279,"Michael Siani",25,2025,"STL",13,19,17,4,0,0,0,10.5,36.8,0,0.235,0.316,0.235,0.551,78,,-0.2,0
136960,682927,"Ronny Simon",25,2025,,27,88,77,10,0,7,1,9.1,17,0.039,0.234,0.299,0.273,0.572,105,,0.1,0.3
138635,677950,"Alek Thomas",25,2025,"AZ",136,469,433,51,9,38,7,4.5,26,0.12,0.249,0.289,0.37,0.659,70,0.1,-4.6,-0.3
138910,679529,"Spencer Torkelson",25,2025,"DET",155,649,563,82,31,78,2,11.1,26,0.217,0.24,0.333,0.456,0.789,122,-0.2,0.6,3.4
139196,668930,"Brice Turang",25,2025,"MIL",155,659,584,97,18,81,24,10,22.8,0.147,0.288,0.359,0.435,0.794,107,0.2,2.7,3.3
139705,678246,"Miguel Vargas",25,2025,"CWS",138,569,504,80,16,60,6,9.8,17.6,0.167,0.234,0.316,0.401,0.717,91,0,-2.1,1
140577,669224,"Austin Wells",25,2025,"NYY",120,448,401,51,21,71,5,6.7,26.3,0.217,0.219,0.275,0.436,0.711,83,0,11.6,2
141166,677951,"Bobby Witt Jr.",25,2025,"KC",157,687,623,99,23,88,38,7.1,18.2,0.205,0.295,0.351,0.501,0.852,125,0.9,1.7,4.5
141269,669398,"Gage Workman",25,2025,,9,17,16,0,0,2,1,5.9,41.2,0.063,0.188,0.235,0.25,0.485,76,,-0.1,0
141688,683146,"Brett Baty",25,2025,"NYM",126,432,393,53,18,50,8,7.6,25,0.181,0.254,0.313,0.435,0.748,105,0,0.4,1.9
141693,682997,"Tyler Callihan",25,2025,"CIN",4,6,6,0,0,1,0,0,16.7,0,0.167,0.167,0.167,0.334,99,,0,0
143435,685744,"Kenedy Corona",25,2025,"HOU",2,4,2,0,0,0,0,50,25,0,0,0.5,0,0.5,93,,0,0
144778,687952,"Christian Encarnacion-Strand",25,2025,"CIN",36,137,130,13,6,19,0,2.2,23.4,0.169,0.208,0.234,0.377,0.611,82,0,-0.1,0.1
144832,687957,"Dustin Harris",25,2025,"TEX",18,43,40,5,1,2,1,7,30.2,0.15,0.2,0.256,0.35,0.606,83,0,-0.1,0
147481,689041,"Rhylan Thomas",25,2025,"SEA",3,10,8,2,0,2,0,10,0,0.125,0.125,0.2,0.25,0.45,100,,0,0
149417,696100,"Hunter Goodman",25,2025,"COL",143,579,540,73,31,91,1,5.7,26.3,0.243,0.278,0.323,0.52,0.843,106,0,0.4,2.3
151226,700242,"Trey Sweeney",25,2025,"DET",108,327,297,36,6,32,3,8,28.4,0.094,0.195,0.257,0.29,0.547,61,0,-1.2,-0.6
151281,686217,"Sal Frelick",25,2025,"MIL",141,594,528,76,12,63,19,7.9,13.5,0.117,0.288,0.351,0.405,0.756,101,0.7,7.9,2.4
151300,702332,"Caleb Durbin",25,2025,"MIL",134,506,445,60,11,53,18,5.9,9.9,0.13,0.256,0.334,0.387,0.721,105,0,1.1,2.3
151463,696285,"Jacob Young",25,2025,"WSH",112,364,324,34,2,31,15,7.4,17.9,0.056,0.231,0.296,0.287,0.583,80,-0.1,9.2,1.6
153145,702358,"Trey Lipscomb",25,2025,"WSH",1,4,4,1,0,0,0,0,25,0,0.5,0.5,0.5,1,85,,0,0
153781,701305,"Zach Dezenzo",25,2025,"HOU",32,109,98,17,2,10,1,10.1,33.9,0.122,0.245,0.321,0.367,0.688,73,0,-0.7,-0.1
157585,702176,"Alan Roden",25,2025,,51,153,136,17,2,9,1,5.2,24.2,0.103,0.191,0.261,0.294,0.555,79,,-0.6,0
163882,805249,"Otto Kemp",25,2025,"PHI",62,218,197,26,8,28,2,5.5,30.7,0.178,0.234,0.298,0.411,0.709,76,0,-0.9,0
106820,660688,"Keibert Ruiz",26,2025,"WSH",68,267,255,19,2,25,0,3,9.7,0.071,0.247,0.277,0.318,0.595,87,-0.2,-7.7,-0.2
107182,665742,"Juan Soto",26,2025,"NYM",160,715,577,120,43,105,37,17.8,19.2,0.262,0.263,0.396,0.525,0.921,168,0,-9.6,6.7
107184,665489,"Vladimir Guerrero Jr.",26,2025,"TOR",156,680,589,96,23,84,6,11.9,13.8,0.175,0.292,0.381,0.467,0.848,136,-0.2,-1.5,4.4
107293,665750,"Leody Taveras",26,2025,,54,180,171,13,3,17,9,2.8,27.8,0.099,0.205,0.226,0.304,0.53,70,0.1,-0.7,-0.2
107401,665804,"Miguel Amaya",26,2025,"CHC",28,103,96,14,4,25,0,3.9,21.4,0.219,0.281,0.314,0.5,0.814,95,,-0.7,0.3
107439,668731,"Akil Baddoo",26,2025,"DET",7,18,17,0,0,1,1,5.6,27.8,0.059,0.118,0.167,0.176,0.343,81,,0.1,0
107561,665828,"Oswaldo Cabrera",26,2025,"NYY",33,122,107,17,1,11,0,9,20.5,0.065,0.243,0.322,0.308,0.63,87,0,-0.3,0.2
107582,666185,"Dylan Carlson",26,2025,"BAL",76,241,217,17,6,20,3,8.7,22.4,0.134,0.203,0.278,0.336,0.614,96,0,1.2,0.8
107628,665953,"Andrés Chaparro",26,2025,"WSH",28,73,66,4,1,5,0,6.8,30.1,0.076,0.182,0.247,0.258,0.505,79,,0.1,0
107675,665833,"Oneil Cruz",26,2025,"PIT",135,544,471,62,20,61,38,11.8,32,0.178,0.2,0.298,0.378,0.676,105,0.8,-3.8,2.1
107784,665877,"José Fermín",26,2025,"STL",30,70,60,5,1,9,2,11.4,14.3,0.133,0.283,0.377,0.417,0.794,95,,0.3,0.2
107858,665926,"Andrés Giménez",26,2025,"TOR",98,369,329,39,7,35,12,6.8,17.9,0.103,0.21,0.285,0.313,0.598,83,0.3,2.7,0.9
108145,665561,"Rafael Marchán",26,2025,"PHI",39,118,105,9,2,13,0,8.5,14.4,0.095,0.21,0.282,0.305,0.587,100,,1.3,0.6
108284,665966,"Carlos Narváez",26,2025,"BOS",117,446,403,51,15,50,1,8.5,24.9,0.179,0.241,0.306,0.419,0.725,92,,4.6,1.8
108350,670623,"Isaac Paredes",26,2025,"HOU",102,438,378,53,20,53,0,11.4,17.4,0.204,0.254,0.352,0.458,0.81,106,,-0.6,1.8
108479,665861,"Sebastián  Rivero",26,2025,"LAA",11,34,33,4,0,2,1,2.9,26.5,0.061,0.182,0.206,0.242,0.448,77,,-0.6,0
108525,665923,"Esteury Ruiz",26,2025,"LAD",15,23,21,2,1,2,4,8.7,34.8,0.143,0.19,0.261,0.333,0.594,87,,0.2,0.1
108651,665487,"Fernando Tatis Jr.",26,2025,"SD",155,691,594,111,25,71,32,12.9,18.7,0.178,0.268,0.368,0.446,0.814,135,0.3,17,6.4
108656,669392,"Samad Taylor",26,2025,"SEA",4,9,8,1,0,0,0,0,11.1,0,0.125,0.125,0.125,0.25,96,,0,0
108701,665839,"Enmanuel Valdez",26,2025,"PIT",30,102,91,7,2,12,0,10.8,15.7,0.154,0.209,0.294,0.363,0.657,104,,0,0.3
109083,669261,"Jack Suwinski",26,2025,"PIT",57,178,150,15,3,10,7,13.5,32,0.107,0.147,0.281,0.253,0.534,85,0.1,0.3,0.3
109295,666176,"Jo Adell",26,2025,"LAA",150,573,526,63,37,98,5,5.8,26.4,0.249,0.236,0.293,0.485,0.778,117,0.1,-9.5,2.1
109318,669397,"Nick Allen",26,2025,"ATL",130,416,371,32,0,22,8,7.5,23.8,0.03,0.221,0.284,0.251,0.535,65,0,3.5,-0.1
109448,672642,"Steward Berroa",26,2025,"MIL",2,6,5,0,0,0,1,16.7,33.3,0,0,0.167,0,0.167,93,,0,0
109542,669134,"Luis Campusano",26,2025,"SD",10,27,21,0,0,0,0,22.2,40.7,0,0,0.222,0,0.222,70,,0,-0.1
109738,673237,"Yainer Diaz",26,2025,"HOU",143,567,542,56,20,70,1,3.5,16.8,0.161,0.256,0.284,0.417,0.701,117,-0.1,-6.5,2.4
109838,671289,"Tyler Freeman",26,2025,"COL",110,428,377,50,2,31,18,7.9,11.9,0.08,0.281,0.354,0.361,0.715,105,0.1,-6.7,0.6
110120,671083,"Buddy Kennedy",26,2025,,13,32,29,2,0,1,0,6.3,25,0.034,0.069,0.156,0.103,0.259,89,,-0.1,0.1
110182,668904,"Royce Lewis",26,2025,"MIN",105,403,376,36,13,51,12,6.2,19.9,0.152,0.231,0.278,0.383,0.661,89,,1.4,1.1
110207,672640,"Otto Lopez",26,2025,"MIA",142,594,544,66,15,77,15,7.4,13.8,0.121,0.246,0.305,0.368,0.673,106,0.3,3,2.7
110333,669004,"MJ Melendez",26,2025,"KC",21,65,60,5,1,1,0,4.6,35.4,0.083,0.083,0.154,0.167,0.321,71,,0.4,0
110401,666624,"Christopher Morel",26,2025,"TB",104,305,278,37,11,33,7,8.2,35.7,0.176,0.219,0.289,0.396,0.685,87,0.2,-1.8,0.2
110800,676914,"Davis Schneider",26,2025,"TOR",80,227,188,33,11,31,3,15.9,26.4,0.202,0.234,0.361,0.436,0.797,124,,-0.1,1.4
111018,668723,"Ryan Vilade",26,2025,"STL",6,15,13,1,0,0,0,13.3,33.3,0,0.077,0.2,0.077,0.277,87,,0,0
111044,671221,"Drew Waters",26,2025,"KC",68,219,206,21,1,14,5,5,27.4,0.073,0.243,0.288,0.316,0.604,69,0.1,-1.2,-0.2
111086,677800,"Wilyer Abreu",26,2025,"BOS",112,417,373,53,22,69,6,9.6,24.2,0.223,0.247,0.317,0.469,0.786,123,-0.2,9.3,3.2
111090,676070,"Jacob Amaya",26,2025,"CWS",31,73,66,7,0,8,2,4.1,21.9,0.015,0.106,0.139,0.121,0.26,73,0.1,0.1,0
111187,677649,"Ezequiel Duran",26,2025,"TEX",80,219,205,16,0,14,11,3.7,25.1,0.068,0.224,0.266,0.293,0.559,64,,0,-0.3
111216,672386,"Alejandro Kirk",26,2025,"TOR",130,506,451,45,15,76,1,9.5,11.7,0.14,0.279,0.346,0.419,0.765,125,,6.3,4.1
111707,677942,"Blaze Alexander",26,2025,"AZ",73,266,230,31,7,28,4,8.3,32.3,0.152,0.23,0.323,0.383,0.706,75,,1.1,0.3
112687,672275,"Patrick Bailey",26,2025,"SF",129,452,409,47,6,55,1,6.6,29.4,0.103,0.222,0.277,0.325,0.602,67,,23.5,2.4
114833,676475,"Alec Burleson",26,2025,"STL",138,546,497,54,18,69,5,7.1,14.5,0.169,0.29,0.343,0.459,0.802,120,-0.2,-3.4,2.4
118215,676356,"Jonny DeLuca",26,2025,"TB",19,59,57,5,0,4,6,3.4,22,0.123,0.333,0.356,0.456,0.812,80,0,0.3,0.1
119234,671284,"Tim Elko",26,2025,"CWS",22,72,67,6,4,8,1,6.9,41.7,0.194,0.134,0.194,0.328,0.522,74,0,0.1,-0.1
120345,679822,"Justin Foscue",26,2025,"TEX",4,9,9,0,0,2,0,0,33.3,0.111,0.111,0.111,0.222,0.333,88,,0,0
125175,666397,"Edouard Julien",26,2025,"MIN",62,208,182,13,3,12,0,10.6,29.3,0.104,0.22,0.309,0.324,0.633,77,-0.1,-0.2,0
125642,677008,"Heston Kjerstad",26,2025,"BAL",52,167,156,16,4,19,1,3.6,26.9,0.135,0.192,0.24,0.327,0.567,88,0,-1.1,0.1
126858,679845,"Nick Loftin",26,2025,"KC",66,188,168,17,4,20,1,7.4,14.4,0.149,0.208,0.278,0.357,0.635,97,0,-0.8,0.5
127849,668885,"Austin Martin",26,2025,"MIN",47,181,156,22,1,7,11,12.2,17.1,0.083,0.282,0.374,0.365,0.739,101,,-0.9,0.5
129622,669003,"Garrett Mitchell",26,2025,"MIL",24,78,68,9,0,3,3,9,32.1,0.088,0.206,0.286,0.294,0.58,65,0.1,1.9,0.2
136264,669477,"Casey Schmitt",26,2025,"SF",94,348,312,34,12,40,0,7.8,23.9,0.163,0.237,0.305,0.401,0.706,85,,-1.6,0.4
136475,678011,"Anthony Seigler",26,2025,"MIL",33,73,63,6,0,5,2,11,21.9,0.016,0.19,0.288,0.206,0.494,94,,-0.3,0.2
136621,676044,"Bob Seymour",26,2025,"TB",24,83,78,9,1,5,1,4.8,38.6,0.077,0.205,0.253,0.282,0.535,52,,0.1,-0.3
137780,677060,"Chad Stevens",26,2025,"LAA",5,14,13,1,0,0,0,0,50,0,0.154,0.154,0.154,0.308,69,,0,0
138572,669326,"Bryce Teodosio",26,2025,"LAA",49,150,138,12,1,7,7,3.3,31.3,0.101,0.203,0.248,0.304,0.552,62,,3,0.2
138833,669911,"Michael Toglia",26,2025,"COL",87,337,306,22,11,32,3,8.3,39.2,0.163,0.19,0.258,0.353,0.611,64,0,-2.7,-0.9
140632,676059,"Jordan Westburg",26,2025,"BAL",85,352,328,59,17,41,1,4.8,22.7,0.192,0.265,0.313,0.457,0.77,96,0,-0.1,1
141102,669717,"Will Wilson",26,2025,"CLE",33,91,78,7,0,2,2,7.7,37.4,0.051,0.192,0.267,0.244,0.511,56,0,-0.2,-0.2
141127,676466,"Jack Winkler",26,2025,"MIA",11,16,16,2,0,0,1,0,25,0.125,0.25,0.25,0.375,0.625,90,,0,0
143882,686676,"Korey Lee",26,2025,"CWS",20,40,35,10,1,3,0,10,17.5,0.171,0.257,0.333,0.429,0.762,96,,-0.1,0.1
144443,687401,"Joey Ortiz",26,2025,"MIL",147,506,471,62,7,45,14,5.3,14.6,0.087,0.231,0.277,0.318,0.595,80,0.1,-0.9,0.3
144454,686780,"Pedro Pagés",26,2025,"STL",107,389,361,38,11,45,0,4.9,27.5,0.133,0.23,0.272,0.363,0.635,74,,7,0.9
146199,689414,"Liam Hicks",26,2025,"MIA",119,390,332,37,6,45,2,11,14.4,0.099,0.247,0.346,0.346,0.692,97,,-3.1,0.7
147697,689172,"Brett Wisely",26,2025,,23,63,54,5,1,10,1,11.1,22.2,0.13,0.185,0.279,0.315,0.594,86,0,0.3,0.2
148608,686894,"Joey Wiemer",26,2025,"MIA",21,61,55,7,3,12,0,3.3,37.7,0.2,0.236,0.279,0.436,0.715,87,,0.8,0.1
148620,693304,"Nick Gonzales",26,2025,"PIT",96,408,381,39,5,30,0,5.1,17.9,0.102,0.262,0.301,0.365,0.666,82,0.1,-1.4,0.5
148622,693307,"Dillon Dingler",26,2025,"DET",125,469,435,54,13,57,0,4.9,23.5,0.147,0.278,0.327,0.425,0.752,100,,9,2.7
148642,694376,"Shay Whitcomb",26,2025,"HOU",17,32,32,4,1,1,0,0,31.3,0.094,0.125,0.125,0.219,0.344,74,,0,0
151203,694362,"Blake Dunn",26,2025,"CIN",26,75,60,10,1,7,1,10.7,33.3,0.083,0.15,0.32,0.233,0.553,78,0,-0.3,0
151227,700250,"Ben Rice",26,2025,"NYY",136,530,467,74,26,65,3,9.4,18.9,0.244,0.255,0.337,0.499,0.836,128,-0.2,0.2,3.1
151254,694374,"Tim Tawa",26,2025,"AZ",69,225,199,29,7,18,8,8.9,28.4,0.146,0.201,0.274,0.347,0.621,87,0.1,-0.5,0.4
151256,695257,"Billy Cook",26,2025,"PIT",3,6,6,1,0,0,0,0,16.7,0,0.333,0.333,0.333,0.666,93,,0,0
151283,694388,"Joey Loperfido",26,2025,"TOR",38,104,96,12,4,14,1,3.8,26,0.167,0.333,0.379,0.5,0.879,85,,0.1,0.1
151288,695238,"Will Wagner",26,2025,,55,149,129,15,0,7,1,11.4,18.8,0.054,0.225,0.324,0.279,0.603,91,0,-0.3,0.3
151341,690924,"Braxton Fulford",26,2025,"COL",38,120,108,11,1,16,1,5.8,30,0.111,0.213,0.267,0.324,0.591,67,,-2.3,-0.3
151383,694359,"Niko Kavadas",26,2025,"LAA",9,23,20,0,0,0,0,13,43.5,0,0.1,0.217,0.1,0.317,72,,0,0
152854,693409,"César Prieto",26,2025,"STL",3,6,6,0,0,0,0,0,83.3,0,0.167,0.167,0.167,0.334,70,,0,0
165248,808975,"Hyeseong Kim",26,2025,"LAD",65,170,161,19,3,17,13,4.1,30.6,0.106,0.28,0.314,0.385,0.699,70,0.3,0.4,0.1
165254,808982,"Jung Hoo Lee",26,2025,"SF",149,617,560,73,8,55,10,7.6,11.5,0.141,0.266,0.327,0.407,0.734,104,0,-10.4,1.7
105454,660670,"Ronald Acuña Jr.",27,2025,"ATL",95,412,338,74,21,42,9,17.2,24.8,0.228,0.29,0.417,0.518,0.935,154,0,-5.2,3.2
105636,660644,"Vidal Bruján",27,2025,,52,95,87,14,0,8,2,6.3,22.1,0.057,0.253,0.305,0.31,0.615,85,0,-0.1,0.2
105764,661388,"William Contreras",27,2025,"MIL",150,659,566,89,17,76,6,12.7,18.2,0.14,0.258,0.354,0.398,0.752,103,-0.2,1.5,2.7
106066,660757,"Oscar Gonzalez",27,2025,"SD",20,61,59,2,0,4,0,3.3,21.3,0.017,0.22,0.246,0.237,0.483,85,,-0.3,0
106217,663330,"Jahmai Jones",27,2025,"DET",70,150,129,21,7,23,2,12,21.3,0.264,0.287,0.387,0.55,0.937,116,,-0.1,0.6
106748,660844,"Leo Rivas",27,2025,"SEA",44,111,90,19,2,9,6,18,21.6,0.089,0.244,0.387,0.333,0.72,105,0.1,0.2,0.5
106844,660821,"Jesús Sánchez",27,2025,,134,497,451,61,14,48,13,8.5,22.1,0.157,0.237,0.304,0.395,0.699,104,0,-0.2,1.6
107415,666018,"Jonathan Aranda",27,2025,"TB",106,422,370,56,14,59,0,9.7,25.4,0.173,0.316,0.393,0.489,0.882,116,,-0.2,1.8
107480,666181,"Will Benson",27,2025,"CIN",86,253,230,31,12,41,2,6.3,26.5,0.209,0.226,0.273,0.435,0.708,112,0,2.4,1.4
107491,666182,"Bo Bichette",27,2025,"TOR",139,628,582,78,18,93,4,6.4,14.5,0.172,0.311,0.357,0.483,0.84,117,-0.4,-3,3
107632,665862,"Jazz Chisholm Jr.",27,2025,"NYY",130,531,462,75,31,80,31,10.9,27.9,0.238,0.242,0.332,0.481,0.813,120,0.5,1.3,3.5
107982,669087,"Sam Huff",27,2025,"SF",20,58,53,5,2,4,0,6.9,43.1,0.132,0.208,0.259,0.34,0.599,65,,-0.2,-0.1
108051,666198,"Carter Kieboom",27,2025,"LAA",3,8,8,0,0,1,0,0,12.5,0,0.25,0.25,0.25,0.5,97,,0,0
108118,666139,"Josh Lowe",27,2025,"TB",108,435,396,56,11,40,18,7.6,25.1,0.146,0.22,0.283,0.366,0.649,81,0.1,2.1,0.3
108127,666158,"Gavin Lux",27,2025,"CIN",140,503,446,49,5,53,1,11.1,22.7,0.105,0.269,0.35,0.374,0.724,88,,-4.1,0.2
108236,669304,"Jose Miranda",27,2025,"MIN",12,36,36,2,1,5,0,0,36.1,0.083,0.167,0.167,0.25,0.417,67,,-0.2,0
108243,666160,"Mickey Moniak",27,2025,"COL",133,461,434,62,24,68,9,4.8,23.9,0.249,0.27,0.306,0.518,0.824,118,-0.1,-4.3,1.9
108516,666163,"Ben Rortvedt",27,2025,,41,128,112,9,1,10,0,8.6,18,0.054,0.152,0.24,0.205,0.445,87,,0.7,0.4
108682,666211,"Taylor Trammell",27,2025,"HOU",48,135,117,15,3,12,3,12.6,30.4,0.137,0.197,0.296,0.333,0.629,73,,0.1,0.1
108947,666134,"Nolan Jones",27,2025,"CLE",130,403,355,34,5,34,8,9.7,28,0.093,0.211,0.296,0.304,0.6,78,0,-4.9,-0.4
109122,669016,"Brandon Marsh",27,2025,"PHI",127,425,379,59,11,43,7,8.9,25.9,0.164,0.28,0.342,0.443,0.785,90,0,-8.8,0.2
109539,672569,"Gustavo Campero",27,2025,"LAA",26,66,58,9,3,8,4,7.6,21.2,0.172,0.172,0.273,0.345,0.618,102,0,-0.1,0.2
109776,666464,"Jerar Encarnacion",27,2025,"SF",19,56,55,5,2,7,1,1.8,26.8,0.164,0.2,0.214,0.364,0.578,82,0,-0.3,0
110664,673357,"Luis Robert Jr.",27,2025,"CWS",108,431,382,52,14,53,33,9.3,26,0.141,0.223,0.297,0.364,0.661,89,0.5,-3.1,0.8
111030,676572,"Eric Wagaman",27,2025,"MIA",138,514,476,56,9,53,4,6.2,19.5,0.128,0.25,0.296,0.378,0.674,96,-0.2,-0.9,0.9
111286,669432,"Trevor Rogers",27,2025,"BAL",1,2,2,0,0,0,0,0,100,0,0,0,0,0,10,,0,0
111300,676480,"José Barrero",27,2025,"STL",17,31,29,4,1,3,0,3.2,29,0.138,0.138,0.194,0.276,0.47,79,,-0.1,0
113823,668709,"JJ Bleday",27,2025,"ATH",97,344,307,48,14,39,1,10.5,26.5,0.192,0.208,0.291,0.401,0.692,90,-0.1,-4.9,0.3
115478,681481,"Kerry Carpenter",27,2025,"DET",130,464,433,66,26,62,1,3.9,22.8,0.245,0.252,0.291,0.497,0.788,106,-0.2,0.2,1.4
116712,665052,"Griffin Conine",27,2025,"MIA",24,86,79,13,2,8,0,8.1,29.1,0.165,0.253,0.314,0.418,0.732,79,0,-0.5,0
117625,669722,"Logan Davidson",27,2025,,16,48,43,3,1,4,0,6.3,47.9,0.116,0.163,0.217,0.279,0.496,58,,-0.1,-0.1
120133,666149,"Tyler Fitzgerald",27,2025,"SF",70,243,217,19,4,14,9,7,28.8,0.111,0.217,0.278,0.327,0.605,60,0.2,1.4,-0.2
120177,666150,"Dominic Fletcher",27,2025,"CWS",11,34,32,5,1,2,1,5.9,5.9,0.25,0.219,0.265,0.469,0.734,109,,-0.3,0.1
122664,666152,"David Hamilton",27,2025,"BOS",78,194,177,27,6,19,22,6.7,24.2,0.136,0.198,0.257,0.333,0.59,71,0.2,1.2,0.2
122720,668974,"Maverick Handley",27,2025,"BAL",16,47,41,2,0,3,0,4.3,38.3,0,0.073,0.133,0.073,0.206,56,,0,-0.1
125028,675659,"Greg Jones",27,2025,"CWS",3,2,2,0,0,0,1,0,100,0,0,0,0,0,89,,0,0
125906,668952,"Ryan Kreidler",27,2025,"DET",15,44,38,5,0,0,2,9.1,43.2,0,0.105,0.19,0.105,0.295,61,0,-0.4,-0.1
126005,680757,"Steven Kwan",27,2025,"CLE",156,693,625,81,11,56,21,7.9,8.7,0.102,0.272,0.33,0.374,0.704,98,0.1,3.6,2.4
126172,669127,"Shea Langeliers",27,2025,"ATH",123,522,480,73,31,72,7,6.9,19.5,0.26,0.277,0.326,0.538,0.864,116,-0.1,-9.4,1.9
128477,664983,"Jake McCarthy",27,2025,"AZ",66,222,206,18,4,20,6,4.5,18,0.141,0.204,0.247,0.345,0.592,89,0.1,2,0.6
128566,676812,"Carson McCusker",27,2025,"MIN",16,30,29,0,0,1,0,3.3,53.3,0,0.138,0.167,0.138,0.305,57,,-0.1,-0.1
129286,670223,"Matt Mervis",27,2025,"MIA",42,134,120,15,7,14,0,8.2,37.3,0.208,0.175,0.254,0.383,0.637,68,,0,-0.2
129605,670224,"Kameron Misner",27,2025,"TB",65,217,197,27,5,22,8,7.4,31.8,0.132,0.213,0.273,0.345,0.618,66,0.2,-0.3,-0.1
130740,669194,"Ryne Nelson",27,2025,"AZ",1,1,1,1,0,1,0,0,0,0,1,1,1,2,95,,0.1,0
130939,663457,"Lars Nootbaar",27,2025,"STL",134,583,509,68,13,48,4,11,20.4,0.128,0.234,0.325,0.361,0.686,95,0,-3.6,1.1
132232,665161,"Jeremy Peña",27,2025,"HOU",125,543,493,68,17,62,20,6.4,17.1,0.172,0.304,0.363,0.477,0.84,112,0.5,1.6,2.8
133769,670231,"John Rave",27,2025,"KC",57,175,153,18,4,14,7,10.3,26.3,0.111,0.196,0.283,0.307,0.59,86,0,1.3,0.4
135527,668939,"Adley Rutschman",27,2025,"BAL",90,365,322,37,9,29,0,11,15.6,0.146,0.22,0.307,0.366,0.673,105,,3.6,1.8
135580,666165,"Blake Sabol",27,2025,"BOS",7,18,16,2,0,1,0,5.6,38.9,0.063,0.125,0.167,0.188,0.355,72,,0.1,0
136350,668845,"Aaron Schunk",27,2025,"COL",11,33,32,1,0,0,0,0,30.3,0.031,0.188,0.188,0.219,0.407,77,,-0.2,0
137201,669701,"Josh Smith",27,2025,"TEX",141,563,495,70,10,35,12,9.8,17.8,0.115,0.251,0.335,0.366,0.701,100,0.1,-1.3,1.6
137710,668715,"Spencer Steer",27,2025,"CIN",142,568,509,66,21,75,7,9,22.7,0.173,0.238,0.312,0.411,0.723,88,0,0.9,0.6
137906,681082,"Bryson Stott",27,2025,"PHI",145,560,499,66,13,66,24,9.6,16.3,0.134,0.257,0.328,0.391,0.719,103,0.4,0.8,2.4
137926,669065,"Kyle Stowers",27,2025,"MIA",116,457,399,61,25,73,5,10.5,27.4,0.256,0.288,0.368,0.544,0.912,122,-0.2,-2,2.4
139109,669707,"Jared Triolo",27,2025,"PIT",104,376,331,41,7,24,13,10.4,20.2,0.13,0.227,0.311,0.356,0.667,96,0.1,0.6,1.2
140293,670242,"Matt Wallner",27,2025,"MIN",103,392,336,47,22,40,4,11.7,29.1,0.262,0.202,0.311,0.464,0.775,109,,-5.9,0.8
142212,683737,"Michael Busch",27,2025,"CHC",154,592,524,78,34,90,4,9.5,23.5,0.261,0.261,0.343,0.523,0.866,136,0,1.2,4.3
142220,673962,"Josh Jung",27,2025,"TEX",130,511,482,53,14,61,4,5.3,25.2,0.139,0.251,0.294,0.39,0.684,81,-0.1,-0.5,0.7
142498,683766,"Christian Koss",27,2025,"SF",66,191,174,25,3,23,4,4.7,23.6,0.103,0.264,0.309,0.368,0.677,83,0,0.8,0.4
142696,683770,"Will Robertson",27,2025,,26,75,70,2,0,9,0,2.7,36,0.014,0.129,0.173,0.143,0.316,63,,0.1,-0.1
142821,683734,"Andrew Vaughn",27,2025,,112,447,406,35,14,65,0,6.9,17.9,0.158,0.254,0.307,0.411,0.718,107,,0.4,1.5
143143,685301,"Matt Gorski",27,2025,"PIT",14,42,41,2,2,4,0,2.4,38.1,0.195,0.195,0.214,0.39,0.604,78,,-0.1,0
143743,686452,"Drew Millas",27,2025,"WSH",17,55,49,6,0,7,2,7.3,12.7,0.143,0.306,0.358,0.449,0.807,102,,1.1,0.3
143748,686469,"Vinnie Pasquantino",27,2025,"KC",160,682,621,72,32,113,1,7.2,15.7,0.211,0.262,0.321,0.473,0.794,111,0,-0.4,2.5
143760,686475,"Tyler Tolbert",27,2025,"KC",51,57,50,19,1,6,20,1.8,19.3,0.1,0.28,0.321,0.38,0.701,92,0.2,-0.2,0.2
143787,686527,"Dominic Canzone",27,2025,"SEA",82,269,244,30,11,32,3,7.4,21.9,0.18,0.299,0.357,0.48,0.837,112,0,-0.3,1
143812,686555,"Isaac Collins",27,2025,"MIL",126,441,372,56,9,55,16,12.9,21.1,0.148,0.266,0.37,0.414,0.784,100,0,3.8,1.8
143845,686668,"Brenton Doyle",27,2025,"COL",138,538,502,57,15,57,18,5.6,25.7,0.143,0.235,0.276,0.378,0.654,80,0.3,-8.2,0
143852,686554,"Oliver Dunn",27,2025,"MIL",14,41,36,4,0,6,1,4.9,26.8,0.056,0.167,0.205,0.222,0.427,80,0,-0.1,0.1
143892,686681,"Michael Massey",27,2025,"KC",76,277,262,20,3,20,2,3.2,15.5,0.069,0.244,0.268,0.313,0.581,77,0,0.2,0.2
144013,686823,"Will Brennan",27,2025,"CLE",6,13,11,0,0,0,0,7.7,7.7,0,0.091,0.231,0.091,0.322,101,,0,0
144197,687462,"Spencer Horwitz",27,2025,"PIT",108,411,364,55,11,51,0,10.7,17.8,0.162,0.272,0.353,0.434,0.787,108,,-0.2,1.4
144210,674441,"Jacob Hurtubise",27,2025,"CIN",10,15,12,3,0,0,0,6.7,40,0,0.083,0.267,0.083,0.35,75,,0,0
144597,686765,"Nick Sogard",27,2025,"BOS",30,104,96,13,0,9,2,4.8,23.1,0.083,0.26,0.317,0.344,0.661,80,,-0.1,0.1
151389,695391,"Brett Harris",27,2025,"ATH",29,84,73,11,0,5,1,8.3,25,0.068,0.274,0.349,0.342,0.691,79,,0,0.1
164622,829272,"Shinnosuke Ogasawara",27,2025,"WSH",1,1,1,0,0,0,0,0,100,0,0,0,0,0,9,,0,0
103221,642727,"Sergio Alcántara",28,2025,"SF",1,4,4,0,0,0,0,0,50,0,0,0,0,0,104,,0,0
104004,645277,"Ozzie Albies",28,2025,"ATL",157,667,603,74,16,74,14,8.2,14.1,0.124,0.24,0.306,0.365,0.671,95,0,3,2.5
104023,645302,"Victor Robles",28,2025,"SEA",32,114,106,12,1,9,6,2.6,22.8,0.085,0.245,0.281,0.33,0.611,71,0,-0.8,-0.2
104025,645305,"Ali Sánchez",28,2025,,9,23,23,2,0,0,0,0,26.1,0.087,0.217,0.217,0.304,0.521,79,,0.3,0.1
104033,645444,"Jose Herrera",28,2025,"AZ",57,204,166,21,2,17,0,11.3,23,0.072,0.187,0.285,0.259,0.544,77,,-2.6,-0.1
104042,646240,"Rafael Devers",28,2025,,163,729,607,99,35,109,1,15.4,26.3,0.227,0.252,0.372,0.479,0.851,122,-0.2,0,3.2
104096,649966,"Luis Urías",28,2025,"ATH",92,330,287,27,8,25,2,9.4,13.6,0.108,0.23,0.315,0.338,0.653,95,0,-2.5,0.8
104123,650333,"Luis Arraez",28,2025,"SD",154,675,620,66,8,61,11,5,3.1,0.1,0.292,0.327,0.392,0.719,96,-0.1,0.9,1.3
104180,650402,"Gleyber Torres",28,2025,"DET",145,628,532,79,16,74,4,13.5,16.1,0.132,0.256,0.358,0.387,0.745,120,-0.1,-5.8,3.2
104205,650489,"Willi Castro",28,2025,,119,454,402,58,11,33,10,8.8,24.4,0.139,0.226,0.313,0.366,0.679,88,0.1,0.3,0.9
104261,650559,"Bryan De La Cruz",28,2025,"ATL",16,50,47,1,0,0,1,6,36,0.021,0.191,0.24,0.213,0.453,65,,-0.3,-0.1
104450,650859,"Luis Rengifo",28,2025,"LAA",146,541,501,55,9,43,10,6.1,19.2,0.098,0.238,0.287,0.335,0.622,82,-0.2,1.5,1
104515,650968,"Yohel Pozo",28,2025,"STL",63,168,160,16,5,19,0,4.2,13.1,0.144,0.231,0.262,0.375,0.637,89,,0.5,0.5
104562,655316,"Andruw Monasterio",28,2025,"MIL",54,135,126,19,4,16,2,5.2,23.7,0.167,0.27,0.319,0.437,0.756,92,,0.1,0.4
105670,663662,"Daz Cameron",28,2025,"MIL",20,42,41,7,1,3,1,2.4,31,0.098,0.195,0.214,0.293,0.507,82,,-0.4,0
105735,663757,"Trent Grisham",28,2025,"NYY",138,581,493,87,34,74,3,14.1,23.6,0.229,0.235,0.348,0.465,0.813,123,-0.3,-4,3.6
106121,663647,"Ke'Bryan Hayes",28,2025,,149,570,527,50,5,49,12,6.3,19.5,0.07,0.235,0.29,0.306,0.596,84,0,5.3,1.5
106527,663624,"Ryan Mountcastle",28,2025,"BAL",88,357,332,34,7,35,3,4.2,27.5,0.117,0.25,0.286,0.367,0.653,91,,0.1,0.4
106548,647304,"Josh Naylor",28,2025,,146,604,543,81,20,92,30,7.9,13.7,0.168,0.295,0.353,0.462,0.815,105,-0.3,0.9,1.9
106659,663368,"Blake Perkins",28,2025,"MIL",49,171,155,25,3,19,7,8.8,27.5,0.123,0.226,0.298,0.348,0.646,70,,1.2,0.2
106744,663586,"Austin Riley",28,2025,"ATL",102,447,416,54,16,54,2,6,28.6,0.168,0.26,0.309,0.428,0.737,93,-0.3,1.1,1.4
106765,663898,"Brendan Rodgers",28,2025,"HOU",37,128,115,12,2,11,0,8.6,35.9,0.087,0.191,0.266,0.278,0.544,94,-0.1,0.1,0.4
106960,663886,"Tyler Stephenson",28,2025,"CIN",88,342,299,40,13,50,0,10.8,33.9,0.191,0.231,0.316,0.421,0.737,86,0,-3.1,0.2
107047,663656,"Kyle Tucker",28,2025,"CHC",136,597,500,91,22,73,25,14.6,14.7,0.198,0.266,0.377,0.464,0.841,138,0.2,-5.2,3.6
107130,663897,"Luke Williams",28,2025,"ATL",33,34,31,5,0,5,5,2.9,26.5,0.065,0.129,0.176,0.194,0.37,78,0,-0.2,0
109090,647351,"Abraham Toro",28,2025,"BOS",77,284,259,33,7,27,2,4.9,14.8,0.131,0.239,0.289,0.371,0.66,90,,-0.1,0.4
109147,670541,"Yordan Alvarez",28,2025,"HOU",48,199,165,17,6,27,1,14.1,16.6,0.158,0.273,0.367,0.43,0.797,132,,-1,1.1
109390,675915,"David Bañuelos",28,2025,"BAL",1,2,1,0,0,0,0,0,50,0,0,0.5,0,0.5,91,,0,0
109531,676609,"José Caballero",28,2025,,118,370,314,52,5,36,49,12.7,26.5,0.111,0.236,0.339,0.347,0.686,86,1,1.6,0.8
110030,669374,"Keston Hiura",28,2025,"COL",7,21,18,3,0,1,0,0,33.3,0.056,0.222,0.333,0.278,0.611,73,,0,0
110280,665155,"Nick Maton",28,2025,"CWS",23,63,54,5,2,4,0,14.3,30.2,0.148,0.167,0.286,0.315,0.601,87,0.1,0,0
110995,662139,"Daulton Varsho",28,2025,"TOR",69,271,248,43,20,55,2,6.3,28.4,0.31,0.238,0.284,0.548,0.832,118,,-2,1.5
111033,670764,"Taylor Walls",28,2025,"TB",93,317,282,36,4,38,14,8.2,22.1,0.099,0.22,0.28,0.319,0.599,75,-0.1,3.2,0.4
111709,680769,"CJ Alexander",28,2025,"ATH",6,17,17,0,0,0,0,0,47.1,0,0.176,0.176,0.176,0.352,72,,0.1,0
112733,663609,"Luken Baker",28,2025,"STL",18,41,34,3,0,2,0,17.1,24.4,0.088,0.235,0.366,0.324,0.69,93,,0,0
112968,663698,"Joey Bart",28,2025,"PIT",90,332,285,21,4,30,1,12,28,0.091,0.249,0.355,0.34,0.695,92,-0.3,3.1,1.2
113905,664761,"Alec Bohm",28,2025,"PHI",120,504,464,53,11,59,2,5.8,16.3,0.123,0.284,0.329,0.407,0.736,105,,1.1,2.2
115362,681962,"Vinny Capra",28,2025,,44,105,96,10,1,6,2,2.9,23.8,0.052,0.125,0.157,0.177,0.334,76,0,0,0.1
116988,666126,"Carlos Cortes",28,2025,"ATH",40,99,94,11,4,14,0,3,20.2,0.234,0.309,0.323,0.543,0.866,96,,-0.4,0.2
117987,681909,"Justin Dean",28,2025,"LAD",5,2,2,0,0,0,1,0,50,0,0,0,0,0,82,,-0.1,0
118722,680977,"Brendan Donovan",28,2025,"STL",118,515,460,64,10,50,3,8.2,13,0.135,0.289,0.355,0.424,0.779,113,-0.3,-2.1,2.4
119003,680776,"Jarren Duran",28,2025,"BOS",157,696,620,86,16,84,24,8.6,24.3,0.185,0.256,0.332,0.442,0.774,104,0.3,-0.9,2.6
119087,681987,"Nate Eaton",28,2025,"BOS",38,90,81,16,1,4,9,6.7,21.1,0.086,0.296,0.348,0.383,0.731,91,,0,0.2
119337,663536,"Tristin English",28,2025,"AZ",7,23,22,0,0,1,0,4.3,34.8,0.045,0.091,0.13,0.136,0.266,74,,0,0
119759,676439,"Hunter Feduccia",28,2025,,36,105,88,5,0,8,1,14.3,27.6,0.057,0.148,0.267,0.205,0.472,84,,1.9,0.4
120337,663743,"Nick Fortes",28,2025,,86,242,218,19,5,21,1,5.8,19.4,0.119,0.229,0.296,0.349,0.645,92,,3,1
121858,663853,"Romy Gonzalez",28,2025,"BOS",93,341,315,47,9,53,6,5.3,23.8,0.178,0.305,0.343,0.483,0.826,118,0,-1.4,1.7
123806,663538,"Nico Hoerner",28,2025,"CHC",156,649,599,89,7,61,29,6,7.6,0.097,0.297,0.345,0.394,0.739,105,0.4,5.5,3.4
124341,663697,"Jonathan India",28,2025,"KC",136,567,497,63,9,45,0,9.5,18.7,0.113,0.233,0.323,0.346,0.669,95,0,-3,1.2
124395,664728,"Kyle Isbel",28,2025,"KC",127,409,368,42,4,33,4,5.6,18.1,0.098,0.255,0.301,0.353,0.654,80,0.2,5.6,1.3
124659,680777,"Ryan Jeffers",28,2025,"MIN",115,464,406,47,9,47,1,10.8,19.6,0.131,0.266,0.356,0.397,0.753,111,,-2,1.9
125216,663731,"Connor Kaiser",28,2025,"AZ",10,19,18,1,0,2,0,5.3,26.3,0.056,0.111,0.158,0.167,0.325,83,,0,0
125363,680577,"DaShawn Keirsey Jr.",28,2025,"MIN",52,88,84,11,2,6,10,2.3,37.5,0.071,0.107,0.138,0.179,0.317,47,-0.1,0,-0.3
126235,663616,"Trevor Larnach",28,2025,"MIN",142,567,503,62,17,60,4,9.3,21.5,0.153,0.25,0.323,0.404,0.727,97,0,-3.8,0.6
126844,663604,"Brandon Lockridge",28,2025,,56,148,134,17,0,11,10,5.4,24.3,0.067,0.231,0.276,0.299,0.575,72,0.1,0.5,0.1
127336,680862,"Willie MacIver",28,2025,"ATH",30,111,102,7,3,9,3,6.3,24.3,0.137,0.186,0.252,0.324,0.576,72,0,-1.3,-0.1
129503,680911,"Owen Miller",28,2025,"COL",9,17,14,0,0,1,1,11.8,23.5,0,0.143,0.294,0.143,0.437,85,0,0.1,0
129840,663796,"Coco Montes",28,2025,"TB",4,10,10,0,0,1,0,0,30,0,0.2,0.2,0.2,0.4,88,,0,0
131575,681546,"James Outman",28,2025,,51,148,134,19,6,11,1,8.1,42.6,0.187,0.142,0.223,0.328,0.551,64,,0.2,-0.1
131734,680700,"Richie Palacios",28,2025,"TB",16,48,42,10,1,3,4,10.4,18.8,0.119,0.333,0.396,0.452,0.848,95,0,-0.1,0.1
133509,663728,"Cal Raleigh",28,2025,"SEA",159,705,596,110,60,125,14,13.8,26.7,0.342,0.247,0.359,0.589,0.948,148,-0.1,10.9,7.6
136273,682177,"Daniel Schneemann",28,2025,"CLE",129,422,379,48,12,41,9,9,27.7,0.148,0.206,0.283,0.354,0.637,98,0.1,0.2,1.5
136321,680474,"Max Schuemann",28,2025,"ATH",83,213,183,20,2,13,7,10.3,16.4,0.077,0.197,0.295,0.273,0.568,92,-0.1,0.1,0.6
136522,663584,"Hayden Senger",28,2025,"NYM",28,78,72,8,0,4,0,3.8,28.2,0.014,0.181,0.221,0.194,0.415,81,,1,0.2
137796,670276,"Cal Stevenson",28,2025,"PHI",5,8,8,0,0,1,0,0,25,0,0.25,0.25,0.25,0.5,94,,0,0
138003,667690,"C.J. Stubbs",28,2025,"WSH",1,3,3,0,0,0,0,0,0,0,0,0,0,0,99,,0,0
139799,679631,"Terrin Vavra",28,2025,"BAL",1,1,1,0,0,0,0,0,0,0,0,0,0,0,98,,0,0
140000,663837,"Matt Vierling",28,2025,"DET",31,100,88,6,1,11,2,7,24,0.068,0.239,0.31,0.307,0.617,112,,-0.1,0.5
140051,681584,"David Villar",28,2025,"SF",9,25,20,4,0,1,0,16,20,0.05,0.2,0.36,0.25,0.61,98,,0,0.1
144071,687478,"Cam Devanney",28,2025,"PIT",13,38,36,1,0,1,0,5.3,55.3,0.028,0.139,0.184,0.167,0.351,46,,-0.1,-0.1
144877,687859,"Troy Johnston",28,2025,"MIA",44,121,112,12,4,13,2,6.6,21.5,0.143,0.277,0.331,0.42,0.751,106,,0.1,0.4
145666,688760,"Blaine Crim",28,2025,,20,74,65,10,5,12,0,8.1,37.8,0.262,0.2,0.27,0.462,0.732,94,,-0.1,0.1
102110,620443,"Luis Torrens",29,2025,"NYM",88,283,261,20,5,29,1,6.7,19.8,0.119,0.226,0.284,0.345,0.629,96,,5.3,1.5
102202,624641,"Edmundo Sosa",29,2025,"PHI",85,261,243,30,11,39,1,3.8,21.5,0.193,0.276,0.307,0.469,0.776,87,,0.1,0.6
102464,640492,"José Azocar",29,2025,,13,21,19,5,0,1,1,9.5,4.8,0,0.263,0.333,0.263,0.596,104,0,0,0.1
102482,640902,"Jhonny Pereda",29,2025,,26,78,69,4,0,4,0,10.3,26.9,0.087,0.246,0.325,0.333,0.658,78,,-0.9,0
102514,641343,"Jake Bauers",29,2025,"MIL",84,218,183,28,7,28,8,14.7,27.1,0.164,0.235,0.353,0.399,0.752,111,0,-0.8,0.8
102519,641355,"Cody Bellinger",29,2025,"NYY",152,656,588,89,29,97,13,8.7,13.7,0.207,0.27,0.332,0.478,0.81,105,0.2,11.7,3.7
102876,642350,"Jose Siri",29,2025,"NYM",13,36,32,7,0,1,2,11.1,47.2,0.063,0.063,0.167,0.125,0.292,70,-0.1,0,0
103203,642708,"Amed Rosario",29,2025,,61,191,181,20,6,23,1,3.7,16.2,0.16,0.276,0.309,0.436,0.745,101,0.1,-1.7,0.6
103209,642715,"Willy Adames",29,2025,"SF",159,686,591,94,30,87,12,11.7,26.1,0.196,0.225,0.318,0.421,0.739,103,0,2.2,2.8
103225,642731,"Thairo Estrada",29,2025,"COL",39,165,154,14,3,21,1,3.6,15.8,0.117,0.253,0.285,0.37,0.655,88,0,-1.3,0.2
104814,656577,"Alex Jackson",29,2025,"BAL",31,100,91,17,5,8,0,5,37,0.253,0.22,0.29,0.473,0.763,78,,0.1,0.1
104926,657041,"Lane Thomas",29,2025,"CLE",38,142,125,10,4,11,4,9.9,31,0.112,0.16,0.246,0.272,0.518,76,0,0.4,0.2
104938,657077,"Alex Verdugo",29,2025,"ATL",56,213,197,21,0,12,1,6.6,14.6,0.051,0.239,0.296,0.289,0.585,87,-0.1,-2.1,0.1
105420,656537,"Derek Hill",29,2025,,50,149,134,19,3,11,7,6,32.2,0.112,0.216,0.281,0.328,0.609,63,0.2,3.6,0.3
106750,656896,"Emmanuel Rivera",29,2025,"BAL",39,127,120,5,0,13,1,4.7,18.9,0.033,0.25,0.291,0.283,0.574,82,,0,0.2
107537,670092,"Trenton Brooks",29,2025,"SD",24,43,41,5,1,2,0,4.7,30.2,0.122,0.146,0.186,0.268,0.454,84,,0,0
107930,669720,"Austin Hays",29,2025,"CIN",103,416,380,60,15,64,7,7,25.7,0.187,0.266,0.315,0.453,0.768,91,,3.9,1
108028,669288,"Daniel Johnson",29,2025,,24,57,53,13,1,1,2,7,22.8,0.132,0.208,0.263,0.34,0.603,93,0,0.3,0.2
108119,663993,"Nathaniel Lowe",29,2025,,152,609,540,64,18,84,1,10.2,26.1,0.154,0.228,0.307,0.381,0.688,88,,-0.1,0.6
108175,670156,"Miles Mastrobuoni",29,2025,"SEA",75,175,152,20,1,12,6,9.7,16.6,0.046,0.25,0.324,0.296,0.62,89,0,-0.1,0.4
109009,641943,"Joshua Palacios",29,2025,"CWS",48,145,128,11,3,9,0,8.3,24.8,0.102,0.203,0.292,0.305,0.597,87,,-0.4,0.1
109162,670770,"TJ Friedl",29,2025,"CIN",151,685,579,82,14,53,12,11.8,16.8,0.117,0.261,0.364,0.378,0.742,97,0.3,-6.5,1.9
109294,656180,"Riley Adams",29,2025,"WSH",82,286,263,29,8,24,1,6.3,38.5,0.122,0.186,0.252,0.308,0.56,63,,-5.7,-0.8
109483,656248,"Sean Bouchard",29,2025,"COL",31,73,66,7,1,7,1,9.6,37,0.076,0.167,0.247,0.242,0.489,63,0,-0.3,-0.2
109519,669394,"Jake Burger",29,2025,"TEX",103,376,356,43,16,53,1,3.2,24.7,0.183,0.236,0.269,0.419,0.688,101,0,0.1,1
109602,676391,"Ernie Clement",29,2025,"TOR",150,588,545,83,9,50,6,4.6,10.4,0.121,0.277,0.313,0.398,0.711,91,0.1,2.7,1.8
109801,656413,"Stuart Fairchild",29,2025,"ATL",26,55,51,7,0,2,2,7.3,27.3,0.118,0.216,0.273,0.333,0.606,86,0,0,0.1
109933,656484,"Tristan Gray",29,2025,"TB",29,86,78,9,3,9,0,7,22.1,0.179,0.231,0.282,0.41,0.692,100,,0,0.3
110022,676551,"Brewer Hicklen",29,2025,"DET",1,4,3,2,0,0,1,25,25,0,0.667,0.75,0.667,1.417,98,0,0,0
110092,669369,"Bryce Johnson",29,2025,"SD",41,84,76,9,1,8,4,3.6,22.6,0.092,0.342,0.383,0.434,0.817,90,,-0.2,0.2
110106,667452,"Corey Julks",29,2025,"CWS",5,13,12,2,0,1,0,0,23.1,0.167,0.25,0.231,0.417,0.648,87,,0,0
110358,676694,"Jake Meyers",29,2025,"HOU",98,381,343,53,3,24,16,8.1,17.6,0.082,0.292,0.354,0.373,0.727,105,0.2,10,2.8
110424,667472,"Dane Myers",29,2025,"MIA",104,333,307,29,6,31,18,6.9,23.1,0.091,0.235,0.291,0.326,0.617,92,0.1,-5.1,0.4
110445,676116,"Ryan Noda",29,2025,,22,59,47,3,1,2,1,18.6,42.4,0.064,0.106,0.276,0.17,0.446,72,,0,-0.1
110836,657757,"Gavin Sheets",29,2025,"SD",145,545,492,57,19,71,2,8.1,19.6,0.177,0.252,0.317,0.429,0.746,103,,-2,1.3
110857,656976,"Pavin Smith",29,2025,"AZ",86,288,244,36,8,28,2,14.2,31.9,0.176,0.258,0.362,0.434,0.796,94,-0.1,-0.2,0.3
110964,676701,"Alan Trejo",29,2025,"COL",13,43,40,3,0,1,0,2.3,16.3,0.05,0.175,0.19,0.225,0.415,86,,-0.1,0.1
111074,676724,"Jared Young",29,2025,"NYM",19,47,43,5,4,6,0,4.3,34,0.302,0.186,0.234,0.488,0.722,104,,0,0.1
111161,657136,"Connor Wong",29,2025,"BOS",55,188,168,16,0,7,2,8.5,22.3,0.048,0.19,0.262,0.238,0.5,77,0,-0.9,0.1
112533,682183,"Drew Avans",29,2025,,7,18,17,1,0,1,1,0,33.3,0,0.118,0.111,0.118,0.229,85,0,-0.2,0
114350,681146,"Jonah Bride",29,2025,,43,125,112,7,0,5,0,8.8,31.2,0.018,0.17,0.248,0.188,0.436,68,,-0.1,-0.1
116408,665019,"Kody Clemens",29,2025,,113,386,348,46,19,52,5,7.5,24.1,0.221,0.213,0.281,0.434,0.715,103,-0.1,-0.2,1.3
120642,681807,"David Fry",29,2025,"CLE",66,156,145,16,8,23,1,5.8,36.5,0.193,0.172,0.231,0.366,0.597,57,,0,-0.5
121137,681508,"Mickey Gasper",29,2025,"MIN",40,110,95,15,2,11,2,9.1,18.2,0.074,0.158,0.257,0.232,0.489,90,,-1.8,0
123186,680737,"Michael Helman",29,2025,"TEX",37,110,99,18,5,20,4,6.4,19.1,0.222,0.232,0.29,0.455,0.745,101,,0.5,0.5
125523,673490,"Ha-Seong Kim",29,2025,,48,191,171,19,5,17,6,8.4,20.4,0.111,0.234,0.304,0.345,0.649,88,,-0.4,0.3
127578,663968,"Jake Mangum",29,2025,"TB",117,428,405,37,3,40,27,4.4,15,0.072,0.296,0.33,0.368,0.698,91,0.3,10.4,2
133136,682515,"Logan Porter",29,2025,"SF",4,9,7,2,0,1,0,11.1,22.2,0,0.143,0.333,0.143,0.476,90,,0,0
135620,663967,"César Salazar",29,2025,"HOU",9,16,13,0,0,1,0,12.5,12.5,0,0.231,0.375,0.231,0.606,90,,0.1,0.1
137713,683021,"Michael Stefanic",29,2025,"TOR",9,25,22,1,0,0,0,12,12,0,0.182,0.28,0.182,0.462,92,,0,0.1
69600,606115,"Orlando Arcia",30,2025,,67,214,203,13,3,13,0,4.7,22,0.089,0.202,0.238,0.291,0.529,78,,-0.8,0.1
70619,608348,"Carson Kelly",30,2025,"CHC",109,421,369,48,17,50,2,10.7,19,0.179,0.249,0.333,0.428,0.761,103,,-5.2,1.2
100349,609280,"Miguel Andujar",30,2025,,94,341,321,36,10,44,1,5,14.4,0.153,0.318,0.352,0.47,0.822,97,-0.1,-3,0.5
100502,621043,"Carlos Correa",30,2025,,143,584,537,63,13,52,0,7.7,19.3,0.127,0.276,0.332,0.402,0.734,108,,-5.1,2.1
100988,622534,"Manuel Margot",30,2025,"DET",6,20,19,1,0,3,0,0,30,0,0.316,0.3,0.316,0.616,80,,0,0
101165,622761,"Jorge Mateo",30,2025,"BAL",37,83,79,9,1,3,15,4.8,36.1,0.089,0.177,0.217,0.266,0.483,54,0.4,0.3,-0.1
101568,623993,"Anthony Santander",30,2025,"TOR",54,221,194,16,6,18,0,11.3,27.6,0.119,0.175,0.271,0.294,0.565,85,,-0.6,0
101603,624413,"Pete Alonso",30,2025,"NYM",162,709,624,87,38,126,1,8.6,22.8,0.252,0.272,0.347,0.524,0.871,144,-0.1,-1.4,5.4
101605,624415,"Cavan Biggio",30,2025,"KC",33,83,69,9,1,4,1,13.3,25.3,0.072,0.174,0.296,0.246,0.542,87,0,0,0.1
101630,624512,"Reese McGuire",30,2025,"CHC",41,140,133,17,9,24,0,2.9,19.3,0.218,0.226,0.245,0.444,0.689,71,,1.4,0.2
101631,624513,"Dom Nuñez",30,2025,"CLE",2,7,7,2,0,0,0,0,57.1,0,0.286,0.286,0.286,0.572,57,,0,0
102434,640459,"Brian Navarreto",30,2025,"MIA",6,15,14,3,1,5,0,0,20,0.357,0.286,0.267,0.643,0.91,91,,0.1,0.1
102559,641487,"J.P. Crawford",30,2025,"SEA",156,654,570,69,12,57,8,11.3,18.7,0.105,0.263,0.35,0.368,0.718,100,-0.1,-2.1,2
102606,641645,"Luis Guillorme",30,2025,"HOU",9,21,20,2,0,0,0,4.8,38.1,0,0.15,0.19,0.15,0.34,75,,-0.1,0
102612,641680,"Jonah Heim",30,2025,"TEX",122,433,395,38,11,43,3,7.4,20.3,0.119,0.213,0.271,0.332,0.603,76,-0.3,1.7,0.4
102667,641856,"Billy McKinney",30,2025,"TEX",6,21,20,4,0,1,0,4.8,4.8,0.05,0.2,0.238,0.25,0.488,105,,0,0.1
102668,641857,"Ryan McMahon",30,2025,,151,586,509,62,20,53,3,11.9,32.3,0.167,0.214,0.312,0.381,0.693,92,-0.1,1.9,1.9
102704,641933,"Tyler O'Neill",30,2025,"BAL",54,209,181,22,9,26,4,10.5,24.4,0.193,0.199,0.292,0.392,0.684,119,0,-2.7,0.7
102745,642086,"Dominic Smith",30,2025,"SF",63,225,204,26,5,34,2,6.7,18.7,0.132,0.284,0.333,0.417,0.75,99,,-0.4,0.5
102764,642133,"Rowdy Tellez",30,2025,,110,312,289,34,17,49,1,5.4,26.6,0.215,0.225,0.272,0.439,0.711,101,0.1,-0.5,0.8
102779,642180,"Tyler Wade",30,2025,"SD",51,127,107,13,0,9,1,11.8,24.4,0.047,0.206,0.309,0.252,0.561,82,-0.1,-0.8,0.1
103355,643289,"Mauricio Dubón",30,2025,"HOU",119,398,369,43,7,33,3,6,10.6,0.114,0.241,0.289,0.355,0.644,84,0,1.6,0.8
103405,643376,"Danny Jansen",30,2025,,98,337,288,38,14,36,0,12.5,25.5,0.184,0.215,0.321,0.399,0.72,84,,-1.2,0.5
103420,643396,"Isiah Kiner-Falefa",30,2025,,132,459,431,45,2,40,15,3.7,16.8,0.072,0.262,0.297,0.334,0.631,78,-0.2,1.9,0.5
103625,644433,"Chadwick Tromp",30,2025,,7,22,21,2,1,1,0,4.5,27.3,0.19,0.143,0.182,0.333,0.515,82,,-0.1,0
105147,657656,"Ramón Laureano",30,2025,,129,488,441,72,24,76,7,7.2,24.4,0.231,0.281,0.342,0.512,0.854,110,0,-2.6,1.8
105432,660162,"Yoán Moncada",30,2025,"LAA",83,289,248,39,12,35,0,11.1,26,0.214,0.234,0.336,0.448,0.784,105,,-2.3,1
105437,664023,"Ian Happ",30,2025,"CHC",150,663,569,87,23,79,6,13.1,22.8,0.178,0.243,0.342,0.42,0.762,107,-0.2,13.5,4.1
105439,656775,"Cedric Mullins",30,2025,,130,498,435,58,17,59,22,10,24.1,0.175,0.216,0.299,0.391,0.69,86,0.2,-0.6,1.1
105472,641302,"Tyler Alexander",30,2025,"CWS",1,1,1,0,0,0,0,0,0,0,0,0,0,0,44,,0,0
105574,643217,"Andrew Benintendi",30,2025,"CWS",116,470,420,57,20,63,1,8.5,17.4,0.19,0.24,0.307,0.431,0.738,114,,-3.5,1.7
105993,664034,"Ty France",30,2025,,136,490,444,50,7,52,1,4.5,16.9,0.104,0.257,0.32,0.36,0.68,101,-0.4,1.7,1.4
106346,664770,"Nathan Lukes",30,2025,"TOR",130,438,388,55,12,65,2,8.7,13.7,0.152,0.253,0.32,0.405,0.725,95,-0.1,-3.8,0.7
106969,664702,"Myles Straw",30,2025,"TOR",112,299,267,51,4,32,12,6.4,16.7,0.105,0.262,0.313,0.367,0.68,85,0.1,6.5,1.3
107284,664040,"Brandon Lowe",30,2025,"TB",134,553,507,79,31,83,3,6.9,26.9,0.221,0.256,0.307,0.477,0.784,111,-0.1,-5.8,2.1
107566,669743,"Alex Call",30,2025,,100,322,270,43,5,31,2,11.2,17.1,0.119,0.267,0.361,0.385,0.746,104,0,1.6,1.2
107752,669242,"Tommy Edman",30,2025,"LAD",96,377,346,49,13,49,3,5,16.2,0.156,0.225,0.274,0.382,0.656,92,0,2.7,1.3
107783,666023,"Freddy Fermin",30,2025,,104,348,321,32,5,26,1,5.5,19,0.087,0.252,0.298,0.34,0.638,87,,3.2,1.1
107811,641584,"Jake Fraley",30,2025,,74,217,191,31,6,23,4,11.5,22.6,0.141,0.241,0.332,0.382,0.714,99,0,1.7,0.7
107920,641658,"Garrett Hampson",30,2025,,51,91,77,19,0,1,3,12.1,31.9,0.026,0.143,0.25,0.169,0.419,74,0,0.3,0.1
107983,669450,"Cooper Hummel",30,2025,,37,105,88,10,3,7,1,13.3,29.5,0.102,0.17,0.298,0.273,0.571,107,,-1.5,0.3
108059,668800,"Andrew Knizner",30,2025,"SF",30,88,77,12,1,5,0,8,11.4,0.078,0.221,0.299,0.299,0.598,104,,-0.2,0.4
108112,670032,"Nicky Lopez",30,2025,,13,28,24,2,0,1,0,14.3,14.3,0,0.042,0.179,0.042,0.221,102,,0,0.1
108278,669221,"Sean Murphy",30,2025,"ATL",93,337,291,34,16,45,0,10.4,31.2,0.21,0.199,0.3,0.409,0.709,97,,5.8,1.7
108437,670042,"Luke Raley",30,2025,"SEA",70,219,183,23,4,19,2,8.7,29.2,0.109,0.202,0.319,0.311,0.63,91,0,0.3,0.4
108483,642020,"Chuckie Robinson",30,2025,"LAD",1,2,1,1,0,0,0,0,0,0,0,0,0,0,93,,0,0
108507,668670,"Jake Rogers",30,2025,"DET",45,142,123,14,3,19,0,10.6,27.5,0.146,0.187,0.277,0.333,0.61,74,,0.9,0.2
108587,670097,"Zack Short",30,2025,"HOU",20,56,50,9,2,7,0,7.1,32.1,0.16,0.22,0.291,0.38,0.671,67,,-0.4,-0.1
108612,669257,"Will Smith",30,2025,"LAD",110,436,362,64,17,61,2,14.7,20.4,0.202,0.296,0.404,0.497,0.901,132,-0.1,-6.8,2.6
108615,669256,"Nick Solak",30,2025,"PIT",4,11,11,0,0,0,0,0,18.2,0,0.091,0.091,0.091,0.182,95,,-0.1,0
108661,642136,"Matt Thaiss",30,2025,,59,190,156,16,1,16,1,15.3,24.2,0.071,0.218,0.349,0.288,0.637,90,-0.2,-0.1,0.5
108774,642215,"Weston Wilson",30,2025,"PHI",48,125,111,15,5,17,2,9.6,27.2,0.171,0.198,0.282,0.369,0.651,96,,-0.5,0.3
108855,666915,"Bobby Dalbec",30,2025,"CWS",7,21,18,2,0,1,0,14.3,28.6,0.056,0.222,0.333,0.278,0.611,90,,0,0
108878,669289,"Santiago Espinal",30,2025,"CIN",105,328,301,25,0,16,2,6.4,11.6,0.04,0.243,0.292,0.282,0.574,86,0,0.5,0.7
108977,656716,"Zach McKinstry",30,2025,"DET",143,511,452,68,12,49,19,9,21.7,0.179,0.259,0.333,0.438,0.771,88,0.2,-0.1,1
109040,668804,"Bryan Reynolds",30,2025,"PIT",154,654,587,68,16,73,3,8.7,26.5,0.157,0.245,0.318,0.402,0.72,97,0,2.2,1.5
109161,668227,"Randy Arozarena",30,2025,"SEA",160,709,613,95,27,76,31,9,26.9,0.188,0.238,0.334,0.426,0.76,114,0.4,9.4,4.4
109781,641555,"J.C. Escarra",30,2025,"NYY",34,98,84,5,2,11,1,11.2,14.3,0.131,0.202,0.296,0.333,0.629,107,,3,0.8
110298,676801,"Chas McCormick",30,2025,"HOU",50,116,100,13,1,5,2,7.8,26.7,0.08,0.21,0.279,0.29,0.569,75,-0.1,-0.3,0
110300,669200,"Mason McCoy",30,2025,"SD",13,26,22,5,0,1,2,11.5,26.9,0.045,0.091,0.231,0.136,0.367,81,,0.1,0
110715,667670,"Brent Rooker",30,2025,"ATH",162,699,626,92,30,89,6,9.3,22.2,0.217,0.262,0.335,0.479,0.814,128,-0.2,-1.3,3.4
111306,660271,"Shohei Ohtani",30,2025,"LAD",158,727,611,146,55,102,20,15,25.7,0.34,0.282,0.392,0.622,1.014,184,0.5,0,8.6
138164,673548,"Seiya Suzuki",30,2025,"CHC",151,651,571,75,32,103,5,10.9,25.2,0.233,0.245,0.326,0.478,0.804,117,0,-0.5,2.5
67568,593871,"Jorge Polanco",31,2025,"SEA",137,524,471,64,26,78,6,8,15.6,0.229,0.265,0.326,0.495,0.821,112,0,-0.5,1.9
69338,600869,"Jeimer Candelario",31,2025,"CIN",22,91,80,3,2,10,0,9.9,31.9,0.1,0.113,0.198,0.213,0.411,75,,-0.1,0
69455,602104,"Ramón Urías",31,2025,,110,391,352,33,11,44,3,6.9,22.5,0.142,0.241,0.292,0.384,0.676,85,,3,1.1
69790,606466,"Ketel Marte",31,2025,"AZ",126,556,480,87,28,72,4,11.5,14.9,0.233,0.283,0.376,0.517,0.893,147,0,1.4,5.3
70399,596019,"Francisco Lindor",31,2025,"NYM",160,732,644,117,31,86,31,8.9,17.9,0.199,0.267,0.346,0.466,0.812,119,0.1,-3.3,3.8
70607,608324,"Alex Bregman",31,2025,"BOS",114,495,433,64,18,62,1,10.3,14.1,0.189,0.273,0.36,0.462,0.822,117,-0.1,1.1,3
70635,608369,"Corey Seager",31,2025,"TEX",102,445,380,61,21,50,2,13,19.6,0.216,0.271,0.373,0.487,0.86,149,,2.1,4.3
70646,608385,"Jesse Winker",31,2025,"NYM",26,81,70,8,1,10,1,11.1,25.9,0.171,0.229,0.309,0.4,0.709,94,0,0,0.1
71028,605353,"Vimael Machín",31,2025,"BAL",4,12,11,1,1,1,0,8.3,16.7,0.273,0.091,0.167,0.364,0.531,101,,0,0.1
100630,621438,"Tyrone Taylor",31,2025,"NYM",103,341,310,34,2,27,12,4.7,22.3,0.097,0.223,0.279,0.319,0.598,77,0.2,2.1,0.6
100631,621439,"Byron Buxton",31,2025,"MIN",126,542,488,97,35,83,24,7.6,27.3,0.287,0.264,0.327,0.551,0.878,122,0.8,-7.7,2.8
100653,621512,"Tomás Nido",31,2025,"DET",10,37,35,4,0,2,0,0,27,0,0.343,0.361,0.343,0.704,74,,0.1,0
100668,621566,"Matt Olson",31,2025,"ATL",162,724,624,98,29,95,1,12.6,24.3,0.212,0.272,0.366,0.484,0.85,128,,3.5,4.6
101023,622569,"Pablo Reyes",31,2025,"NYY",21,34,31,4,0,2,1,5.9,29.4,0.032,0.194,0.242,0.226,0.468,79,,-0.2,0
102064,605170,"Victor Caratini",31,2025,"HOU",113,386,344,35,12,46,1,6,16.8,0.145,0.259,0.324,0.404,0.728,111,,-2.2,1.5
104869,656811,"Ryan O'Hearn",31,2025,,144,544,474,67,17,63,3,10.7,20,0.156,0.281,0.366,0.437,0.803,106,0,-0.9,1.5
105531,664056,"Harrison Bader",31,2025,,139,501,448,61,17,54,11,7.8,27.1,0.172,0.277,0.347,0.449,0.796,89,0.1,1.4,1.3
105791,630105,"Jake Cronenworth",31,2025,"SD",135,515,419,61,11,59,3,13.4,20.8,0.131,0.246,0.367,0.377,0.744,104,0,-1.2,2
105846,657557,"Paul DeJong",31,2025,"WSH",55,208,193,18,6,23,4,5.3,33.7,0.145,0.228,0.269,0.373,0.642,68,0,-0.4,-0.1
106102,664059,"Sam Haggerty",31,2025,"TEX",62,182,162,31,2,13,12,8.8,20.3,0.117,0.253,0.328,0.37,0.698,95,0.1,-0.3,0.4
106165,656541,"Sam Hilliard",31,2025,"COL",20,61,51,8,2,3,2,16.4,37.7,0.216,0.196,0.328,0.412,0.74,75,0,0,0
106259,664068,"Scott Kingery",31,2025,"LAA",14,29,27,3,0,0,1,6.9,37.9,0.037,0.148,0.207,0.185,0.392,68,0.1,0.1,0
106558,621028,"Kevin Newman",31,2025,"LAA",49,116,114,13,2,11,1,0.9,19.8,0.07,0.202,0.209,0.272,0.481,73,,-0.7,0
106977,664954,"Brett Sullivan",31,2025,"PIT",3,9,6,1,0,2,0,11.1,33.3,0,0.167,0.333,0.167,0.5,90,,0,0
107095,664774,"LaMonte Wade Jr.",31,2025,,75,242,209,19,2,18,1,11.2,24,0.086,0.167,0.271,0.254,0.525,85,0,-1.7,0
107106,621493,"Taylor Ward",31,2025,"LAA",157,663,579,86,36,103,4,11.3,26.4,0.247,0.228,0.317,0.475,0.792,110,0,0.4,2.9
107168,621020,"Dansby Swanson",31,2025,"CHC",159,645,590,84,24,77,20,7.3,26,0.173,0.244,0.3,0.417,0.717,112,0.1,-1.2,3
108764,642201,"Eli White",31,2025,"ATL",97,271,256,43,10,35,10,4.1,25.8,0.172,0.234,0.27,0.406,0.676,90,0.3,2.8,0.7
109101,622268,"Donovan Walton",31,2025,"PHI",2,9,8,1,0,1,0,0,11.1,0,0.125,0.125,0.125,0.25,97,,0,0
109138,666971,"Lourdes Gurriel Jr.",31,2025,"AZ",129,546,500,52,19,80,10,5.7,13.9,0.17,0.248,0.295,0.418,0.713,98,-0.1,-4.4,1
110699,668942,"Josh Rojas",31,2025,"CWS",66,211,189,14,2,11,4,9,22.7,0.079,0.18,0.252,0.259,0.511,69,0,-0.4,-0.1
120131,680837,"Ryan Fitzgerald",31,2025,"MIN",22,53,46,10,4,9,1,13.2,15.1,0.261,0.196,0.302,0.457,0.759,118,,0,0.3
152764,807799,"Masataka Yoshida",31,2025,"BOS",55,205,188,16,4,26,3,4.9,11.7,0.122,0.266,0.307,0.388,0.695,112,,-0.1,0.7
66018,547180,"Bryce Harper",32,2025,"PHI",132,580,501,72,27,75,12,12.1,20.9,0.226,0.261,0.357,0.487,0.844,120,0.1,0.3,2.9
67049,592518,"Manny Machado",32,2025,"SD",159,678,615,91,27,95,14,8.1,19.3,0.185,0.275,0.335,0.46,0.795,121,-0.2,-2.4,3.9
67248,593428,"Xander Bogaerts",32,2025,"SD",136,552,491,63,11,53,20,8.7,17,0.128,0.261,0.327,0.389,0.716,100,0.3,1.7,2
68062,595751,"Jorge Alfaro",32,2025,"WSH",11,39,39,3,0,3,1,0,35.9,0.051,0.256,0.256,0.308,0.564,60,,-1,-0.2
68066,595777,"Jurickson Profar",32,2025,"ATL",80,371,318,56,14,43,9,12.9,15.9,0.189,0.245,0.353,0.434,0.787,113,,-2.7,1.5
68087,596142,"Gary Sánchez",32,2025,"BAL",28,101,91,13,5,24,0,4,26.7,0.187,0.231,0.297,0.418,0.715,100,,-1.8,0.1
68091,596146,"Max Kepler",32,2025,"PHI",126,474,417,58,18,52,3,10.1,19.6,0.175,0.216,0.3,0.391,0.691,109,,1.4,2.1
69667,606192,"Teoscar Hernández",32,2025,"LAD",134,546,511,65,25,89,5,4.8,24.5,0.207,0.249,0.286,0.456,0.742,83,0.2,-1.9,0
70217,608070,"José Ramírez",32,2025,"CLE",158,673,594,103,30,85,44,9.8,11,0.219,0.283,0.36,0.502,0.862,115,0.7,1,3.7
70387,595879,"Javier Báez",32,2025,"DET",122,436,416,55,12,57,5,2.3,24.8,0.142,0.257,0.283,0.399,0.682,78,0.1,-0.4,0.4
70397,595978,"Austin Hedges",32,2025,"CLE",58,180,155,13,5,10,1,10,23.9,0.116,0.161,0.25,0.277,0.527,78,0,10.4,1.3
70406,596115,"Trevor Story",32,2025,"BOS",156,654,612,91,25,96,31,5,26.9,0.17,0.263,0.308,0.433,0.741,88,0.3,-4.2,0.8
70430,605141,"Mookie Betts",32,2025,"LAD",150,663,589,95,20,82,8,9.2,10.3,0.148,0.258,0.326,0.406,0.732,101,0.2,6.7,3
70516,606992,"Eric Haase",32,2025,"MIL",27,77,70,11,2,9,0,5.2,40.3,0.129,0.229,0.289,0.357,0.646,59,,0,-0.1
70524,607043,"Brandon Nimmo",32,2025,"NYM",155,652,587,81,25,92,13,7.7,21.6,0.174,0.262,0.324,0.436,0.76,99,0.2,3.8,2.4
70775,605137,"Josh Bell",32,2025,"WSH",140,533,468,54,22,63,0,10.7,16.5,0.182,0.239,0.326,0.421,0.747,124,-0.1,-0.2,2.5
70799,605204,"J.D. Davis",32,2025,"LAA",5,10,10,0,0,0,0,0,40,0,0.1,0.1,0.1,0.2,77,,0,0
70917,607208,"Trea Turner",32,2025,"PHI",141,639,589,94,15,69,36,6.7,16.7,0.153,0.302,0.354,0.455,0.809,105,0.5,0.4,2.5
70926,605244,"Aramis Garcia",32,2025,"AZ",1,4,4,0,0,0,0,0,75,0,0,0,0,0,84,,0,0
71245,596103,"Austin Slater",32,2025,,61,160,148,22,5,13,1,6.9,31.9,0.155,0.216,0.27,0.372,0.642,86,,0.5,0.2
101614,624424,"Michael Conforto",32,2025,"LAD",137,486,418,54,12,36,1,11.5,24.9,0.134,0.199,0.305,0.333,0.638,94,,-2.8,0.9
101621,624431,"Jose Trevino",32,2025,"CIN",89,302,282,30,4,22,0,5,12.9,0.113,0.238,0.272,0.351,0.623,80,,4,0.8
102293,628451,"Andy Ibáñez",32,2025,"DET",87,193,176,24,4,21,4,6.2,13.5,0.114,0.239,0.301,0.352,0.653,99,0.1,0.6,0.8
102503,641313,"Tim Anderson",32,2025,"LAA",29,90,83,8,0,3,1,3.3,32.2,0.036,0.205,0.258,0.241,0.499,61,0,-0.2,-0.1
103751,656941,"Kyle Schwarber",32,2025,"PHI",162,724,604,111,56,132,10,14.9,27.2,0.323,0.242,0.366,0.565,0.931,152,0,-0.4,5.7
104718,656185,"Greg Allen",32,2025,"BAL",7,14,14,1,0,0,0,0,35.7,0,0,0,0,0,85,,0,0
104744,656305,"Matt Chapman",32,2025,"SF",127,535,454,76,21,61,9,13.3,23.6,0.198,0.231,0.34,0.43,0.77,115,0.1,0.2,3
104806,656555,"Rhys Hoskins",32,2025,"MIL",90,328,279,30,12,43,2,11.6,27.7,0.179,0.237,0.332,0.416,0.748,93,-0.4,0.7,0.6
105633,664913,"Seth Brown",32,2025,"ATH",35,76,65,6,1,3,1,11.8,30.3,0.077,0.185,0.303,0.262,0.565,88,0,-1.1,0
106208,656582,"Connor Joe",32,2025,,37,80,70,2,0,4,2,8.8,25,0.057,0.186,0.263,0.243,0.506,78,0,-0.9,-0.1
106503,664238,"Dylan Moore",32,2025,,101,243,219,35,11,25,14,8.2,33.7,0.174,0.201,0.267,0.374,0.641,72,0.2,0.1,0
106973,596117,"Garrett Stubbs",32,2025,"PHI",4,1,1,2,0,0,0,0,0,0,0,0,0,0,77,,0,0
109860,666969,"Adolis García",32,2025,"TEX",135,547,507,58,19,75,13,5.1,24.7,0.168,0.227,0.271,0.394,0.665,90,0.1,1.4,0.9
113778,680118,"Dairon Blanco",32,2025,"KC",8,8,6,2,0,1,3,0,25,0.167,0.167,0.167,0.333,0.5,93,-0.1,0.1,0
57850,527038,"Wilmer Flores",33,2025,"SF",125,463,419,44,16,71,1,7.3,19,0.138,0.241,0.307,0.379,0.686,93,,-0.1,0.4
59432,545361,"Mike Trout",33,2025,"LAA",130,556,456,73,26,64,2,15.6,32,0.206,0.232,0.359,0.439,0.798,124,-0.1,-0.2,2.6
59660,571771,"Enrique Hernández",33,2025,"LAD",85,256,232,30,10,35,0,7,26.6,0.164,0.203,0.255,0.366,0.621,89,,-1,0.4
60095,545121,"Ildemaro Vargas",33,2025,"AZ",38,121,115,12,3,19,0,1.7,12.4,0.113,0.27,0.292,0.383,0.675,104,,0.1,0.4
60408,545341,"Randal Grichuk",33,2025,,112,293,272,35,9,27,0,5.8,20.8,0.173,0.228,0.273,0.401,0.674,101,,-1.8,0.6
60676,572138,"Jon Singleton",33,2025,"HOU",3,9,9,0,0,0,0,0,11.1,0,0.111,0.111,0.111,0.222,95,,0,0
60956,570482,"Gio Urshela",33,2025,"ATH",56,197,181,10,0,20,0,6.6,20.3,0.088,0.238,0.287,0.326,0.613,76,,-0.6,0.1
66068,553882,"Omar Narváez",33,2025,"CWS",3,10,7,1,0,3,0,20,10,0,0.286,0.4,0.286,0.686,99,,-0.1,0
66110,553993,"Eugenio Suárez",33,2025,,159,657,588,91,49,118,4,7,29.8,0.298,0.228,0.298,0.526,0.824,102,,0,2.6
66719,575929,"Willson Contreras",33,2025,"STL",135,563,490,70,20,80,5,7.8,25.2,0.19,0.257,0.344,0.447,0.791,120,0,0.1,2.7
66955,592206,"Nick Castellanos",33,2025,"PHI",146,589,547,72,17,72,4,5.4,22.6,0.15,0.25,0.294,0.4,0.694,82,0,-1.9,0
67072,592626,"Joc Pederson",33,2025,"TEX",96,306,265,28,9,26,2,11.1,21.2,0.147,0.181,0.285,0.328,0.613,91,,0,0.2
67098,592696,"Eddie Rosario",33,2025,,5,8,8,1,0,0,0,0,25,0,0.125,0.125,0.125,0.25,96,,0.1,0
67156,592885,"Christian Yelich",33,2025,"MIL",150,644,573,88,29,103,16,9.9,25.9,0.188,0.264,0.343,0.452,0.795,116,0.1,0.6,2.5
68520,592178,"Kris Bryant",33,2025,"COL",11,41,39,2,0,1,0,4.9,31.7,0.051,0.154,0.195,0.205,0.4,72,,0,-0.1
68603,592450,"Aaron Judge",33,2025,"NYY",152,679,541,137,53,114,12,18.3,23.6,0.357,0.331,0.457,0.688,1.145,208,-0.4,-3.7,10
68660,592669,"Hunter Renfroe",33,2025,"KC",32,108,99,5,0,4,0,7.4,19.4,0.061,0.182,0.241,0.242,0.483,90,,-2,-0.1
101618,624428,"Adam Frazier",33,2025,,134,459,419,43,7,44,8,5.7,17.6,0.098,0.267,0.319,0.365,0.684,81,-0.2,2.2,0.8
101657,624585,"Jorge Soler",33,2025,"LAA",81,315,279,31,12,34,0,8.9,29.8,0.172,0.215,0.293,0.387,0.68,92,,-2.1,0.1
103451,643446,"Jeff McNeil",33,2025,"NYM",122,462,399,42,12,54,3,10.6,11.9,0.168,0.243,0.335,0.411,0.746,105,,-2.1,1.7
103726,650490,"Yandy Díaz",33,2025,"TB",150,651,583,79,25,83,3,8.8,14.1,0.182,0.3,0.366,0.482,0.848,123,,-0.1,3
58767,543877,"Christian Vázquez",34,2025,"MIN",62,214,190,14,3,14,1,8.4,16.4,0.084,0.189,0.271,0.274,0.545,86,,-0.1,0.5
59145,542303,"Marcell Ozuna",34,2025,"ATL",145,592,487,61,21,68,0,15.9,24.3,0.168,0.234,0.357,0.402,0.759,122,,0,2.4
59586,571448,"Nolan Arenado",34,2025,"STL",106,436,401,48,12,52,3,6.4,11.2,0.14,0.237,0.289,0.377,0.666,92,,0.9,1.3
59592,571466,"Tucker Barnhart",34,2025,"TEX",6,15,13,0,0,0,0,6.7,26.7,0,0.231,0.333,0.231,0.564,79,,-0.2,0
66057,553869,"Elias Díaz",34,2025,"SD",96,282,254,34,9,29,0,7.4,25.9,0.134,0.205,0.271,0.339,0.61,80,,1.7,0.5
66594,572191,"Michael A. Taylor",34,2025,"CWS",119,325,295,33,9,35,8,7.1,33.8,0.166,0.2,0.259,0.366,0.625,73,0.2,2.1,0.3
67084,592663,"J.T. Realmuto",34,2025,"PHI",134,550,502,57,12,52,8,6.4,23.5,0.127,0.257,0.315,0.384,0.699,91,0.2,-5.7,0.9
70327,543760,"Marcus Semien",34,2025,"TEX",127,534,470,62,15,62,11,9.4,17.4,0.134,0.23,0.305,0.364,0.669,102,0.1,2.7,2.5
99953,573262,"Mike Yastrzemski",34,2025,,144,558,477,68,17,46,7,12.9,19.4,0.17,0.233,0.333,0.403,0.736,105,0.2,-1.3,1.7
100007,571970,"Max Muncy",34,2025,"LAD",100,388,313,48,19,67,4,16.5,21.4,0.227,0.243,0.376,0.47,0.846,142,0.1,2.2,3.7
100036,571912,"Luke Maile",34,2025,"KC",19,54,45,6,1,6,1,13,29.6,0.111,0.244,0.346,0.356,0.702,97,,1,0.3
100121,572233,"Christian Walker",34,2025,"HOU",154,640,585,72,27,88,2,6.3,27.7,0.183,0.238,0.297,0.421,0.718,96,,-0.2,1.3
100171,571657,"Kyle Farmer",34,2025,"COL",96,300,277,24,8,31,0,5.7,22,0.137,0.227,0.28,0.365,0.645,84,,-1.2,0.2
100300,608671,"Travis Jankowski",34,2025,,22,50,45,8,0,2,2,6,24,0.044,0.244,0.286,0.289,0.575,85,0,0.2,0.1
100317,608701,"Rob Refsnyder",34,2025,"BOS",70,209,182,29,9,30,3,11.5,25.8,0.214,0.269,0.354,0.484,0.838,103,0,-1.2,0.5
100496,621035,"Chris Taylor",34,2025,,48,125,113,15,2,12,2,4,33.6,0.115,0.186,0.256,0.301,0.557,72,0.1,0.1,0
101250,623168,"Tyler Heineman",34,2025,"TOR",58,174,149,25,3,20,2,6.9,17.8,0.128,0.282,0.355,0.409,0.764,96,0,2.3,0.8
102593,641598,"Mitch Garver",34,2025,"SEA",87,290,254,29,9,30,3,10.3,27.6,0.134,0.209,0.297,0.343,0.64,92,-0.1,-1.6,0.4
103280,642851,"Austin Wynns",34,2025,,35,110,103,13,6,21,0,4.5,29.1,0.252,0.291,0.321,0.544,0.865,82,,-1.1,0.1
103523,643565,"Mike Tauchman",34,2025,"CWS",93,385,335,44,9,40,0,11.7,22.3,0.137,0.263,0.356,0.4,0.756,93,,0.9,0.7
55877,514888,"Jose Altuve",35,2025,"HOU",155,654,588,80,26,77,10,8.4,16.7,0.177,0.265,0.329,0.442,0.771,107,-0.1,-3.6,2.1
56289,518692,"Freddie Freeman",35,2025,"LAD",147,627,556,81,24,90,6,9.6,20.4,0.207,0.295,0.367,0.502,0.869,113,-0.1,-1.1,2.5
57335,521692,"Salvador Perez",35,2025,"KC",155,641,597,54,30,100,0,4.4,19.5,0.209,0.236,0.284,0.446,0.73,110,,-6.3,2
57396,518792,"Jason Heyward",35,2025,"SD",31,95,85,9,2,12,0,6.3,21.1,0.094,0.176,0.223,0.271,0.494,80,0,-0.7,0
57556,519317,"Giancarlo Stanton",35,2025,"NYY",77,281,249,36,24,66,0,10.3,34.2,0.321,0.273,0.35,0.594,0.944,133,,-1.9,1.5
57969,543309,"Kyle Higashioka",35,2025,"TEX",93,327,303,33,11,47,3,6.1,22,0.162,0.241,0.291,0.403,0.694,79,,3.8,0.7
61044,578428,"Jose Iglesias",35,2025,"SD",109,343,306,29,3,36,5,7,16.3,0.065,0.229,0.298,0.294,0.592,90,0,-0.6,0.7
65953,542963,"Rob Brantly",35,2025,"MIA",3,7,7,0,0,1,0,0,14.3,0,0.429,0.429,0.429,0.858,76,,0,0
65992,543807,"George Springer",35,2025,"TOR",139,586,498,106,32,84,18,11.8,18.9,0.249,0.307,0.397,0.556,0.953,151,-0.1,-2,4.6
69159,542932,"Jon Berti",35,2025,"CHC",48,107,100,12,0,2,11,4.7,20.6,0.02,0.21,0.262,0.23,0.492,79,0.4,-0.2,0.1
69508,605113,"Nick Ahmed",35,2025,"TEX",5,10,9,1,0,0,1,10,30,0,0,0.1,0,0.1,93,,0,0
69513,605131,"Austin Barnes",35,2025,"LAD",13,44,42,4,0,2,0,2.3,31.8,0.071,0.214,0.233,0.286,0.519,69,,0.2,0
69553,605361,"Nick Martini",35,2025,"COL",43,111,102,9,1,4,0,8.1,16.2,0.069,0.225,0.288,0.294,0.582,91,,-0.3,0.1
69856,607067,"Colin Rea",35,2025,"CHC",1,1,1,0,0,0,0,0,100,0,0,0,0,0,36,,0,0
70317,543510,"James McCann",35,2025,"AZ",38,137,123,18,5,17,0,5.8,24.1,0.171,0.26,0.324,0.431,0.755,94,,0.5,0.5
71054,543592,"Austin Nola",35,2025,"COL",14,41,38,2,0,1,0,4.9,12.2,0.026,0.184,0.225,0.211,0.436,91,,-0.9,0
71213,607732,"Jacob Stallings",35,2025,,41,129,119,5,0,9,0,4.7,31,0.034,0.134,0.195,0.168,0.363,64,,-1.4,-0.2
51611,500743,"Miguel Rojas",36,2025,"LAD",108,317,290,35,7,27,5,7.6,14.5,0.134,0.262,0.318,0.397,0.715,95,,0,1
55784,518595,"Travis d'Arnaud",36,2025,"LAA",67,231,213,16,6,21,0,5.6,32,0.146,0.197,0.255,0.343,0.598,74,,-5.4,-0.4
55951,506702,"Sandy León",36,2025,"ATL",4,12,12,1,1,3,0,0,33.3,0.25,0.083,0.083,0.333,0.416,81,,0.1,0
56034,516782,"Starling Marte",36,2025,"NYM",98,329,293,37,9,34,7,6.7,20.7,0.14,0.27,0.335,0.41,0.745,94,0.1,0,0.4
59339,518934,"DJ LeMahieu",36,2025,"NYY",41,142,128,13,2,12,0,9.9,24.6,0.07,0.266,0.338,0.336,0.674,81,,0.1,0.2
66950,592192,"Mark Canha",36,2025,"KC",46,125,113,9,1,6,0,5.6,19.2,0.053,0.212,0.272,0.265,0.537,87,0,-0.5,0.1
70093,607680,"Kevin Pillar",36,2025,"TEX",19,43,43,6,0,1,3,0,18.6,0.047,0.209,0.209,0.256,0.465,88,0.1,-0.2,0.1
48772,456781,"Donovan Solano",37,2025,,66,179,166,10,3,21,0,4.5,22.3,0.09,0.247,0.291,0.337,0.628,78,,0.6,0.1
50106,502054,"Tommy Pham",37,2025,"PIT",117,449,392,44,10,52,5,11.1,20.9,0.125,0.245,0.33,0.37,0.7,99,-0.2,-1.5,1.2
59307,502671,"Paul Goldschmidt",37,2025,"NYY",140,534,489,76,10,45,5,6.7,18.7,0.129,0.274,0.328,0.403,0.731,102,-0.1,-0.8,1.4
46400,457705,"Andrew McCutchen",38,2025,"PIT",135,551,477,51,13,57,1,12.2,21.4,0.128,0.239,0.333,0.367,0.7,108,-0.3,0,1.4
48082,455117,"Martín Maldonado",38,2025,"SD",61,161,147,11,4,12,0,5,35.4,0.122,0.204,0.245,0.327,0.572,68,,-2.5,-0.3
48929,467793,"Carlos Santana",39,2025,,122,474,415,49,11,54,7,11,19.2,0.106,0.219,0.308,0.325,0.633,96,-0.1,1.8,1.1
51991,457759,"Justin Turner",40,2025,"CHC",77,191,169,14,3,18,2,8.9,19.4,0.095,0.219,0.288,0.314,0.602,90,,0.1,0.2
51408,493329,"Yuli Gurriel",41,2025,"SD",16,40,36,2,0,3,0,10,20,0.028,0.111,0.2,0.139,0.339,87,,0,0