Name,Team,Pos,G,GS,Inn,Throwing,Blocking,Framing,Arm,Range,FRV,NameASCII,PlayerId,MLBAMID
"Patrick Bailey","SFG","C",132,114,1029.2,4,1,25,,,30,"Patrick Bailey",27478,672275
"Ceddanne Rafaela","BOS","CF",141,129,1167.1,,,,2,20,22,"Ceddanne Rafaela",24262,678882
"Alejandro Kirk","TOR","C",118,111,965.1,0,5,16,,,21,"Alejandro Kirk",22581,672386
"Pete Crow-Armstrong","CHC","CF",156,153,1357,,,,3,19,21,"Pete Crow-Armstrong",27769,691718
"Bobby Witt Jr.","KCR","SS",154,153,1340,,,,0,18,20,"Bobby Witt Jr.",25764,677951
"Ke'Bryan Hayes","- - -","3B",152,144,1283,,,,0,16,17,"Ke'Bryan Hayes",18577,663647
"Masyn Winn","STL","SS",129,127,1107.2,,,,0,16,17,"Masyn Winn",27479,691026
"Jacob Young","WSN","CF",112,105,901.1,,,,2,13,15,"Jacob Young",29931,696285
"Austin Hedges","CLE","C",67,54,479.2,3,0,11,,,14,"Austin Hedges",12976,595978
"Maikel Garcia","KCR","3B",136,130,1144.2,,,,0,14,14,"Maikel Garcia",22715,672580
"Nico Hoerner","CHC","2B",153,153,1326,,,,0,10,12,"Nico Hoerner",21479,663538
"Nick Allen","ATL","SS",130,124,1045.2,,,,0,13,12,"Nick Allen",22277,669397
"Steven Kwan","CLE","LF",152,152,1328,,,,7,5,12,"Steven Kwan",24610,680757
"Dillon Dingler","DET","C",118,113,1011.2,2,2,7,,,12,"Dillon Dingler",27464,693307
"Trea Turner","PHI","SS",139,139,1216.1,,,,0,12,11,"Trea Turner",16252,607208
"Brenton Doyle","COL","CF",131,125,1090.2,,,,5,6,11,"Brenton Doyle",25479,686668
"Austin Wells","NYY","C",122,112,1000,0,0,11,,,11,"Austin Wells",27562,669224
"Denzel Clarke","ATH","CF",47,44,383.2,,,,-1,12,11,"Denzel Clarke",29858,672016
"Victor Scott II","STL","CF",136,124,1087.2,,,,-3,14,11,"Victor Scott II",31349,687363
"Luis Torrens","NYM","C",86,72,640.2,7,0,4,,,10,"Luis Torrens",15905,620443
"Kyle Isbel","KCR","CF",135,118,1032,,,,-1,11,10,"Kyle Isbel",21614,664728
"Julio Rodríguez","SEA","CF",159,158,1406.1,,,,1,9,10,"Julio Rodriguez",23697,677594
"Joey Ortiz","MIL","SS",149,140,1217.2,,,,0,9,10,"Joey Ortiz",25493,687401
"Fernando Tatis Jr.","SDP","RF",153,153,1299,,,,2,7,9,"Fernando Tatis Jr.",19709,665487
"Carlos Narváez","BOS","C",112,106,952,3,1,5,,,9,"Carlos Narvaez",19722,665966
"Bryce Teodosio","LAA","CF",50,49,406,,,,0,9,9,"Bryce Teodosio",29524,669326
"Tyrone Taylor","NYM","CF",106,85,783,,,,5,3,8,"Tyrone Taylor",13675,621438
"Matt Olson","ATL","1B",162,162,1429,,,,0,7,8,"Matt Olson",14344,621566
"Jake Meyers","HOU","CF",104,95,844,,,,-1,9,8,"Jake Meyers",20308,676694
"Gabriel Moreno","ARI","C",75,66,598,1,1,6,,,8,"Gabriel Moreno",22664,672515
"Wilyer Abreu","BOS","RF",104,95,847.1,,,,1,7,8,"Wilyer Abreu",23772,677800
"Xander Bogaerts","SDP","SS",125,125,1083.1,,,,0,5,7,"Xander Bogaerts",12161,593428
"Tyler Heineman","TOR","C",61,46,424.2,1,2,4,,,7,"Tyler Heineman",13897,623168
"Ryan McMahon","- - -","3B",154,143,1265,,,,1,5,7,"Ryan McMahon",15112,641857
"Mauricio Dubón","HOU","2B",46,37,318,,,,0,6,7,"Mauricio Dubon",16530,643289
"Myles Straw","TOR","CF",88,56,532.1,,,,0,6,7,"Myles Straw",17620,664702
"Ty France","- - -","1B",124,108,976.2,,,,0,7,7,"Ty France",17982,664034
"Andrés Giménez","TOR","2B",87,82,719.2,,,,0,7,7,"Andres Gimenez",19950,665926
"Luis Robert Jr.","CHW","CF",105,102,865.2,,,,1,6,7,"Luis Robert Jr.",20043,673357
"Cal Raleigh","SEA","C",121,119,1072,1,-1,7,,,7,"Cal Raleigh",21534,663728
"Xavier Edwards","MIA","2B",97,94,814.1,,,,0,7,7,"Xavier Edwards",22266,669364
"Andy Pages","LAD","CF",121,117,973,,,,2,5,7,"Andy Pages",24816,681624
"Michael Harris II","ATL","CF",160,157,1397,,,,-1,8,7,"Michael Harris II",25931,671739
"Sal Frelick","MIL","RF",134,128,1117,,,,1,6,7,"Sal Frelick",29622,686217
"Carlos Santana","- - -","1B",102,96,848.1,,,,0,6,6,"Carlos Santana",2396,467793
"Marcus Semien","TEX","2B",127,127,1108.1,,,,0,5,6,"Marcus Semien",12533,543760
"José Ramírez","CLE","3B",134,132,1145.2,,,,0,5,6,"Jose Ramirez",13510,608070
"Ryan O'Hearn","- - -","1B",75,64,541.1,,,,1,5,6,"Ryan O'Hearn",16442,656811
"Mauricio Dubón","HOU","SS",33,24,206.1,,,,0,6,6,"Mauricio Dubon",16530,643289
"Derek Hill","- - -","CF",54,35,330,,,,1,5,6,"Derek Hill",16947,656537
"Sean Murphy","ATL","C",76,72,633,3,2,1,,,6,"Sean Murphy",19352,669221
"Daulton Varsho","TOR","CF",68,63,550.1,,,,-2,8,6,"Daulton Varsho",19918,662139
"Jeremy Peña","HOU","SS",124,120,1061.2,,,,0,6,6,"Jeremy Pena",21636,665161
"Johan Rojas","PHI","CF",65,46,418.2,,,,1,5,6,"Johan Rojas",24336,679032
"Pedro Pagés","STL","C",110,102,901.2,2,0,5,,,6,"Pedro Pages",25782,686780
"Miguel Rojas","LAD","2B",68,49,453.1,,,,0,5,5,"Miguel Rojas",7802,500743
"Aaron Judge","NYY","RF",95,95,822.1,,,,2,3,5,"Aaron Judge",15640,592450
"Nathan Lukes","TOR","RF",81,46,446.1,,,,2,3,5,"Nathan Lukes",18123,664770
"Luis Rengifo","LAA","2B",74,68,585.1,,,,0,3,5,"Luis Rengifo",19858,650859
"Jazz Chisholm Jr.","NYY","2B",100,96,851,,,,0,6,5,"Jazz Chisholm Jr.",20454,665862
"Hayden Senger","NYM","C",31,23,195.1,1,1,3,,,5,"Hayden Senger",21489,663584
"Wenceel Pérez","DET","RF",81,71,625.1,,,,1,3,5,"Wenceel Perez",22857,672761
"Daniel Schneemann","CLE","2B",74,58,514.2,,,,0,4,5,"Daniel Schneemann",25180,682177
"Corbin Carroll","ARI","RF",137,132,1189.1,,,,-3,8,5,"Corbin Carroll",25878,682998
"Jake Mangum","TBR","CF",41,30,278.2,,,,0,5,5,"Jake Mangum",26202,663968
"Jackson Merrill","SDP","CF",114,114,1001.1,,,,3,2,5,"Jackson Merrill",29490,701538
"Matt McLain","CIN","2B",138,131,1172.2,,,,0,5,5,"Matt McLain",29695,680574
"Colson Montgomery","CHW","SS",60,58,502.2,,,,0,5,5,"Colson Montgomery",29712,695657
"Graham Pauley","MIA","3B",52,48,390,,,,0,5,5,"Graham Pauley",31363,688363
"Wyatt Langford","TEX","CF",45,36,319.1,,,,1,4,5,"Wyatt Langford",33333,694671
"Wyatt Langford","TEX","LF",104,97,841.1,,,,0,5,5,"Wyatt Langford",33333,694671
"Willson Contreras","STL","1B",120,119,1011.2,,,,0,4,4,"Willson Contreras",11609,575929
"Mookie Betts","LAD","SS",148,148,1278,,,,0,3,4,"Mookie Betts",13611,605141
"Corey Seager","TEX","SS",97,97,828,,,,0,3,4,"Corey Seager",13624,608369
"Reese McGuire","CHC","C",43,37,335.1,0,1,3,,,4,"Reese McGuire",15674,624512
"Willy Adames","SFG","SS",158,158,1389.2,,,,0,4,4,"Willy Adames",15986,642715
"Cody Bellinger","NYY","LF",85,59,572.2,,,,0,4,4,"Cody Bellinger",15998,641355
"Cody Bellinger","NYY","RF",52,48,416,,,,2,2,4,"Cody Bellinger",15998,641355
"Matt Chapman","SFG","3B",128,127,1116.1,,,,0,3,4,"Matt Chapman",16505,656305
"Alex Jackson","BAL","C",35,27,248.2,2,0,3,,,4,"Alex Jackson",17276,656577
"Otto Lopez","MIA","2B",32,31,265.1,,,,0,4,4,"Otto Lopez",19608,672640
"Ernie Clement","TOR","2B",60,49,423.1,,,,0,4,4,"Ernie Clement",20352,676391
"Ernie Clement","TOR","3B",89,66,603,,,,0,4,4,"Ernie Clement",20352,676391
"Oneil Cruz","PIT","CF",125,120,1061.1,,,,4,0,4,"Oneil Cruz",21711,665833
"José Caballero","- - -","SS",43,42,339,,,,0,3,4,"Jose Caballero",23401,676609
"Ronny Mauricio","NYM","3B",42,32,292,,,,0,4,4,"Ronny Mauricio",23698,677595
"Ezequiel Tovar","COL","SS",95,95,800.2,,,,0,2,4,"Ezequiel Tovar",24064,678662
"Max Schuemann","ATH","2B",39,20,202,,,,0,3,4,"Max Schuemann",24488,680474
"Jared Triolo","PIT","3B",32,30,260.1,,,,0,3,4,"Jared Triolo",25807,669707
"Spencer Steer","CIN","1B",122,113,1009.2,,,,0,5,4,"Spencer Steer",26323,668715
"Garrett Mitchell","MIL","CF",25,21,179.2,,,,0,4,4,"Garrett Mitchell",27555,669003
"Jakob Marsee","MIA","CF",48,44,393,,,,0,4,4,"Jakob Marsee",31370,805300
"Francisco Lindor","NYM","SS",158,157,1374,,,,0,4,3,"Francisco Lindor",12916,596019
"Carson Kelly","CHC","C",105,98,864,3,1,-2,,,3,"Carson Kelly",13620,608348
"Mike Yastrzemski","- - -","RF",133,114,1013.2,,,,5,-2,3,"Mike Yastrzemski",14854,573262
"Tim Anderson","LAA","2B",16,15,125,,,,0,2,3,"Tim Anderson",15172,641313
"Edmundo Sosa","PHI","2B",33,28,232.1,,,,0,3,3,"Edmundo Sosa",17022,624641
"Alex Bregman","BOS","3B",113,110,972.1,,,,0,3,3,"Alex Bregman",17678,608324
"Harrison Bader","MIN","LF",70,57,496,,,,0,3,3,"Harrison Bader",18030,664056
"Dansby Swanson","CHC","SS",159,159,1387,,,,0,1,3,"Dansby Swanson",18314,621020
"Ramón Urías","- - -","2B",26,19,185,,,,0,3,3,"Ramon Urias",18795,602104
"Tommy Edman","LAD","2B",66,60,525.1,,,,0,4,3,"Tommy Edman",19470,669242
"J.C. Escarra","NYY","C",30,24,209,-2,0,5,,,3,"J.C. Escarra",20084,641555
"William Contreras","MIL","C",128,128,1111.2,1,1,1,,,3,"William Contreras",20503,661388
"Lars Nootbaar","STL","RF",23,23,198,,,,1,2,3,"Lars Nootbaar",21454,663457
"Brandon Lockridge","- - -","CF",22,16,145.1,,,,0,3,3,"Brandon Lockridge",21496,663604
"Geraldo Perdomo","ARI","SS",161,160,1425,,,,0,4,3,"Geraldo Perdomo",22799,672695
"Max Schuemann","ATH","3B",27,11,119.2,,,,0,3,3,"Max Schuemann",24488,680474
"Andy Pages","LAD","RF",51,22,243,,,,1,2,3,"Andy Pages",24816,681624
"Vinny Capra","- - -","SS",12,11,93,,,,0,2,3,"Vinny Capra",25040,681962
"Darell Hernaiz","ATH","SS",23,22,199.1,,,,0,3,3,"Darell Hernaiz",26224,687231
"Adley Rutschman","BAL","C",73,66,573.1,0,1,2,,,3,"Adley Rutschman",26288,668939
"Josh Jung","TEX","3B",126,122,1086.2,,,,0,4,3,"Josh Jung",26299,673962
"Kameron Misner","TBR","CF",51,42,364.2,,,,1,2,3,"Kameron Misner",26374,670224
"Kyren Paris","LAA","2B",19,17,154,,,,1,1,3,"Kyren Paris",26420,677347
"Austin Martin","MIN","LF",37,28,262,,,,1,2,3,"Austin Martin",27462,668885
"Tyler Soderstrom","ATH","LF",108,100,867.2,,,,-2,4,3,"Tyler Soderstrom",27467,691016
"Joey Wiemer","MIA","RF",22,14,141,,,,1,2,3,"Joey Wiemer",27690,686894
"Evan Carter","TEX","CF",60,51,460,,,,0,3,3,"Evan Carter",27790,694497
"Zack Gelof","ATH","2B",30,26,233.2,,,,0,2,3,"Zack Gelof",29766,680869
"Alan Roden","- - -","LF",41,31,279.2,,,,2,2,3,"Alan Roden",31564,702176
"Chase Meidroth","CHW","SS",76,63,569,,,,0,2,3,"Chase Meidroth",31580,805367
"Roman Anthony","BOS","RF",36,32,290.1,,,,0,4,3,"Roman Anthony",31812,701350
"Kyle Karros","COL","3B",42,40,343.1,,,,0,3,3,"Kyle Karros",33252,691720
"Hyeseong Kim","LAD","2B",45,32,278,,,,0,3,3,"Hyeseong Kim",35322,808975
"Nolan Arenado","STL","3B",103,102,880.2,,,,0,2,2,"Nolan Arenado",9777,571448
"Enrique Hernández","LAD","3B",27,21,195.2,,,,0,1,2,"Enrique Hernandez",10472,571771
"Elias Díaz","SDP","C",105,68,650,0,0,2,,,2,"Elias Diaz",11680,553869
"Javier Báez","DET","CF",53,43,405,,,,0,2,2,"Javier Baez",12979,595879
"Orlando Arcia","COL","2B",21,13,115.2,,,,0,2,2,"Orlando Arcia",13185,606115
"Ildemaro Vargas","ARI","2B",13,11,104.1,,,,0,1,2,"Ildemaro Vargas",13324,545121
"Christian Walker","HOU","1B",152,150,1316,,,,0,2,2,"Christian Walker",13419,572233
"Byron Buxton","MIN","CF",118,118,973,,,,0,3,2,"Byron Buxton",14161,621439
"Tim Anderson","LAA","SS",15,11,101,,,,0,2,2,"Tim Anderson",15172,641313
"Jeff McNeil","NYM","2B",79,69,575.2,,,,0,3,2,"Jeff McNeil",15362,643446
"Isiah Kiner-Falefa","- - -","3B",32,30,256.2,,,,0,2,2,"Isiah Kiner-Falefa",16512,643396
"Mauricio Dubón","HOU","3B",24,15,141,,,,0,2,2,"Mauricio Dubon",16530,643289
"Myles Straw","TOR","LF",40,7,121,,,,0,2,2,"Myles Straw",17620,664702
"Harrison Bader","- - -","CF",81,60,568.2,,,,0,2,2,"Harrison Bader",18030,664056
"Jake Cronenworth","SDP","SS",13,10,79,,,,0,2,2,"Jake Cronenworth",18036,630105
"Ali Sánchez","- - -","C",11,5,51.1,0,0,2,,,2,"Ali Sanchez",18551,645305
"Andy Ibáñez","DET","3B",68,31,323.1,,,,0,1,2,"Andy Ibanez",18819,628451
"Adolis García","TEX","RF",128,127,1124,,,,1,1,2,"Adolis Garcia",19287,666969
"Eli White","ATL","LF",36,20,189.2,,,,2,1,2,"Eli White",19346,642201
"Eli White","ATL","RF",48,38,351.2,,,,-1,2,2,"Eli White",19346,642201
"Tommy Edman","LAD","CF",25,19,179,,,,1,1,2,"Tommy Edman",19470,669242
"Chas McCormick","HOU","CF",30,20,179,,,,0,1,2,"Chas McCormick",19599,676801
"Otto Lopez","MIA","SS",111,107,956.2,,,,1,3,2,"Otto Lopez",19608,672640
"Jesús Sánchez","- - -","RF",101,82,723.2,,,,0,1,2,"Jesus Sanchez",19913,660821
"Blake Perkins","MIL","CF",52,39,374.2,,,,1,1,2,"Blake Perkins",19921,663368
"Santiago Espinal","CIN","3B",75,50,487.1,,,,0,2,2,"Santiago Espinal",19997,669289
"Stuart Fairchild","ATL","RF",16,8,78.2,,,,2,0,2,"Stuart Fairchild",20321,656413
"Royce Lewis","MIN","3B",99,92,826,,,,0,1,2,"Royce Lewis",20437,668904
"Nolan Jones","CLE","CF",35,23,193.1,,,,2,0,2,"Nolan Jones",20529,666134
"Kody Clemens","MIN","1B",58,47,397.2,,,,0,2,2,"Kody Clemens",20572,665019
"Enmanuel Valdez","PIT","1B",26,22,190,,,,0,2,2,"Enmanuel Valdez",21716,665839
"José Fermín","STL","2B",15,10,97,,,,0,2,2,"Jose Fermin",21746,665877
"Freddy Fermin","- - -","C",101,89,803.1,1,1,0,,,2,"Freddy Fermin",21840,666023
"Will Benson","CIN","CF",12,9,86,,,,1,1,2,"Will Benson",21853,666181
"Dane Myers","MIA","CF",68,58,517.2,,,,-1,3,2,"Dane Myers",22054,667472
"Gabriel Arias","CLE","SS",106,102,862,,,,0,3,2,"Gabriel Arias",22563,672356
"Ezequiel Duran","TEX","1B",25,13,141,,,,0,2,2,"Ezequiel Duran",23733,677649
"Parker Meadows","DET","CF",57,55,468,,,,-1,3,2,"Parker Meadows",23800,678009
"Jorge Barrosa","ARI","CF",16,8,85,,,,0,2,2,"Jorge Barrosa",23968,678489
"Curtis Mead","TBR","2B",17,12,108.2,,,,0,1,2,"Curtis Mead",23986,678554
"Jarren Duran","BOS","CF",28,22,194,,,,1,1,2,"Jarren Duran",24617,680776
"Andy Pages","LAD","LF",27,16,153,,,,0,2,2,"Andy Pages",24816,681624
"Isaac Collins","MIL","LF",108,91,819.1,,,,-2,4,2,"Isaac Collins",25477,686555
"Jared Triolo","PIT","2B",11,10,80,,,,0,1,2,"Jared Triolo",25807,669707
"Nasim Nuñez","WSN","SS",19,14,128,,,,0,2,2,"Nasim Nunez",25979,683083
"Dominic Fletcher","CHW","RF",9,7,64.2,,,,2,0,2,"Dominic Fletcher",26149,666150
"John Rave","KCR","LF",32,26,208,,,,2,1,2,"John Rave",26284,670231
"Kameron Misner","TBR","RF",15,12,110,,,,1,1,2,"Kameron Misner",26374,670224
"Robert Hassell III","WSN","CF",48,42,377,,,,0,1,2,"Robert Hassell III",27482,690987
"Michael Massey","KCR","2B",60,57,495,,,,0,0,2,"Michael Massey",27684,686681
"Alejandro Osuna","TEX","RF",17,12,99,,,,1,1,2,"Alejandro Osuna",27915,696030
"Yanquiel Fernández","COL","RF",19,16,135,,,,2,0,2,"Yanquiel Fernandez",28552,692585
"Jackson Chourio","MIL","CF",89,87,754.2,,,,0,1,2,"Jackson Chourio",28806,694192
"Henry Davis","PIT","C",83,74,681.2,4,0,-2,,,2,"Henry Davis",29617,680779
"Marcelo Mayer","BOS","3B",39,28,248.2,,,,0,2,2,"Marcelo Mayer",29668,691785
"Hunter Goodman","COL","C",104,97,841.1,-1,1,2,,,2,"Hunter Goodman",29715,696100
"Brett Harris","ATH","3B",27,20,183.2,,,,0,1,2,"Brett Harris",29788,695391
"Nathan Church","STL","CF",18,15,135,,,,0,2,2,"Nathan Church",31357,701675
"Otto Kemp","PHI","1B",17,16,146,,,,0,2,2,"Otto Kemp",31792,805249
"Justin Turner","CHC","1B",39,27,218,,,,0,1,1,"Justin Turner",5235,457759
"Miguel Rojas","LAD","SS",22,10,117,,,,0,0,1,"Miguel Rojas",7802,500743
"Donovan Solano","SEA","1B",66,38,377.1,,,,0,1,1,"Donovan Solano",8623,456781
"Starling Marte","NYM","LF",9,6,50,,,,1,0,1,"Starling Marte",9241,516782
"Andrew McCutchen","PIT","RF",6,6,53,,,,0,1,1,"Andrew McCutchen",9847,457705
"Jose Iglesias","SDP","SS",32,24,220.2,,,,0,2,1,"Jose Iglesias",10231,578428
"Enrique Hernández","LAD","1B",28,16,168,,,,0,1,1,"Enrique Hernandez",10472,571771
"Enrique Hernández","LAD","2B",18,9,83,,,,0,0,1,"Enrique Hernandez",10472,571771
"Michael A. Taylor","CHW","CF",47,33,321,,,,1,0,1,"Michael A. Taylor",11489,572191
"Michael A. Taylor","CHW","RF",42,26,225.2,,,,-1,2,1,"Michael A. Taylor",11489,572191
"Jon Berti","CHC","2B",13,4,50,,,,0,0,1,"Jon Berti",12037,542932
"Javier Báez","DET","3B",23,16,147.1,,,,0,1,1,"Javier Baez",12979,595879
"Orlando Arcia","COL","3B",20,19,150,,,,0,1,1,"Orlando Arcia",13185,606115
"Ildemaro Vargas","ARI","1B",12,10,81,,,,0,1,1,"Ildemaro Vargas",13324,545121
"Luke Maile","KCR","C",23,15,143,-1,0,2,,,1,"Luke Maile",13355,571912
"Tomás Nido","DET","C",10,10,85.2,0,-1,1,,,1,"Tomas Nido",13755,621512
"Chris Taylor","- - -","2B",12,6,62.1,,,,0,1,1,"Chris Taylor",13757,621035
"Rob Refsnyder","BOS","RF",29,21,176.2,,,,0,0,1,"Rob Refsnyder",13770,608701
"Carlos Correa","HOU","3B",48,48,417,,,,0,2,1,"Carlos Correa",14162,621043
"Anthony Santander","TOR","LF",8,7,58,,,,0,0,1,"Anthony Santander",14551,623993
"Kyle Farmer","COL","2B",33,28,238.1,,,,0,0,1,"Kyle Farmer",14813,571657
"Adam Frazier","- - -","2B",79,66,601,,,,0,2,1,"Adam Frazier",15223,624428
"Austin Slater","- - -","LF",27,12,126,,,,0,1,1,"Austin Slater",16153,596103
"Rhys Hoskins","MIL","1B",82,78,670.2,,,,0,1,1,"Rhys Hoskins",16472,656555
"Mauricio Dubón","HOU","CF",17,10,89,,,,0,1,1,"Mauricio Dubon",16530,643289
"Mauricio Dubón","HOU","LF",48,15,175.1,,,,2,0,1,"Mauricio Dubon",16530,643289
"Edmundo Sosa","PHI","SS",19,13,126,,,,0,1,1,"Edmundo Sosa",17022,624641
"Willi Castro","- - -","LF",39,29,261.2,,,,1,0,1,"Willi Castro",17338,650489
"Kevin Newman","LAA","SS",14,11,90,,,,0,1,1,"Kevin Newman",17696,621028
"Paul DeJong","WSN","2B",13,11,99,,,,0,1,1,"Paul DeJong",18015,657557
"Dylan Moore","- - -","2B",39,22,210.1,,,,0,1,1,"Dylan Moore",18042,664238
"Ramón Urías","- - -","3B",78,71,638.1,,,,0,1,1,"Ramon Urias",18795,602104
"Yohel Pozo","STL","C",46,35,324,-1,0,2,,,1,"Yohel Pozo",18848,650968
"Garrett Hampson","- - -","CF",10,6,51,,,,0,1,1,"Garrett Hampson",19262,641658
"Alex Call","- - -","RF",50,42,375,,,,-2,3,1,"Alex Call",19296,669743
"Nicky Lopez","- - -","3B",14,5,56,,,,0,1,1,"Nicky Lopez",19339,670032
"Zach McKinstry","DET","LF",15,9,88,,,,0,1,1,"Zach McKinstry",19392,656716
"Andruw Monasterio","MIL","SS",37,21,201,,,,0,0,1,"Andruw Monasterio",19455,655316
"Tommy Edman","LAD","3B",13,11,101,,,,0,1,1,"Tommy Edman",19470,669242
"Josh Rojas","CHW","2B",24,19,157,,,,0,0,1,"Josh Rojas",19734,668942
"Tristan Gray","TBR","2B",12,9,80,,,,0,0,1,"Tristan Gray",19877,656484
"Emmanuel Rivera","BAL","3B",30,26,223.2,,,,0,1,1,"Emmanuel Rivera",19890,656896
"Gavin Sheets","SDP","1B",13,11,99.1,,,,0,1,1,"Gavin Sheets",19901,657757
"Jesús Sánchez","- - -","LF",27,22,191,,,,1,0,1,"Jesus Sanchez",19913,660821
"Taylor Trammell","HOU","CF",29,19,157.1,,,,0,1,1,"Taylor Trammell",19960,666211
"Bryce Johnson","SDP","LF",26,9,106.1,,,,0,1,1,"Bryce Johnson",20002,669369
"Miles Mastrobuoni","SEA","2B",15,10,81.2,,,,0,1,1,"Miles Mastrobuoni",20017,670156
"Miles Mastrobuoni","SEA","3B",27,18,158.2,,,,0,1,1,"Miles Mastrobuoni",20017,670156
"Dylan Carlson","BAL","CF",14,12,100,,,,0,0,1,"Dylan Carlson",20126,666185
"Miguel Vargas","CHW","1B",63,55,480.2,,,,0,1,1,"Miguel Vargas",20178,678246
"Brandon Marsh","PHI","LF",62,32,338,,,,0,1,1,"Brandon Marsh",20202,669016
"Ernie Clement","TOR","SS",29,19,170,,,,0,1,1,"Ernie Clement",20352,676391
"Kody Clemens","- - -","2B",51,34,309.1,,,,0,1,1,"Kody Clemens",20572,665019
"Kody Clemens","- - -","LF",11,5,55,,,,1,0,1,"Kody Clemens",20572,665019
"Kody Clemens","MIN","RF",11,7,63,,,,1,0,1,"Kody Clemens",20572,665019
"Brandon Lockridge","- - -","LF",32,14,147.1,,,,0,1,1,"Brandon Lockridge",21496,663604
"Nick Fortes","- - -","C",91,62,585.2,-2,1,2,,,1,"Nick Fortes",21538,663743
"Jake McCarthy","ARI","CF",14,12,109,,,,0,0,1,"Jake McCarthy",21622,664983
"Jake McCarthy","ARI","RF",11,10,85,,,,0,1,1,"Jake McCarthy",21622,664983
"Miguel Amaya","CHC","C",27,26,229.2,1,0,0,,,1,"Miguel Amaya",21693,665804
"Jonathan Aranda","TBR","1B",93,86,765.2,,,,0,1,1,"Jonathan Aranda",21837,666018
"Carlos Cortes","ATH","RF",22,16,140,,,,1,0,1,"Carlos Cortes",21842,666126
"Jerar Encarnacion","SFG","RF",14,11,95,,,,-1,2,1,"Jerar Encarnacion",21871,666464
"MJ Melendez","KCR","LF",17,10,106,,,,0,1,1,"MJ Melendez",22197,669004
"Jeremiah Jackson","BAL","RF",34,31,250,,,,2,-1,1,"Jeremiah Jackson",22239,669236
"Taylor Walls","TBR","SS",94,77,720.2,,,,0,1,1,"Taylor Walls",22458,670764
"Lawrence Butler","ATH","RF",92,89,781,,,,-2,3,1,"Lawrence Butler",22542,671732
"Gabriel Arias","CLE","2B",28,19,171.1,,,,0,0,1,"Gabriel Arias",22563,672356
"Maikel Garcia","KCR","SS",17,9,88.2,,,,0,0,1,"Maikel Garcia",22715,672580
"Oswald Peraza","NYY","2B",17,10,90,,,,0,1,1,"Oswald Peraza",22823,672724
"Alexander Canario","PIT","LF",31,21,200,,,,1,1,1,"Alexander Canario",22842,672744
"José Caballero","- - -","3B",37,9,117,,,,0,1,1,"Jose Caballero",23401,676609
"José Caballero","- - -","RF",38,21,210.2,,,,-1,2,1,"Jose Caballero",23401,676609
"Ezequiel Duran","TEX","SS",30,15,150.2,,,,0,2,1,"Ezequiel Duran",23733,677649
"Leo Jiménez","TOR","2B",15,8,77,,,,0,1,1,"Leo Jimenez",23782,677870
"Blaze Alexander","ARI","2B",14,14,117.1,,,,0,1,1,"Blaze Alexander",23789,677942
"Jorge Barrosa","ARI","LF",13,6,65.1,,,,-1,1,1,"Jorge Barrosa",23968,678489
"Jhonkensy Noel","CLE","1B",9,5,50,,,,0,1,1,"Jhonkensy Noel",24257,678877
"Liover Peguero","PIT","1B",9,7,54.2,,,,0,0,1,"Liover Peguero",24273,678894
"DaShawn Keirsey Jr.","MIN","CF",16,9,91.1,,,,0,0,1,"DaShawn Keirsey Jr.",24496,680577
"Addison Barger","TOR","RF",57,49,413,,,,4,-3,1,"Addison Barger",24598,680718
"Michael Helman","TEX","CF",35,29,259.2,,,,-1,2,1,"Michael Helman",24605,680737
"Brendan Donovan","STL","2B",100,91,809,,,,0,1,1,"Brendan Donovan",24679,680977
"Jonah Bride","- - -","3B",23,18,151,,,,0,1,1,"Jonah Bride",24703,681146
"Heriberto Hernández","MIA","LF",38,33,266,,,,-1,2,1,"Heriberto Hernandez",24878,681715
"Heriberto Hernández","MIA","RF",13,9,80,,,,-1,2,1,"Heriberto Hernandez",24878,681715
"Nate Eaton","BOS","RF",16,9,91,,,,1,0,1,"Nate Eaton",25055,681987
"Daniel Schneemann","CLE","3B",27,14,141.1,,,,0,1,1,"Daniel Schneemann",25180,682177
"Daniel Schneemann","CLE","CF",24,19,134.1,,,,1,-1,1,"Daniel Schneemann",25180,682177
"Daniel Schneemann","CLE","RF",15,6,59,,,,0,1,1,"Daniel Schneemann",25180,682177
"Daniel Schneemann","CLE","SS",11,4,54,,,,0,1,1,"Daniel Schneemann",25180,682177
"Drew Millas","WSN","C",16,15,123.1,0,0,2,,,1,"Drew Millas",25643,686452
"Brett Baty","NYM","3B",87,60,573,,,,0,1,1,"Brett Baty",26123,683146
"Kyle Stowers","MIA","LF",76,60,541.2,,,,1,-1,1,"Kyle Stowers",26151,669065
"Andrew Vaughn","- - -","1B",95,89,768,,,,0,1,1,"Andrew Vaughn",26197,683734
"Jake Mangum","TBR","RF",32,26,221.2,,,,-1,1,1,"Jake Mangum",26202,663968
"John Rave","KCR","CF",15,7,70.2,,,,0,2,1,"John Rave",26284,670231
"Bryson Stott","PHI","2B",135,122,1093,,,,0,5,1,"Bryson Stott",26294,681082
"Bryson Stott","PHI","SS",13,10,98,,,,0,1,1,"Bryson Stott",26294,681082
"Jonny DeLuca","TBR","CF",19,16,140,,,,0,1,1,"Jonny DeLuca",26365,676356
"Spencer Horwitz","PIT","1B",102,93,828.2,,,,0,1,1,"Spencer Horwitz",26477,687462
"Angel Martínez","CLE","2B",37,25,230.2,,,,0,1,1,"Angel Martinez",26540,682657
"Nick Gonzales","PIT","SS",13,12,109,,,,0,1,1,"Nick Gonzales",27490,693304
"Nick Yorke","PIT","2B",14,12,112,,,,0,0,1,"Nick Yorke",27504,694377
"David Hamilton","BOS","2B",68,42,401.2,,,,0,2,1,"David Hamilton",27531,666152
"Nick Loftin","KCR","3B",14,10,87,,,,0,1,1,"Nick Loftin",27630,679845
"Christian Koss","SFG","2B",47,39,339,,,,0,0,1,"Christian Koss",27653,683766
"Michael Massey","KCR","LF",14,9,85,,,,0,0,1,"Michael Massey",27684,686681
"Brett Wisely","- - -","2B",20,14,128,,,,0,1,1,"Brett Wisely",27735,689172
"Jordan Westburg","BAL","2B",17,16,142,,,,0,0,1,"Jordan Westburg",27815,676059
"Jordan Westburg","BAL","3B",52,51,439.2,,,,0,2,1,"Jordan Westburg",27815,676059
"Thomas Saggese","STL","3B",18,12,117,,,,0,1,1,"Thomas Saggese",27883,695336
"Thomas Saggese","STL","SS",33,26,240.1,,,,0,3,1,"Thomas Saggese",27883,695336
"Javier Sanoja","MIA","2B",34,19,208.2,,,,0,1,1,"Javier Sanoja",28253,691594
"Javier Sanoja","MIA","3B",41,26,255.2,,,,0,1,1,"Javier Sanoja",28253,691594
"Javier Sanoja","MIA","CF",14,10,79,,,,1,0,1,"Javier Sanoja",28253,691594
"Jackson Chourio","MIL","RF",20,15,133,,,,0,1,1,"Jackson Chourio",28806,694192
"Blake Dunn","CIN","RF",14,11,94,,,,0,1,1,"Blake Dunn",29487,694362
"Ryan Bliss","SEA","2B",11,11,98.2,,,,0,0,1,"Ryan Bliss",29547,669208
"Tim Tawa","ARI","CF",18,12,104.2,,,,0,1,1,"Tim Tawa",29571,694374
"Ben Rice","NYY","1B",50,46,370,,,,0,1,1,"Ben Rice",29576,700250
"Colton Cowser","BAL","CF",47,45,398.2,,,,1,1,1,"Colton Cowser",29591,681297
"Caleb Durbin","MIL","3B",131,119,1060.2,,,,0,2,1,"Caleb Durbin",29646,702332
"Colson Montgomery","CHW","3B",12,10,95.1,,,,0,0,1,"Colson Montgomery",29712,695657
"Brady House","WSN","3B",72,70,615.1,,,,0,2,1,"Brady House",29993,691781
"Bob Seymour","TBR","1B",25,22,191,,,,0,0,1,"Bob Seymour",30028,676044
"Ryan Ritter","COL","2B",29,28,242,,,,0,0,1,"Ryan Ritter",31500,690022
"Ryan Ritter","COL","SS",30,30,264.2,,,,0,1,1,"Ryan Ritter",31500,690022
"Sal Stewart","CIN","1B",11,10,81,,,,0,1,1,"Sal Stewart",31505,701398
"Drew Gilbert","SFG","CF",6,6,55,,,,0,1,1,"Drew Gilbert",31545,687551
"Drew Gilbert","SFG","RF",30,24,213,,,,0,1,1,"Drew Gilbert",31545,687551
"Chase Meidroth","CHW","2B",61,53,450.1,,,,0,0,1,"Chase Meidroth",31580,805367
"Jacob Melton","HOU","CF",21,14,135.2,,,,0,1,1,"Jacob Melton",31661,689200
"Alex Freeland","LAD","2B",15,11,87.1,,,,0,1,1,"Alex Freeland",31665,690976
"Alex Freeland","LAD","3B",17,14,129,,,,0,1,1,"Alex Freeland",31665,690976
"Dylan Beavers","BAL","RF",19,12,121.1,,,,1,0,1,"Dylan Beavers",31695,687637
"Nacho Alvarez Jr.","ATL","3B",58,56,495.1,,,,0,1,1,"Nacho Alvarez Jr.",31765,805373
"Roman Anthony","BOS","LF",19,17,152,,,,-1,2,1,"Roman Anthony",31812,701350
"Colby Thomas","ATH","CF",16,11,94,,,,0,0,1,"Colby Thomas",31855,687515
"Dylan Crews","WSN","RF",72,68,601,,,,-2,2,1,"Dylan Crews",33541,686611
"Cam Smith","HOU","RF",132,122,1079.1,,,,0,1,1,"Cam Smith",35108,701358
"Jason Heyward","SDP","LF",30,21,189.2,,,,0,0,0,"Jason Heyward",4940,518792
"Salvador Perez","KCR","1B",30,28,251.2,,,,0,0,0,"Salvador Perez",7304,521692
"Christian Vázquez","MIN","C",64,60,519,1,1,-3,,,0,"Christian Vazquez",9774,543877
"DJ LeMahieu","NYY","2B",45,35,324,,,,0,0,0,"DJ LeMahieu",9874,518934
"Randal Grichuk","- - -","LF",19,10,97,,,,0,0,0,"Randal Grichuk",10243,545341
"Enrique Hernández","LAD","LF",23,4,72.1,,,,0,0,0,"Enrique Hernandez",10472,571771
"Mark Canha","KCR","RF",12,7,60,,,,0,0,0,"Mark Canha",11445,592192
"Nick Martini","COL","RF",15,12,98,,,,1,-1,0,"Nick Martini",12005,605361
"Brandon Nimmo","NYM","LF",150,146,1268.2,,,,0,0,0,"Brandon Nimmo",12927,607043
"Orlando Arcia","COL","1B",11,7,73,,,,0,0,0,"Orlando Arcia",13185,606115
"Jeimer Candelario","CIN","1B",8,7,65,,,,0,0,0,"Jeimer Candelario",13621,600869
"Jeimer Candelario","CIN","3B",12,12,102,,,,0,1,0,"Jeimer Candelario",13621,600869
"Chris Taylor","- - -","CF",14,5,67.1,,,,0,0,0,"Chris Taylor",13757,621035
"Chris Taylor","- - -","LF",21,7,79,,,,0,0,0,"Chris Taylor",13757,621035
"Travis Jankowski","- - -","RF",15,8,71,,,,-1,0,0,"Travis Jankowski",13768,608671
"Eric Haase","MIL","C",28,18,177,0,0,-1,,,0,"Eric Haase",14111,606992
"Kyle Farmer","COL","SS",12,9,80.2,,,,0,0,0,"Kyle Farmer",14813,571657
"Adam Frazier","- - -","RF",11,6,51.1,,,,0,0,0,"Adam Frazier",15223,624428
"Austin Wynns","- - -","C",35,28,253.1,0,0,-1,,,0,"Austin Wynns",15271,642851
"Mike Tauchman","CHW","RF",73,66,571,,,,0,0,0,"Mike Tauchman",15274,643565
"Tyler Wade","SDP","LF",17,10,82.2,,,,0,0,0,"Tyler Wade",15730,642180
"Cody Bellinger","NYY","CF",41,38,306.1,,,,1,-1,0,"Cody Bellinger",15998,641355
"Austin Slater","- - -","RF",27,17,165,,,,-1,0,0,"Austin Slater",16153,596103
"Thairo Estrada","COL","2B",39,39,336,,,,0,-1,0,"Thairo Estrada",16426,642731
"Connor Joe","- - -","LF",13,5,52.2,,,,0,0,0,"Connor Joe",16572,656582
"Jose Trevino","CIN","C",90,84,723.1,-1,-1,2,,,0,"Jose Trevino",16725,624431
"Lane Thomas","CLE","CF",38,32,284.1,,,,1,-1,0,"Lane Thomas",16939,657041
"Chadwick Tromp","- - -","C",8,7,55.1,0,0,0,,,0,"Chadwick Tromp",16953,644433
"Brendan Rodgers","HOU","2B",41,31,285.2,,,,0,0,0,"Brendan Rodgers",17907,663898
"Ian Happ","CHC","LF",146,146,1274.1,,,,1,0,0,"Ian Happ",17919,664023
"Cedric Mullins","- - -","CF",130,120,1064.1,,,,-4,4,0,"Cedric Mullins",17929,656775
"Scott Kingery","LAA","2B",7,7,53,,,,0,0,0,"Scott Kingery",17975,664068
"Paul DeJong","WSN","SS",10,7,68,,,,0,0,0,"Paul DeJong",18015,657557
"Nathan Lukes","TOR","CF",36,27,214,,,,0,-1,0,"Nathan Lukes",18123,664770
"Nathan Lukes","TOR","LF",42,28,249,,,,2,-2,0,"Nathan Lukes",18123,664770
"Kyle Tucker","CHC","RF",115,115,1001.2,,,,2,-2,0,"Kyle Tucker",18345,663656
"Leody Taveras","- - -","CF",32,25,230,,,,0,0,0,"Leody Taveras",18900,665750
"Garrett Hampson","- - -","2B",13,10,83,,,,0,0,0,"Garrett Hampson",19262,641658
"Luke Raley","SEA","RF",37,20,206.2,,,,0,0,0,"Luke Raley",19354,670042
"Austin Hays","CIN","LF",61,57,507.1,,,,0,1,0,"Austin Hays",19363,669720
"Zach McKinstry","DET","SS",40,27,248,,,,0,0,0,"Zach McKinstry",19392,656716
"Jake Rogers","DET","C",41,39,339,-1,0,1,,,0,"Jake Rogers",19452,668670
"Cooper Hummel","HOU","LF",28,22,185.1,,,,1,-1,0,"Cooper Hummel",19458,669450
"Andrew Knizner","SFG","C",32,28,234,0,-1,1,,,0,"Andrew Knizner",19514,668800
"TJ Friedl","CIN","CF",149,148,1295,,,,-1,1,0,"TJ Friedl",19522,670770
"Chas McCormick","HOU","LF",18,6,68.2,,,,0,0,0,"Chas McCormick",19599,676801
"Bryan De La Cruz","ATL","LF",13,11,90,,,,0,0,0,"Bryan De La Cruz",19600,650559
"Brent Rooker","ATH","LF",7,7,54,,,,0,0,0,"Brent Rooker",19627,667670
"Daniel Johnson","- - -","CF",9,8,68.2,,,,0,1,0,"Daniel Johnson",19643,669288
"Tristan Gray","TBR","SS",9,7,62,,,,0,0,0,"Tristan Gray",19877,656484
"Andrés Giménez","TOR","SS",15,12,119,,,,0,0,0,"Andres Gimenez",19950,665926
"Santiago Espinal","CIN","2B",19,14,127,,,,0,0,0,"Santiago Espinal",19997,669289
"Bryce Johnson","SDP","CF",18,7,80.1,,,,0,0,0,"Bryce Johnson",20002,669369
"Keston Hiura","COL","1B",8,7,55,,,,0,0,0,"Keston Hiura",20003,669374
"Alan Trejo","COL","SS",13,13,113,,,,0,0,0,"Alan Trejo",20056,676701
"Brandon Marsh","PHI","CF",84,72,611,,,,1,0,0,"Brandon Marsh",20202,669016
"Ben Rortvedt","- - -","C",44,35,325,0,0,0,,,0,"Ben Rortvedt",20287,666163
"Ernie Clement","TOR","1B",15,6,69,,,,0,0,0,"Ernie Clement",20352,676391
"Oscar Gonzalez","SDP","LF",14,12,96,,,,0,0,0,"Oscar Gonzalez",20970,660757
"Brandon Lockridge","- - -","RF",10,7,68,,,,-1,1,0,"Brandon Lockridge",21496,663604
"Matt Vierling","DET","CF",20,16,145,,,,0,0,0,"Matt Vierling",21558,663837
"Romy Gonzalez","BOS","1B",58,41,368.1,,,,0,-1,0,"Romy Gonzalez",21562,663853
"Alec Bohm","PHI","1B",13,12,114.2,,,,0,0,0,"Alec Bohm",21618,664761
"Jake McCarthy","ARI","LF",38,35,289.1,,,,-2,1,0,"Jake McCarthy",21622,664983
"Griffin Conine","MIA","RF",8,7,64,,,,1,0,0,"Griffin Conine",21626,665052
"Rafael Marchán","PHI","C",42,30,283,2,0,-2,,,0,"Rafael Marchan",21646,665561
"Oswaldo Cabrera","NYY","3B",33,30,266,,,,0,-1,0,"Oswaldo Cabrera",21707,665828
"Sebastián  Rivero","LAA","C",11,10,85.1,0,0,0,,,0,"Sebastian  Rivero",21735,665861
"Andrés Chaparro","WSN","1B",30,14,149,,,,0,0,0,"Andres Chaparro",21797,665953
"Carlos Cortes","ATH","LF",7,5,51,,,,0,1,0,"Carlos Cortes",21842,666126
"Bo Naylor","CLE","C",119,106,945.1,2,1,-3,,,0,"Bo Naylor",21865,666310
"Dane Myers","MIA","LF",11,6,60,,,,0,0,0,"Dane Myers",22054,667472
"Brice Turang","MIL","2B",153,150,1320.2,,,,1,-2,0,"Brice Turang",22186,668930
"Jack Suwinski","PIT","CF",25,15,150,,,,0,0,0,"Jack Suwinski",22244,669261
"Nolan Gorman","STL","2B",28,26,215,,,,0,0,0,"Nolan Gorman",22263,669357
"Lawrence Butler","ATH","CF",59,51,455.1,,,,0,0,0,"Lawrence Butler",22542,671732
"Michael Siani","STL","CF",17,5,59.1,,,,0,1,0,"Michael Siani",22557,672279
"Oswald Peraza","LAA","1B",17,12,108.2,,,,0,0,0,"Oswald Peraza",22823,672724
"Oswald Peraza","- - -","3B",64,41,382.2,,,,0,1,0,"Oswald Peraza",22823,672724
"Alexander Canario","PIT","RF",24,13,137.1,,,,1,-1,0,"Alexander Canario",22842,672744
"Luis Vázquez","BAL","3B",12,4,50,,,,0,0,0,"Luis Vazquez",23442,676679
"Luis Vázquez","BAL","SS",11,6,57,,,,0,0,0,"Luis Vazquez",23442,676679
"Davis Schneider","TOR","2B",24,15,127.2,,,,0,0,0,"Davis Schneider",23565,676914
"Brayan Rocchio","CLE","2B",50,49,418.1,,,,0,1,0,"Brayan Rocchio",23690,677587
"Ezequiel Duran","TEX","3B",11,8,74,,,,0,0,0,"Ezequiel Duran",23733,677649
"Blaze Alexander","ARI","3B",54,49,432.1,,,,0,0,0,"Blaze Alexander",23789,677942
"Alek Thomas","ARI","CF",139,121,1080.1,,,,0,0,0,"Alek Thomas",23792,677950
"Anthony Seigler","MIL","3B",25,16,129.1,,,,0,0,0,"Anthony Seigler",23802,678011
"Jorbit Vivas","NYY","3B",14,9,76,,,,0,-1,0,"Jorbit Vivas",23917,678391
"Curtis Mead","- - -","3B",29,27,229,,,,0,0,0,"Curtis Mead",23986,678554
"Ceddanne Rafaela","BOS","2B",24,19,165,,,,0,0,0,"Ceddanne Rafaela",24262,678882
"DaShawn Keirsey Jr.","MIN","LF",18,8,66,,,,0,1,0,"DaShawn Keirsey Jr.",24496,680577
"DaShawn Keirsey Jr.","MIN","RF",31,4,93.1,,,,0,0,0,"DaShawn Keirsey Jr.",24496,680577
"Jarren Duran","BOS","LF",139,129,1149,,,,3,-3,0,"Jarren Duran",24617,680776
"James Outman","- - -","CF",37,21,200.2,,,,-1,0,0,"James Outman",24770,681546
"James Outman","MIN","LF",12,12,92,,,,0,0,0,"James Outman",24770,681546
"James Outman","- - -","RF",15,4,62,,,,0,0,0,"James Outman",24770,681546
"David Villar","SFG","1B",8,6,52,,,,0,0,0,"David Villar",24782,681584
"Ronny Simon","- - -","LF",9,6,52,,,,0,0,0,"Ronny Simon",25346,682927
"Michael Stefanic","TOR","2B",9,6,56,,,,0,1,0,"Michael Stefanic",25353,683021
"Will Robertson","- - -","LF",19,16,138.2,,,,0,1,0,"Will Robertson",25467,683770
"Nick Sogard","BOS","1B",12,11,94.1,,,,0,0,0,"Nick Sogard",25483,686765
"Nick Sogard","BOS","2B",8,8,65,,,,0,0,0,"Nick Sogard",25483,686765
"Korey Lee","CHW","C",16,10,86,0,1,0,,,0,"Korey Lee",25543,686676
"Cody Freeman","TEX","2B",24,20,171,,,,0,0,0,"Cody Freeman",25629,683227
"Cam Devanney","PIT","3B",14,11,94,,,,0,0,0,"Cam Devanney",25688,687478
"Grant McCray","SFG","RF",12,6,58.1,,,,-1,0,0,"Grant McCray",25690,687529
"Dustin Harris","TEX","LF",8,6,55,,,,0,0,0,"Dustin Harris",25705,687957
"Blaine Crim","- - -","1B",17,17,142,,,,0,-1,0,"Blaine Crim",25714,688760
"Tyler Tolbert","KCR","CF",28,9,100,,,,0,0,0,"Tyler Tolbert",25779,686475
"Jared Triolo","PIT","1B",24,12,116,,,,0,0,0,"Jared Triolo",25807,669707
"Jared Triolo","PIT","SS",47,44,388.2,,,,0,0,0,"Jared Triolo",25807,669707
"Ryan Kreidler","DET","CF",17,14,117.1,,,,0,0,0,"Ryan Kreidler",25867,668952
"Kerry Carpenter","DET","LF",24,23,188,,,,-1,0,0,"Kerry Carpenter",25961,681481
"Nasim Nuñez","WSN","2B",13,10,89,,,,0,1,0,"Nasim Nunez",25979,683083
"Maverick Handley","BAL","C",16,14,120.2,-1,1,1,,,0,"Maverick Handley",26106,668974
"Troy Johnston","MIA","1B",16,14,108,,,,0,0,0,"Troy Johnston",26143,687859
"Troy Johnston","MIA","LF",11,8,66,,,,0,-1,0,"Troy Johnston",26143,687859
"Troy Johnston","MIA","RF",13,11,72,,,,0,0,0,"Troy Johnston",26143,687859
"Tristin English","ARI","1B",7,7,58,,,,0,0,0,"Tristin English",26148,663536
"Kyle Stowers","MIA","CF",11,7,57,,,,0,0,0,"Kyle Stowers",26151,669065
"Tyler Fitzgerald","SFG","2B",69,63,561.2,,,,0,0,0,"Tyler Fitzgerald",26208,666149
"John Rave","KCR","RF",34,15,153,,,,-1,0,0,"John Rave",26284,670231
"JJ Bleday","ATH","RF",23,19,176,,,,0,0,0,"JJ Bleday",26368,668709
"Noelvi Marte","CIN","RF",54,48,437.1,,,,1,-1,0,"Noelvi Marte",26517,682622
"Luisangel Acuña","NYM","2B",81,41,434.1,,,,0,1,0,"Luisangel Acuna",26548,682668
"Jonatan Clase","TOR","CF",9,8,66,,,,0,0,0,"Jonatan Clase",26599,682729
"Elly De La Cruz","CIN","SS",158,157,1382,,,,0,-2,0,"Elly De La Cruz",26668,682829
"Nick Gonzales","PIT","2B",85,84,730.2,,,,0,2,0,"Nick Gonzales",27490,693304
"Casey Schmitt","SFG","1B",18,12,120,,,,0,0,0,"Casey Schmitt",27577,669477
"Nick Loftin","KCR","2B",16,9,91.1,,,,0,0,0,"Nick Loftin",27630,679845
"Christian Koss","SFG","3B",13,7,70,,,,0,0,0,"Christian Koss",27653,683766
"Colt Keith","DET","1B",18,17,144,,,,0,0,0,"Colt Keith",27899,690993
"Alejandro Osuna","TEX","LF",40,30,280,,,,0,0,0,"Alejandro Osuna",27915,696030
"Javier Sanoja","MIA","LF",36,17,156.1,,,,0,0,0,"Javier Sanoja",28253,691594
"Carter Jensen","KCR","C",10,7,66.2,0,-1,0,,,0,"Carter Jensen",29478,695600
"Tim Tawa","ARI","1B",20,10,122.1,,,,0,0,0,"Tim Tawa",29571,694374
"Tim Tawa","ARI","2B",23,20,186,,,,0,0,0,"Tim Tawa",29571,694374
"Tim Tawa","ARI","LF",14,6,61,,,,0,0,0,"Tim Tawa",29571,694374
"Colton Cowser","BAL","LF",43,41,361,,,,1,-1,0,"Colton Cowser",29591,681297
"Justyn-Henry Malloy","DET","RF",17,11,81,,,,0,0,0,"Justyn-Henry Malloy",29606,669234
"Sal Frelick","MIL","CF",14,8,71,,,,0,0,0,"Sal Frelick",29622,686217
"Joey Loperfido","TOR","RF",9,7,55,,,,0,0,0,"Joey Loperfido",29630,694388
"Marcelo Mayer","BOS","2B",8,7,57,,,,0,1,0,"Marcelo Mayer",29668,691785
"Max Muncy","ATH","SS",7,5,56,,,,0,0,0,"Max Muncy",29779,691777
"Liam Hicks","MIA","1B",28,23,206.1,,,,0,0,0,"Liam Hicks",29844,689414
"Seiya Suzuki","CHC","LF",15,14,123.2,,,,0,0,0,"Seiya Suzuki",30116,673548
"Jace Jung","DET","3B",19,14,130,,,,0,1,0,"Jace Jung",31437,690291
"Drake Baldwin","ATL","C",97,85,759.2,-1,2,-1,,,0,"Drake Baldwin",31539,686948
"Zach Dezenzo","HOU","RF",11,11,86,,,,0,-1,0,"Zach Dezenzo",31562,701305
"Alan Roden","- - -","RF",13,6,62,,,,0,0,0,"Alan Roden",31564,702176
"Brooks Lee","MIN","3B",43,32,284.2,,,,0,0,0,"Brooks Lee",31595,686797
"Jackson Holliday","BAL","SS",8,6,57,,,,0,0,0,"Jackson Holliday",31781,702616
"Ben Williamson","SEA","3B",85,79,703,,,,0,0,0,"Ben Williamson",33197,810938
"Dylan Crews","WSN","CF",15,13,112,,,,0,0,0,"Dylan Crews",33541,686611
"C.J. Kayfus","CLE","1B",17,12,112,,,,0,0,0,"C.J. Kayfus",33704,692216
"Hyeseong Kim","LAD","CF",17,9,85.1,,,,1,-1,0,"Hyeseong Kim",35322,808975
"Freddie Freeman","LAD","1B",146,145,1239,,,,0,-1,-1,"Freddie Freeman",5361,518692
"Jose Altuve","HOU","2B",66,61,499.1,,,,0,0,-1,"Jose Altuve",5417,514888
"Kyle Higashioka","TEX","C",71,68,604.1,-3,-1,3,,,-1,"Kyle Higashioka",5517,543309
"Wilmer Flores","SFG","1B",30,23,208,,,,0,-1,-1,"Wilmer Flores",5827,527038
"Miguel Rojas","LAD","3B",23,20,167.2,,,,0,-1,-1,"Miguel Rojas",7802,500743
"Jose Iglesias","SDP","3B",24,17,170,,,,0,-1,-1,"Jose Iglesias",10231,578428
"Michael A. Taylor","CHW","LF",43,26,246.2,,,,-1,0,-1,"Michael A. Taylor",11489,572191
"Bryce Harper","PHI","1B",130,130,1132.2,,,,0,0,-1,"Bryce Harper",11579,547180
"Max Kepler","PHI","LF",101,88,773.1,,,,-1,0,-1,"Max Kepler",12144,596146
"Max Kepler","PHI","RF",36,24,229,,,,-1,0,-1,"Max Kepler",12144,596146
"Austin Barnes","LAD","C",12,12,103,-2,1,1,,,-1,"Austin Barnes",12158,605131
"Kevin Pillar","TEX","CF",9,6,53,,,,0,-1,-1,"Kevin Pillar",12434,607680
"George Springer","TOR","CF",11,8,68,,,,0,0,-1,"George Springer",12856,543807
"George Springer","TOR","LF",12,10,85,,,,-1,0,-1,"George Springer",12856,543807
"Javier Báez","DET","SS",62,53,427.2,,,,0,-1,-1,"Javier Baez",12979,595879
"Orlando Arcia","- - -","SS",29,18,173,,,,0,-2,-1,"Orlando Arcia",13185,606115
"Ketel Marte","ARI","2B",104,99,878,,,,0,1,-1,"Ketel Marte",13613,606466
"Chris Taylor","- - -","RF",12,8,79,,,,0,-1,-1,"Chris Taylor",13757,621035
"Kyle Farmer","COL","1B",17,15,135.2,,,,0,0,-1,"Kyle Farmer",14813,571657
"Victor Caratini","HOU","1B",15,10,97,,,,0,0,-1,"Victor Caratini",14968,605170
"Jake Bauers","MIL","1B",40,25,220.2,,,,0,-1,-1,"Jake Bauers",15194,641343
"Jake Bauers","MIL","LF",21,19,152.1,,,,0,-1,-1,"Jake Bauers",15194,641343
"Jeff McNeil","NYM","LF",10,5,59.1,,,,0,-1,-1,"Jeff McNeil",15362,643446
"Tyler Wade","SDP","CF",19,16,146,,,,1,-2,-1,"Tyler Wade",15730,642180
"Edmundo Sosa","PHI","3B",33,24,238.2,,,,0,0,-1,"Edmundo Sosa",17022,624641
"Jose Herrera","ARI","C",57,56,486.2,-1,1,0,,,-1,"Jose Herrera",17040,645444
"Ramón Laureano","- - -","CF",16,13,99,,,,1,-1,-1,"Ramon Laureano",17128,657656
"Jorge Mateo","BAL","CF",10,10,82,,,,0,-1,-1,"Jorge Mateo",17273,622761
"Willi Castro","- - -","RF",44,28,256,,,,-1,0,-1,"Willi Castro",17338,650489
"Rafael Devers","SFG","1B",29,28,249,,,,0,-1,-1,"Rafael Devers",17350,646240
"Jose Siri","NYM","CF",14,12,95,,,,0,-1,-1,"Jose Siri",17452,642350
"Sam Hilliard","COL","LF",7,7,60,,,,0,-1,-1,"Sam Hilliard",17954,656541
"Paul DeJong","WSN","3B",33,32,265,,,,0,-1,-1,"Paul DeJong",18015,657557
"Jake Cronenworth","SDP","1B",13,9,87,,,,0,-1,-1,"Jake Cronenworth",18036,630105
"Sam Haggerty","TEX","LF",24,15,140,,,,0,0,-1,"Sam Haggerty",18054,664059
"Seth Brown","ATH","LF",12,6,58,,,,0,-1,-1,"Seth Brown",18171,664913
"Austin Riley","ATL","3B",102,102,888.2,,,,0,-1,-1,"Austin Riley",18360,663586
"Ryan Mountcastle","BAL","1B",56,50,441,,,,0,0,-1,"Ryan Mountcastle",18373,663624
"Luis Arraez","SDP","2B",14,10,82,,,,0,-2,-1,"Luis Arraez",18568,650333
"Josh Naylor","- - -","1B",129,124,1081,,,,0,0,-1,"Josh Naylor",18839,647304
"Jake Fraley","- - -","RF",62,51,441.1,,,,-1,0,-1,"Jake Fraley",19260,641584
"Luke Raley","SEA","1B",31,24,203,,,,0,-1,-1,"Luke Raley",19354,670042
"Weston Wilson","PHI","2B",11,8,79,,,,0,-1,-1,"Weston Wilson",19358,642215
"Zach McKinstry","DET","3B",85,69,578.1,,,,0,-1,-1,"Zach McKinstry",19392,656716
"Zach McKinstry","DET","RF",30,20,200,,,,0,0,-1,"Zach McKinstry",19392,656716
"Andruw Monasterio","MIL","2B",10,8,68,,,,0,0,-1,"Andruw Monasterio",19455,655316
"Yordan Alvarez","HOU","LF",15,15,116,,,,0,-1,-1,"Yordan Alvarez",19556,670541
"Vladimir Guerrero Jr.","TOR","1B",133,130,1126.2,,,,0,-1,-1,"Vladimir Guerrero Jr.",19611,665489
"Joshua Palacios","CHW","LF",11,9,65,,,,0,-1,-1,"Joshua Palacios",19818,641943
"Abraham Toro","BOS","3B",16,10,102,,,,0,-1,-1,"Abraham Toro",19844,647351
"Luke Williams","ATL","SS",25,3,63.1,,,,0,-1,-1,"Luke Williams",19931,663897
"Taylor Trammell","HOU","LF",27,13,134.2,,,,-1,0,-1,"Taylor Trammell",19960,666211
"Miles Mastrobuoni","SEA","RF",15,8,72.1,,,,-1,0,-1,"Miles Mastrobuoni",20017,670156
"Dylan Carlson","BAL","LF",53,42,394.1,,,,0,-1,-1,"Dylan Carlson",20126,666185
"Drew Waters","KCR","CF",22,17,146.2,,,,-1,0,-1,"Drew Waters",20505,671221
"Drew Waters","KCR","LF",41,24,231.2,,,,-1,0,-1,"Drew Waters",20505,671221
"Drew Waters","KCR","RF",21,14,130.1,,,,0,0,-1,"Drew Waters",20505,671221
"Nolan Jones","CLE","LF",13,7,77,,,,0,0,-1,"Nolan Jones",20529,666134
"Jose Miranda","MIN","3B",12,9,81,,,,0,-1,-1,"Jose Miranda",20538,669304
"Iván Herrera","STL","C",14,13,101,-1,0,0,,,-1,"Ivan Herrera",20599,671056
"Leo Rivas","SEA","2B",34,20,198,,,,0,-1,-1,"Leo Rivas",21009,660844
"Sean Bouchard","COL","RF",17,10,88,,,,0,-1,-1,"Sean Bouchard",21270,656248
"Lars Nootbaar","STL","CF",12,10,84,,,,-1,0,-1,"Lars Nootbaar",21454,663457
"Romy Gonzalez","BOS","2B",42,32,288,,,,0,-1,-1,"Romy Gonzalez",21562,663853
"Dane Myers","MIA","RF",31,18,175,,,,1,-2,-1,"Dane Myers",22054,667472
"Sam Huff","SFG","C",20,18,148.1,-1,-1,1,,,-1,"Sam Huff",22209,669087
"Jeremiah Jackson","BAL","3B",13,10,84,,,,0,-1,-1,"Jeremiah Jackson",22239,669236
"Jack Suwinski","PIT","LF",20,16,134,,,,0,-1,-1,"Jack Suwinski",22244,669261
"Jack Suwinski","PIT","RF",15,12,113.1,,,,0,0,-1,"Jack Suwinski",22244,669261
"Jake Burger","TEX","1B",91,86,756.2,,,,0,-1,-1,"Jake Burger",22275,669394
"Buddy Kennedy","- - -","3B",9,7,57.1,,,,0,-1,-1,"Buddy Kennedy",22505,671083
"Gustavo Campero","LAA","RF",22,14,137.2,,,,1,-2,-1,"Gustavo Campero",22707,672569
"Oswald Peraza","- - -","SS",13,6,66,,,,0,-1,-1,"Oswald Peraza",22823,672724
"Alexander Canario","PIT","CF",29,23,183.2,,,,1,-2,-1,"Alexander Canario",22842,672744
"Wenceel Pérez","DET","CF",31,20,183,,,,-1,-1,-1,"Wenceel Perez",22857,672761
"Lenyn Sosa","CHW","1B",42,35,307.1,,,,0,-1,-1,"Lenyn Sosa",22896,672820
"Lenyn Sosa","CHW","2B",99,85,745.1,,,,0,-2,-1,"Lenyn Sosa",22896,672820
"Jacob Amaya","CHW","SS",35,25,206.1,,,,0,0,-1,"Jacob Amaya",23296,676070
"Ryan Noda","CHW","1B",11,9,75,,,,0,-1,-1,"Ryan Noda",23312,676116
"Eric Wagaman","MIA","LF",19,13,106.1,,,,0,-1,-1,"Eric Wagaman",23395,676572
"Everson Pereira","TBR","CF",20,17,146.2,,,,0,-1,-1,"Everson Pereira",23695,677592
"Ezequiel Duran","TEX","2B",17,8,86.2,,,,0,-1,-1,"Ezequiel Duran",23733,677649
"Jorbit Vivas","NYY","2B",15,12,102,,,,0,-1,-1,"Jorbit Vivas",23917,678391
"Curtis Mead","- - -","1B",32,23,206.1,,,,0,-1,-1,"Curtis Mead",23986,678554
"Liover Peguero","PIT","SS",16,11,102,,,,0,-1,-1,"Liover Peguero",24273,678894
"Max Schuemann","ATH","SS",24,11,128.2,,,,0,0,-1,"Max Schuemann",24488,680474
"Addison Barger","TOR","3B",91,67,613.1,,,,0,0,-1,"Addison Barger",24598,680718
"Willie MacIver","ATH","C",31,29,249,1,0,-1,,,-1,"Willie MacIver",24641,680862
"Vinny Capra","- - -","3B",24,13,137,,,,0,-1,-1,"Vinny Capra",25040,681962
"Endy Rodríguez","PIT","1B",11,9,76.1,,,,0,-1,-1,"Endy Rodriguez",25332,682848
"Will Wilson","CLE","2B",17,11,107,,,,0,-1,-1,"Will Wilson",25434,669717
"Aaron Schunk","COL","SS",9,6,53.1,,,,0,-1,-1,"Aaron Schunk",25524,668845
"Logan Davidson","- - -","1B",12,8,77.1,,,,0,-1,-1,"Logan Davidson",25844,669722
"Matt Gorski","PIT","1B",12,9,80,,,,0,-1,-1,"Matt Gorski",25855,685301
"Riley Greene","DET","CF",16,13,108,,,,0,0,-1,"Riley Greene",25976,682985
"Kyle Stowers","MIA","RF",42,29,258.1,,,,0,-1,-1,"Kyle Stowers",26151,669065
"Darell Hernaiz","ATH","3B",20,17,141.2,,,,0,-1,-1,"Darell Hernaiz",26224,687231
"Gunnar Henderson","BAL","SS",145,142,1249.2,,,,0,-2,-1,"Gunnar Henderson",26289,683002
"Oliver Dunn","MIL","3B",13,11,91.2,,,,0,-1,-1,"Oliver Dunn",26295,686554
"Michael Busch","CHC","1B",151,131,1185,,,,0,-1,-1,"Michael Busch",26319,683737
"Josh Smith","TEX","1B",27,23,216.2,,,,0,0,-1,"Josh Smith",26396,669701
"Josh Smith","TEX","3B",32,28,246.1,,,,0,-1,-1,"Josh Smith",26396,669701
"Josh Smith","TEX","LF",8,8,65,,,,-1,0,-1,"Josh Smith",26396,669701
"Kyren Paris","LAA","CF",23,21,185,,,,-1,0,-1,"Kyren Paris",26420,677347
"Luis Matos","SFG","CF",8,8,66,,,,0,-1,-1,"Luis Matos",26467,682641
"Luis Matos","SFG","LF",10,8,72,,,,-1,-1,-1,"Luis Matos",26467,682641
"Spencer Torkelson","DET","1B",145,144,1272,,,,0,-2,-1,"Spencer Torkelson",27465,679529
"Robert Hassell III","WSN","RF",12,7,68,,,,0,-1,-1,"Robert Hassell III",27482,690987
"Rece Hinds","CIN","RF",14,13,107.2,,,,1,-1,-1,"Rece Hinds",27493,677956
"Ha-Seong Kim","- - -","SS",43,42,361,,,,0,-2,-1,"Ha-Seong Kim",27506,673490
"David Hamilton","BOS","SS",12,7,69,,,,0,-1,-1,"David Hamilton",27531,666152
"Casey Schmitt","SFG","3B",26,23,201.1,,,,0,-1,-1,"Casey Schmitt",27577,669477
"Alec Burleson","STL","1B",50,38,356,,,,0,0,-1,"Alec Burleson",27615,676475
"Nick Loftin","KCR","LF",38,23,208,,,,-1,-1,-1,"Nick Loftin",27630,679845
"Matt Mervis","MIA","1B",29,25,200,,,,0,-1,-1,"Matt Mervis",27845,670223
"Colt Keith","DET","2B",26,21,184.2,,,,0,-1,-1,"Colt Keith",27899,690993
"Maximo Acosta","MIA","3B",11,9,77.1,,,,0,-1,-1,"Maximo Acosta",27963,691185
"Javier Sanoja","MIA","SS",10,9,75,,,,0,-1,-1,"Javier Sanoja",28253,691594
"Jackson Chourio","MIL","LF",40,27,251,,,,-1,0,-1,"Jackson Chourio",28806,694192
"Samuel Basallo","BAL","C",22,20,178.2,1,-1,-1,,,-1,"Samuel Basallo",28824,694212
"Joey Loperfido","TOR","LF",32,19,172,,,,-1,0,-1,"Joey Loperfido",29630,694388
"Christian Encarnacion-Strand","CIN","1B",27,25,223.1,,,,0,-1,-1,"Christian Encarnacion-Strand",30011,687952
"Christian Encarnacion-Strand","CIN","3B",9,9,66,,,,0,0,-1,"Christian Encarnacion-Strand",30011,687952
"Seiya Suzuki","CHC","RF",32,32,282,,,,0,-1,-1,"Seiya Suzuki",30116,673548
"Jimmy Crooks","STL","C",14,12,105.1,0,0,0,,,-1,"Jimmy Crooks",31354,699625
"Jakob Marsee","MIA","LF",12,5,56,,,,0,-1,-1,"Jakob Marsee",31370,805300
"Brooks Baldwin","CHW","CF",26,21,175.2,,,,0,0,-1,"Brooks Baldwin",31394,681460
"Brooks Baldwin","CHW","RF",20,13,117.1,,,,-1,-1,-1,"Brooks Baldwin",31394,681460
"Jordan Beck","COL","LF",139,133,1157.1,,,,1,-2,-1,"Jordan Beck",31431,687597
"Zach Dezenzo","HOU","LF",15,14,108,,,,0,-2,-1,"Zach Dezenzo",31562,701305
"Brooks Lee","MIN","SS",77,64,595,,,,0,-1,-1,"Brooks Lee",31595,686797
"Jacob Melton","HOU","LF",9,7,58,,,,0,-1,-1,"Jacob Melton",31661,689200
"Dylan Beavers","BAL","LF",22,22,179,,,,-1,0,-1,"Dylan Beavers",31695,687637
"Otto Kemp","PHI","LF",11,7,63,,,,0,-1,-1,"Otto Kemp",31792,805249
"Colby Thomas","ATH","RF",23,14,134.2,,,,-1,-1,-1,"Colby Thomas",31855,687515
"Nolan Schanuel","LAA","1B",131,129,1131,,,,0,-2,-1,"Nolan Schanuel",33189,694384
"Brice Matthews","HOU","2B",13,11,109,,,,0,0,-1,"Brice Matthews",33280,694728
"Luke Keaschall","MIN","2B",41,41,360,,,,0,-1,-1,"Luke Keaschall",33321,807712
"Matt Shaw","CHC","3B",124,114,1010,,,,0,-1,-1,"Matt Shaw",33322,807713
"Kristian Campbell","BOS","CF",7,7,57,,,,0,0,-1,"Kristian Campbell",33644,692225
"Christian Moore","LAA","2B",53,45,411.2,,,,0,-2,-1,"Christian Moore",34979,695681
"Paul Goldschmidt","NYY","1B",139,113,1029,,,,0,-2,-2,"Paul Goldschmidt",9218,502671
"Mike Trout","LAA","RF",22,22,185,,,,0,-2,-2,"Mike Trout",10155,545361
"Jose Iglesias","SDP","2B",40,34,307.2,,,,0,-3,-2,"Jose Iglesias",10231,578428
"Randal Grichuk","- - -","RF",40,25,232.1,,,,0,-2,-2,"Randal Grichuk",10243,545341
"Gio Urshela","ATH","3B",56,47,421.1,,,,0,-2,-2,"Gio Urshela",10681,570482
"Mark Canha","KCR","LF",22,16,130.1,,,,-1,-1,-2,"Mark Canha",11445,592192
"Christian Yelich","MIL","LF",19,18,153.1,,,,0,-3,-2,"Christian Yelich",11477,592885
"Jon Berti","CHC","3B",28,22,194,,,,0,-2,-2,"Jon Berti",12037,542932
"James McCann","ARI","C",40,35,316,0,0,-2,,,-2,"James McCann",12859,543510
"Rob Refsnyder","BOS","LF",16,9,79.1,,,,0,-2,-2,"Rob Refsnyder",13770,608701
"Anthony Santander","TOR","RF",16,15,123,,,,-1,-1,-2,"Anthony Santander",14551,623993
"Jeff McNeil","NYM","CF",34,28,209,,,,0,-1,-2,"Jeff McNeil",15362,643446
"Amed Rosario","- - -","2B",17,14,124,,,,0,-2,-2,"Amed Rosario",15518,642708
"Miguel Andujar","- - -","LF",29,25,217,,,,0,-3,-2,"Miguel Andujar",15878,609280
"Austin Nola","COL","C",12,10,89,-1,0,-2,,,-2,"Austin Nola",15941,543592
"Ryan O'Hearn","- - -","RF",21,16,149,,,,0,-1,-2,"Ryan O'Hearn",16442,656811
"Connor Joe","CIN","RF",16,9,82,,,,0,-2,-2,"Connor Joe",16572,656582
"Luis Urías","ATH","2B",87,83,711.1,,,,0,-3,-2,"Luis Urias",16622,649966
"Ramón Laureano","- - -","LF",69,56,511,,,,1,-3,-2,"Ramon Laureano",17128,657656
"Jorge Mateo","BAL","SS",11,8,69,,,,0,-2,-2,"Jorge Mateo",17273,622761
"Taylor Ward","LAA","LF",153,152,1331.2,,,,-2,0,-2,"Taylor Ward",17548,621493
"Kevin Newman","LAA","3B",32,16,163.1,,,,0,-2,-2,"Kevin Newman",17696,621028
"Jake Cronenworth","SDP","2B",118,111,970.1,,,,1,-1,-2,"Jake Cronenworth",18036,630105
"Dylan Moore","SEA","3B",16,7,80,,,,0,-2,-2,"Dylan Moore",18042,664238
"Sam Haggerty","TEX","CF",14,10,89,,,,-1,-1,-2,"Sam Haggerty",18054,664059
"LaMonte Wade Jr.","LAA","RF",21,13,122,,,,-1,-1,-2,"LaMonte Wade Jr.",18126,664774
"Leody Taveras","SEA","RF",25,23,214,,,,-2,-1,-2,"Leody Taveras",18900,665750
"Weston Wilson","PHI","LF",27,26,186,,,,0,-2,-2,"Weston Wilson",19358,642215
"Zack Short","HOU","SS",22,15,149,,,,0,-2,-2,"Zack Short",19562,670097
"Jhonny Pereda","- - -","C",26,22,193,-2,0,-1,,,-2,"Jhonny Pereda",19802,640902
"Pavin Smith","ARI","1B",36,34,283.1,,,,0,-1,-2,"Pavin Smith",19892,656976
"Connor Wong","BOS","C",61,52,454,-1,-1,0,,,-2,"Connor Wong",19896,657136
"Gavin Sheets","SDP","LF",64,60,479,,,,1,-3,-2,"Gavin Sheets",19901,657757
"Jesús Sánchez","MIA","CF",10,8,63,,,,0,-2,-2,"Jesus Sanchez",19913,660821
"Gavin Lux","CIN","2B",17,16,124.1,,,,0,-2,-2,"Gavin Lux",19955,666158
"Mickey Moniak","COL","CF",38,32,269,,,,-2,0,-2,"Mickey Moniak",19956,666160
"Mickey Moniak","COL","LF",15,13,108,,,,-1,-2,-2,"Mickey Moniak",19956,666160
"Isaac Paredes","HOU","3B",89,88,766.2,,,,0,-2,-2,"Isaac Paredes",20036,670623
"Dylan Carlson","BAL","RF",17,8,84.1,,,,0,-2,-2,"Dylan Carlson",20126,666185
"Nolan Jones","CLE","RF",101,72,621.2,,,,2,-5,-2,"Nolan Jones",20529,666134
"Vidal Bruján","- - -","3B",17,10,84,,,,0,-1,-2,"Vidal Brujan",20536,660644
"Jonathan India","KCR","LF",21,18,146,,,,1,-3,-2,"Jonathan India",21523,663697
"Griffin Conine","MIA","LF",17,13,113,,,,-1,-1,-2,"Griffin Conine",21626,665052
"Will Benson","CIN","LF",33,24,222.1,,,,0,-1,-2,"Will Benson",21853,666181
"Will Benson","CIN","RF",40,28,264.2,,,,-2,0,-2,"Will Benson",21853,666181
"Triston Casas","BOS","1B",28,27,235,,,,0,-2,-2,"Triston Casas",22514,671213
"Jarred Kelenic","ATL","RF",22,20,160,,,,-2,0,-2,"Jarred Kelenic",22558,672284
"Maikel Garcia","KCR","2B",11,7,66,,,,0,-2,-2,"Maikel Garcia",22715,672580
"Hunter Feduccia","TBR","C",34,28,233.1,-2,0,0,,,-2,"Hunter Feduccia",23372,676439
"Eric Wagaman","MIA","1B",117,94,862.1,,,,0,-1,-2,"Eric Wagaman",23395,676572
"José Caballero","- - -","2B",23,13,145.1,,,,0,-1,-2,"Jose Caballero",23401,676609
"Davis Schneider","TOR","LF",59,44,347,,,,-1,0,-2,"Davis Schneider",23565,676914
"Brayan Rocchio","CLE","SS",72,56,526,,,,0,-2,-2,"Brayan Rocchio",23690,677587
"Jhonkensy Noel","CLE","RF",60,28,300,,,,0,-2,-2,"Jhonkensy Noel",24257,678877
"Brendan Donovan","STL","LF",18,18,152,,,,0,-2,-2,"Brendan Donovan",24679,680977
"Nate Eaton","BOS","3B",12,10,73,,,,0,-1,-2,"Nate Eaton",25055,681987
"Endy Rodríguez","PIT","C",9,8,58.1,-1,-1,-1,,,-2,"Endy Rodriguez",25332,682848
"Will Wilson","CLE","3B",15,13,117,,,,0,-1,-2,"Will Wilson",25434,669717
"Isaac Collins","MIL","RF",8,6,57.1,,,,0,-2,-2,"Isaac Collins",25477,686555
"Shea Langeliers","ATH","C",108,104,928,0,0,-2,,,-2,"Shea Langeliers",25816,669127
"Kerry Carpenter","DET","RF",55,49,413.2,,,,0,-2,-2,"Kerry Carpenter",25961,681481
"Riley Greene","DET","LF",124,117,1030.1,,,,-3,2,-2,"Riley Greene",25976,682985
"Brett Baty","NYM","2B",57,46,373,,,,0,0,-2,"Brett Baty",26123,683146
"Jake Mangum","TBR","LF",63,46,433,,,,-1,-1,-2,"Jake Mangum",26202,663968
"Spencer Steer","CIN","LF",11,8,71,,,,0,-3,-2,"Spencer Steer",26323,668715
"JJ Bleday","ATH","LF",12,10,95,,,,0,-2,-2,"JJ Bleday",26368,668709
"Josh Smith","TEX","SS",60,46,422.1,,,,0,-2,-2,"Josh Smith",26396,669701
"Matt Wallner","MIN","RF",85,81,654.1,,,,1,-3,-2,"Matt Wallner",26466,670242
"Noelvi Marte","CIN","3B",38,34,287.1,,,,0,-2,-2,"Noelvi Marte",26517,682622
"Jonatan Clase","TOR","LF",26,21,182.1,,,,0,-2,-2,"Jonatan Clase",26599,682729
"Edouard Julien","MIN","1B",26,21,175,,,,0,-2,-2,"Edouard Julien",27534,666397
"Casey Schmitt","SFG","2B",53,49,431,,,,0,-2,-2,"Casey Schmitt",27577,669477
"Alec Burleson","STL","LF",41,40,327,,,,-1,-1,-2,"Alec Burleson",27615,676475
"Colt Keith","DET","3B",37,32,254.1,,,,0,-1,-2,"Colt Keith",27899,690993
"Adael Amador","COL","2B",41,36,309.1,,,,0,-2,-2,"Adael Amador",27962,691182
"Junior Caminero","TBR","3B",148,146,1257.1,,,,0,-2,-2,"Junior Caminero",28163,691406
"Coby Mayo","BAL","1B",70,67,586.1,,,,0,-2,-2,"Coby Mayo",28312,691723
"Ben Rice","NYY","C",36,26,230.2,-1,0,-1,,,-2,"Ben Rice",29576,700250
"Will Wagner","TOR","1B",12,9,75,,,,0,-1,-2,"Will Wagner",29634,695238
"Will Wagner","- - -","3B",25,22,168.2,,,,0,-1,-2,"Will Wagner",29634,695238
"Max Muncy","ATH","3B",32,30,250.2,,,,0,-2,-2,"Max Muncy",29779,691777
"Niko Kavadas","LAA","1B",10,7,59.1,,,,0,-1,-2,"Niko Kavadas",29782,694359
"Kyle Manzardo","CLE","1B",56,53,459.2,,,,0,-2,-2,"Kyle Manzardo",29794,700932
"Liam Hicks","MIA","C",62,49,437.1,-3,0,1,,,-2,"Liam Hicks",29844,689414
"Jordan Lawlar","ARI","3B",12,9,76,,,,0,-2,-2,"Jordan Lawlar",29976,691783
"Daylen Lile","WSN","LF",22,21,179,,,,-1,-2,-2,"Daylen Lile",29995,695734
"Carson Williams","TBR","SS",32,29,255.2,,,,0,-1,-2,"Carson Williams",30038,700246
"Dalton Rushing","LAD","C",41,37,325.1,1,-1,-3,,,-2,"Dalton Rushing",31382,687221
"Brooks Baldwin","CHW","3B",15,10,96.2,,,,0,-2,-2,"Brooks Baldwin",31394,681460
"Tyler Locklear","ARI","1B",30,28,256.1,,,,0,-2,-2,"Tyler Locklear",31396,682988
"Tim Elko","CHW","1B",20,18,157,,,,0,-1,-2,"Tim Elko",31522,671284
"Brooks Lee","MIN","2B",37,29,253,,,,0,-2,-2,"Brooks Lee",31595,686797
"Chandler Simpson","TBR","LF",52,48,413.2,,,,-1,-1,-2,"Chandler Simpson",31912,802415
"Jacob Wilson","ATH","SS",124,124,1053.2,,,,0,-1,-2,"Jacob Wilson",33266,805779
"C.J. Kayfus","CLE","RF",29,26,205,,,,0,-2,-2,"C.J. Kayfus",33704,692216
"Jung Hoo Lee","SFG","CF",147,144,1275.2,,,,2,-5,-2,"Jung Hoo Lee",33824,808982
"Tommy Pham","PIT","LF",115,104,924.2,,,,-1,-2,-3,"Tommy Pham",2967,502054
"Giancarlo Stanton","NYY","RF",15,13,97,,,,-1,-2,-3,"Giancarlo Stanton",4949,519317
"Jorge Alfaro","WSN","C",14,9,91.2,0,-1,-2,,,-3,"Jorge Alfaro",12180,595751
"Eugenio Suárez","- - -","3B",154,152,1347.2,,,,0,-3,-3,"Eugenio Suarez",12552,553993
"Jorge Polanco","SEA","2B",38,34,287.1,,,,0,-2,-3,"Jorge Polanco",13152,593871
"Carlos Correa","- - -","SS",97,94,781.2,,,,0,-1,-3,"Carlos Correa",14162,621043
"Kyle Farmer","COL","3B",10,7,65,,,,0,-3,-3,"Kyle Farmer",14813,571657
"Victor Caratini","HOU","C",49,48,418,-3,1,-2,,,-3,"Victor Caratini",14968,605170
"Adam Frazier","- - -","LF",32,28,226,,,,0,-3,-3,"Adam Frazier",15223,624428
"Hunter Renfroe","KCR","RF",33,26,241.1,,,,-2,-1,-3,"Hunter Renfroe",15464,592669
"Amed Rosario","- - -","3B",33,26,230.2,,,,0,-4,-3,"Amed Rosario",15518,642708
"Dominic Smith","SFG","1B",53,48,413.2,,,,0,-3,-3,"Dominic Smith",15653,642086
"Miguel Andujar","ATH","3B",32,28,237.2,,,,0,-3,-3,"Miguel Andujar",15878,609280
"Kyle Schwarber","PHI","LF",8,8,66,,,,-1,-2,-3,"Kyle Schwarber",16478,656941
"Jonah Heim","TEX","C",96,91,800.1,0,0,-2,,,-3,"Jonah Heim",16930,641680
"Gleyber Torres","DET","2B",134,133,1146.1,,,,0,-3,-3,"Gleyber Torres",16997,650402
"Ramón Laureano","- - -","RF",53,42,365,,,,2,-4,-3,"Ramon Laureano",17128,657656
"Willi Castro","- - -","2B",48,31,264.2,,,,0,-2,-3,"Willi Castro",17338,650489
"Willi Castro","- - -","3B",23,16,129,,,,0,-3,-3,"Willi Castro",17338,650489
"Dylan Moore","- - -","RF",31,19,158.2,,,,0,-3,-3,"Dylan Moore",18042,664238
"Victor Robles","SEA","RF",29,26,240.1,,,,-2,0,-3,"Victor Robles",18363,645302
"Trent Grisham","NYY","CF",140,124,1133,,,,-1,-2,-3,"Trent Grisham",18564,663757
"Lourdes Gurriel Jr.","ARI","LF",118,114,1006.1,,,,0,-3,-3,"Lourdes Gurriel Jr.",19238,666971
"Brent Rooker","ATH","RF",21,20,162,,,,-1,-2,-3,"Brent Rooker",19627,667670
"Abraham Toro","BOS","1B",68,57,508.2,,,,0,-2,-3,"Abraham Toro",19844,647351
"Jazz Chisholm Jr.","NYY","3B",29,28,238,,,,0,-2,-3,"Jazz Chisholm Jr.",20454,665862
"Trevor Larnach","MIN","LF",19,17,131,,,,0,-3,-3,"Trevor Larnach",21501,663616
"Trevor Larnach","MIN","RF",44,36,310,,,,-3,-1,-3,"Trevor Larnach",21501,663616
"Jonathan India","KCR","3B",20,17,149.1,,,,0,-3,-3,"Jonathan India",21523,663697
"Joey Bart","PIT","C",83,76,658.2,0,-1,-2,,,-3,"Joey Bart",21524,663698
"Alec Bohm","PHI","3B",108,108,942.2,,,,0,-1,-3,"Alec Bohm",21618,664761
"Yainer Diaz","HOU","C",113,111,990,1,0,-4,,,-3,"Yainer Diaz",23003,673237
"José Tena","WSN","3B",46,39,351.1,,,,0,-3,-3,"Jose Tena",23691,677588
"Matthew Lugo","LAA","CF",12,7,69,,,,0,-3,-3,"Matthew Lugo",25980,683090
"Darell Hernaiz","ATH","2B",14,11,97.2,,,,0,-2,-3,"Darell Hernaiz",26224,687231
"Luis Matos","SFG","RF",33,30,256,,,,0,-4,-3,"Luis Matos",26467,682641
"Warming Bernabel","COL","1B",37,36,294.2,,,,0,-2,-3,"Warming Bernabel",26536,682653
"Angel Martínez","CLE","CF",114,87,813,,,,0,-4,-3,"Angel Martinez",26540,682657
"Austin Martin","MIN","CF",11,7,76,,,,-1,-2,-3,"Austin Martin",27462,668885
"Connor Norby","MIA","3B",82,77,690,,,,0,-3,-3,"Connor Norby",29592,681393
"Heston Kjerstad","BAL","LF",29,25,208.1,,,,-1,-3,-3,"Heston Kjerstad",31166,677008
"Zach Neto","LAA","SS",125,122,1078.1,,,,0,-5,-3,"Zach Neto",31347,687263
"Kyle Teel","CHW","C",61,57,501.1,-1,-2,0,,,-3,"Kyle Teel",33549,691019
"Manny Machado","SDP","3B",145,145,1252.2,,,,0,-5,-4,"Manny Machado",11493,592518
"Josh Bell","WSN","1B",33,32,253,,,,0,-3,-4,"Josh Bell",13145,605137
"Max Muncy","LAD","3B",97,90,801.1,,,,0,-4,-4,"Max Muncy",13301,571970
"Jorge Soler","LAA","RF",40,39,315.2,,,,-1,-3,-4,"Jorge Soler",14221,624585
"Mitch Garver","SEA","C",43,42,376.2,-2,0,-2,,,-4,"Mitch Garver",15161,641598
"Rowdy Tellez","- - -","1B",97,79,648.2,,,,0,-3,-4,"Rowdy Tellez",15679,642133
"Isiah Kiner-Falefa","- - -","SS",95,93,817,,,,0,-2,-4,"Isiah Kiner-Falefa",16512,643396
"Ozzie Albies","ATL","2B",157,157,1387,,,,0,-3,-4,"Ozzie Albies",16556,645277
"LaMonte Wade Jr.","- - -","1B",49,44,380,,,,0,-3,-4,"LaMonte Wade Jr.",18126,664774
"Luis Arraez","SDP","1B",117,112,993.2,,,,0,-5,-4,"Luis Arraez",18568,650333
"Alex Call","- - -","LF",49,28,269.1,,,,-1,-3,-4,"Alex Call",19296,669743
"Matt Thaiss","- - -","C",53,48,411.2,-2,1,-3,,,-4,"Matt Thaiss",19318,642136
"Bryan Reynolds","PIT","RF",117,117,1004,,,,-2,-2,-4,"Bryan Reynolds",19326,668804
"Nathaniel Lowe","- - -","1B",146,139,1235.1,,,,0,-3,-4,"Nathaniel Lowe",19566,663993
"Joshua Palacios","CHW","RF",36,28,231.1,,,,-1,-3,-4,"Joshua Palacios",19818,641943
"Luis García Jr.","WSN","2B",129,123,1077.1,,,,0,-5,-4,"Luis Garcia Jr.",20391,671277
"Jonathan India","KCR","2B",76,68,591,,,,0,-5,-4,"Jonathan India",21523,663697
"Xavier Edwards","MIA","SS",41,41,359.2,,,,0,-5,-4,"Xavier Edwards",22266,669364
"Johnathan Rodríguez","CLE","RF",26,20,174.1,,,,0,-3,-4,"Johnathan Rodriguez",22530,671286
"Tyler Freeman","COL","2B",17,12,109,,,,0,-4,-4,"Tyler Freeman",22532,671289
"Mickey Gasper","MIN","C",19,12,122,-1,0,-3,,,-4,"Mickey Gasper",24759,681508
"Ronny Simon","MIA","2B",9,8,60,,,,0,-4,-4,"Ronny Simon",25346,682927
"JJ Bleday","ATH","CF",55,49,443.2,,,,1,-5,-4,"JJ Bleday",26368,668709
"Dominic Canzone","SEA","RF",70,63,539.1,,,,-2,-2,-4,"Dominic Canzone",26438,686527
"Tyler Soderstrom","ATH","1B",49,44,394,,,,0,-4,-4,"Tyler Soderstrom",27467,691016
"Edouard Julien","MIN","2B",25,22,186,,,,0,-3,-4,"Edouard Julien",27534,666397
"Alec Burleson","STL","RF",34,32,261,,,,-1,-3,-4,"Alec Burleson",27615,676475
"Vinnie Pasquantino","KCR","1B",126,126,1084.1,,,,0,-5,-4,"Vinnie Pasquantino",27676,686469
"Thomas Saggese","STL","2B",35,34,289,,,,0,-4,-4,"Thomas Saggese",27883,695336
"Denzer Guzman","LAA","SS",13,13,110,,,,0,-4,-4,"Denzer Guzman",28816,694203
"Braxton Fulford","COL","C",32,28,249,-1,0,-3,,,-4,"Braxton Fulford",29704,690924
"Max Muncy","ATH","2B",23,21,185,,,,0,-3,-4,"Max Muncy",29779,691777
"Heston Kjerstad","BAL","RF",24,20,162,,,,0,-4,-4,"Heston Kjerstad",31166,677008
"Brooks Baldwin","CHW","LF",37,30,258.1,,,,0,-4,-4,"Brooks Baldwin",31394,681460
"Chandler Simpson","TBR","CF",59,51,457.1,,,,0,-3,-4,"Chandler Simpson",31912,802415
"Jose Altuve","HOU","LF",47,44,371,,,,-1,-4,-5,"Jose Altuve",5417,514888
"Travis d'Arnaud","LAA","C",58,53,475,-1,0,-3,,,-5,"Travis d'Arnaud",7739,518595
"Gary Sánchez","BAL","C",22,19,175.1,-1,-2,-3,,,-5,"Gary Sanchez",11442,596142
"Jacob Stallings","- - -","C",40,38,323,-2,-1,-2,,,-5,"Jacob Stallings",13723,607732
"Tyler O'Neill","BAL","RF",36,35,295,,,,-1,-3,-5,"Tyler O'Neill",15711,641933
"Yandy Díaz","TBR","1B",37,36,308.2,,,,0,-5,-5,"Yandy Diaz",16578,650490
"Alex Verdugo","ATL","LF",54,49,426.1,,,,-1,-4,-5,"Alex Verdugo",17027,657077
"Tyler Stephenson","CIN","C",69,65,586,0,3,-8,,,-5,"Tyler Stephenson",17988,663886
"Josh Rojas","CHW","3B",47,37,318.1,,,,0,-5,-5,"Josh Rojas",19734,668942
"Luis Rengifo","LAA","3B",76,63,567.2,,,,0,-5,-5,"Luis Rengifo",19858,650859
"Josh Lowe","TBR","RF",103,97,854.1,,,,-2,-3,-5,"Josh Lowe",19953,666139
"Gavin Lux","CIN","LF",54,49,392.2,,,,0,-5,-5,"Gavin Lux",19955,666158
"Miguel Vargas","CHW","3B",79,76,645.2,,,,0,-5,-5,"Miguel Vargas",20178,678246
"Jo Adell","LAA","RF",69,62,535,,,,-2,-4,-5,"Jo Adell",20220,666176
"Lars Nootbaar","STL","LF",107,96,846,,,,-3,-3,-5,"Lars Nootbaar",21454,663457
"Ryan Jeffers","MIN","C",88,80,699.2,-3,-1,-1,,,-5,"Ryan Jeffers",24618,680777
"Anthony Volpe","NYY","SS",153,147,1303.2,,,,0,-5,-5,"Anthony Volpe",27647,683011
"Trey Sweeney","DET","SS",112,82,759.2,,,,0,-4,-5,"Trey Sweeney",29575,700242
"Nick Kurtz","ATH","1B",112,111,970.2,,,,0,-4,-5,"Nick Kurtz",35110,701762
"Martín Maldonado","SDP","C",64,56,445,-4,-2,0,,,-6,"Martin Maldonado",6887,455117
"J.T. Realmuto","PHI","C",132,132,1151.1,4,-1,-9,,,-6,"J.T. Realmuto",11739,592663
"George Springer","TOR","RF",44,33,283.2,,,,-1,-4,-6,"George Springer",12856,543807
"Christopher Morel","TBR","LF",68,57,468.2,,,,-1,-4,-6,"Christopher Morel",21897,666624
"Mark Vientos","NYM","3B",72,69,556,,,,0,-6,-6,"Mark Vientos",22184,668901
"Nolan Gorman","STL","3B",54,46,410.1,,,,0,-6,-6,"Nolan Gorman",22263,669357
"Tyler Freeman","COL","RF",66,60,508.1,,,,0,-7,-6,"Tyler Freeman",22532,671289
"Francisco Alvarez","NYM","C",74,67,596,1,-1,-5,,,-6,"Francisco Alvarez",26121,682626
"Jordan Walker","STL","RF",108,101,885.1,,,,-3,-4,-6,"Jordan Walker",27475,691023
"James Wood","WSN","LF",123,123,1067.1,,,,0,-6,-6,"James Wood",29518,695578
"Jackson Holliday","BAL","2B",139,136,1202.2,,,,0,-6,-6,"Jackson Holliday",31781,702616
"Otto Kemp","PHI","3B",31,30,255,,,,0,-5,-6,"Otto Kemp",31792,805249
"Daylen Lile","WSN","RF",54,52,445.1,,,,-2,-5,-7,"Daylen Lile",29995,695734
"Cole Young","SEA","2B",73,68,621,,,,0,-7,-7,"Cole Young",31680,702284
"Jac Caglianone","KCR","RF",52,51,402.1,,,,-1,-6,-7,"Jac Caglianone",35041,695506
"Salvador Perez","KCR","C",92,89,761.2,2,-4,-7,,,-8,"Salvador Perez",7304,521692
"Jurickson Profar","ATL","LF",79,79,701,,,,-2,-6,-8,"Jurickson Profar",10815,595777
"Trevor Story","BOS","SS",156,155,1371.1,,,,0,-7,-8,"Trevor Story",12564,596115
"Michael Conforto","LAD","LF",132,122,1010,,,,-1,-7,-8,"Michael Conforto",16376,624424
"Danny Jansen","- - -","C",93,82,739.1,-3,3,-8,,,-8,"Danny Jansen",16535,643376
"Ronald Acuña Jr.","ATL","RF",91,89,779.2,,,,1,-10,-8,"Ronald Acuna Jr.",18401,660670
"Will Smith","LAD","C",101,97,865.1,2,-1,-10,,,-8,"Will Smith",19197,669257
"Pete Alonso","NYM","1B",160,159,1403,,,,0,-7,-8,"Pete Alonso",19251,624413
"Randy Arozarena","SEA","LF",158,158,1408.1,,,,-2,-5,-8,"Randy Arozarena",19290,668227
"Riley Adams","WSN","C",80,73,642.1,1,0,-9,,,-8,"Riley Adams",19864,656180
"Mickey Moniak","COL","RF",72,58,510,,,,-2,-6,-8,"Mickey Moniak",19956,666160
"Jo Adell","LAA","CF",89,81,724,,,,0,-7,-8,"Jo Adell",20220,666176
"Michael Toglia","COL","1B",86,82,723,,,,0,-8,-8,"Michael Toglia",25845,669911
"Teoscar Hernández","LAD","RF",133,132,1106,,,,-1,-8,-9,"Teoscar Hernandez",13066,606192
"J.P. Crawford","SEA","SS",157,155,1384.2,,,,0,-9,-9,"J.P. Crawford",15491,641487
"Yoán Moncada","LAA","3B",76,72,593.1,,,,0,-10,-9,"Yoan Moncada",17232,660162
"Brandon Lowe","TBR","2B",121,117,1015.1,,,,0,-10,-9,"Brandon Lowe",18882,664040
"CJ Abrams","WSN","SS",142,141,1224.1,,,,0,-8,-9,"CJ Abrams",25768,682928
"Jasson Domínguez","NYY","LF",100,94,793,,,,-1,-9,-9,"Jasson Dominguez",28080,691176
"Andrew Benintendi","CHW","LF",69,67,564.1,,,,-3,-7,-10,"Andrew Benintendi",17901,643217
"Bo Bichette","TOR","SS",132,130,1139,,,,0,-10,-10,"Bo Bichette",19612,666182
"Kristian Campbell","BOS","2B",59,54,471.2,,,,0,-6,-10,"Kristian Campbell",33644,692225
"Keibert Ruiz","WSN","C",66,64,557,0,-2,-9,,,-11,"Keibert Ruiz",19610,660688
"Heliot Ramos","SFG","LF",154,153,1332.2,,,,-3,-8,-11,"Heliot Ramos",22515,671218
"Logan O'Hoppe","LAA","C",99,99,869,-1,-1,-8,,,-11,"Logan O'Hoppe",24729,681351
"Nick Castellanos","PHI","RF",143,138,1208.1,,,,-2,-11,-12,"Nick Castellanos",11737,592206
"Agustín Ramírez","MIA","C",73,71,605.2,-5,-7,0,,,-12,"Agustin Ramirez",26546,682663
"Juan Soto","NYM","RF",157,157,1374,,,,-2,-11,-13,"Juan Soto",20123,665742
"Edgar Quero","CHW","C",72,66,579,-2,0,-13,,,-14,"Edgar Quero",28022,700337
"Clayton Kershaw","LAD","P",23,22,112.2,,,,,,,"Clayton Kershaw",2036,477132
"Kenley Jansen","LAA","P",62,0,59,,,,,,,"Kenley Jansen",3096,445276
"Max Scherzer","TOR","P",17,17,85,,,,,,,"Max Scherzer",3137,453286
"Charlie Morton","- - -","P",33,27,142,,,,,,,"Charlie Morton",4676,450203
"Huascar Brazobán","NYM","P",52,3,63,,,,,,,"Huascar Brazoban",6107,623211
"Martín Pérez","CHW","P",11,10,56,,,,,,,"Martin Perez",6902,527048
"Luis García","- - -","P",58,0,55.1,,,,,,,"Luis Garcia",6984,472610
"Justin Verlander","SFG","P",29,29,152,,,,,,,"Justin Verlander",8700,434378
"Nathan Eovaldi","TEX","P",22,22,130,,,,,,,"Nathan Eovaldi",9132,543135
"Patrick Corbin","TEX","P",31,30,155.1,,,,,,,"Patrick Corbin",9323,571578
"Miles Mikolas","STL","P",31,31,156.1,,,,,,,"Miles Mikolas",9803,571945
"Caleb Thielbar","CHC","P",67,0,58,,,,,,,"Caleb Thielbar",10078,573204
"Aroldis Chapman","BOS","P",67,0,61.1,,,,,,,"Aroldis Chapman",10233,547973
"Zack Wheeler","PHI","P",24,24,149.2,,,,,,,"Zack Wheeler",10310,554430
"Chris Sale","ATL","P",21,20,125.2,,,,,,,"Chris Sale",10603,519242
"Jacob deGrom","TEX","P",30,30,172.2,,,,,,,"Jacob deGrom",10954,594798
"Merrill Kelly","- - -","P",32,32,184,,,,,,,"Merrill Kelly",11156,518876
"Tommy Kahnle","DET","P",66,0,63,,,,,,,"Tommy Kahnle",11384,592454
"Jose Quintana","MIL","P",24,24,131.2,,,,,,,"Jose Quintana",11423,500779
"Robbie Ray","SFG","P",32,32,182.1,,,,,,,"Robbie Ray",11486,592662
"José Ureña","- - -","P",19,6,55,,,,,,,"Jose Urena",11589,570632
"Jameson Taillon","CHC","P",23,23,129.2,,,,,,,"Jameson Taillon",11674,592791
"Luke Jackson","- - -","P",52,0,51,,,,,,,"Luke Jackson",11752,592426
"Taijuan Walker","PHI","P",34,21,123.2,,,,,,,"Taijuan Walker",11836,592836
"Jason Adam","SDP","P",65,0,65.1,,,,,,,"Jason Adam",11861,592094
"Kyle Hendricks","LAA","P",31,31,164.2,,,,,,,"Kyle Hendricks",12049,543294
"Chris Bassitt","TOR","P",32,31,170.1,,,,,,,"Chris Bassitt",12304,605135
"Colin Rea","CHC","P",32,27,159.1,,,,,,,"Colin Rea",12317,607067
"Seth Lugo","KCR","P",26,26,145.1,,,,,,,"Seth Lugo",12447,607625
"Adrian Houser","- - -","P",21,21,125,,,,,,,"Adrian Houser",12718,605288
"Nick Martinez","CIN","P",40,26,165.2,,,,,,,"Nick Martinez",12730,607259
"Rafael Montero","- - -","P",59,0,60.1,,,,,,,"Rafael Montero",12760,606160
"Sonny Gray","STL","P",32,32,180.2,,,,,,,"Sonny Gray",12768,543243
"Andrew Kittredge","- - -","P",54,0,53,,,,,,,"Andrew Kittredge",12828,552640
"Shawn Armstrong","TEX","P",71,2,74,,,,,,,"Shawn Armstrong",12857,542888
"Tyler Anderson","LAA","P",26,26,136.1,,,,,,,"Tyler Anderson",12880,542881
"Joe Ross","PHI","P",37,1,51,,,,,,,"Joe Ross",12972,605452
"Yu Darvish","SDP","P",15,15,72,,,,,,,"Yu Darvish",13074,506433
"Eduardo Rodriguez","ARI","P",29,29,154.1,,,,,,,"Eduardo Rodriguez",13164,593958
"Hoby Milner","TEX","P",73,0,70.1,,,,,,,"Hoby Milner",13346,571948
"Steven Matz","- - -","P",53,2,76.2,,,,,,,"Steven Matz",13361,571927
"Pierce Johnson","ATL","P",65,0,59,,,,,,,"Pierce Johnson",13435,572955
"Taylor Rogers","- - -","P",57,0,50.2,,,,,,,"Taylor Rogers",13449,573124
"Blake Snell","LAD","P",11,11,61.1,,,,,,,"Blake Snell",13543,605483
"Steven Okert","HOU","P",68,1,71.2,,,,,,,"Steven Okert",13580,595345
"Jakob Junis","CLE","P",57,0,66.2,,,,,,,"Jakob Junis",13619,596001
"Clay Holmes","NYM","P",33,31,165.2,,,,,,,"Clay Holmes",13649,605280
"Max Fried","NYY","P",32,32,195.1,,,,,,,"Max Fried",13743,608331
"Zach Eflin","BAL","P",14,14,71.1,,,,,,,"Zach Eflin",13774,621107
"Matt Strahm","PHI","P",66,0,62.1,,,,,,,"Matt Strahm",13799,621381
"Brent Suter","CIN","P",48,3,67.2,,,,,,,"Brent Suter",13942,608718
"Michael Wacha","KCR","P",31,31,172.2,,,,,,,"Michael Wacha",14078,608379
"Kevin Gausman","TOR","P",32,32,193,,,,,,,"Kevin Gausman",14107,592332
"Lance McCullers Jr.","HOU","P",16,13,55.1,,,,,,,"Lance McCullers Jr.",14120,621121
"José Berríos","TOR","P",31,30,166,,,,,,,"Jose Berrios",14168,621244
"Josh Hader","HOU","P",48,0,52.2,,,,,,,"Josh Hader",14212,623352
"Wandy Peralta","SDP","P",71,1,71.2,,,,,,,"Wandy Peralta",14295,593974
"Tyler Glasnow","LAD","P",18,18,90.1,,,,,,,"Tyler Glasnow",14374,607192
"Carlos Estévez","KCR","P",67,0,66,,,,,,,"Carlos Estevez",14542,608032
"Anthony Banda","LAD","P",71,1,65,,,,,,,"Anthony Banda",14706,607455
"Edwin Díaz","NYM","P",62,0,66.1,,,,,,,"Edwin Diaz",14710,621242
"Emilio Pagán","CIN","P",70,0,68.2,,,,,,,"Emilio Pagan",14771,641941
"Michael Lorenzen","KCR","P",27,26,141.2,,,,,,,"Michael Lorenzen",14843,547179
"Scott Barlow","CIN","P",75,1,68.1,,,,,,,"Scott Barlow",14993,605130
"Kyle Finnegan","- - -","P",56,0,57,,,,,,,"Kyle Finnegan",15009,640448
"Germán Márquez","COL","P",26,26,126.1,,,,,,,"German Marquez",15038,608566
"Justin Topa","MIN","P",54,1,60,,,,,,,"Justin Topa",15145,623437
"Andrew Heaney","- - -","P",27,23,122.1,,,,,,,"Andrew Heaney",15423,571760
"Matthew Boyd","CHC","P",31,31,179.2,,,,,,,"Matthew Boyd",15440,571510
"Nick Pivetta","SDP","P",31,31,181.2,,,,,,,"Nick Pivetta",15454,601713
"Lucas Giolito","BOS","P",26,26,145,,,,,,,"Lucas Giolito",15474,608337
"Antonio Senzatela","COL","P",30,23,130,,,,,,,"Antonio Senzatela",15488,622608
"Tyler Rogers","- - -","P",81,0,77.1,,,,,,,"Tyler Rogers",15541,643511
"Luis Castillo","SEA","P",32,32,180.2,,,,,,,"Luis Castillo",15689,622491
"Brad Keller","CHC","P",68,1,69.2,,,,,,,"Brad Keller",15734,641745
"Devin Williams","NYY","P",67,0,62,,,,,,,"Devin Williams",15816,642207
"Zack Littell","- - -","P",32,32,186.2,,,,,,,"Zack Littell",15823,641793
"Sean Manaea","NYM","P",15,12,60.2,,,,,,,"Sean Manaea",15873,640455
"Luis Severino","ATH","P",29,29,162.2,,,,,,,"Luis Severino",15890,622663
"Ryne Stanek","NYM","P",65,0,56,,,,,,,"Ryne Stanek",15947,592773
"Carlos Rodón","NYY","P",33,33,195.1,,,,,,,"Carlos Rodon",16137,607074
"Aaron Nola","PHI","P",17,17,94.1,,,,,,,"Aaron Nola",16149,605400
"Brandon Woodruff","MIL","P",12,12,64.2,,,,,,,"Brandon Woodruff",16162,605540
"Kyle Freeland","COL","P",31,31,162.2,,,,,,,"Kyle Freeland",16256,607536
"Aaron Bummer","ATL","P",42,2,54.1,,,,,,,"Aaron Bummer",16258,607481
"Tyler Mahle","TEX","P",16,16,86.2,,,,,,,"Tyler Mahle",16358,641816
"Ryan Yarbrough","NYY","P",19,8,64,,,,,,,"Ryan Yarbrough",16502,642232
"Austin Gomber","COL","P",12,12,57.2,,,,,,,"Austin Gomber",16561,596295
"Bryan Abreu","HOU","P",70,0,71,,,,,,,"Bryan Abreu",16609,650556
"Tim Hill","NYY","P",70,0,67,,,,,,,"Tim Hill",16814,657612
"Brennan Bernardino","BOS","P",55,3,51.2,,,,,,,"Brennan Bernardino",16835,657514
"Reed Garrett","NYM","P",58,1,55.1,,,,,,,"Reed Garrett",16866,657585
"Luke Weaver","NYY","P",64,0,64.2,,,,,,,"Luke Weaver",16918,596133
"Sean Newcomb","- - -","P",48,5,92.1,,,,,,,"Sean Newcomb",16943,656794
"Grant Holmes","ATL","P",22,21,115,,,,,,,"Grant Holmes",16944,656550
"Trevor Williams","WSN","P",17,17,82.2,,,,,,,"Trevor Williams",16977,592866
"Tanner Banks","PHI","P",69,1,67.1,,,,,,,"Tanner Banks",16990,621383
"Pablo López","MIN","P",14,14,75.2,,,,,,,"Pablo Lopez",17085,641154
"Raisel Iglesias","ATL","P",70,0,67.1,,,,,,,"Raisel Iglesias",17130,628452
"Gabe Speier","SEA","P",76,0,62,,,,,,,"Gabe Speier",17170,642100
"Jalen Beeks","ARI","P",61,2,57.1,,,,,,,"Jalen Beeks",17192,656222
"Ranger Suárez","PHI","P",26,26,157.1,,,,,,,"Ranger Suarez",17277,624133
"Framber Valdez","HOU","P",31,31,192,,,,,,,"Framber Valdez",17295,664285
"Erick Fedde","- - -","P",32,24,141,,,,,,,"Erick Fedde",17425,607200
"Jeff Hoffman","TOR","P",71,0,68,,,,,,,"Jeff Hoffman",17432,656546
"Jack Flaherty","DET","P",31,31,161,,,,,,,"Jack Flaherty",17479,656427
"Jimmy Herget","COL","P",59,0,83.1,,,,,,,"Jimmy Herget",17556,623474
"Tanner Scott","LAD","P",61,0,57,,,,,,,"Tanner Scott",17586,656945
"Mitch Keller","PIT","P",32,32,176.1,,,,,,,"Mitch Keller",17594,656605
"Taylor Clarke","KCR","P",51,0,55.1,,,,,,,"Taylor Clarke",17611,664199
"Jeffrey Springs","ATH","P",32,30,171,,,,,,,"Jeffrey Springs",17677,605488
"Tyler Alexander","- - -","P",52,5,97.2,,,,,,,"Tyler Alexander",17735,641302
"Dennis Santana","PIT","P",70,0,70.1,,,,,,,"Dennis Santana",17878,642701
"Garrett Cleavinger","TBR","P",67,0,61.1,,,,,,,"Garrett Cleavinger",17897,664076
"Tyler Gilbert","CHW","P",46,5,51,,,,,,,"Tyler Gilbert",17964,656457
"Brock Burke","LAA","P",69,1,61.2,,,,,,,"Brock Burke",17968,656271
"Logan Webb","SFG","P",34,34,207,,,,,,,"Logan Webb",17995,657277
"Pete Fairbanks","TBR","P",61,0,60.1,,,,,,,"Pete Fairbanks",17998,664126
"Phil Maton","- - -","P",63,0,61.1,,,,,,,"Phil Maton",18064,664208
"Ryan Helsley","- - -","P",58,0,56,,,,,,,"Ryan Helsley",18138,664854
"Tyler Kinley","- - -","P",73,0,72.2,,,,,,,"Tyler Kinley",18297,641755
"Michael Soroka","- - -","P",22,17,89.2,,,,,,,"Michael Soroka",18383,647336
"Enyel De Los Santos","- - -","P",65,0,66,,,,,,,"Enyel De Los Santos",18403,660853
"Dylan Cease","SDP","P",32,32,168,,,,,,,"Dylan Cease",18525,656302
"Freddy Peralta","MIL","P",33,33,176.2,,,,,,,"Freddy Peralta",18679,642547
"Sandy Alcantara","MIA","P",31,31,174.2,,,,,,,"Sandy Alcantara",18684,645261
"Kolby Allard","CLE","P",33,2,65,,,,,,,"Kolby Allard",18694,663465
"Lake Bachar","MIA","P",53,1,71,,,,,,,"Lake Bachar",19222,669199
"Seranthony Domínguez","- - -","P",67,0,62.2,,,,,,,"Seranthony Dominguez",19249,622554
"Jacob Webb","TEX","P",55,0,66,,,,,,,"Jacob Webb",19274,657097
"Zac Gallen","ARI","P",33,33,192,,,,,,,"Zac Gallen",19291,668678
"Cal Quantrill","- - -","P",26,26,117.2,,,,,,,"Cal Quantrill",19312,615698
"Eric Lauer","TOR","P",28,15,104.2,,,,,,,"Eric Lauer",19316,641778
"Matt Festa","CLE","P",63,0,54.2,,,,,,,"Matt Festa",19330,670036
"Caleb Ferguson","- - -","P",70,0,65.1,,,,,,,"Caleb Ferguson",19349,657571
"Dean Kremer","BAL","P",31,29,171.2,,,,,,,"Dean Kremer",19350,665152
"Lucas Erceg","KCR","P",61,0,61.1,,,,,,,"Lucas Erceg",19360,668674
"Corbin Burnes","ARI","P",11,11,64.1,,,,,,,"Corbin Burnes",19361,669203
"Keegan Akin","BAL","P",64,3,63.1,,,,,,,"Keegan Akin",19362,669211
"Walker Buehler","- - -","P",26,24,126,,,,,,,"Walker Buehler",19374,621111
"Jorge Alcala","- - -","P",56,0,55,,,,,,,"Jorge Alcala",19459,660896
"Aaron Civale","- - -","P",23,18,102,,,,,,,"Aaron Civale",19479,650644
"Tyler Ferguson","ATH","P",56,0,58,,,,,,,"Tyler Ferguson",19481,621053
"David Bednar","- - -","P",64,0,62.2,,,,,,,"David Bednar",19569,670280
"JoJo Romero","STL","P",65,0,61,,,,,,,"JoJo Romero",19574,668941
"Jordan Hicks","- - -","P",34,9,67.1,,,,,,,"Jordan Hicks",19618,663855
"Jason Alexander","- - -","P",18,13,77.1,,,,,,,"Jason Alexander",19666,669920
"Gregory Soto","- - -","P",70,0,60.1,,,,,,,"Gregory Soto",19677,642397
"Dustin May","- - -","P",25,23,132.1,,,,,,,"Dustin May",19716,669160
"Anthony Bender","MIA","P",51,0,50,,,,,,,"Anthony Bender",19742,669622
"Will Vest","DET","P",64,0,68.2,,,,,,,"Will Vest",19769,676684
"Bryan Baker","- - -","P",73,0,68.2,,,,,,,"Bryan Baker",19804,641329
"Michael King","SDP","P",15,15,73.1,,,,,,,"Michael King",19853,650633
"Griffin Canning","NYM","P",16,16,76.1,,,,,,,"Griffin Canning",19867,656288
"Clarke Schmidt","NYY","P",14,14,78.2,,,,,,,"Clarke Schmidt",19899,657376
"Tony Santillan","CIN","P",80,0,73.2,,,,,,,"Tony Santillan",19926,663574
"Jesús Luzardo","PHI","P",32,32,183.2,,,,,,,"Jesus Luzardo",19959,666200
"Joey Wentz","- - -","P",39,13,98,,,,,,,"Joey Wentz",19962,666214
"Dylan Lee","ATL","P",74,0,68.1,,,,,,,"Dylan Lee",19996,669276
"John Schreiber","KCR","P",74,0,64,,,,,,,"John Schreiber",20020,670167
"Adrian Morejon","SDP","P",75,0,73.2,,,,,,,"Adrian Morejon",20039,670970
"Bailey Falter","- - -","P",26,24,125.1,,,,,,,"Bailey Falter",20070,663559
"Chris Paddack","- - -","P",33,28,158,,,,,,,"Chris Paddack",20099,663978
"Calvin Faucher","MIA","P",65,0,60.1,,,,,,,"Calvin Faucher",20116,676534
"Garrett Whitlock","BOS","P",62,0,72,,,,,,,"Garrett Whitlock",20191,676477
"Griffin Jax","- - -","P",73,2,66,,,,,,,"Griffin Jax",20253,643377
"David Peterson","NYM","P",30,30,168.2,,,,,,,"David Peterson",20302,656849
"Steven Wilson","CHW","P",59,0,55.1,,,,,,,"Steven Wilson",20353,621051
"Andrés Muñoz","SEA","P",64,0,62.1,,,,,,,"Andres Munoz",20373,662253
"Greg Weissert","BOS","P",72,0,67,,,,,,,"Greg Weissert",20375,669711
"Ryan Walker","SFG","P",68,0,61.1,,,,,,,"Ryan Walker",20423,676254
"Casey Mize","DET","P",28,28,149,,,,,,,"Casey Mize",20492,663554
"Edwin Uceta","TBR","P",70,0,76,,,,,,,"Edwin Uceta",20539,670955
"Grant Anderson","MIL","P",66,0,69.2,,,,,,,"Grant Anderson",20546,681982
"Bowden Francis","TOR","P",14,14,64,,,,,,,"Bowden Francis",20548,670102
"Tyler Phillips","MIA","P",54,1,77.2,,,,,,,"Tyler Phillips",20629,663969
"Yusei Kikuchi","LAA","P",33,33,178.1,,,,,,,"Yusei Kikuchi",20633,579328
"Cristopher Sánchez","PHI","P",32,32,202,,,,,,,"Cristopher Sanchez",20778,650911
"Eduard Bazardo","SEA","P",73,0,78.2,,,,,,,"Eduard Bazardo",20997,660825
"Jhoan Duran","- - -","P",72,0,70,,,,,,,"Jhoan Duran",21029,661395
"Luis Gil","NYY","P",11,11,57,,,,,,,"Luis Gil",21052,661563
"Bailey Ober","MIN","P",27,27,146.1,,,,,,,"Bailey Ober",21224,641927
"Jake Bird","- - -","P",48,0,55.1,,,,,,,"Jake Bird",21267,656234
"Jacob Latz","TEX","P",33,8,85.2,,,,,,,"Jacob Latz",21306,656641
"Tylor Megill","NYM","P",14,14,68.1,,,,,,,"Tylor Megill",21318,656731
"Bennett Sousa","HOU","P",44,0,50.2,,,,,,,"Bennett Sousa",21345,656986
"Joe Ryan","MIN","P",31,30,171,,,,,,,"Joe Ryan",21390,657746
"Davis Martin","CHW","P",26,25,142.2,,,,,,,"Davis Martin",21448,663436
"Kris Bubic","KCR","P",20,20,116.1,,,,,,,"Kris Bubic",21455,663460
"Cole Sands","MIN","P",69,3,72,,,,,,,"Cole Sands",21461,663485
"Stephen Kolek","- - -","P",19,19,112.2,,,,,,,"Stephen Kolek",21487,663568
"Jake Irvin","WSN","P",33,33,180,,,,,,,"Jake Irvin",21504,663623
"Hogan Harris","ATH","P",48,0,64.2,,,,,,,"Hogan Harris",21520,663687
"Daniel Lynch IV","KCR","P",57,2,67.2,,,,,,,"Daniel Lynch IV",21537,663738
"Brendon Little","TOR","P",79,0,68.1,,,,,,,"Brendon Little",21574,663893
"Tristan Beck","SFG","P",31,1,56.2,,,,,,,"Tristan Beck",21584,663941
"Edward Cabrera","MIA","P",26,26,137.2,,,,,,,"Edward Cabrera",21690,665795
"Cole Ragans","KCR","P",13,13,61.2,,,,,,,"Cole Ragans",21846,666142
"Camilo Doval","- - -","P",69,0,65.1,,,,,,,"Camilo Doval",21992,666808
"José Soriano","LAA","P",31,31,169,,,,,,,"Jose Soriano",22100,667755
"Hunter Greene","CIN","P",19,19,107.2,,,,,,,"Hunter Greene",22182,668881
"Tobias Myers","MIL","P",22,6,50.2,,,,,,,"Tobias Myers",22191,668964
"MacKenzie Gore","WSN","P",30,30,159.2,,,,,,,"MacKenzie Gore",22201,669022
"Jeremiah Estrada","SDP","P",77,0,73,,,,,,,"Jeremiah Estrada",22210,669093
"Logan Gilbert","SEA","P",25,25,131,,,,,,,"Logan Gilbert",22250,669302
"Shane Baz","TBR","P",31,31,166.1,,,,,,,"Shane Baz",22264,669358
"Tarik Skubal","DET","P",31,31,195.1,,,,,,,"Tarik Skubal",22267,669373
"Trevor Rogers","BAL","P",18,18,109.2,,,,,,,"Trevor Rogers",22286,669432
"Matthew Liberatore","STL","P",29,29,151.2,,,,,,,"Matthew Liberatore",22294,669461
"Brenan Hanifee","DET","P",54,0,60,,,,,,,"Brenan Hanifee",22304,669724
"Taj Bradley","- - -","P",27,27,142.2,,,,,,,"Taj Bradley",22543,671737
"Keider Montero","DET","P",20,12,90.2,,,,,,,"Keider Montero",22630,672456
"Angel Zerpa","KCR","P",69,2,64.2,,,,,,,"Angel Zerpa",22717,672582
"Yoendrys Gómez","- - -","P",21,9,62.2,,,,,,,"Yoendrys Gomez",22872,672782
"Carlos Vargas","SEA","P",70,0,77,,,,,,,"Carlos Vargas",22915,672841
"Osvaldo Bido","ATH","P",26,10,79.2,,,,,,,"Osvaldo Bido",23150,674370
"Juan Mejia","COL","P",55,0,61.1,,,,,,,"Juan Mejia",23237,675848
"Janson Junk","MIA","P",21,16,110,,,,,,,"Janson Junk",23301,676083
"José Buttó","- - -","P",55,0,67,,,,,,,"Jose Butto",23313,676130
"Joey Cantillo","CLE","P",34,13,95.1,,,,,,,"Joey Cantillo",23335,676282
"Robert Garcia","TEX","P",71,0,64,,,,,,,"Robert Garcia",23363,676395
"JP Sears","- - -","P",27,27,135.2,,,,,,,"JP Sears",23429,676664
"Aaron Ashby","MIL","P",43,1,66.2,,,,,,,"Aaron Ashby",23550,676879
"Ben Brown","CHC","P",25,15,106.1,,,,,,,"Ben Brown",23590,676962
"Braxton Ashcraft","PIT","P",26,8,69.2,,,,,,,"Braxton Ashcraft",23793,677952
"Valente Bellozo","MIA","P",32,6,81.1,,,,,,,"Valente Bellozo",23899,678368
"Brayan Bello","BOS","P",29,28,166.2,,,,,,,"Brayan Bello",23920,678394
"Randy Rodríguez","SFG","P",50,0,50.2,,,,,,,"Randy Rodriguez",23974,678495
"Jose A. Ferrer","WSN","P",72,0,76.1,,,,,,,"Jose A. Ferrer",24017,678606
"Ronny Henriquez","MIA","P",69,0,73,,,,,,,"Ronny Henriquez",24094,678692
"Simeon Woods Richardson","MIN","P",23,22,111.1,,,,,,,"Simeon Woods Richardson",24494,680573
"Braydon Fisher","TOR","P",52,1,50,,,,,,,"Braydon Fisher",24609,680755
"Victor Vodnik","COL","P",52,0,50.2,,,,,,,"Victor Vodnik",24614,680767
"Randy Vásquez","SDP","P",28,26,133.2,,,,,,,"Randy Vasquez",24719,681190
"Mike Burrows","PIT","P",23,19,96,,,,,,,"Mike Burrows",24728,681347
"Kyle Leahy","STL","P",62,1,88,,,,,,,"Kyle Leahy",24763,681517
"Reese Olson","DET","P",13,13,68.2,,,,,,,"Reese Olson",24968,681857
"Alex Vesia","LAD","P",68,0,59.2,,,,,,,"Alex Vesia",25007,681911
"Jacob Lopez","ATH","P",21,17,92.2,,,,,,,"Jacob Lopez",25098,682052
"Abner Uribe","MIL","P",75,0,75.1,,,,,,,"Abner Uribe",25327,682842
"Nick Mears","MIL","P",63,0,56.2,,,,,,,"Nick Mears",25376,683232
"Brady Singer","CIN","P",32,32,169.2,,,,,,,"Brady Singer",25377,663903
"Drew Rasmussen","TBR","P",31,31,150,,,,,,,"Drew Rasmussen",25385,656876
"Ryan Zeferjahn","LAA","P",62,1,57,,,,,,,"Ryan Zeferjahn",25420,666171
"George Kirby","SEA","P",23,23,126,,,,,,,"George Kirby",25436,669923
"Hunter Gaddis","CLE","P",73,0,66.2,,,,,,,"Hunter Gaddis",25636,683769
"Hunter Brown","HOU","P",31,31,185.1,,,,,,,"Hunter Brown",25880,686613
"Bryan King","HOU","P",68,0,68,,,,,,,"Bryan King",25890,687911
"Yennier Cano","BAL","P",65,0,58,,,,,,,"Yennier Cano",25911,666974
"Quinn Priester","MIL","P",29,24,157.1,,,,,,,"Quinn Priester",25977,682990
"Brandon Walter","HOU","P",9,9,53.2,,,,,,,"Brandon Walter",26056,687888
"Andre Pallante","STL","P",31,31,162.2,,,,,,,"Andre Pallante",26108,669467
"Jackson Rutledge","WSN","P",63,0,73.1,,,,,,,"Jackson Rutledge",26215,671131
"Ryan Pepiot","TBR","P",31,31,167.2,,,,,,,"Ryan Pepiot",26221,686752
"Tyler Holton","DET","P",70,6,78.2,,,,,,,"Tyler Holton",26231,663947
"Ryne Nelson","ARI","P",33,23,154,,,,,,,"Ryne Nelson",26253,669194
"Nick Lodolo","CIN","P",29,28,156.2,,,,,,,"Nick Lodolo",26378,666157
"Bradley Blalock","COL","P",14,12,58.2,,,,,,,"Bradley Blalock",26419,687134
"Ryan Gusto","- - -","P",27,17,101.2,,,,,,,"Ryan Gusto",26440,687473
"Angel Chivilli","COL","P",43,0,58.2,,,,,,,"Angel Chivilli",26790,683409
"Garrett Crochet","BOS","P",32,32,205.1,,,,,,,"Garrett Crochet",27463,676979
"Reid Detmers","LAA","P",61,0,63.2,,,,,,,"Reid Detmers",27468,672282
"Emerson Hancock","SEA","P",22,16,90,,,,,,,"Emerson Hancock",27470,676106
"Max Meyer","MIA","P",12,12,64.2,,,,,,,"Max Meyer",27474,676974
"Spencer Strider","ATL","P",23,23,125.1,,,,,,,"Spencer Strider",27498,675911
"Slade Cecconi","CLE","P",23,23,132,,,,,,,"Slade Cecconi",27500,677944
"Jared Koenig","MIL","P",72,0,66,,,,,,,"Jared Koenig",27517,657649
"Graham Ashcraft","CIN","P",62,0,65.1,,,,,,,"Graham Ashcraft",27552,668933
"Cole Henry","WSN","P",57,0,52.2,,,,,,,"Cole Henry",27570,669371
"Carmen Mlodzinski","PIT","P",34,12,99,,,,,,,"Carmen Mlodzinski",27572,669387
"Logan Allen","CLE","P",30,29,156.2,,,,,,,"Logan Allen",27589,671106
"Mitchell Parker","WSN","P",33,30,164.2,,,,,,,"Mitchell Parker",27636,680730
"Luis L. Ortiz","CLE","P",16,16,88.2,,,,,,,"Luis L. Ortiz",27646,682847
"Brandon Eisert","CHW","P",72,3,69.2,,,,,,,"Brandon Eisert",27668,685126
"Tanner Gordon","COL","P",15,15,75.1,,,,,,,"Tanner Gordon",27669,685299
"Jack Kochanowicz","LAA","P",23,23,111,,,,,,,"Jack Kochanowicz",27688,686799
"Louis Varland","- - -","P",74,1,72.2,,,,,,,"Louis Varland",27691,686973
"Justin Sterner","ATH","P",59,1,65,,,,,,,"Justin Sterner",27694,686993
"Mitch Spence","ATH","P",32,8,84.2,,,,,,,"Mitch Spence",27707,687765
"Eury Pérez","MIA","P",20,20,95.1,,,,,,,"Eury Perez",27768,691587
"Bryce Elder","ATL","P",28,28,156.1,,,,,,,"Bryce Elder",27779,693821
"Brandon Pfaadt","ARI","P",33,33,176.2,,,,,,,"Brandon Pfaadt",27782,694297
"Brandon Young","BAL","P",12,12,57.2,,,,,,,"Brandon Young",27819,687064
"Cade Smith","CLE","P",76,0,73.2,,,,,,,"Cade Smith",27867,671922
"J.T. Ginn","ATH","P",23,16,90.1,,,,,,,"J.T. Ginn",27889,669372
"Daniel Palencia","CHC","P",54,0,52.2,,,,,,,"Daniel Palencia",27914,694037
"Ian Seymour","TBR","P",19,5,57,,,,,,,"Ian Seymour",27932,693855
"Joe Boyle","TBR","P",13,9,52,,,,,,,"Joe Boyle",29608,671212
"Matt Svanson","STL","P",39,0,60.1,,,,,,,"Matt Svanson",29629,694335
"Bryce Miller","SEA","P",18,18,90.1,,,,,,,"Bryce Miller",29837,682243
"Emmet Sheehan","LAD","P",15,12,73.1,,,,,,,"Emmet Sheehan",29839,686218
"Ryan Bergert","- - -","P",19,15,76.1,,,,,,,"Ryan Bergert",29863,686701
"Michael McGreevy","STL","P",17,16,95.2,,,,,,,"Michael McGreevy",29869,700241
"Sean Burke","CHW","P",28,22,134.1,,,,,,,"Sean Burke",29878,680732
"Andrew Abbott","CIN","P",29,29,166.1,,,,,,,"Andrew Abbott",29911,671096
"Jordan Leasure","CHW","P",68,1,64.1,,,,,,,"Jordan Leasure",29950,673929
"Cade Povich","BAL","P",22,20,112.1,,,,,,,"Cade Povich",30055,700249
"David Festa","MIN","P",11,10,53.1,,,,,,,"David Festa",30056,701581
"Landen Roupp","SFG","P",22,22,106.2,,,,,,,"Landen Roupp",30076,694738
"Ben Casparius","LAD","P",46,3,77.2,,,,,,,"Ben Casparius",30085,676508
"Mike Vasil","CHW","P",47,3,101,,,,,,,"Mike Vasil",30105,678024
"Chad Patrick","MIL","P",27,23,119.2,,,,,,,"Chad Patrick",30113,694477
"Robert Suarez","SDP","P",70,0,69.2,,,,,,,"Robert Suarez",30115,663158
"Gavin Williams","CLE","P",31,31,167.2,,,,,,,"Gavin Williams",30122,668909
"Brant Hurter","DET","P",43,4,63,,,,,,,"Brant Hurter",30133,676428
"Tanner Bibee","CLE","P",31,31,182.1,,,,,,,"Tanner Bibee",30134,676440
"Jack Leiter","TEX","P",29,29,151.2,,,,,,,"Jack Leiter",30146,683004
"Will Warren","NYY","P",33,33,162.1,,,,,,,"Will Warren",30182,701542
"Noah Cameron","KCR","P",24,24,138.1,,,,,,,"Noah Cameron",30184,702070
"Spencer Bivens","SFG","P",54,0,81,,,,,,,"Spencer Bivens",30226,702352
"Hunter Dobbins","BOS","P",13,11,61,,,,,,,"Hunter Dobbins",30240,690928
"Jack Dreyer","LAD","P",67,5,76.1,,,,,,,"Jack Dreyer",30249,676263
"Bryan Woo","SEA","P",30,30,186.2,,,,,,,"Bryan Woo",30279,693433
"Justin Wrobleski","LAD","P",24,2,66.2,,,,,,,"Justin Wrobleski",31204,680736
"Colton Gordon","HOU","P",20,14,86,,,,,,,"Colton Gordon",31312,676467
"Mason Fluharty","TOR","P",55,0,52.2,,,,,,,"Mason Fluharty",31553,689254
"Jacob Misiorowski","MIL","P",15,14,66,,,,,,,"Jacob Misiorowski",31623,694819
"Hayden Birdsong","SFG","P",21,10,65.2,,,,,,,"Hayden Birdsong",31635,806185
"Shane Smith","CHW","P",29,29,146.1,,,,,,,"Shane Smith",31687,681343
"Jonathan Cannon","CHW","P",22,17,103.2,,,,,,,"Jonathan Cannon",31730,686563
"Mason Miller","- - -","P",60,0,61.2,,,,,,,"Mason Miller",31757,695243
"Orion Kerkering","PHI","P",69,0,60,,,,,,,"Orion Kerkering",31776,689147
"Cade Gibson","MIA","P",44,1,54.2,,,,,,,"Cade Gibson",31815,806188
"Zebby Matthews","MIN","P",16,16,79.1,,,,,,,"Zebby Matthews",31827,805673
"Kodai Senga","NYM","P",22,22,113.1,,,,,,,"Kodai Senga",31838,673540
"Kumar Rocker","TEX","P",14,14,64.1,,,,,,,"Kumar Rocker",31843,677958
"Spencer Schwellenbach","ATL","P",17,17,110.2,,,,,,,"Spencer Schwellenbach",31846,680885
"Cade Horton","CHC","P",23,22,118,,,,,,,"Cade Horton",31872,690990
"Brad Lord","WSN","P",48,19,130.2,,,,,,,"Brad Lord",31972,695418
"Cam Schlittler","NYY","P",14,14,73,,,,,,,"Cam Schlittler",32095,693645
"Chase Dollander","COL","P",21,21,98,,,,,,,"Chase Dollander",33482,801403
"Hurston Waldrep","ATL","P",10,9,56.1,,,,,,,"Hurston Waldrep",33527,694462
"Paul Skenes","PIT","P",32,32,187.2,,,,,,,"Paul Skenes",33677,694973
"Logan Evans","SEA","P",16,15,81.1,,,,,,,"Logan Evans",33699,688138
"Yoshinobu Yamamoto","LAD","P",30,30,173.2,,,,,,,"Yoshinobu Yamamoto",33825,808967
"Yuki Matsui","SDP","P",61,0,63.1,,,,,,,"Yuki Matsui",33826,673513
"Shota Imanaga","CHC","P",25,25,144.2,,,,,,,"Shota Imanaga",33829,684007
"Yariel Rodríguez","TOR","P",66,1,73,,,,,,,"Yariel Rodriguez",33838,684320
"Tomoyuki Sugano","BAL","P",30,30,157,,,,,,,"Tomoyuki Sugano",35321,608372