"bpid","mlbid","Name","Age","Season","SB","CS","SB%","PO","XBT%","TRAA","SRAA","DRBa","DRBa Opps","DRBa Rate","DRBn","DRBn Opps","DRBn Rate","DRB"
147956,691406,"Junior Caminero",20,2024,2,0,100,0,0,-0.02,,0,20,-0.002,,191,,
150534,694192,"Jackson Chourio",20,2024,22,7,75.9,2,11.4,0.018,0.017,0.4,65,0.007,0.6,592,0.001,1
157722,702616,"Jackson Holliday",20,2024,4,0,100,1,6.3,0,0.014,0.1,25,0.005,0,179,0,0.2
111669,682634,"Kevin Alcántara",21,2024,0,0,,0,0,-0.001,,-0.1,3,-0.028,,6,,
147898,691182,"Adael Amador",21,2024,1,0,100,0,0,0.004,-0.012,0.1,6,0.009,0,25,0,0
147900,691176,"Jasson Domínguez",21,2024,5,0,100,0,16.7,0.018,0.022,0,8,-0.001,0.1,50,0.001,0.1
148246,691594,"Javier Sanoja",21,2024,0,0,,0,0,-0.007,,0,3,0.003,,26,,
148648,694497,"Evan Carter",21,2024,2,0,100,0,12.5,-0.007,-0.001,0.1,15,0.008,0,88,0,0.1
151206,701538,"Jackson Merrill",21,2024,16,3,84.2,2,5.4,0,0.016,0.5,67,0.007,0.1,510,0,0.6
151225,695578,"James Wood",21,2024,14,8,63.6,2,8.6,0.031,-0.034,0.3,40,0.007,0,309,0,0.3
163722,805373,"Nacho Alvarez Jr.",21,2024,0,0,,0,0,-0.006,,0,3,-0.006,,9,,
111462,682668,"Luisangel Acuña",22,2024,0,1,0,0,0,0.003,-0.044,0,2,0.001,0,31,-0.001,0
111885,682626,"Francisco Alvarez",22,2024,1,1,50,0,6.9,-0.011,-0.022,-0.1,37,-0.002,-0.1,218,0,-0.2
116377,682729,"Jonatan Clase",22,2024,3,1,75,1,33.3,0.005,-0.009,0,6,0.003,0,68,0,0
117798,682829,"Elly De La Cruz",22,2024,67,16,80.7,6,20,0.109,0.026,0.3,74,0.004,2.8,480,0.006,3.1
127152,682617,"Marco Luciano",22,2024,0,1,0,0,0,-0.007,-0.026,0,10,0,0,83,0,0
127835,682622,"Noelvi Marte",22,2024,9,3,75,1,15,0.048,-0.037,-0.1,22,-0.003,0,116,0,-0.1
127926,682657,"Angel Martínez",22,2024,3,1,75,0,4.5,0,-0.015,0.1,21,0.004,0,125,0,0
128093,682619,"Orelvis Martinez",22,2024,0,0,,0,0,-0.005,,0,1,-0.006,,12,,
128307,682641,"Luis Matos",22,2024,0,0,,0,14.3,-0.017,,-0.1,14,-0.004,,121,,
130914,678877,"Jhonkensy Noel",22,2024,0,0,,0,7.7,-0.015,,0,21,-0.002,,154,,
131840,677347,"Kyren Paris",22,2024,1,0,100,0,0,0.007,0.003,0,4,0.001,0,23,0,0
133655,682868,"Bryan Ramos",22,2024,0,2,0,1,9.1,-0.003,-0.036,0.1,15,0.006,0,94,0,0.1
139025,678662,"Ezequiel Tovar",22,2024,6,5,54.5,3,15.8,-0.004,-0.054,0.3,78,0.004,-0.4,598,-0.001,-0.1
144172,687231,"Darell Hernaiz",22,2024,1,1,50,0,0,-0.004,-0.031,0,10,0.003,0,110,0,0
147776,686611,"Dylan Crews",22,2024,12,3,80,0,10,0.04,0.005,0.1,18,0.007,0.2,151,0.002,0.4
147813,690993,"Colt Keith",22,2024,7,1,87.5,1,7.5,-0.01,0.004,0,60,0,-0.2,512,0,-0.2
147846,691011,"Drew Romo",22,2024,0,1,0,0,0,0.003,-0.036,0,2,-0.005,0,27,-0.001,0
147855,691016,"Tyler Soderstrom",22,2024,0,0,,1,6.3,-0.016,,-0.2,21,-0.01,,189,,
147867,691023,"Jordan Walker",22,2024,1,0,100,0,0,-0.013,-0.006,0,10,-0.001,-0.1,131,0,-0.1
147872,691026,"Masyn Winn",22,2024,11,5,68.8,0,9,0.001,-0.041,0.5,102,0.005,-0.3,623,-0.001,0.1
148154,691718,"Pete Crow-Armstrong",22,2024,27,3,90,2,29,0.069,0.047,0.4,36,0.011,1.3,255,0.005,1.7
148616,691723,"Coby Mayo",22,2024,0,0,,0,16.7,-0.008,,0,3,-0.003,,31,,
148643,694377,"Nick Yorke",22,2024,2,0,100,0,0,0.008,-0.006,0,2,-0.015,0,22,0,0
148658,695336,"Thomas Saggese",22,2024,0,0,,0,0,-0.011,,,,,,52,,
160132,694384,"Nolan Schanuel",22,2024,10,1,90.9,1,9.8,-0.007,0.037,-0.1,76,-0.001,0,578,0,0
160384,694671,"Wyatt Langford",22,2024,19,3,86.4,1,10.1,0.011,0.015,0.4,72,0.005,0.3,453,0.001,0.7
163439,805779,"Jacob Wilson",22,2024,0,0,,0,10,-0.015,,-0.1,15,-0.004,,128,,
111303,677870,"Leo Jiménez",23,2024,0,0,,0,17.6,-0.016,,-0.1,19,-0.006,,187,,
111352,682928,"CJ Abrams",23,2024,31,12,72.1,7,10.7,0.038,0.018,0.5,71,0.007,1,551,0.002,1.6
112765,681460,"Brooks Baldwin",23,2024,4,0,100,0,10,0.01,0.003,0,12,0.001,0,76,0,0
112947,678489,"Jorge Barrosa",23,2024,1,0,100,0,0,0.016,-0.003,0,3,0.001,0,8,0,0
113730,672012,"Tyler Black",23,2024,3,0,100,0,0,0.004,0.016,0,9,0.003,0,100,0,0.1
114935,671732,"Lawrence Butler",23,2024,18,0,100,1,11.1,0.023,0.062,0,53,0,0.9,386,0.002,0.9
122787,682998,"Corbin Carroll",23,2024,35,8,81.4,1,7,0.025,0.007,1.1,113,0.009,0.8,751,0.001,1.9
122795,682985,"Riley Greene",23,2024,4,2,66.7,1,3.6,-0.015,-0.046,0.2,87,0.002,-0.4,640,-0.001,-0.3
122896,671739,"Michael Harris II",23,2024,10,6,62.5,2,9.8,-0.003,-0.031,0.3,54,0.006,-0.2,495,0,0.1
123218,683002,"Gunnar Henderson",23,2024,21,4,84,3,8.1,0.006,0.031,1.2,136,0.009,0.6,809,0.001,1.8
123722,677956,"Rece Hinds",23,2024,2,0,100,1,0,0.009,-0.004,0,3,0.006,0,54,0,0
128864,678554,"Curtis Mead",23,2024,2,0,100,0,11.1,-0.004,0,-0.1,12,-0.006,0,126,0,-0.1
131720,681624,"Andy Pages",23,2024,1,2,33.3,2,9.8,-0.013,-0.03,0.1,52,0.002,-0.2,366,-0.001,-0.1
132154,678894,"Liover Peguero",23,2024,0,0,,0,,-0.001,,,,,,4,,
133479,678882,"Ceddanne Rafaela",23,2024,19,10,65.5,1,12,0.027,-0.066,0.3,66,0.004,-0.5,445,-0.001,-0.2
134616,677587,"Brayan Rocchio",23,2024,10,6,62.5,0,14.8,0.02,-0.076,0,60,0.001,-0.4,303,-0.001,-0.4
134822,677594,"Julio Rodríguez",23,2024,24,5,82.8,4,9.2,0.013,-0.01,0.1,82,0.002,0.1,600,0,0.3
135022,679032,"Johan Rojas",23,2024,25,4,86.2,4,13.9,0.045,0.024,0.3,46,0.007,0.8,312,0.003,1.1
138565,677588,"José Tena",23,2024,6,1,85.7,0,26.7,0.01,-0.011,0.3,18,0.018,0,106,0,0.3
140156,683011,"Anthony Volpe",23,2024,28,7,80,0,9.8,0.019,-0.023,0.6,94,0.007,0.1,695,0,0.7
141747,683083,"Nasim Nuñez",23,2024,8,2,80,1,15.4,0.043,-0.014,0,16,0.001,0.1,100,0.001,0.1
144145,687093,"Vaughn Grissom",23,2024,2,0,100,0,0,0.002,0.003,0,13,-0.004,0,76,0,0
144289,686797,"Brooks Lee",23,2024,3,0,100,0,0,-0.013,0.012,0,15,-0.002,-0.1,186,0,-0.1
144429,687263,"Zach Neto",23,2024,30,10,75,3,11.4,0.039,0.007,0.5,61,0.008,0.8,486,0.002,1.2
144555,687363,"Victor Scott II",23,2024,5,1,83.3,2,8.3,0.011,0.017,0.1,16,0.009,0.1,121,0.001,0.2
144718,687597,"Jordan Beck",23,2024,7,1,87.5,0,25,0.022,-0.001,0.1,18,0.008,0.1,105,0.001,0.2
144940,687529,"Grant McCray",23,2024,5,0,100,0,11.1,0.017,0.016,0.1,8,0.013,0.1,108,0.001,0.2
146339,690291,"Jace Jung",23,2024,0,1,0,0,0,-0.012,-0.034,-0.1,16,-0.005,-0.1,89,-0.001,-0.1
146515,682988,"Tyler Locklear",23,2024,1,0,100,0,33.3,0.004,-0.003,0.1,6,0.008,0,27,0,0.1
146945,688363,"Graham Pauley",23,2024,0,0,,0,0,-0.006,,0,1,0.021,,2,,
151394,700932,"Kyle Manzardo",23,2024,0,0,,0,0,-0.016,,-0.2,15,-0.012,,112,,
108518,666703,"Eguy Rosario",24,2024,0,0,,1,0,-0.009,,0,2,0.002,,35,,
109139,671277,"Luis García Jr.",24,2024,22,5,81.5,1,7.3,0.017,0.017,0.3,75,0.004,0.5,487,0.001,0.8
109355,672356,"Gabriel Arias",24,2024,5,2,71.4,0,14.3,0.018,-0.025,0,12,-0.001,0,129,0,0
109543,672744,"Alexander Canario",24,2024,1,0,100,0,0,0.006,-0.002,0,6,0.003,0,20,0,0
109724,672701,"José Devers",24,2024,0,0,,0,0,-0.008,,-0.1,3,-0.017,,12,,
109864,672580,"Maikel Garcia",24,2024,37,2,94.9,1,6.8,0.047,0.067,0.4,93,0.004,2.2,505,0.004,2.6
110017,671056,"Iván Herrera",24,2024,5,0,100,1,9.5,-0.009,0.013,0.2,37,0.007,0,252,0,0.2
110402,672515,"Gabriel Moreno",24,2024,3,1,75,0,6.1,-0.006,-0.013,0,54,0.001,-0.1,267,0,0
110535,672724,"Oswald Peraza",24,2024,0,0,,0,0,,,,,,,,,
110536,672695,"Geraldo Perdomo",24,2024,9,1,90,0,16.2,0.002,0.01,0.2,50,0.005,0.1,379,0,0.3
110551,672761,"Wenceel Pérez",24,2024,9,5,64.3,1,12.9,0.016,-0.059,0.4,50,0.008,-0.2,276,-0.001,0.2
110621,671218,"Heliot Ramos",24,2024,6,1,85.7,0,6.8,-0.013,-0.012,0.1,61,0.001,-0.3,546,-0.001,-0.2
110685,671286,"Johnathan Rodríguez",24,2024,0,0,,0,14.3,-0.011,,0,6,-0.004,,44,,
110868,672820,"Lenyn Sosa",24,2024,3,1,75,1,7.4,-0.009,0.014,0,33,0,0,215,0,0
110877,670869,"Livan Soto",24,2024,0,0,,0,,-0.007,,0,2,0.008,,16,,
111017,668901,"Mark Vientos",24,2024,0,0,,0,2.4,-0.018,,-0.2,48,-0.005,,302,,
111154,676679,"Luis Vázquez",24,2024,0,0,,0,100,-0.004,,,,,,11,,
111498,677941,"Jordyn Adams",24,2024,2,0,100,0,20,0.023,0.004,0,1,-0.005,0,18,0.001,0
112639,678225,"Ji Hwan Bae",24,2024,6,2,75,0,14.3,0.041,-0.004,0.1,11,0.011,0.1,74,0.001,0.2
112867,680718,"Addison Barger",24,2024,2,0,100,0,7.7,-0.006,-0.001,0.1,21,0.006,0,156,0,0.1
113835,669208,"Ryan Bliss",24,2024,5,3,62.5,0,0,0.041,-0.045,0.1,9,0.008,-0.1,88,-0.001,0
115660,671213,"Triston Casas",24,2024,0,1,0,0,4.3,-0.016,-0.041,-0.3,28,-0.009,-0.1,210,-0.001,-0.4
117074,681297,"Colton Cowser",24,2024,9,4,69.2,1,10.8,-0.001,-0.025,0.3,87,0.003,-0.2,543,0,0.1
117672,680779,"Henry Davis",24,2024,0,0,,0,15.4,-0.016,,0,14,0.003,,104,,
118072,680728,"Adrian Del Castillo",24,2024,1,1,50,0,0,0.003,-0.023,0,16,-0.001,0,69,0,0
118309,672282,"Reid Detmers",24,2024,,,,,,,,,,,,,,
119177,669364,"Xavier Edwards",24,2024,31,4,88.6,4,5.3,0.038,0.047,0.4,62,0.007,1.4,447,0.003,1.8
121206,680869,"Zack Gelof",24,2024,25,3,89.3,1,10.3,0.032,0.048,0.1,55,0.002,1.2,475,0.003,1.4
121931,669357,"Nolan Gorman",24,2024,6,1,85.7,1,4.9,-0.003,-0.005,-0.2,46,-0.003,0,270,0,-0.2
125372,672284,"Jarred Kelenic",24,2024,7,2,77.8,1,22.9,-0.006,0,0.1,43,0.003,-0.1,390,0,0
127532,669234,"Justyn-Henry Malloy",24,2024,1,1,50,0,9.1,-0.009,-0.024,-0.1,20,-0.007,-0.1,177,0,-0.2
128870,678009,"Parker Meadows",24,2024,9,4,69.2,1,4.3,0.018,-0.02,0.2,37,0.005,0,286,0,0.2
130661,666310,"Bo Naylor",24,2024,6,3,66.7,1,10.7,0.001,-0.05,-0.2,36,-0.006,-0.2,285,-0.001,-0.4
130940,681393,"Connor Norby",24,2024,3,3,50,0,0,-0.005,-0.062,0.1,23,0.004,-0.2,143,-0.001,-0.1
131149,681351,"Logan O'Hoppe",24,2024,2,3,40,0,7.1,-0.01,-0.056,-0.1,64,-0.002,-0.3,480,-0.001,-0.5
131409,680716,"Jonathan Ornelas",24,2024,0,0,,0,0,-0.009,,0.1,3,0.022,,30,,
136838,672279,"Michael Siani",24,2024,20,3,87,1,19,0.031,0.006,0,46,0,0.4,286,0.001,0.3
138635,677950,"Alek Thomas",24,2024,4,1,80,0,0,-0.007,-0.028,0,8,0.002,-0.1,103,-0.001,0
138910,679529,"Spencer Torkelson",24,2024,0,0,,0,14.6,-0.02,,-0.3,51,-0.006,,290,,
139196,668930,"Brice Turang",24,2024,50,6,89.3,1,10.9,0.039,0.051,0.3,68,0.004,2.3,727,0.003,2.5
139705,678246,"Miguel Vargas",24,2024,3,1,75,0,10,-0.009,-0.019,0.1,26,0.004,-0.1,221,0,0
140577,669224,"Austin Wells",24,2024,1,2,33.3,2,9.3,-0.01,0,-0.2,41,-0.006,-0.1,374,0,-0.4
141166,677951,"Bobby Witt Jr.",24,2024,31,12,72.1,7,18.6,0.022,0.004,1.2,123,0.01,0.6,693,0.001,1.8
141688,683146,"Brett Baty",24,2024,0,0,,0,9.5,-0.016,,-0.1,24,-0.004,,127,,
144778,687952,"Christian Encarnacion-Strand",24,2024,0,0,,0,25,-0.014,,0.1,11,0.005,,91,,
144832,687957,"Dustin Harris",24,2024,0,0,,0,,-0.002,,,,,,2,,
149417,696100,"Hunter Goodman",24,2024,1,1,50,0,16.7,-0.004,-0.026,0.1,12,0.005,0,110,0,0
151226,700242,"Trey Sweeney",24,2024,2,0,100,0,22.2,-0.01,-0.001,-0.1,12,-0.008,0,99,0,-0.1
151281,686217,"Sal Frelick",24,2024,18,3,85.7,2,10.8,-0.001,0.009,0.1,80,0.001,0,564,0,0.1
151463,696285,"Jacob Young",24,2024,33,10,76.7,5,18.2,0.052,0.003,0.5,65,0.008,0.9,475,0.002,1.5
153145,702358,"Trey Lipscomb",24,2024,11,2,84.6,0,12.5,0.016,-0.006,-0.1,27,-0.003,0.1,210,0,0
153781,701305,"Zach Dezenzo",24,2024,0,0,,0,0,-0.01,,0,6,0,,36,,
106074,660813,"Brusdar Graterol",25,2024,,,,,,,,,,,,,,
106498,660707,"Elehuris Montero",25,2024,0,0,,0,4.3,-0.015,,-0.1,28,-0.003,,167,,
106820,660688,"Keibert Ruiz",25,2024,3,1,75,1,8.2,-0.011,0.012,-0.4,49,-0.007,-0.1,281,0,-0.4
107182,665742,"Juan Soto",25,2024,7,4,63.6,0,4.1,-0.01,-0.058,-0.3,105,-0.003,-0.6,880,-0.001,-1
107184,665489,"Vladimir Guerrero Jr.",25,2024,2,2,50,1,8.8,-0.018,-0.06,-0.4,105,-0.004,-0.4,594,-0.001,-0.9
107293,665750,"Leody Taveras",25,2024,23,6,79.3,2,8.8,0.033,0.01,0.1,59,0.002,0.6,415,0.001,0.7
107401,665804,"Miguel Amaya",25,2024,0,0,,0,5.7,-0.017,,-0.3,44,-0.006,,276,,
107439,668731,"Akil Baddoo",25,2024,1,0,100,0,0,0.002,-0.006,0.1,6,0.011,0,29,0,0.1
107561,665828,"Oswaldo Cabrera",25,2024,4,2,66.7,0,5.6,-0.006,-0.037,0,51,0,-0.2,305,-0.001,-0.2
107571,665856,"Jair Camargo",25,2024,0,0,,0,0,-0.006,,0,2,-0.007,,2,,
107582,666185,"Dylan Carlson",25,2024,2,1,66.7,0,13,-0.009,-0.002,0,18,0.002,-0.1,168,0,0
107628,665953,"Andrés Chaparro",25,2024,1,1,50,0,27.3,-0.006,-0.036,-0.2,15,-0.011,0,67,-0.001,-0.2
107675,665833,"Oneil Cruz",25,2024,22,1,95.7,3,15.5,0.008,0.033,0.4,65,0.006,0.4,519,0.001,0.9
107784,665877,"José Fermín",25,2024,2,1,66.7,0,0,-0.001,-0.018,0,9,0.003,0,119,0,0
107858,665926,"Andrés Giménez",25,2024,30,5,85.7,1,10.8,0.028,0.022,0.3,71,0.004,0.9,545,0.002,1.2
108145,665561,"Rafael Marchán",25,2024,0,0,,0,0,-0.011,,0,3,-0.005,,45,,
108284,665966,"Carlos Narváez",25,2024,0,0,,0,0,-0.005,,0,3,-0.008,,16,,
108343,665506,"Cristian Pache",25,2024,1,0,100,0,19,-0.01,,0,15,0.002,,122,,
108350,670623,"Isaac Paredes",25,2024,1,1,50,0,5.2,-0.015,-0.02,-0.4,73,-0.006,-0.3,511,-0.001,-0.7
108525,665923,"Esteury Ruiz",25,2024,5,4,55.6,1,50,0.098,-0.043,0,12,0.001,0,53,0,0
108651,665487,"Fernando Tatis Jr.",25,2024,11,3,78.6,1,6.4,0.009,-0.005,-0.1,43,-0.001,0.1,344,0,0
108656,669392,"Samad Taylor",25,2024,0,0,,0,0,-0.001,,0,2,0,,2,,
108701,665839,"Enmanuel Valdez",25,2024,1,1,50,1,0,-0.007,-0.001,-0.2,28,-0.007,0,146,0,-0.2
109083,669261,"Jack Suwinski",25,2024,9,1,90,0,14.3,0,-0.006,0.2,26,0.006,0,198,0,0.1
109125,670970,"Adrian Morejon",25,2024,,,,,,,,,,,,,,
109295,666176,"Jo Adell",25,2024,15,10,60,1,11.5,0.036,-0.088,0.1,52,0.002,-0.7,353,-0.002,-0.6
109297,672851,"Joan Adon",25,2024,,,,,,,,,,,,,,
109318,669397,"Nick Allen",25,2024,0,0,,0,0,-0.014,,0.1,11,0.006,,98,,
109448,672642,"Steward Berroa",25,2024,6,2,75,0,0,0.038,-0.016,0,12,-0.004,0,86,0,0
109542,669134,"Luis Campusano",25,2024,0,0,,0,12.5,-0.014,,-0.7,34,-0.02,,186,,
109738,673237,"Yainer Diaz",25,2024,2,0,100,0,2.4,-0.02,-0.005,-0.3,101,-0.003,-0.3,512,-0.001,-0.6
109838,671289,"Tyler Freeman",25,2024,11,6,64.7,2,10.5,0.016,-0.095,0,42,0,-0.5,269,-0.002,-0.5
110120,671083,"Buddy Kennedy",25,2024,1,0,100,0,0,0.003,-0.004,0,3,-0.014,0,19,0,0
110182,668904,"Royce Lewis",25,2024,0,0,,0,0,-0.018,,0,31,0,,238,,
110207,672640,"Otto Lopez",25,2024,20,4,83.3,2,4.8,0.023,0.014,0.4,65,0.006,0.5,447,0.001,0.9
110333,669004,"MJ Melendez",25,2024,4,4,50,1,6.7,-0.002,-0.055,0.3,39,0.008,-0.2,287,-0.001,0.1
110401,666624,"Christopher Morel",25,2024,8,7,53.3,1,3.8,0.004,-0.072,0.3,59,0.005,-0.5,413,-0.001,-0.2
110594,668472,"Nick Pratto",25,2024,,,,,,,,,,,,,,
110800,676914,"Davis Schneider",25,2024,6,0,100,0,4.8,-0.008,0.008,-0.1,48,-0.003,-0.1,280,0,-0.2
111018,668723,"Ryan Vilade",25,2024,0,0,,0,,-0.009,,0.1,6,0.021,,39,,
111044,671221,"Drew Waters",25,2024,0,0,,0,0,-0.006,,0,4,0.005,,8,,
111086,677800,"Wilyer Abreu",25,2024,8,3,72.7,1,20.4,-0.002,-0.023,-0.1,58,-0.001,-0.2,418,0,-0.2
111090,676070,"Jacob Amaya",25,2024,1,0,100,0,40,-0.005,0.001,0,10,0,0,63,0,0
111156,676369,"Nelson Velázquez",25,2024,2,0,100,1,21.7,-0.007,-0.001,0,25,-0.001,0,154,0,-0.1
111187,677649,"Ezequiel Duran",25,2024,1,2,33.3,1,4,-0.016,-0.021,0.2,39,0.006,-0.2,233,-0.001,0.1
111216,672386,"Alejandro Kirk",25,2024,0,0,,0,2.4,-0.017,,-1,45,-0.021,,320,,
111707,677942,"Blaze Alexander",25,2024,3,1,75,0,9.1,-0.002,-0.013,0.3,26,0.011,0,204,0,0.2
112687,672275,"Patrick Bailey",25,2024,4,0,100,0,10,-0.011,0.009,-0.1,39,-0.003,-0.1,401,0,-0.2
112715,671117,"Darren Baker",25,2024,0,0,,0,,-0.007,,,,,,27,,
114833,676475,"Alec Burleson",25,2024,9,4,69.2,0,3.7,-0.006,-0.038,0,71,0,-0.3,548,-0.001,-0.3
118199,676113,"Zach DeLoach",25,2024,0,1,0,0,12.5,-0.004,-0.038,0,11,-0.003,0,61,-0.001,-0.1
118215,676356,"Jonny DeLuca",25,2024,16,6,72.7,1,10.7,0.033,-0.005,0,32,0.001,0.3,310,0.001,0.3
120345,679822,"Justin Foscue",25,2024,0,0,,0,100,-0.012,,0,4,0.002,,25,,
125175,666397,"Edouard Julien",25,2024,6,0,100,0,6.7,-0.007,0.025,0.2,37,0.007,0,358,0,0.2
125642,677008,"Heston Kjerstad",25,2024,1,0,100,0,0,-0.009,-0.007,0,10,-0.001,0,78,0,0
126858,679845,"Nick Loftin",25,2024,1,0,100,0,0,-0.012,-0.006,0.1,15,0.005,-0.1,128,0,0
127849,668885,"Austin Martin",25,2024,7,3,70,1,8.1,0.004,-0.021,0.1,44,0.003,-0.1,277,0,0.1
129622,669003,"Garrett Mitchell",25,2024,11,4,73.3,2,17.4,0.049,-0.02,0.3,23,0.013,0.1,172,0.001,0.4
136264,669477,"Casey Schmitt",25,2024,0,0,,0,12.5,-0.014,,-0.1,15,-0.004,,99,,
137960,675911,"Spencer Strider",25,2024,,,,,,,,,,,,,,
138572,669326,"Bryce Teodosio",25,2024,0,0,,0,0,,,,,,,,,
138833,669911,"Michael Toglia",25,2024,10,1,90.9,2,2.2,0.003,0.013,-0.1,41,-0.003,0.1,320,0,-0.1
140632,676059,"Jordan Westburg",25,2024,6,3,66.7,1,3.2,0.001,-0.018,0.2,51,0.004,-0.1,352,0,0.1
140882,675961,"Alika Williams",25,2024,1,0,100,0,14.3,-0.012,,0,11,-0.002,,78,,
143882,686676,"Korey Lee",25,2024,6,3,66.7,1,9.8,0.001,-0.023,0.2,38,0.005,-0.1,280,0,0.1
144443,687401,"Joey Ortiz",25,2024,11,6,64.7,0,8.9,0,-0.078,0.2,53,0.005,-0.5,474,-0.001,-0.3
144454,686780,"Pedro Pagés",25,2024,2,0,100,0,16,-0.011,0.004,-0.2,21,-0.011,-0.1,185,0,-0.3
147697,689172,"Brett Wisely",25,2024,2,3,40,3,7.7,-0.008,-0.017,-0.1,35,-0.004,-0.1,231,0,-0.2
148608,686894,"Joey Wiemer",25,2024,1,1,50,1,0,-0.003,,0.1,5,0.011,,16,,
148620,693304,"Nick Gonzales",25,2024,5,3,62.5,1,18.2,-0.011,-0.013,0.5,49,0.011,-0.2,379,0,0.4
148622,693307,"Dillon Dingler",25,2024,0,0,,0,0,-0.011,,0,5,-0.004,,49,,
148633,694355,"Tyler Gentry",25,2024,0,0,,0,,,,,,,,,,
148642,694376,"Shay Whitcomb",25,2024,0,0,,0,0,-0.008,,0,5,-0.001,,28,,
151203,694362,"Blake Dunn",25,2024,2,0,100,0,20,0.01,-0.001,0,6,-0.001,0,46,0,0
151227,700250,"Ben Rice",25,2024,0,1,0,0,0,-0.01,-0.027,0,18,-0.002,-0.1,138,0,-0.1
151256,695257,"Billy Cook",25,2024,1,0,100,0,50,-0.007,,0,1,0.009,,25,,
151283,694388,"Joey Loperfido",25,2024,4,2,66.7,0,0,0,-0.017,0,28,0.001,-0.1,256,0,0
151288,695238,"Will Wagner",25,2024,0,0,,0,0,-0.013,,-0.1,9,-0.006,,61,,
151383,694359,"Niko Kavadas",25,2024,1,0,100,0,0,-0.016,,-0.1,16,-0.004,,136,,
152770,693049,"Oscar Colás",25,2024,0,1,0,0,0,0,-0.034,0,2,0.005,0,33,-0.001,0
165254,808982,"Jung Hoo Lee",25,2024,2,3,40,1,14.3,-0.005,-0.041,0.2,28,0.009,-0.1,202,-0.001,0.1
105454,660670,"Ronald Acuña Jr.",26,2024,16,3,84.2,4,11.5,0.034,0.025,0.1,48,0.001,0.6,262,0.002,0.6
105636,660644,"Vidal Bruján",26,2024,5,6,45.5,0,14.7,0.021,-0.096,0.3,40,0.008,-0.4,229,-0.002,-0.1
105690,660636,"Diego A. Castillo",26,2024,0,0,,0,25,-0.004,,0,4,0,,9,,
105764,661388,"William Contreras",26,2024,9,2,81.8,1,5.3,-0.014,0.008,-0.3,93,-0.003,-0.3,784,0,-0.6
105932,660758,"Sandro Fabian",26,2024,0,0,,0,,,,,,,,,,
105984,664314,"Estevan Florial",26,2024,2,1,66.7,0,33.3,0.011,-0.015,0.1,8,0.013,0,68,0,0.1
106217,663330,"Jahmai Jones",26,2024,1,1,50,0,0,0,-0.025,0,11,-0.004,0,90,0,-0.1
106748,660844,"Leo Rivas",26,2024,3,0,100,0,5.6,0.003,0.007,-0.1,16,-0.006,0,104,0,-0.1
106844,660821,"Jesús Sánchez",26,2024,16,2,88.9,0,6.8,0.005,0.015,-0.1,70,-0.002,0.2,474,0,0.1
106975,660761,"José Suarez",26,2024,,,,,,,,,,,,,,
107149,660766,"Juan Yepez",26,2024,2,1,66.7,1,17.4,-0.006,-0.02,0,26,0.001,-0.1,186,0,0
107172,663474,"Triston McKenzie",26,2024,,,,,,,,,,,,,,
107415,666018,"Jonathan Aranda",26,2024,0,0,,1,23.8,-0.017,,-0.1,21,-0.005,,118,,
107480,666181,"Will Benson",26,2024,16,7,69.6,2,4,0.022,-0.043,-0.2,45,-0.003,-0.1,340,0,-0.3
107491,666182,"Bo Bichette",26,2024,5,1,83.3,2,4.2,-0.003,-0.003,-0.2,35,-0.006,0,282,0,-0.2
107559,665795,"Edward Cabrera",26,2024,,,,,,,,,,,,,,
107597,528748,"Humberto Castellanos",26,2024,,,,,,,,,,,,,,
107632,665862,"Jazz Chisholm Jr.",26,2024,40,10,80,4,13.1,0.058,-0.022,1.3,72,0.019,0.3,413,0.001,1.7
107706,665782,"Luis De Los Santos",26,2024,0,0,,0,20,-0.013,,0,2,-0.008,,34,,
107982,669087,"Sam Huff",26,2024,0,0,,0,0,,,,,,,,,
108055,666135,"Alex Kirilloff",26,2024,0,0,,0,14.3,-0.017,,0.1,23,0.005,,147,,
108118,666139,"Josh Lowe",26,2024,25,1,96.2,0,13.9,0.02,0.042,0.2,41,0.005,0.7,383,0.002,0.9
108127,666158,"Gavin Lux",26,2024,5,2,71.4,0,9.3,-0.01,-0.032,0.1,50,0.003,-0.2,408,-0.001,-0.1
108236,669304,"Jose Miranda",26,2024,2,2,50,1,2.6,-0.011,-0.014,-0.2,53,-0.004,-0.2,426,0,-0.4
108243,666160,"Mickey Moniak",26,2024,8,4,66.7,1,10.7,0.009,-0.007,0.1,36,0.002,0.1,289,0,0.1
108516,666163,"Ben Rortvedt",26,2024,1,0,100,0,7.7,-0.016,-0.007,-0.1,29,-0.004,-0.2,294,-0.001,-0.3
108682,666211,"Taylor Trammell",26,2024,0,0,,0,0,-0.004,,0,3,0.001,,14,,
108947,666134,"Nolan Jones",26,2024,5,4,55.6,0,9.7,0.008,-0.065,0,39,0.001,-0.3,267,-0.001,-0.2
108966,666159,"Matt Manning",26,2024,,,,,,,,,,,,,,
109122,669016,"Brandon Marsh",26,2024,19,3,86.4,0,19.6,0.013,0.012,0.2,65,0.003,0.3,413,0.001,0.5
109128,666129,"Braxton Garrett",26,2024,,,,,,,,,,,,,,
109135,666200,"Jesús Luzardo",26,2024,,,,,,,,,,,,,,
109539,672569,"Gustavo Campero",26,2024,3,0,100,0,0,0.024,0.015,0,5,0.006,0.1,42,0.001,0.1
109776,666464,"Jerar Encarnacion",26,2024,1,0,100,0,0,-0.014,,0,16,-0.002,,89,,
110664,673357,"Luis Robert Jr.",26,2024,23,6,79.3,1,5.3,0.039,-0.002,0.1,57,0.001,0.5,421,0.001,0.6
110935,669352,"Bubba Thompson",26,2024,5,0,100,0,0,0.042,0.013,0,6,0.004,0.1,51,0.002,0.1
111030,676572,"Eric Wagaman",26,2024,0,0,,0,16.7,-0.011,,0,4,0.002,,65,,
111286,669432,"Trevor Rogers",26,2024,,,,,,,,,,,,,,
112434,676879,"Aaron Ashby",26,2024,,,,,,,,,,,,,,
113823,668709,"JJ Bleday",26,2024,2,3,40,1,9.4,-0.013,-0.077,0.2,63,0.003,-0.4,517,-0.001,-0.2
114683,663460,"Kris Bubic",26,2024,,,,,,,,,,,,,,
115478,681481,"Kerry Carpenter",26,2024,0,2,0,0,4.8,-0.015,-0.065,0.1,32,0.002,-0.2,311,-0.001,-0.2
116712,665052,"Griffin Conine",26,2024,0,0,,0,0,-0.01,,0.1,18,0.005,,52,,
119255,668752,"Duke Ellis",26,2024,5,0,100,1,0,0.043,0.009,0,1,-0.001,0.1,38,0.002,0.1
120133,666149,"Tyler Fitzgerald",26,2024,17,4,81,1,10.8,0.019,-0.012,0.4,50,0.008,0.1,383,0,0.5
120177,666150,"Dominic Fletcher",26,2024,0,0,,1,5.9,-0.017,,-0.1,26,-0.002,,159,,
122051,680686,"Josiah Gray",26,2024,,,,,,,,,,,,,,
122664,666152,"David Hamilton",26,2024,33,4,89.2,1,26.1,0.076,0.056,0.5,44,0.011,2,320,0.006,2.5
125028,675659,"Greg Jones",26,2024,0,0,,0,,0,,,,,,1,,
125480,666197,"Grae Kessinger",26,2024,0,0,,0,0,-0.006,,0,5,-0.008,,15,,
125906,668952,"Ryan Kreidler",26,2024,5,3,62.5,2,33.3,0.038,-0.004,0,11,0,0.1,91,0.001,0.1
126005,680757,"Steven Kwan",26,2024,12,5,70.6,1,6.1,0,-0.024,0.3,110,0.003,-0.2,615,0,0.1
126172,669127,"Shea Langeliers",26,2024,4,2,66.7,0,2.5,-0.012,-0.042,0,39,-0.001,-0.3,433,-0.001,-0.3
127605,666201,"Alek Manoah",26,2024,,,,,,,,,,,,,,
128468,668832,"Kyle McCann",26,2024,0,0,,0,0,-0.014,,-0.2,12,-0.014,,109,,
128477,664983,"Jake McCarthy",26,2024,25,6,80.6,7,2,0.023,0.037,0.4,70,0.006,0.9,543,0.002,1.3
129286,670223,"Matt Mervis",26,2024,0,0,,0,0,-0.007,,0,4,0.002,,13,,
129605,670224,"Kameron Misner",26,2024,0,0,,0,,-0.003,,,,,,7,,
130740,669194,"Ryne Nelson",26,2024,,,,,,,,,,,,,,
130939,663457,"Lars Nootbaar",26,2024,7,3,70,2,3.3,-0.004,-0.026,0.3,41,0.007,-0.1,375,0,0.1
132232,665161,"Jeremy Peña",26,2024,20,6,76.9,3,13.2,0.012,0.007,0.5,70,0.007,0.3,516,0.001,0.8
135527,668939,"Adley Rutschman",26,2024,1,0,100,0,7.1,-0.017,-0.005,-0.2,81,-0.003,-0.3,522,-0.001,-0.5
135580,666165,"Blake Sabol",26,2024,0,0,,0,25,-0.006,,0,5,0.002,,24,,
136350,668845,"Aaron Schunk",26,2024,0,1,0,0,11.1,-0.012,,0,18,0.002,,63,,
136714,668853,"Austin Shenton",26,2024,0,0,,0,25,-0.012,,0,5,0.002,,57,,
136753,669699,"Braden Shewmake",26,2024,5,1,83.3,0,0,0.021,-0.009,0.1,6,0.009,0,73,0,0.1
137201,669701,"Josh Smith",26,2024,11,2,84.6,0,12.7,-0.01,-0.013,0.2,79,0.003,-0.3,572,0,0
137710,668715,"Spencer Steer",26,2024,25,3,89.3,3,6.5,0.005,0.024,-0.2,77,-0.002,0.3,529,0.001,0.1
137906,681082,"Bryson Stott",26,2024,32,3,91.4,2,5.4,0.03,0.069,0.3,60,0.006,1.7,507,0.003,2
137926,669065,"Kyle Stowers",26,2024,0,1,0,0,25,-0.003,-0.033,0.1,14,0.006,0,118,0,0.1
139109,669707,"Jared Triolo",26,2024,8,1,88.9,0,11.1,-0.011,-0.012,0.5,45,0.011,-0.2,424,0,0.3
140293,670242,"Matt Wallner",26,2024,3,0,100,0,0,-0.008,0.002,-0.1,28,-0.002,-0.1,256,0,-0.1
142212,683737,"Michael Busch",26,2024,2,1,66.7,0,9.7,-0.017,-0.03,0,82,0,-0.3,505,-0.001,-0.3
142220,673962,"Josh Jung",26,2024,4,0,100,0,7.7,-0.008,0.004,0,21,-0.001,0,128,0,0
142821,683734,"Andrew Vaughn",26,2024,2,0,100,0,18.2,-0.021,,-0.6,58,-0.011,,484,,
143717,686482,"Logan Driscoll",26,2024,0,0,,0,0,-0.005,,0,2,-0.013,,8,,
143743,686452,"Drew Millas",26,2024,4,0,100,0,25,0.019,0.009,0,12,-0.004,0.1,75,0.001,0
143748,686469,"Vinnie Pasquantino",26,2024,1,0,100,0,5.3,-0.019,,-0.7,57,-0.013,,368,,
143787,686527,"Dominic Canzone",26,2024,1,0,100,0,22.2,-0.012,-0.003,0,12,0.003,-0.1,133,0,0
143812,686555,"Isaac Collins",26,2024,1,0,100,0,0,0.002,-0.009,0,3,-0.004,0,29,0,0
143845,686668,"Brenton Doyle",26,2024,30,5,85.7,3,10.5,0.027,0.035,0.4,69,0.005,1.1,580,0.002,1.5
143852,686554,"Oliver Dunn",26,2024,3,0,100,0,6.7,0.006,-0.002,0.1,10,0.006,0,66,0,0.1
143892,686681,"Michael Massey",26,2024,1,0,100,1,33.3,-0.016,-0.002,0,39,0,-0.1,270,-0.001,-0.1
144013,686823,"Will Brennan",26,2024,4,2,66.7,0,9.1,-0.009,-0.046,0.1,31,0.003,-0.2,326,-0.001,-0.1
144197,687462,"Spencer Horwitz",26,2024,0,0,,1,7.5,-0.019,,-0.3,53,-0.006,,313,,
144210,674441,"Jacob Hurtubise",26,2024,2,0,100,1,20,-0.003,-0.003,-0.1,7,-0.009,0,88,0,-0.1
144597,686765,"Nick Sogard",26,2024,3,0,100,0,7.7,-0.004,0.01,-0.1,12,-0.004,0,104,0,-0.1
144690,687066,"Eric Yang",26,2024,0,0,,0,,,,,,,,,,
149112,694175,"Pedro León",26,2024,2,0,100,0,0,0.015,0.007,0,5,0.001,0,34,0.001,0
151389,695391,"Brett Harris",26,2024,0,3,0,1,10,0.002,-0.032,0,14,0,0,81,0,0
104004,645277,"Ozzie Albies",27,2024,8,1,88.9,1,12.8,-0.008,0.033,0.3,49,0.006,0,421,0,0.3
104023,645302,"Victor Robles",27,2024,34,2,94.4,1,8.3,0.051,0.072,0.1,42,0.003,2,412,0.005,2.2
104025,645305,"Ali Sánchez",27,2024,2,1,66.7,0,0,-0.011,,-0.1,5,-0.018,,87,,
104033,645444,"Jose Herrera",27,2024,0,0,,0,0,-0.013,,-0.1,11,-0.013,,88,,
104042,646240,"Rafael Devers",27,2024,3,0,100,0,5.1,-0.018,0.003,0,76,0.001,-0.3,541,-0.001,-0.3
104096,649966,"Luis Urías",27,2024,0,0,,0,12.5,-0.013,,-0.1,9,-0.008,,74,,
104123,650333,"Luis Arraez",27,2024,9,3,75,0,4.3,-0.014,-0.034,-0.4,127,-0.003,-0.5,713,-0.001,-0.9
104176,650391,"Eloy Jiménez",27,2024,3,0,100,0,10,-0.012,-0.003,-0.3,29,-0.01,-0.1,209,0,-0.4
104180,650402,"Gleyber Torres",27,2024,4,3,57.1,2,5.6,-0.011,-0.028,-0.2,100,-0.002,-0.4,686,-0.001,-0.6
104205,650489,"Willi Castro",27,2024,14,9,60.9,3,11.7,0.008,-0.068,1.1,96,0.012,-0.5,596,-0.001,0.6
104261,650559,"Bryan De La Cruz",27,2024,5,2,71.4,0,12.7,-0.012,-0.022,-0.4,72,-0.006,-0.2,497,-0.001,-0.7
104450,650859,"Luis Rengifo",27,2024,24,7,77.4,2,15.4,0.032,0.014,0,45,0,0.6,405,0.002,0.6
104495,650907,"René Pinto",27,2024,0,0,,0,0,-0.011,,0,5,0.002,,46,,
104562,655316,"Andruw Monasterio",27,2024,6,2,75,0,4.8,0.016,-0.007,0.1,23,0.004,0,112,0,0.1
104799,656529,"Sam Hentges",27,2024,,,,,,,,,,,,,,
104934,657061,"Cole Tucker",27,2024,3,1,75,0,20,0.012,-0.017,0,7,0.007,0,69,0,0
105007,657277,"Logan Webb",27,2024,,,,,,,,,,,,,,
105525,658648,"Pedro Avila",27,2024,,,,,,,,,,,,,,
105595,663905,"Travis Blankenhorn",27,2024,0,0,,0,100,-0.001,,0,1,0.004,,5,,
105650,663550,"Trey Cabbage",27,2024,1,1,50,1,12.5,0.001,-0.021,0,9,0,0,73,0,0
105670,663662,"Daz Cameron",27,2024,5,0,100,0,4.8,-0.002,0.008,0,22,-0.002,0,160,0,0
105735,663757,"Trent Grisham",27,2024,1,1,50,1,5.9,-0.014,-0.037,-0.2,22,-0.007,-0.1,151,-0.001,-0.2
106121,663647,"Ke'Bryan Hayes",27,2024,11,2,84.6,0,7,0.002,-0.015,-0.2,49,-0.004,-0.1,355,0,-0.3
106280,663567,"Peter Lambert",27,2024,,,,,,,,,,,,,,
106439,663630,"Ryan McKenna",27,2024,1,1,50,0,50,0.028,-0.021,0,4,-0.002,0,26,0,0
106527,663624,"Ryan Mountcastle",27,2024,3,0,100,0,5.7,-0.013,0.006,0.1,67,0.001,-0.2,386,0,-0.1
106548,647304,"Josh Naylor",27,2024,6,2,75,0,7.7,-0.011,-0.045,-0.6,63,-0.01,-0.3,435,-0.001,-0.9
106555,663527,"Tyler Nevin",27,2024,1,0,100,0,5.6,-0.016,-0.008,-0.2,31,-0.007,-0.1,259,-0.001,-0.4
106659,663368,"Blake Perkins",27,2024,23,5,82.1,4,6.5,0.023,0.007,0.3,68,0.004,0.4,444,0.001,0.7
106744,663586,"Austin Riley",27,2024,0,0,,0,4.9,-0.02,,-0.2,59,-0.003,,424,,
106765,663898,"Brendan Rodgers",27,2024,1,0,100,0,11.3,-0.018,-0.001,-0.3,74,-0.003,-0.3,534,-0.001,-0.6
106864,663574,"Tony Santillan",27,2024,,,,,,,,,,,,,,
106960,663886,"Tyler Stephenson",27,2024,1,0,100,0,8.2,-0.021,,-1,83,-0.012,,543,,
107047,663656,"Kyle Tucker",27,2024,11,0,100,0,2.8,0.005,0.018,-0.1,50,-0.001,0.1,245,0,0
107130,663897,"Luke Williams",27,2024,3,0,100,0,22.2,0.001,0.014,0,14,-0.002,0,115,0,0
107254,663776,"Patrick Sandoval",27,2024,,,,,,,,,,,,,,
107577,668843,"Conner Capel",27,2024,1,0,100,0,,0.009,-0.007,0,1,0,0,18,0,0
109090,647351,"Abraham Toro",27,2024,4,2,66.7,1,0,-0.012,-0.016,0.4,45,0.009,-0.2,373,0,0.2
109147,670541,"Yordan Alvarez",27,2024,6,0,100,0,7.5,-0.013,0.022,-0.5,79,-0.006,-0.2,502,0,-0.6
109390,675915,"David Bañuelos",27,2024,0,0,,0,,,,,,,,,,
109531,676609,"José Caballero",27,2024,44,16,73.3,9,28.1,0.081,-0.026,0.6,48,0.012,0.6,489,0.001,1.2
110000,672578,"Carlos Hernández",27,2024,,,,,,,,,,,,,,
110030,669374,"Keston Hiura",27,2024,0,1,0,0,33.3,-0.006,,-0.1,2,-0.044,,20,,
110280,665155,"Nick Maton",27,2024,0,0,,0,,-0.003,,,,,,5,,
110704,676896,"Chris Roller",27,2024,0,0,,0,,,,,,,,,,
110855,675656,"Kevin Smith",27,2024,0,0,,0,,-0.002,,0,1,-0.002,,5,,
110995,662139,"Daulton Varsho",27,2024,10,2,83.3,1,13.5,0.003,-0.005,0.8,83,0.009,0,405,0,0.8
111033,670764,"Taylor Walls",27,2024,16,4,80,0,12.9,0.044,-0.016,0,22,-0.001,0.2,218,0.001,0.2
111709,680769,"CJ Alexander",27,2024,0,0,,0,,-0.004,,,,,,1,,
112733,663609,"Luken Baker",27,2024,1,0,100,0,0,-0.005,,-0.1,7,-0.012,,13,,
112968,663698,"Joey Bart",27,2024,0,0,,0,3.6,-0.017,,0,41,0.001,,259,,
113905,664761,"Alec Bohm",27,2024,5,2,71.4,1,10.3,-0.017,-0.025,-0.5,66,-0.007,-0.3,455,-0.001,-0.8
115362,681962,"Vinny Capra",27,2024,0,0,,0,,0.002,,,,,,1,,
118722,680977,"Brendan Donovan",27,2024,5,5,50,0,7.8,-0.013,-0.055,0.1,86,0.001,-0.5,669,-0.001,-0.4
119003,680776,"Jarren Duran",27,2024,34,7,82.9,3,9,0.007,-0.012,1.3,109,0.012,0,888,0,1.3
119759,676439,"Hunter Feduccia",27,2024,0,0,,0,0,0,,0,2,0,,5,,
119844,663372,"Ryan Feltner",27,2024,,,,,,,,,,,,,,
120337,663743,"Nick Fortes",27,2024,0,1,0,0,10.3,-0.019,,-0.2,31,-0.005,,235,,
121858,663853,"Romy Gonzalez",27,2024,11,3,78.6,1,5.3,0.028,0.004,0,34,0.001,0.3,235,0.001,0.3
122776,663554,"Casey Mize",27,2024,,,,,,,,,,,,,,
123806,663538,"Nico Hoerner",27,2024,31,6,83.8,2,7.5,0.016,0.022,0.1,112,0.001,0.8,752,0.001,0.9
124341,663697,"Jonathan India",27,2024,13,2,86.7,1,7.4,-0.006,-0.003,0.1,75,0.001,-0.1,638,0,-0.1
124395,664728,"Kyle Isbel",27,2024,11,2,84.6,2,16.1,0.017,-0.006,0.6,73,0.008,0.1,232,0,0.7
124659,680777,"Ryan Jeffers",27,2024,3,0,100,0,14.7,-0.017,-0.003,-0.3,44,-0.007,-0.2,365,-0.001,-0.5
125363,680577,"DaShawn Keirsey Jr.",27,2024,0,0,,0,,-0.003,,,,,,5,,
125747,667428,"Grant Koch",27,2024,0,0,,0,0,-0.002,,0,2,-0.012,,2,,
126235,663616,"Trevor Larnach",27,2024,4,1,80,0,9.5,-0.005,0,0,55,-0.001,-0.1,294,0,-0.1
126844,663604,"Brandon Lockridge",27,2024,2,0,100,0,,0.037,0.01,0,3,0.002,0,12,0.002,0
127403,663611,"Nick Madrigal",27,2024,1,0,100,0,0,-0.007,-0.003,0,11,0.004,0,72,0,0
129503,680911,"Owen Miller",27,2024,0,0,,0,0,-0.007,,0,2,-0.003,,14,,
131575,681546,"James Outman",27,2024,2,1,66.7,0,25,0,-0.022,0,13,0.002,0,107,0,0
131734,680700,"Richie Palacios",27,2024,19,1,95,2,8.8,0.018,0.053,0.4,48,0.008,0.7,372,0.002,1.1
133509,663728,"Cal Raleigh",27,2024,6,1,85.7,0,2.1,-0.011,-0.008,-0.2,55,-0.004,-0.2,456,0,-0.4
136273,682177,"Daniel Schneemann",27,2024,3,2,60,1,17.6,-0.005,-0.017,0,31,0.001,-0.1,230,0,0
136321,680474,"Max Schuemann",27,2024,14,1,93.3,2,4.9,0.006,0.035,0.5,59,0.008,0.4,462,0.001,0.9
137044,669373,"Tarik Skubal",27,2024,,,,,,,,,,,,,,
137796,670276,"Cal Stevenson",27,2024,0,0,,0,33.3,-0.013,,0,4,-0.01,,42,,
140000,663837,"Matt Vierling",27,2024,6,1,85.7,1,13.7,-0.011,-0.001,0.7,81,0.008,-0.2,562,0,0.5
140051,681584,"David Villar",27,2024,0,0,,0,0,-0.011,,0,5,-0.001,,40,,
140599,673995,"Davis Wendzel",27,2024,0,0,,0,100,-0.007,,0,2,-0.019,,26,,
144923,687799,"Cade Marlowe",27,2024,0,0,,0,33.3,-0.007,,0,3,0.005,,28,,
101582,624133,"Ranger Suárez",28,2024,,,,,,,,,,,,,,
101622,624503,"Nick Gordon",28,2024,5,5,50,0,7.7,0.026,-0.106,0,30,-0.001,-0.4,184,-0.002,-0.5
102110,620443,"Luis Torrens",28,2024,0,1,0,0,10,-0.011,-0.032,0,18,-0.002,-0.1,114,-0.001,-0.1
102202,624641,"Edmundo Sosa",28,2024,7,1,87.5,0,8.8,-0.007,-0.013,0.2,32,0.005,-0.1,217,0,0.1
102464,640492,"José Azocar",28,2024,5,1,83.3,1,50,0.017,-0.008,0,16,0.003,0,107,0,0.1
102482,640902,"Jhonny Pereda",28,2024,0,0,,0,0,-0.01,,-0.1,8,-0.018,,42,,
102514,641343,"Jake Bauers",28,2024,13,1,92.9,1,2.6,0.017,0.02,0.2,46,0.004,0.3,289,0.001,0.5
102519,641355,"Cody Bellinger",28,2024,9,2,81.8,2,5.9,-0.007,0.019,0.4,55,0.008,0,458,0,0.4
102876,642350,"Jose Siri",28,2024,14,7,66.7,1,10,0.026,-0.042,0.6,40,0.014,-0.1,358,0,0.4
103056,642547,"Freddy Peralta",28,2024,,,,,,,,,,,,,,
103203,642708,"Amed Rosario",28,2024,13,5,72.2,0,6.9,0.004,-0.022,0.2,41,0.004,-0.1,451,0,0.1
103209,642715,"Willy Adames",28,2024,21,4,84,1,8.8,0.003,0.027,0.1,78,0.002,0.3,635,0.001,0.5
103225,642731,"Thairo Estrada",28,2024,2,2,50,0,2.3,-0.01,-0.04,0.4,52,0.007,-0.2,373,-0.001,0.1
103743,656887,"Sean Reid-Foley",28,2024,,,,,,,,,,,,,,
104782,656448,"Stone Garrett",28,2024,0,0,,0,0,-0.005,,,,,,5,,
104814,656577,"Alex Jackson",28,2024,1,0,100,0,23.1,-0.015,,-0.1,19,-0.004,,103,,
104816,656605,"Mitch Keller",28,2024,,,,,,,,,,,,,,
104824,656629,"Michael Kopech",28,2024,,,,,,,,,,,,,,
104888,656883,"Jakson Reetz",28,2024,0,0,,0,,-0.001,,,,,,2,,
104914,657006,"Justin Steele",28,2024,,,,,,,,,,,,,,
104926,657041,"Lane Thomas",28,2024,32,14,69.6,0,16.7,0.056,-0.063,0.5,63,0.008,-0.6,474,-0.001,-0.1
104938,657077,"Alex Verdugo",28,2024,2,1,66.7,0,1.6,-0.015,-0.028,-0.4,85,-0.005,-0.3,547,-0.001,-0.7
104942,657088,"Forrest Wall",28,2024,4,3,57.1,0,25,-0.002,-0.037,0,5,-0.001,-0.1,45,-0.002,-0.1
105339,658668,"Edward Olivares",28,2024,1,0,100,0,5.9,-0.015,,0,26,-0.001,,118,,
105420,656537,"Derek Hill",28,2024,6,2,75,1,0,0.015,0.008,0.1,20,0.006,0.1,109,0.001,0.2
106750,656896,"Emmanuel Rivera",28,2024,2,0,100,2,5.9,-0.013,-0.006,-0.4,41,-0.01,-0.1,281,0,-0.5
107537,670092,"Trenton Brooks",28,2024,1,0,100,0,0,-0.005,,0,3,0.012,,7,,
107930,669720,"Austin Hays",28,2024,2,2,50,0,9.7,-0.008,-0.023,0.1,36,0.003,-0.1,224,0,0
108028,669288,"Daniel Johnson",28,2024,0,0,,0,,,,,,,,,,
108086,641779,"Charles Leblanc",28,2024,0,0,,0,40,-0.006,,0,9,0.001,,20,,
108119,663993,"Nathaniel Lowe",28,2024,2,0,100,0,5.2,-0.017,-0.006,-0.2,76,-0.002,-0.3,459,-0.001,-0.5
108175,670156,"Miles Mastrobuoni",28,2024,2,0,100,0,0,0.002,0.004,0,10,0.005,0,76,0,0.1
108886,668678,"Zac Gallen",28,2024,,,,,,,,,,,,,,
109009,641943,"Joshua Palacios",28,2024,1,0,100,0,10,-0.005,0.002,0,7,0.004,0,68,0,0
109162,670770,"TJ Friedl",28,2024,9,1,90,1,3.8,0.011,0.004,0.2,36,0.005,0.1,214,0,0.3
109294,656180,"Riley Adams",28,2024,1,0,100,0,14.3,-0.015,,-0.1,12,-0.008,,89,,
109483,656248,"Sean Bouchard",28,2024,4,0,100,0,0,0.013,0.004,0,13,-0.004,0.1,97,0.001,0
109519,669394,"Jake Burger",28,2024,1,1,50,0,8.8,-0.017,-0.032,-0.2,46,-0.004,-0.3,398,-0.001,-0.4
109602,676391,"Ernie Clement",28,2024,12,3,80,4,8.6,-0.004,0.024,0.1,52,0.002,0,406,0,0.1
109650,676710,"Kutter Crawford",28,2024,,,,,,,,,,,,,,
109801,656413,"Stuart Fairchild",28,2024,13,1,92.9,2,15,0.008,0.017,0.1,33,0.002,0.1,209,0.001,0.2
109933,656484,"Tristan Gray",28,2024,0,0,,0,,-0.007,,0,1,-0.003,,19,,
110022,676551,"Brewer Hicklen",28,2024,1,0,100,0,,0.031,-0.008,0,1,0.001,0,3,0,0
110092,669369,"Bryce Johnson",28,2024,1,1,50,1,0,-0.001,-0.029,0,12,0.002,0,92,0,0
110106,667452,"Corey Julks",28,2024,5,2,71.4,1,0,0.004,-0.002,0,22,0,0,178,0,0
110229,676632,"Bligh Madris",28,2024,0,0,,0,16.7,-0.013,,0,9,-0.003,,80,,
110358,676694,"Jake Meyers",28,2024,11,3,78.6,0,10.9,0.004,-0.03,0.4,48,0.007,-0.1,332,0,0.2
110406,669212,"Eli Morgan",28,2024,,,,,,,,,,,,,,
110424,667472,"Dane Myers",28,2024,4,1,80,0,50,0.033,-0.004,0,18,0,0.1,64,0.001,0.1
110445,676116,"Ryan Noda",28,2024,0,0,,0,0,-0.012,,0,13,-0.003,,87,,
110836,657757,"Gavin Sheets",28,2024,2,2,50,0,2,-0.016,-0.027,-0.3,63,-0.005,-0.3,448,-0.001,-0.6
110857,656976,"Pavin Smith",28,2024,1,0,100,0,0,-0.012,-0.007,-0.3,20,-0.014,-0.1,150,0,-0.3
110964,676701,"Alan Trejo",28,2024,0,0,,0,0,-0.012,,-0.1,12,-0.006,,63,,
111116,656557,"Tanner Houck",28,2024,,,,,,,,,,,,,,
111133,641927,"Bailey Ober",28,2024,,,,,,,,,,,,,,
111161,657136,"Connor Wong",28,2024,8,7,53.3,3,3.8,0.005,-0.062,0.4,55,0.007,-0.4,460,-0.001,0
111244,656849,"David Peterson",28,2024,,,,,,,,,,,,,,
111276,676477,"Garrett Whitlock",28,2024,,,,,,,,,,,,,,
111290,657376,"Clarke Schmidt",28,2024,,,,,,,,,,,,,,
111294,656288,"Griffin Canning",28,2024,,,,,,,,,,,,,,
114350,681146,"Jonah Bride",28,2024,0,1,0,0,0,-0.017,-0.032,-0.2,32,-0.006,-0.2,305,-0.001,-0.4
116408,665019,"Kody Clemens",28,2024,0,0,,0,22.2,-0.015,,0,13,-0.001,,50,,
120642,681807,"David Fry",28,2024,4,1,80,1,5.6,-0.009,0.007,-0.3,47,-0.007,-0.1,321,0,-0.4
121137,681508,"Mickey Gasper",28,2024,0,0,,0,0,-0.006,,,,,,10,,
123186,680737,"Michael Helman",28,2024,0,0,,0,100,-0.01,,0.1,5,0.013,,28,,
123289,682073,"David Hensley",28,2024,1,0,100,0,0,-0.005,-0.003,0,13,0.002,0,56,0,0
125107,682119,"Levi Jordan",28,2024,0,0,,0,100,,,0,1,0.004,,,,
125523,673490,"Ha-Seong Kim",28,2024,22,5,81.5,2,10.3,0.027,0.001,0.4,62,0.007,0.4,385,0.001,0.8
128053,679881,"J.P. Martínez",28,2024,1,0,100,0,100,0.008,-0.007,0,2,0,0,23,0,0
128959,656731,"Tylor Megill",28,2024,,,,,,,,,,,,,,
133756,656876,"Drew Rasmussen",28,2024,,,,,,,,,,,,,,
135535,657746,"Joe Ryan",28,2024,,,,,,,,,,,,,,
135620,663967,"César Salazar",28,2024,0,0,,0,14.3,-0.006,,0.1,9,0.009,,13,,
137713,683021,"Michael Stefanic",28,2024,0,0,,0,14.3,-0.014,,0,9,-0.004,,118,,
139955,681911,"Alex Vesia",28,2024,,,,,,,,,,,,,,
69600,606115,"Orlando Arcia",29,2024,2,0,100,0,5.1,-0.018,,-0.7,58,-0.012,,442,,
70619,608348,"Carson Kelly",29,2024,0,0,,0,4.3,-0.017,,-0.5,32,-0.015,,217,,
100273,608566,"Germán Márquez",29,2024,,,,,,,,,,,,,,
100349,609280,"Miguel Andujar",29,2024,3,2,60,1,2.3,-0.011,-0.056,-0.4,46,-0.008,-0.2,275,-0.001,-0.6
100502,621043,"Carlos Correa",29,2024,0,0,,0,9.4,-0.02,,-0.5,68,-0.007,,423,,
100568,621237,"José Alvarado",29,2024,,,,,,,,,,,,,,
100988,622534,"Manuel Margot",29,2024,5,0,100,0,17.9,-0.009,0.004,0.1,53,0.001,-0.1,292,0,0
101008,622554,"Seranthony Domínguez",29,2024,,,,,,,,,,,,,,
101060,622608,"Antonio Senzatela",29,2024,,,,,,,,,,,,,,
101165,622761,"Jorge Mateo",29,2024,13,2,86.7,0,25,0.031,-0.002,0.2,34,0.007,0.2,188,0.001,0.4
101514,623912,"Harold Ramírez",29,2024,6,2,75,0,9.3,0.012,-0.013,0,36,0.001,0,181,0,0.1
101568,623993,"Anthony Santander",29,2024,2,0,100,1,12.3,-0.016,-0.001,-0.7,70,-0.01,-0.2,396,-0.001,-1
101603,624413,"Pete Alonso",29,2024,3,0,100,0,8.3,-0.018,0.003,-0.8,88,-0.01,-0.4,613,-0.001,-1.2
101605,624415,"Cavan Biggio",29,2024,2,0,100,0,0,-0.006,0.002,0.1,29,0.004,0,223,0,0.1
101630,624512,"Reese McGuire",29,2024,3,0,100,0,7.1,-0.001,0.014,-0.1,15,-0.003,0,141,0,0
101639,624522,"Keegan Thompson",29,2024,,,,,,,,,,,,,,
102443,640470,"Adbert Alzolay",29,2024,,,,,,,,,,,,,,
102555,641482,"Nestor Cortes",29,2024,,,,,,,,,,,,,,
102559,641487,"J.P. Crawford",29,2024,5,0,100,0,5.3,-0.013,0.021,-0.4,63,-0.007,-0.2,519,0,-0.6
102606,641645,"Luis Guillorme",29,2024,4,2,66.7,1,7.1,-0.001,-0.045,-0.1,23,-0.003,-0.1,153,-0.001,-0.1
102612,641680,"Jonah Heim",29,2024,1,1,50,0,2,-0.017,-0.041,-0.3,41,-0.007,-0.2,311,-0.001,-0.5
102667,641856,"Billy McKinney",29,2024,0,0,,0,0,-0.005,,0,4,0.001,,6,,
102668,641857,"Ryan McMahon",29,2024,4,6,40,2,11.5,-0.008,-0.067,-0.1,66,-0.001,-0.4,564,-0.001,-0.4
102704,641933,"Tyler O'Neill",29,2024,4,0,100,0,3.4,-0.017,0.009,-0.2,65,-0.003,-0.2,421,-0.001,-0.4
102745,642086,"Dominic Smith",29,2024,1,1,50,1,9.5,-0.007,,-0.1,32,-0.003,,228,,
102764,642133,"Rowdy Tellez",29,2024,1,0,100,1,8.5,-0.017,-0.004,-0.6,42,-0.013,-0.2,316,-0.001,-0.7
102779,642180,"Tyler Wade",29,2024,8,1,88.9,1,23.1,0.012,-0.007,0.1,35,0.004,0,161,0,0.2
102784,642197,"Jamie Westbrook",29,2024,0,0,,0,0,-0.007,,0,4,-0.009,,32,,
102785,642207,"Devin Williams",29,2024,,,,,,,,,,,,,,
103038,642528,"Jonathan Loáisiga",29,2024,,,,,,,,,,,,,,
103355,643289,"Mauricio Dubón",29,2024,3,2,60,0,14.9,-0.013,-0.044,0.1,57,0.002,-0.2,339,-0.001,-0.1
103405,643376,"Danny Jansen",29,2024,0,0,,0,4.3,-0.015,,-0.2,38,-0.004,,242,,
103420,643396,"Isiah Kiner-Falefa",29,2024,11,2,84.6,1,7.9,-0.002,-0.002,0.3,69,0.005,-0.1,578,0,0.3
103625,644433,"Chadwick Tromp",29,2024,0,0,,0,25,-0.012,,0,5,-0.004,,66,,
105147,657656,"Ramón Laureano",29,2024,8,3,72.7,1,5.9,0.011,-0.01,0,37,0,0,266,0,0.1
105432,660162,"Yoán Moncada",29,2024,1,0,100,0,0,-0.008,-0.004,0,7,-0.005,0,77,0,-0.1
105437,664023,"Ian Happ",29,2024,13,2,86.7,0,9.2,-0.008,-0.01,0.1,77,0.001,-0.2,618,0,-0.1
105439,656775,"Cedric Mullins",29,2024,32,6,84.2,0,19,0.039,0.023,0.2,53,0.003,1,483,0.002,1.2
105574,643217,"Andrew Benintendi",29,2024,3,2,60,0,14.3,-0.012,-0.009,-0.2,67,-0.002,-0.2,407,0,-0.3
105665,641432,"Willie Calhoun",29,2024,0,1,0,0,0,-0.014,-0.032,-0.5,31,-0.016,-0.1,222,-0.001,-0.6
105993,664034,"Ty France",29,2024,1,1,50,0,7.7,-0.013,0.002,-0.8,57,-0.015,-0.2,516,0,-1.1
106129,664854,"Ryan Helsley",29,2024,,,,,,,,,,,,,,
106346,664770,"Nathan Lukes",29,2024,1,0,100,0,20,-0.008,-0.005,0,15,0.001,0,114,0,0
106667,623465,"Evan Phillips",29,2024,,,,,,,,,,,,,,
106969,664702,"Myles Straw",29,2024,2,0,100,1,0,0.031,-0.006,0,2,0,0,17,0.001,0
107174,621111,"Walker Buehler",29,2024,,,,,,,,,,,,,,
107284,664040,"Brandon Lowe",29,2024,5,1,83.3,0,13.9,-0.014,-0.01,0.1,41,0.002,-0.2,451,-0.001,-0.2
107397,669137,"Armando Alvarez",29,2024,1,0,100,0,0,-0.004,-0.006,0.1,11,0.006,0,49,0,0.1
107467,670280,"David Bednar",29,2024,,,,,,,,,,,,,,
107566,669743,"Alex Call",29,2024,5,1,83.3,0,14.3,0.011,-0.016,0.1,17,0.009,0,108,0,0.1
107752,669242,"Tommy Edman",29,2024,6,0,100,0,23.5,0.013,0.01,0,18,0,0.1,97,0.001,0.1
107783,666023,"Freddy Fermin",29,2024,2,0,100,0,4.4,-0.013,0.005,-0.1,49,-0.001,-0.1,311,0,-0.2
107811,641584,"Jake Fraley",29,2024,20,5,80,3,8.3,0.029,0.009,0.1,53,0.003,0.5,400,0.001,0.7
107920,641658,"Garrett Hampson",29,2024,7,2,77.8,2,8.6,0.007,0.005,0.2,37,0.006,0.1,162,0,0.3
107983,669450,"Cooper Hummel",29,2024,1,0,100,0,0,,,,,,,,,
108059,668800,"Andrew Knizner",29,2024,0,0,,0,0,-0.014,,0,7,-0.001,,68,,
108112,670032,"Nicky Lopez",29,2024,5,7,41.7,0,7.4,-0.001,-0.128,0.1,67,0.002,-0.8,458,-0.002,-0.7
108278,669221,"Sean Murphy",29,2024,0,0,,0,5.3,-0.017,,-0.4,22,-0.017,,197,,
108437,670042,"Luke Raley",29,2024,11,2,84.6,0,2.6,-0.001,-0.001,-0.1,59,-0.002,0,418,0,-0.1
108483,642020,"Chuckie Robinson",29,2024,0,0,,0,33.3,-0.011,,-0.1,5,-0.016,,61,,
108507,668670,"Jake Rogers",29,2024,1,0,100,0,16.7,-0.016,-0.01,0,37,0,-0.1,267,-0.001,-0.1
108571,669222,"Nick Senzel",29,2024,1,3,25,4,6.7,-0.006,-0.033,0,31,-0.001,-0.1,195,0,-0.1
108578,661531,"Brian Serven",29,2024,0,0,,0,,-0.014,,0,3,-0.007,,82,,
108587,670097,"Zack Short",29,2024,2,1,66.7,0,18.8,0.001,-0.016,0,16,0.003,0,100,0,0
108612,669257,"Will Smith",29,2024,1,1,50,0,12.1,-0.017,-0.025,0,61,0,-0.3,425,-0.001,-0.2
108661,642136,"Matt Thaiss",29,2024,3,0,100,0,5.6,-0.006,0.003,-0.4,18,-0.02,0,151,0,-0.4
108774,642215,"Weston Wilson",29,2024,3,0,100,0,14.3,0.005,0.014,0,14,-0.002,0,92,0,0
108818,669211,"Keegan Akin",29,2024,,,,,,,,,,,,,,
108828,669622,"Anthony Bender",29,2024,,,,,,,,,,,,,,
108830,669456,"Shane Bieber",29,2024,,,,,,,,,,,,,,
108855,666915,"Bobby Dalbec",29,2024,3,0,100,0,0,0.003,0,0,3,-0.014,0,72,0,0
108873,641540,"Dane Dunning",29,2024,,,,,,,,,,,,,,
108878,669289,"Santiago Espinal",29,2024,11,1,91.7,1,10.7,0.01,0.019,0.1,42,0.003,0.2,329,0.001,0.4
108937,643377,"Griffin Jax",29,2024,,,,,,,,,,,,,,
108977,656716,"Zach McKinstry",29,2024,16,0,100,1,10.7,0.028,0.062,0.5,35,0.014,0.7,251,0.003,1.2
109040,668804,"Bryan Reynolds",29,2024,10,2,83.3,1,9.1,-0.014,0.003,0,72,-0.001,-0.3,714,0,-0.4
109161,668227,"Randy Arozarena",29,2024,20,10,66.7,5,7,0.019,-0.01,0.1,66,0.001,0.2,545,0,0.3
109414,676946,"Matthew Batten",29,2024,0,0,,0,,-0.004,,,,,,7,,
109719,641511,"Jason Delay",29,2024,0,0,,0,0,-0.005,,0,2,-0.003,,12,,
110298,676801,"Chas McCormick",29,2024,8,2,80,0,16.1,0.019,-0.01,0.1,35,0.003,0.1,213,0,0.2
110300,669200,"Mason McCoy",29,2024,1,0,100,0,20,0.002,-0.01,0.1,11,0.005,0,37,0,0
110715,667670,"Brent Rooker",29,2024,11,3,78.6,0,7.5,-0.007,-0.006,-0.3,78,-0.004,-0.2,586,0,-0.5
111306,660271,"Shohei Ohtani",29,2024,59,4,93.7,2,13.4,0.04,0.077,1,121,0.008,3.3,753,0.004,4.2
138164,673548,"Seiya Suzuki",29,2024,16,6,72.7,2,4.8,0.006,-0.024,-0.2,70,-0.004,-0.1,491,0,-0.4
67568,593871,"Jorge Polanco",30,2024,4,2,66.7,1,3.4,-0.006,-0.017,0.1,45,0.003,-0.1,342,0,0
69338,600869,"Jeimer Candelario",30,2024,4,3,57.1,0,0,-0.011,-0.049,-0.1,44,-0.003,-0.2,294,-0.001,-0.3
69455,602104,"Ramón Urías",30,2024,1,1,50,1,14.3,-0.015,-0.033,-0.1,48,-0.003,-0.2,271,-0.001,-0.3
69790,606466,"Ketel Marte",30,2024,7,1,87.5,1,8,-0.012,-0.005,0.1,79,0.001,-0.2,542,0,-0.1
70399,596019,"Francisco Lindor",30,2024,29,4,87.9,1,6.9,0.008,0.032,0.2,101,0.002,0.7,818,0.001,0.9
70607,608324,"Alex Bregman",30,2024,3,1,75,1,3.8,-0.016,0.004,-0.5,96,-0.005,-0.3,475,-0.001,-0.7
70610,608331,"Max Fried",30,2024,,,,,,,,,,,,,,
70613,608336,"Joey Gallo",30,2024,3,1,75,1,4.8,-0.013,-0.004,0,35,-0.001,-0.1,172,0,-0.1
70635,608369,"Corey Seager",30,2024,1,1,50,0,4,-0.021,,-0.5,63,-0.009,,451,,
70636,608371,"Lucas Sims",30,2024,,,,,,,,,,,,,,
70646,608385,"Jesse Winker",30,2024,14,4,77.8,2,11.1,-0.011,-0.02,-0.2,66,-0.003,-0.3,416,-0.001,-0.5
100472,620982,"Ricardo Pinto",30,2024,,,,,,,,,,,,,,
100519,621112,"Paul Blackburn",30,2024,,,,,,,,,,,,,,
100574,621244,"José Berríos",30,2024,,,,,,,,,,,,,,
100595,621311,"David Dahl",30,2024,0,0,,0,0,-0.011,,0,4,-0.011,,34,,
100630,621438,"Tyrone Taylor",30,2024,11,2,84.6,0,8.6,0.014,0.002,0.1,39,0.003,0.2,317,0.001,0.3
100631,621439,"Byron Buxton",30,2024,7,2,77.8,0,20,0.002,-0.019,0.4,46,0.009,-0.1,341,0,0.3
100653,621512,"Tomás Nido",30,2024,0,0,,0,12.5,-0.009,,-0.1,13,-0.01,,88,,
100668,621566,"Matt Olson",30,2024,0,0,,0,4.1,-0.02,,-0.5,74,-0.007,,605,,
101023,622569,"Pablo Reyes",30,2024,1,2,33.3,0,11.1,0.002,-0.048,0,8,0.004,-0.1,63,-0.001,-0.1
102064,605170,"Victor Caratini",30,2024,0,1,0,0,7.7,-0.014,-0.036,-0.2,35,-0.007,-0.1,216,-0.001,-0.4
103747,622088,"Tejay Antone",30,2024,,,,,,,,,,,,,,
103789,596295,"Austin Gomber",30,2024,,,,,,,,,,,,,,
103820,613564,"Jason Vosler",30,2024,0,0,,0,0,-0.007,,,,,,24,,
104869,656811,"Ryan O'Hearn",30,2024,3,1,75,0,4.1,-0.01,-0.018,0,66,0,-0.2,360,0,-0.1
105440,621466,"DJ Stewart",30,2024,1,0,100,1,7.1,-0.018,,-0.1,22,-0.003,,134,,
105531,664056,"Harrison Bader",30,2024,17,8,68,0,9.5,0.039,-0.07,0.4,45,0.01,-0.4,326,-0.001,0
105791,630105,"Jake Cronenworth",30,2024,5,2,71.4,1,7.8,-0.017,-0.06,0.1,75,0.001,-0.4,516,-0.001,-0.3
105846,657557,"Paul DeJong",30,2024,2,2,50,0,6,-0.01,-0.021,-0.3,55,-0.005,-0.2,346,0,-0.4
105978,664058,"David Fletcher",30,2024,0,0,,0,,,,,,,,,,
106102,664059,"Sam Haggerty",30,2024,1,0,100,0,,0.014,-0.005,0,2,0.001,0,15,0,0
106165,656541,"Sam Hilliard",30,2024,5,2,71.4,0,6.7,0.015,-0.017,0.1,17,0.007,0,156,0,0.1
106466,664901,"Danny Mendick",30,2024,6,0,100,0,8.3,0.012,0.024,-0.1,18,-0.004,0.1,147,0.001,0.1
106558,621028,"Kevin Newman",30,2024,8,1,88.9,0,10.6,-0.007,-0.006,0,47,0,-0.1,341,0,-0.1
106745,621458,"Edwin Ríos",30,2024,0,0,,0,0,-0.005,,0,2,0.001,,12,,
106871,622250,"Josh Sborz",30,2024,,,,,,,,,,,,,,
106928,622098,"Drew Smith",30,2024,,,,,,,,,,,,,,
106977,664954,"Brett Sullivan",30,2024,0,0,,0,0,-0.002,,0,1,-0.012,,7,,
107058,664285,"Framber Valdez",30,2024,,,,,,,,,,,,,,
107095,664774,"LaMonte Wade Jr.",30,2024,2,1,66.7,0,4.2,-0.017,-0.027,-0.2,46,-0.004,-0.3,442,-0.001,-0.5
107102,665120,"Jared Walsh",30,2024,0,0,,0,18.2,-0.011,,0,15,0,,43,,
107106,621493,"Taylor Ward",30,2024,6,4,60,3,1.9,-0.008,-0.017,-0.4,72,-0.006,-0.2,607,0,-0.6
107161,664874,"Seby Zavala",30,2024,0,0,,0,0,-0.011,,-0.1,4,-0.017,,39,,
107168,621020,"Dansby Swanson",30,2024,19,3,86.4,0,5.1,0.006,0.031,0.1,90,0.002,0.4,528,0.001,0.5
108235,621345,"A.J. Minter",30,2024,,,,,,,,,,,,,,
108764,642201,"Eli White",30,2024,3,1,75,0,0,0.024,-0.019,0.1,12,0.006,0,64,0,0.1
109036,621545,"Zach Remillard",30,2024,1,0,100,2,0,-0.001,0,-0.1,8,-0.007,0,50,0,-0.1
109101,622268,"Donovan Walton",30,2024,0,0,,0,0,-0.007,,0,2,0,,16,,
109138,666971,"Lourdes Gurriel Jr.",30,2024,7,1,87.5,0,9.7,-0.006,-0.001,-0.3,71,-0.004,-0.1,459,0,-0.4
110699,668942,"Josh Rojas",30,2024,10,4,71.4,1,4.9,0.002,-0.009,-0.1,47,-0.001,0,526,0,-0.1
152764,807799,"Masataka Yoshida",30,2024,2,0,100,0,10.6,-0.015,-0.004,0,46,-0.001,-0.2,416,-0.001,-0.3
66018,547180,"Bryce Harper",31,2024,7,4,63.6,2,4.9,-0.013,-0.034,0.2,76,0.003,-0.3,518,-0.001,-0.1
66982,592273,"Brandon Drury",31,2024,1,0,100,0,0,-0.018,,-0.4,37,-0.011,,272,,
67049,592518,"Manny Machado",31,2024,11,2,84.6,1,8.1,-0.009,-0.029,-0.4,61,-0.007,-0.2,471,-0.001,-0.7
67248,593428,"Xander Bogaerts",31,2024,13,3,81.3,2,4.2,0.006,0,0.1,53,0.003,0.1,389,0,0.2
67574,593934,"Miguel Sanó",31,2024,0,0,,0,0,-0.01,,0,10,0.002,,64,,
68066,595777,"Jurickson Profar",31,2024,10,3,76.9,3,3.2,-0.006,-0.013,-0.3,100,-0.003,-0.2,620,0,-0.5
68087,596142,"Gary Sánchez",31,2024,0,0,,0,0,-0.018,,-0.2,28,-0.008,,191,,
68091,596146,"Max Kepler",31,2024,1,0,100,0,8.6,-0.019,,0,66,0,,406,,
69667,606192,"Teoscar Hernández",31,2024,12,3,80,2,21.8,0,-0.005,0.4,77,0.005,0,549,0,0.4
70217,608070,"José Ramírez",31,2024,41,7,85.4,1,11.9,0.049,0.045,0.1,67,0.001,1.7,483,0.004,1.8
70387,595879,"Javier Báez",31,2024,8,1,88.9,0,10.7,0.012,0.001,0,35,-0.001,0.1,220,0,0.1
70390,595909,"Jake Cave",31,2024,5,2,71.4,0,6.1,-0.002,-0.032,0.1,38,0.003,-0.1,288,0,0
70397,595978,"Austin Hedges",31,2024,2,0,100,0,0,0.004,0.006,-0.2,9,-0.02,0,62,0,-0.2
70406,596115,"Trevor Story",31,2024,6,3,66.7,1,0,0.046,-0.015,0,9,-0.002,0.1,94,0.001,0.1
70408,596129,"Daniel Vogelbach",31,2024,0,0,,0,0,-0.013,,-0.1,9,-0.009,,68,,
70430,605141,"Mookie Betts",31,2024,16,2,88.9,1,5.7,0.002,0.037,-0.1,89,-0.001,0.4,635,0.001,0.3
70473,605397,"Joe Musgrove",31,2024,,,,,,,,,,,,,,
70516,606992,"Eric Haase",31,2024,0,0,,0,14.3,-0.01,,0,8,0,,30,,
70524,607043,"Brandon Nimmo",31,2024,15,0,100,0,9.7,-0.002,0.046,0.1,86,0.002,0.3,601,0.001,0.4
70775,605137,"Josh Bell",31,2024,0,1,0,0,6.7,-0.016,,-0.9,73,-0.013,,537,,
70799,605204,"J.D. Davis",31,2024,0,0,,0,0,-0.014,,-0.3,19,-0.018,,151,,
70882,605346,"Jack López",31,2024,0,1,0,0,12.5,-0.005,-0.031,-0.1,7,-0.008,0,72,0,-0.1
70917,607208,"Trea Turner",31,2024,19,4,82.6,1,16.4,0.008,0.01,1,73,0.013,0.2,515,0,1.2
70926,605244,"Aramis Garcia",31,2024,0,0,,0,,-0.006,,,,,,6,,
70928,605119,"Brian Anderson",31,2024,0,0,,0,,,,,,,,,,
70943,605400,"Aaron Nola",31,2024,,,,,,,,,,,,,,
71098,607536,"Kyle Freeland",31,2024,0,0,,0,,-0.001,,,,,,2,,
71245,596103,"Austin Slater",31,2024,3,2,60,1,0,-0.001,-0.024,0,39,0,-0.1,259,0,-0.1
71295,607644,"John Means",31,2024,,,,,,,,,,,,,,
100945,622491,"Luis Castillo",31,2024,0,0,,0,,,,,,,,,,
101479,623520,"David Bote",31,2024,0,0,,0,33.3,-0.013,,0,7,0.003,,63,,
101614,624424,"Michael Conforto",31,2024,0,1,0,1,4.4,-0.021,,-0.4,57,-0.007,,365,,
101621,624431,"Jose Trevino",31,2024,1,0,100,0,13.6,-0.012,-0.001,-0.2,27,-0.008,-0.1,145,0,-0.3
102061,601713,"Nick Pivetta",31,2024,,,,,,,,,,,,,,
102293,628451,"Andy Ibáñez",31,2024,2,3,40,0,4,-0.003,-0.07,-0.1,33,-0.002,-0.2,257,-0.001,-0.3
102503,641313,"Tim Anderson",31,2024,4,4,50,2,16.7,0.006,-0.035,0,26,0,-0.1,183,0,-0.1
103695,645801,"Mike Ford",31,2024,0,0,,0,0,-0.005,,0,2,-0.017,,17,,
103751,656941,"Kyle Schwarber",31,2024,5,3,62.5,2,4.1,-0.016,-0.053,-0.3,115,-0.003,-0.5,700,-0.001,-0.8
104744,656305,"Matt Chapman",31,2024,15,2,88.2,0,5.3,-0.003,-0.006,1,82,0.012,-0.1,524,0,0.9
104806,656555,"Rhys Hoskins",31,2024,3,0,100,0,2.2,-0.013,0.002,-0.8,52,-0.015,-0.1,344,0,-0.9
105633,664913,"Seth Brown",31,2024,4,2,66.7,0,0,-0.009,-0.025,-0.2,29,-0.006,-0.2,341,-0.001,-0.4
106208,656582,"Connor Joe",31,2024,2,2,50,1,11.4,-0.019,-0.039,0.1,47,0.002,-0.3,365,-0.001,-0.1
106503,664238,"Dylan Moore",31,2024,32,6,84.2,1,22.2,0.041,0.002,0.1,38,0.002,0.7,453,0.001,0.7
106709,663432,"Tanner Rainey",31,2024,,,,,,,,,,,,,,
106973,596117,"Garrett Stubbs",31,2024,5,0,100,0,7.1,0.006,0.012,0.2,27,0.008,0.1,131,0,0.3
108123,664192,"Joey Lucchesi",31,2024,,,,,,,,,,,,,,
109860,666969,"Adolis García",31,2024,11,5,68.8,1,8.8,0.001,-0.072,0,63,0.001,-0.4,461,-0.001,-0.4
113778,680118,"Dairon Blanco",31,2024,31,7,81.6,0,9.5,0.104,0.012,0.3,37,0.009,1.1,236,0.005,1.4
57850,527038,"Wilmer Flores",32,2024,0,0,,0,10,-0.015,,-0.4,21,-0.02,,188,,
59432,545361,"Mike Trout",32,2024,6,1,85.7,0,0,0.02,-0.012,0.1,8,0.01,0,76,0,0.1
59660,571771,"Enrique Hernández",32,2024,0,0,,1,10,-0.02,,-0.1,52,-0.001,,381,,
60095,545121,"Ildemaro Vargas",32,2024,9,4,69.2,2,12.5,0.006,-0.027,-0.1,34,-0.004,0,248,0,-0.2
60408,545341,"Randal Grichuk",32,2024,0,0,,1,17.4,-0.018,,0,25,0,,244,,
60676,572138,"Jon Singleton",32,2024,0,0,,0,2.1,-0.019,,-0.6,62,-0.01,,301,,
60747,542194,"Christian Bethancourt",32,2024,3,0,100,0,7.7,-0.005,-0.007,0,16,0.002,0,126,0,0
60956,570482,"Gio Urshela",32,2024,0,0,,0,0,-0.016,,-0.3,46,-0.006,,429,,
66068,553882,"Omar Narváez",32,2024,0,0,,0,0,-0.012,,0,6,-0.003,,57,,
66110,553993,"Eugenio Suárez",32,2024,2,1,66.7,1,8.7,-0.014,-0.015,-0.6,84,-0.008,-0.2,461,-0.001,-0.9
66719,575929,"Willson Contreras",32,2024,4,1,80,0,15.6,-0.012,-0.023,-0.1,40,-0.001,-0.2,355,-0.001,-0.2
66955,592206,"Nick Castellanos",32,2024,6,2,75,2,6.3,-0.013,-0.03,-0.3,85,-0.004,-0.4,635,-0.001,-0.7
66995,592325,"Ben Gamel",32,2024,1,0,100,0,0,-0.007,-0.007,0.1,24,0.004,0,105,0,0.1
67002,592348,"Niko Goodrum",32,2024,1,1,50,1,,0.005,-0.004,0,2,0.001,0,23,0,0
67072,592626,"Joc Pederson",32,2024,7,4,63.6,2,7.3,-0.005,0.002,0.1,68,0.002,-0.1,423,0,0
67098,592696,"Eddie Rosario",32,2024,9,1,90,0,19,0.01,0.01,0.2,18,0.009,0.1,152,0.001,0.3
67156,592885,"Christian Yelich",32,2024,21,1,95.5,1,8.8,0.024,0.041,0,30,0.001,0.6,313,0.002,0.7
68520,592178,"Kris Bryant",32,2024,0,0,,0,0,-0.015,,0,19,0,,147,,
68592,592426,"Luke Jackson",32,2024,,,,,,,,,,,,,,
68603,592450,"Aaron Judge",32,2024,10,0,100,0,4.3,-0.009,0.022,-0.3,63,-0.005,-0.1,702,0,-0.5
68660,592669,"Hunter Renfroe",32,2024,1,1,50,1,4.2,-0.017,,-0.1,51,-0.002,,286,,
68908,595284,"Andrew Knapp",32,2024,0,0,,0,,,,,,,,,,
70721,608841,"Joey Meneses",32,2024,2,0,100,0,8.7,-0.015,0.001,-0.4,34,-0.011,-0.1,206,-0.001,-0.5
100246,606149,"Giovanny Gallegos",32,2024,,,,,,,,,,,,,,
100661,621550,"Patrick Wisdom",32,2024,5,0,100,0,0,0.008,0.02,-0.1,12,-0.006,0.1,108,0.001,0
101618,624428,"Adam Frazier",32,2024,3,0,100,0,8.3,-0.012,-0.002,0,35,-0.001,-0.1,217,0,-0.1
101657,624585,"Jorge Soler",32,2024,1,0,100,0,6.8,-0.021,-0.006,-0.7,80,-0.008,-0.4,534,-0.001,-1
103417,643393,"Tony Kemp",32,2024,0,0,,0,,0,,0,1,0,,4,,
103451,643446,"Jeff McNeil",32,2024,5,1,83.3,1,5.4,-0.009,0.014,-0.3,64,-0.005,-0.1,471,0,-0.4
103726,650490,"Yandy Díaz",32,2024,0,0,,1,4.6,-0.023,,-0.1,86,-0.001,,767,,
34706,649557,"Aledmys Díaz",33,2024,0,0,,0,33.3,-0.004,,0,1,-0.008,,8,,
58767,543877,"Christian Vázquez",33,2024,3,1,75,0,0,-0.011,-0.022,-0.3,30,-0.01,-0.1,197,-0.001,-0.4
59016,541645,"Avisaíl García",33,2024,0,0,,0,0,-0.01,,0,6,-0.005,,36,,
59145,542303,"Marcell Ozuna",33,2024,1,0,100,0,6.3,-0.019,-0.01,-0.9,82,-0.011,-0.4,652,-0.001,-1.4
59586,571448,"Nolan Arenado",33,2024,2,2,50,0,2.6,-0.015,-0.046,-0.8,88,-0.009,-0.4,543,-0.001,-1.2
59592,571466,"Tucker Barnhart",33,2024,1,0,100,0,6.7,-0.008,-0.001,-0.2,13,-0.014,0,81,0,-0.2
59705,542364,"Rafael Ortega",33,2024,2,0,100,0,,0.02,0,0,2,-0.003,0,29,0.001,0
66057,553869,"Elias Díaz",33,2024,0,0,,0,7.1,-0.005,,-0.5,46,-0.012,,340,,
66594,572191,"Michael A. Taylor",33,2024,12,1,92.3,3,11.8,0.014,0.038,0.2,40,0.004,0.4,280,0.001,0.5
67084,592663,"J.T. Realmuto",33,2024,2,2,50,0,2.2,-0.013,-0.047,0.3,48,0.005,-0.2,331,-0.001,0
70327,543760,"Marcus Semien",33,2024,8,3,72.7,0,5.7,-0.014,-0.037,0,115,0,-0.5,750,-0.001,-0.5
70361,571948,"Hoby Milner",33,2024,,,,,,,,,,,,,,
70673,608596,"Tom Murphy",33,2024,0,0,,0,,-0.007,,0,3,-0.01,,22,,
99914,571745,"Mitch Haniger",33,2024,0,0,,0,2.9,-0.02,,-0.3,57,-0.006,,313,,
99953,573262,"Mike Yastrzemski",33,2024,3,2,60,0,7,-0.006,-0.03,0.3,49,0.007,-0.1,295,0,0.2
100007,571970,"Max Muncy",33,2024,1,0,100,0,3.2,-0.016,0.001,-0.2,44,-0.004,-0.1,248,-0.001,-0.3
100036,571912,"Luke Maile",33,2024,2,0,100,0,11.1,-0.008,-0.001,-0.1,15,-0.008,0,145,0,-0.2
100121,572233,"Christian Walker",33,2024,2,2,50,2,4.5,-0.018,-0.004,-0.4,66,-0.006,-0.3,446,-0.001,-0.7
100171,571657,"Kyle Farmer",33,2024,3,5,37.5,2,4.8,0.009,-0.067,-0.2,34,-0.007,-0.1,196,-0.001,-0.4
100300,608671,"Travis Jankowski",33,2024,11,1,91.7,0,4,0.023,0.025,0.3,20,0.014,0.3,198,0.002,0.6
100317,608701,"Rob Refsnyder",33,2024,2,2,50,2,4.7,-0.011,-0.028,-0.1,49,-0.002,-0.2,339,0,-0.3
100496,621035,"Chris Taylor",33,2024,5,1,83.3,1,9.4,-0.004,0.002,0,32,0,0,180,0,0
100736,622110,"Matt Duffy",33,2024,0,0,,0,0,-0.008,,0,2,-0.006,,23,,
101250,623168,"Tyler Heineman",33,2024,0,0,,0,0,-0.003,,0,1,-0.001,,7,,
102593,641598,"Mitch Garver",33,2024,0,0,,0,8.8,-0.018,,-0.4,36,-0.012,,360,,
103280,642851,"Austin Wynns",33,2024,0,0,,0,0,-0.007,,0,4,-0.005,,29,,
103340,643265,"Garrett Cooper",33,2024,0,0,,0,0,-0.014,,0,12,-0.004,,108,,
103523,643565,"Mike Tauchman",33,2024,6,2,75,0,3.4,-0.001,-0.02,0.2,80,0.002,-0.1,373,0,0.1
50677,501303,"Ehire Adrianza",34,2024,0,0,,0,0,-0.008,,0,3,0.001,,17,,
55877,514888,"Jose Altuve",34,2024,22,7,75.9,3,7.2,0.015,0.011,0.3,111,0.003,0.5,651,0.001,0.8
56289,518692,"Freddie Freeman",34,2024,9,2,81.8,0,11.3,-0.009,-0.017,-0.4,89,-0.004,-0.3,668,0,-0.7
57335,521692,"Salvador Perez",34,2024,0,0,,0,2.5,-0.02,,-0.9,63,-0.014,,524,,
57396,518792,"Jason Heyward",34,2024,5,0,100,1,14.3,-0.004,0.019,0.1,28,0.003,0,248,0,0.1
57514,519203,"Anthony Rizzo",34,2024,0,0,,0,5.6,-0.019,,-0.4,46,-0.009,,343,,
57556,519317,"Giancarlo Stanton",34,2024,0,0,,0,3.6,-0.017,,-0.9,39,-0.022,,321,,
57919,543257,"Robbie Grossman",34,2024,3,0,100,0,0,-0.008,0.001,0,26,0.001,-0.1,211,0,0
57967,543305,"Aaron Hicks",34,2024,0,0,,0,16.7,-0.009,,0.1,8,0.011,,45,,
57969,543309,"Kyle Higashioka",34,2024,2,0,100,0,5.3,-0.006,0.004,-0.3,26,-0.013,0,159,0,-0.4
58750,543859,"Michael Tonkin",34,2024,,,,,,,,,,,,,,
59012,541640,"Erasmo Ramírez",34,2024,,,,,,,,,,,,,,
59626,571578,"Patrick Corbin",34,2024,,,,,,,,,,,,,,
61044,578428,"Jose Iglesias",34,2024,6,2,75,0,12.5,-0.003,-0.014,0.1,34,0.003,-0.1,357,0,0
65953,542963,"Rob Brantly",34,2024,0,0,,0,0,-0.001,,0,1,0.016,,2,,
65992,543807,"George Springer",34,2024,16,1,94.1,1,10.3,0.008,0.031,0,89,0,0.4,545,0.001,0.5
66213,554430,"Zack Wheeler",34,2024,,,,,,,,,,,,,,
67964,595281,"Kevin Kiermaier",34,2024,6,2,75,0,16,0.002,-0.018,0.2,43,0.004,-0.1,209,0,0.1
69159,542932,"Jon Berti",34,2024,5,1,83.3,0,28.6,0.013,-0.012,0.1,16,0.006,0,124,0,0.1
69172,543294,"Kyle Hendricks",34,2024,,,,,,,,,,,,,,
69177,543518,"Scott McGough",34,2024,0,0,,0,,,,,,,,,,
69508,605113,"Nick Ahmed",34,2024,2,1,66.7,1,4,-0.007,-0.001,0,32,-0.001,-0.1,212,0,-0.1
69513,605131,"Austin Barnes",34,2024,3,0,100,0,11.8,-0.003,0.011,-0.2,24,-0.007,0,151,0,-0.2
69523,605156,"Aaron Brooks",34,2024,,,,,,,,,,,,,,
69553,605361,"Nick Martini",34,2024,1,3,25,1,16.7,0,-0.05,0,21,0,-0.1,131,0,0
69854,607054,"Jace Peterson",34,2024,0,0,,0,0,-0.009,,0,1,-0.002,,23,,
69856,607067,"Colin Rea",34,2024,,,,,,,,,,,,,,
70317,543510,"James McCann",34,2024,1,0,100,0,4,-0.011,-0.004,-0.2,25,-0.008,-0.1,157,0,-0.3
70755,543685,"Anthony Rendon",34,2024,6,1,85.7,0,5,-0.007,-0.004,0,25,-0.002,-0.1,251,0,-0.1
71213,607732,"Jacob Stallings",34,2024,0,0,,0,0,-0.016,,-0.7,37,-0.019,,238,,
100666,621563,"Joey Wendle",34,2024,1,0,100,0,0,0.003,-0.005,0,3,0.008,0,31,0,0
104966,657193,"Eddy Alvarez",34,2024,0,0,,0,0,-0.002,,0.1,2,0.032,,4,,
51611,500743,"Miguel Rojas",35,2024,8,2,80,0,23.1,-0.002,-0.007,0,47,0,-0.1,339,0,0
55784,518595,"Travis d'Arnaud",35,2024,1,0,100,0,3,-0.015,0,-0.3,28,-0.01,-0.1,211,0,-0.4
56034,516782,"Starling Marte",35,2024,16,1,94.1,1,4.8,0.034,0.056,0.1,42,0.002,0.8,261,0.003,0.9
59339,518934,"DJ LeMahieu",35,2024,0,1,0,0,0,-0.01,-0.037,-0.3,26,-0.012,-0.1,136,-0.001,-0.4
60625,571945,"Miles Mikolas",35,2024,,,,,,,,,,,,,,
65870,518735,"Yasmani Grandal",35,2024,1,0,100,0,4,-0.015,,-0.5,32,-0.015,,188,,
65879,518876,"Merrill Kelly",35,2024,,,,,,,,,,,,,,
66950,592192,"Mark Canha",35,2024,7,0,100,0,2.3,-0.009,0.011,0.1,46,0.001,-0.1,478,0,0
67175,593160,"Whit Merrifield",35,2024,17,3,85,1,13.2,0.012,-0.001,0.2,48,0.004,0.1,325,0,0.3
67744,594807,"Adam Duvall",35,2024,0,0,,0,6.9,-0.017,,0.1,40,0.003,,233,,
70093,607680,"Kevin Pillar",35,2024,12,3,80,3,12,0.009,0.01,0.1,37,0.002,0.2,309,0.001,0.2
70378,592200,"Curt Casali",35,2024,0,0,,0,7.1,-0.014,,-0.2,14,-0.012,,107,,
48772,456781,"Donovan Solano",36,2024,2,1,66.7,0,3.1,-0.014,-0.028,-0.7,49,-0.014,-0.2,292,-0.001,-0.8
49786,477132,"Clayton Kershaw",36,2024,,,,,,,,,,,,,,
50106,502054,"Tommy Pham",36,2024,7,3,70,2,13.2,-0.008,0.001,-0.3,72,-0.004,-0.1,499,0,-0.4
52260,444482,"David Peralta",36,2024,2,0,100,0,7.1,-0.017,,-0.1,32,-0.004,,180,,
59275,502110,"J.D. Martinez",36,2024,0,0,,0,0,-0.02,,-0.6,45,-0.012,,422,,
59307,502671,"Paul Goldschmidt",36,2024,11,0,100,0,10.7,-0.005,0.037,-0.3,84,-0.003,0.1,570,0,-0.2
59351,523260,"Joe Kelly",36,2024,,,,,,,,,,,,,,
60834,543228,"Yan Gomes",36,2024,0,0,,0,0,-0.011,,0,3,-0.008,,47,,
46400,457705,"Andrew McCutchen",37,2024,3,2,60,0,1.8,-0.016,-0.057,-0.3,75,-0.004,-0.4,563,-0.001,-0.7
47229,471911,"Carlos Carrasco",37,2024,,,,,,,,,,,,,,
48082,455117,"Martín Maldonado",37,2024,0,0,,0,0,-0.011,,-0.2,10,-0.018,,50,,
53155,506433,"Yu Darvish",37,2024,,,,,,,,,,,,,,
57758,543063,"Brandon Crawford",37,2024,0,0,,1,50,-0.014,,-0.1,5,-0.011,,70,,
57996,543339,"Daniel Hudson",37,2024,,,,,,,,,,,,,,
58410,458681,"Lance Lynn",37,2024,,,,,,,,,,,,,,
58453,489119,"Wade Miley",37,2024,,,,,,,,,,,,,,
102005,547989,"José Abreu",37,2024,0,0,,0,0,-0.01,,-0.1,15,-0.005,,55,,
48929,467793,"Carlos Santana",38,2024,4,0,100,0,3.6,-0.011,0.017,-0.3,76,-0.004,-0.1,431,0,-0.4
52804,453568,"Charlie Blackmon",38,2024,6,2,75,0,8.2,-0.007,-0.014,0,75,0,-0.2,450,0,-0.1
60187,572761,"Matt Carpenter",38,2024,0,2,0,1,6.3,-0.014,,-0.1,19,-0.005,,166,,
51991,457759,"Justin Turner",39,2024,0,2,0,0,8.1,-0.016,-0.067,-0.6,82,-0.008,-0.3,487,-0.001,-1
47279,445926,"Jesse Chavez",40,2024,,,,,,,,,,,,,,
48258,450203,"Charlie Morton",40,2024,,,,,,,,,,,,,,
51408,493329,"Yuli Gurriel",40,2024,1,0,100,0,14.3,-0.003,-0.006,0,7,-0.001,0,54,0,0
45613,434378,"Justin Verlander",41,2024,,,,,,,,,,,,,,