"bpid","mlbid","Name","Age","Season","SB","CS","SB%","PO","XBT%","TRAA","SRAA","DRBa","DRBa Opps","DRBa Rate","DRBn","DRBn Opps","DRBn Rate","DRB"
150551,694212,"Samuel Basallo",20,2025,0,0,,0,0,-0.013,,,,,,69,,
170244,805811,"Bryce Eldridge",20,2025,0,0,,0,0,-0.009,,,,,,25,,
147956,691406,"Junior Caminero",21,2025,7,1,87.5,2,7,-0.005,0,-0.1,28,-0.004,-0.1,378,0,-0.2
150534,694192,"Jackson Chourio",21,2025,21,7,75,3,15.9,0.014,0.002,0.2,44,0.004,0.3,595,0.001,0.5
150544,694203,"Denzer Guzman",21,2025,0,0,,0,25,-0.007,,,,,,19,,
150547,694208,"Moisés Ballesteros",21,2025,0,0,,0,11.1,-0.015,,0,1,0,,75,,
151195,695600,"Carter Jensen",21,2025,0,0,,0,9.1,-0.015,,,,,,84,,
153804,701350,"Roman Anthony",21,2025,4,1,80,0,9.8,-0.008,-0.002,0,5,0,-0.1,335,0,-0.1
153843,701398,"Sal Stewart",21,2025,0,0,,0,0,-0.011,,,,,,39,,
157293,702284,"Cole Young",21,2025,1,0,100,0,15,-0.013,-0.007,0,5,-0.001,-0.1,201,0,-0.1
157722,702616,"Jackson Holliday",21,2025,17,11,60.7,3,5,0.015,-0.058,0,41,0.001,-0.6,718,-0.001,-0.5
111669,682634,"Kevin Alcántara",22,2025,1,0,100,0,25,0.001,0,,,,0,40,0,
141799,683357,"Owen Caissie",22,2025,0,0,,0,0,-0.006,,,,,,19,,
147897,691185,"Maximo Acosta",22,2025,1,2,33.3,0,0,0.024,-0.027,,,,0,36,0,
147898,691182,"Adael Amador",22,2025,1,1,50,0,0,0.003,-0.016,0,8,-0.002,0,68,0,0
147900,691176,"Jasson Domínguez",22,2025,23,5,82.1,1,9.4,0.032,0.003,0.1,31,0.003,0.5,416,0.001,0.6
147988,691373,"Jhostynxon Garcia",22,2025,0,0,,0,,-0.007,,,,,,31,,
148246,691594,"Javier Sanoja",22,2025,6,5,54.5,2,19.4,0.013,-0.024,0.1,16,0.009,0,265,0,0.2
148298,691781,"Brady House",22,2025,5,3,62.5,1,9.5,0.009,-0.006,0,3,-0.003,0,175,0,0
148300,691783,"Jordan Lawlar",22,2025,2,0,100,0,0,-0.003,-0.007,,,,0,56,0,
148304,691785,"Marcelo Mayer",22,2025,0,2,0,0,30,0,-0.028,0,3,0.002,0,90,0,0
148307,691777,"Max Muncy",22,2025,1,1,50,0,6.3,-0.006,-0.013,0.1,8,0.007,0,162,0,0
148648,694497,"Evan Carter",22,2025,14,2,87.5,3,28.6,0.038,0.013,0,10,0.005,0.3,162,0.002,0.3
149874,696030,"Alejandro Osuna",22,2025,5,4,55.6,0,0,0.03,-0.036,0,5,0,0,150,0,0
150017,700337,"Edgar Quero",22,2025,0,1,0,1,2.5,-0.015,,-0.1,14,-0.005,,329,,
150294,692585,"Yanquiel Fernández",22,2025,0,0,,0,0,-0.011,,,,,,101,,
151206,701538,"Jackson Merrill",22,2025,1,2,33.3,0,10.6,-0.015,-0.019,0.1,28,0.002,-0.2,412,-0.001,-0.2
151225,695578,"James Wood",22,2025,15,7,68.2,2,10.7,0.01,-0.036,0.1,44,0.002,-0.2,609,0,-0.1
151486,695670,"Harry Ford",22,2025,0,0,,0,0,-0.003,,,,,,5,,
151521,695734,"Daylen Lile",22,2025,8,6,57.1,4,13.6,0.025,-0.037,0.1,7,0.016,0,281,0,0.1
151544,700246,"Carson Williams",22,2025,2,1,66.7,1,12.5,0.002,-0.004,,,,0,34,0,
152771,695506,"Jac Caglianone",22,2025,1,0,100,0,8.3,-0.007,-0.001,0,3,0.001,0,101,0,0
153809,701358,"Cam Smith",22,2025,8,1,88.9,1,12.7,-0.009,-0.002,0,32,0,-0.1,393,0,-0.1
153974,701762,"Nick Kurtz",22,2025,2,1,66.7,0,6.7,-0.015,-0.007,0,10,0,-0.2,422,-0.001,-0.2
156087,691720,"Kyle Karros",22,2025,0,0,,1,0,-0.013,,,,,,158,,
157008,695681,"Christian Moore",22,2025,3,0,100,0,4.8,-0.003,0.001,0,2,-0.012,0,156,0,0
163722,805373,"Nacho Alvarez Jr.",22,2025,0,0,,0,0,-0.018,,,,,,167,,
170199,807712,"Luke Keaschall",22,2025,14,3,82.4,0,0,0.031,-0.005,0.1,4,0.019,0.2,269,0.001,0.3
111462,682668,"Luisangel Acuña",23,2025,16,1,94.1,1,21.4,0.03,0.036,0.1,28,0.004,0.6,284,0.002,0.7
111885,682626,"Francisco Alvarez",23,2025,0,0,,0,2.9,-0.017,,0,13,-0.004,,265,,
113517,682653,"Warming Bernabel",23,2025,1,1,50,0,10,-0.003,-0.016,,,,0,139,0,
116377,682729,"Jonatan Clase",23,2025,3,1,75,1,0,0.023,-0.003,0,14,0.001,0,70,0.001,0.1
117798,682829,"Elly De La Cruz",23,2025,37,8,82.2,4,14.1,0.041,0.009,0.2,44,0.005,0.9,498,0.002,1.1
127835,682622,"Noelvi Marte",23,2025,10,3,76.9,0,15.2,0.027,-0.009,0,7,-0.001,0.1,226,0.001,0.1
127926,682657,"Angel Martínez",23,2025,8,2,80,3,14.3,0.002,0.003,0.1,23,0.005,0,392,0,0.2
128307,682641,"Luis Matos",23,2025,4,0,100,0,4.8,0.003,0.009,0,8,0.002,0,172,0,0.1
130914,678877,"Jhonkensy Noel",23,2025,0,0,,0,10,-0.012,,0,12,0.002,,96,,
131840,677347,"Kyren Paris",23,2025,7,1,87.5,0,22.2,0.038,0.005,0.1,12,0.008,0.1,90,0.002,0.2
133524,682663,"Agustín Ramírez",23,2025,16,3,84.2,0,10.5,0.008,0.004,-0.2,24,-0.008,0.2,451,0,0
133655,682868,"Bryan Ramos",23,2025,0,0,,0,,-0.004,,,,,,8,,
139025,678662,"Ezequiel Tovar",23,2025,5,3,62.5,1,15.2,0.001,-0.025,0,12,-0.001,-0.1,361,0,-0.1
142588,683748,"Victor Mesa Jr.",23,2025,0,0,,0,33.3,-0.006,,,,,,21,,
144172,687231,"Darell Hernaiz",23,2025,3,4,42.9,1,10,0.008,-0.043,,,,-0.1,170,0,
144717,687637,"Dylan Beavers",23,2025,2,2,50,0,7.7,-0.001,-0.024,,,,-0.1,191,0,
147776,686611,"Dylan Crews",23,2025,17,5,77.3,1,15.6,0.045,-0.013,0,17,0.002,0.2,237,0.001,0.3
147790,690976,"Alex Freeland",23,2025,1,0,100,0,0,-0.007,-0.003,,,,0,79,0,
147801,690984,"Petey Halpin",23,2025,0,0,,0,25,-0.004,,,,,,8,,
147804,690987,"Robert Hassell III",23,2025,4,0,100,0,11.5,0.002,0.005,0,6,0.001,0,106,0,0
147813,690993,"Colt Keith",23,2025,1,1,50,0,12.5,-0.016,-0.014,0.2,35,0.005,-0.3,474,-0.001,-0.1
147846,691011,"Drew Romo",23,2025,0,0,,0,,,,,,,,,,
147855,691016,"Tyler Soderstrom",23,2025,8,3,72.7,1,10.3,-0.003,-0.005,-0.1,40,-0.004,-0.1,492,0,-0.2
147861,691019,"Kyle Teel",23,2025,3,1,75,1,0,-0.015,-0.006,0,2,-0.007,-0.2,313,-0.001,-0.2
147867,691023,"Jordan Walker",23,2025,10,3,76.9,1,12.1,0,0.016,0,17,-0.003,0.1,425,0,0.1
147872,691026,"Masyn Winn",23,2025,9,5,64.3,1,9.3,0,-0.007,0.3,44,0.007,0,409,0,0.3
148154,691718,"Pete Crow-Armstrong",23,2025,35,8,81.4,3,13.5,0.053,0.004,0.2,35,0.007,0.8,421,0.002,1.1
148371,691907,"Tsung-Che Cheng",23,2025,0,1,0,0,,0.029,-0.019,,,,0,5,-0.001,
148616,691723,"Coby Mayo",23,2025,3,0,100,0,12.5,-0.009,-0.001,0,5,0.003,-0.1,208,0,-0.1
148617,691728,"Zac Veen",23,2025,1,1,50,0,0,0.014,-0.015,0,1,-0.002,0,41,0,0
148643,694377,"Nick Yorke",23,2025,1,0,100,0,25,-0.009,-0.008,,,,0,88,0,
148658,695336,"Thomas Saggese",23,2025,3,0,100,0,8.1,-0.014,0.002,0.1,5,0.012,-0.1,237,0,-0.1
151347,695657,"Colson Montgomery",23,2025,0,0,,2,0,-0.017,,,,,,197,,
156048,692225,"Kristian Campbell",23,2025,2,1,66.7,1,7.1,-0.012,-0.011,0,36,0.001,-0.1,232,0,-0.1
156461,694728,"Brice Matthews",23,2025,1,0,100,0,0,-0.006,,,,,,13,,
160132,694384,"Nolan Schanuel",23,2025,5,1,83.3,0,0,-0.016,0.009,-0.2,53,-0.004,-0.4,795,-0.001,-0.6
160384,694671,"Wyatt Langford",23,2025,22,6,78.6,3,9.4,0.016,-0.001,0.1,26,0.005,0.3,576,0.001,0.4
160972,692216,"C.J. Kayfus",23,2025,4,0,100,1,7.7,-0.003,0.002,,,,0,106,0,
161277,699625,"Jimmy Crooks",23,2025,0,0,,0,50,-0.005,,,,,,19,,
163439,805779,"Jacob Wilson",23,2025,5,2,71.4,1,3.3,-0.012,-0.001,0,38,-0.001,-0.2,564,0,-0.3
163779,805367,"Chase Meidroth",23,2025,14,4,77.8,2,6.8,-0.002,0.001,-0.1,43,-0.002,0,631,0,-0.1
170210,807713,"Matt Shaw",23,2025,17,5,77.3,1,7.9,0.024,-0.022,0.1,15,0.006,0.1,351,0,0.2
111298,677595,"Ronny Mauricio",24,2025,4,0,100,0,7.7,0.003,0.01,0,6,-0.004,0,137,0,0
111303,677870,"Leo Jiménez",24,2025,0,0,,0,0,-0.005,,,,,,11,,
111305,677592,"Everson Pereira",24,2025,2,0,100,1,14.3,0.003,-0.006,,,,0,36,0,
111352,682928,"CJ Abrams",24,2025,31,3,91.2,4,11.8,0.019,0.036,0.3,43,0.007,1,672,0.002,1.3
112765,681460,"Brooks Baldwin",24,2025,5,0,100,1,11.1,-0.009,0,0,6,0.007,-0.1,282,0,0
112947,678489,"Jorge Barrosa",24,2025,0,0,,0,16.7,-0.009,,,,,,34,,
113730,672012,"Tyler Black",24,2025,0,1,0,0,,0.014,-0.015,,,,0,6,-0.001,
114935,671732,"Lawrence Butler",24,2025,22,7,75.9,2,10.6,0.029,-0.015,0.2,36,0.005,0.3,539,0.001,0.5
122787,682998,"Corbin Carroll",24,2025,32,6,84.2,1,10,0.025,0.01,0.2,36,0.004,0.7,646,0.001,0.9
122795,682985,"Riley Greene",24,2025,2,1,66.7,0,10.9,-0.016,-0.014,0.2,42,0.004,-0.3,560,-0.001,-0.1
122896,671739,"Michael Harris II",24,2025,20,6,76.9,3,6.8,0.013,0.003,0.1,25,0.004,0.3,595,0.001,0.4
123218,683002,"Gunnar Henderson",24,2025,30,5,85.7,0,14.9,0.021,0.014,0.2,33,0.006,0.8,687,0.001,1
123722,677956,"Rece Hinds",24,2025,0,0,,0,0,-0.004,,,,,,13,,
128864,678554,"Curtis Mead",24,2025,5,1,83.3,0,14.3,-0.005,-0.006,0,11,-0.002,-0.1,220,0,-0.1
131720,681624,"Andy Pages",24,2025,14,7,66.7,1,11.5,0.012,-0.036,0,33,0.001,-0.1,532,0,-0.1
132154,678894,"Liover Peguero",24,2025,4,0,100,1,0,0.021,0.015,0,1,0,0.1,66,0.001,0.1
133479,678882,"Ceddanne Rafaela",24,2025,20,5,80,4,18.9,0.018,0.026,0.2,39,0.004,0.6,483,0.001,0.8
134616,677587,"Brayan Rocchio",24,2025,8,4,66.7,1,7.9,0.005,-0.004,-0.1,14,-0.006,0,300,0,-0.1
134822,677594,"Julio Rodríguez",24,2025,30,6,83.3,5,4.4,0.021,0.019,0.1,39,0.003,0.8,625,0.001,0.9
135022,679032,"Johan Rojas",24,2025,12,2,85.7,0,22.7,0.072,0.004,0.2,15,0.013,0.3,122,0.003,0.5
138565,677588,"José Tena",24,2025,3,1,75,0,7.7,-0.003,-0.009,0.1,16,0.008,0,171,0,0.1
139549,671655,"George Valera",24,2025,0,0,,0,0,-0.01,,,,,,46,,
140120,678391,"Jorbit Vivas",24,2025,0,0,,0,0,-0.015,,0,5,-0.002,,68,,
140156,683011,"Anthony Volpe",24,2025,18,8,69.2,2,4.2,0.02,-0.022,0,30,-0.002,0.1,510,0,0
141718,683227,"Cody Freeman",24,2025,1,1,50,0,7.1,0.001,-0.019,,,,0,69,0,
141735,683090,"Matthew Lugo",24,2025,0,0,,0,14.3,-0.01,,0,5,-0.001,,42,,
141747,683083,"Nasim Nuñez",24,2025,9,1,90,1,12.5,0.035,0.022,0,5,0.006,0.2,115,0.002,0.3
143959,686948,"Drake Baldwin",24,2025,0,0,,0,9.1,-0.018,,0,16,-0.001,,386,,
144289,686797,"Brooks Lee",24,2025,3,1,75,1,4.5,-0.014,-0.008,-0.1,29,-0.003,-0.2,472,0,-0.3
144429,687263,"Zach Neto",24,2025,26,9,74.3,4,13.7,0.031,-0.024,0,36,0,0.1,534,0,0.1
144540,687221,"Dalton Rushing",24,2025,0,0,,0,0,-0.012,,0,4,-0.003,,99,,
144555,687363,"Victor Scott II",24,2025,34,4,89.5,3,5,0.053,0.036,0.6,41,0.014,1.4,414,0.003,2
144718,687597,"Jordan Beck",24,2025,19,8,70.4,3,17,0.033,-0.008,0.1,29,0.003,0.4,480,0.001,0.5
144811,687551,"Drew Gilbert",24,2025,1,1,50,0,0,-0.007,-0.003,,,,0,79,0,
144940,687529,"Grant McCray",24,2025,0,0,,0,,-0.009,,,,,,36,,
145096,687515,"Colby Thomas",24,2025,2,1,66.7,1,0,0.004,-0.002,,,,0,108,0,
146339,690291,"Jace Jung",24,2025,0,0,,0,12.5,-0.007,,0,6,0.001,,23,,
146515,682988,"Tyler Locklear",24,2025,3,1,75,0,9.1,0.018,-0.01,,,,0,52,0,
146693,689200,"Jacob Melton",24,2025,7,2,77.8,0,20,0.068,-0.005,0,4,-0.007,0.2,78,0.002,0.1
146945,688363,"Graham Pauley",24,2025,2,0,100,1,5,-0.011,0,0,11,0.002,-0.1,153,0,0
147123,690022,"Ryan Ritter",24,2025,3,1,75,0,20,-0.003,-0.009,0,7,0.005,0,191,0,0
151394,700932,"Kyle Manzardo",24,2025,2,0,100,0,9.5,-0.019,0,0,15,0,-0.3,498,-0.001,-0.3
153929,701675,"Nathan Church",24,2025,1,0,100,1,12.5,-0.002,-0.003,,,,0,50,0,
162174,802415,"Chandler Simpson",24,2025,44,12,78.6,3,18.9,0.069,0.002,0.1,21,0.004,1.3,530,0.002,1.4
163702,805300,"Jakob Marsee",24,2025,14,6,70,2,18.5,0.05,-0.022,,,,0.2,216,0.001,
163734,805904,"Zach Cole",24,2025,3,0,100,0,33.3,0.016,0.004,,,,0,32,0.001,
163807,804668,"Rafael Flores",24,2025,0,0,,0,0,-0.011,,,,,,36,,
167784,810938,"Ben Williamson",24,2025,5,1,83.3,0,10.5,-0.007,-0.005,-0.1,37,-0.002,-0.1,352,0,-0.2
109139,671277,"Luis García Jr.",25,2025,14,5,73.7,0,10.9,0.02,-0.016,0,34,0,0.1,408,0,0.1
109355,672356,"Gabriel Arias",25,2025,8,4,66.7,1,14.7,-0.007,-0.036,0.2,30,0.007,-0.3,390,-0.001,-0.1
109543,672744,"Alexander Canario",25,2025,3,1,75,0,0,-0.009,-0.011,0,14,-0.001,-0.1,243,0,-0.1
109864,672580,"Maikel Garcia",25,2025,23,9,71.9,7,10.4,0.024,-0.016,0.1,42,0.003,0.2,554,0,0.4
110017,671056,"Iván Herrera",25,2025,8,2,80,1,15.5,-0.005,0.001,-0.1,22,-0.003,-0.1,474,0,-0.2
110402,672515,"Gabriel Moreno",25,2025,2,2,50,1,9.1,-0.013,-0.012,0,28,0,-0.2,328,0,-0.2
110476,672359,"Tirso Ornelas",25,2025,0,0,,1,,-0.005,,0,1,-0.001,,9,,
110535,672724,"Oswald Peraza",25,2025,9,0,100,0,4.5,0.011,0.004,0,12,0.001,0.1,190,0,0.1
110536,672695,"Geraldo Perdomo",25,2025,27,6,81.8,3,8.7,0.011,0.022,0.1,40,0.001,0.7,784,0.001,0.7
110551,672761,"Wenceel Pérez",25,2025,8,3,72.7,4,9.5,0.003,-0.011,0.1,9,0.007,0,270,0,0
110621,671218,"Heliot Ramos",25,2025,6,4,60,2,8.5,-0.009,-0.022,0.4,53,0.007,-0.3,730,0,0.1
110685,671286,"Johnathan Rodríguez",25,2025,1,0,100,0,0,-0.014,,0,1,0,,71,,
110868,672820,"Lenyn Sosa",25,2025,2,1,66.7,0,5.6,-0.013,-0.016,-0.2,17,-0.012,-0.2,393,-0.001,-0.4
111017,668901,"Mark Vientos",25,2025,1,0,100,0,9.4,-0.017,0.001,-0.1,16,-0.008,-0.2,389,-0.001,-0.4
111154,676679,"Luis Vázquez",25,2025,2,0,100,0,0,0.002,-0.002,,,,0,75,0,
111498,677941,"Jordyn Adams",25,2025,0,0,,0,,-0.001,,0,2,0.013,,3,,
112639,678225,"Ji Hwan Bae",25,2025,4,1,80,0,0,0.042,-0.003,,,,0.1,42,0.001,
112807,677943,"Will Banfield",25,2025,0,0,,0,,-0.002,,,,,,4,,
112867,680718,"Addison Barger",25,2025,4,1,80,0,13.5,-0.009,-0.006,0,27,0.001,-0.1,355,0,-0.1
113835,669208,"Ryan Bliss",25,2025,2,2,50,2,0,0.011,-0.004,0,3,0.006,0,40,0,0
115660,671213,"Triston Casas",25,2025,0,0,,0,0,-0.011,,-0.1,13,-0.007,,91,,
116366,672016,"Denzel Clarke",25,2025,6,0,100,0,12.5,0.006,0.01,0,18,0.001,0,129,0,0.1
117074,681297,"Colton Cowser",25,2025,14,0,100,1,13.3,0.02,0.027,0.1,7,0.01,0.4,267,0.001,0.4
117672,680779,"Henry Davis",25,2025,2,1,66.7,0,12.5,-0.006,-0.01,0,12,0,-0.1,183,0,-0.1
118072,680728,"Adrian Del Castillo",25,2025,0,0,,0,0,-0.014,,,,,,110,,
118309,672282,"Reid Detmers",25,2025,,,,,,,,,,,,,,
119177,669364,"Xavier Edwards",25,2025,27,7,79.4,5,11.9,0.018,0.009,-0.1,45,-0.002,0.6,731,0.001,0.5
121206,680869,"Zack Gelof",25,2025,1,2,33.3,0,10,0.015,-0.029,,,,0,65,0,
121931,669357,"Nolan Gorman",25,2025,1,1,50,3,12,-0.019,,0,17,0.002,,277,,
123409,681715,"Heriberto Hernandez",25,2025,,,,,,-0.015,,0,5,0.003,,99,,
123409,681715,"Heriberto Hernández",25,2025,1,1,50,0,8,-0.013,-0.018,,,,-0.1,116,-0.001,
124483,669236,"Jeremiah Jackson",25,2025,0,2,0,1,9.5,-0.008,-0.029,,,,-0.1,133,-0.001,
125372,672284,"Jarred Kelenic",25,2025,0,1,0,1,0,-0.011,,0,4,0.002,,46,,
126483,683004,"Jack Leiter",25,2025,0,0,,0,,,,,,,,,,
127532,669234,"Justyn-Henry Malloy",25,2025,0,0,,0,18.2,-0.011,,0,15,-0.002,,92,,
128758,680574,"Matt McLain",25,2025,18,2,90,0,10,0.011,0.018,0.3,32,0.009,0.3,451,0.001,0.6
128870,678009,"Parker Meadows",25,2025,4,0,100,0,3.7,-0.007,0.002,0,8,0.001,0,185,0,0
130661,666310,"Bo Naylor",25,2025,1,2,33.3,0,8.8,-0.011,-0.019,0,21,-0.002,-0.1,279,0,-0.2
130940,681393,"Connor Norby",25,2025,8,2,80,1,10.8,0.001,0.013,0,25,-0.002,0.1,327,0,0
131149,681351,"Logan O'Hoppe",25,2025,2,1,66.7,0,2.7,-0.009,-0.012,0,16,0,-0.1,234,0,-0.1
131409,680716,"Jonathan Ornelas",25,2025,0,0,,0,,-0.004,,,,,,8,,
132680,671976,"Tristan Peters",25,2025,0,0,,0,,,,,,,,,,
134717,682848,"Endy Rodríguez",25,2025,0,1,0,0,50,-0.001,-0.014,0,4,0,0,33,0,0
136838,672279,"Michael Siani",25,2025,0,0,,0,33.3,-0.01,,0,5,-0.001,,49,,
136960,682927,"Ronny Simon",25,2025,1,0,100,0,0,0,0.002,0,12,0.003,0,67,0,0
138635,677950,"Alek Thomas",25,2025,7,4,63.6,2,13.7,-0.005,-0.018,0.2,25,0.009,-0.1,408,0,0.1
138910,679529,"Spencer Torkelson",25,2025,2,1,66.7,0,9,-0.016,-0.011,-0.1,36,-0.002,-0.3,539,-0.001,-0.4
139196,668930,"Brice Turang",25,2025,24,8,75,1,14.6,0.014,-0.016,0.2,54,0.004,0.1,758,0,0.3
139705,678246,"Miguel Vargas",25,2025,6,0,100,0,13,-0.01,0.01,0,38,0,-0.1,483,0,-0.2
140577,669224,"Austin Wells",25,2025,5,1,83.3,0,3,-0.01,-0.014,0,26,-0.001,-0.2,361,0,-0.2
141166,677951,"Bobby Witt Jr.",25,2025,38,9,80.9,2,23.6,0.033,0.014,0.2,44,0.004,1.1,662,0.002,1.3
141269,669398,"Gage Workman",25,2025,1,0,100,0,0,-0.003,,0,3,0.005,,7,,
141688,683146,"Brett Baty",25,2025,8,0,100,2,0,0.007,0.021,0,12,0.001,0.2,271,0.001,0.2
141693,682997,"Tyler Callihan",25,2025,0,0,,0,0,-0.007,,,,,,12,,
143435,685744,"Kenedy Corona",25,2025,0,0,,0,0,-0.003,,,,,,7,,
144778,687952,"Christian Encarnacion-Strand",25,2025,0,2,0,0,10,-0.003,-0.034,0.1,10,0.006,0,101,0,0
144832,687957,"Dustin Harris",25,2025,1,1,50,0,66.7,0.021,-0.01,0,3,0.009,0,32,0,0
147481,689041,"Rhylan Thomas",25,2025,0,0,,0,0,-0.005,,0,3,0.001,,15,,
149417,696100,"Hunter Goodman",25,2025,1,2,33.3,1,16.7,-0.014,-0.027,0,26,-0.001,-0.3,485,-0.001,-0.3
151226,700242,"Trey Sweeney",25,2025,3,1,75,0,6.7,-0.01,-0.01,0,24,0.001,-0.1,319,0,-0.1
151281,686217,"Sal Frelick",25,2025,19,6,76,3,9.5,0.003,-0.003,0.5,46,0.01,0.1,649,0,0.5
151300,702332,"Caleb Durbin",25,2025,18,6,75,4,4.7,0.017,-0.012,0,29,0,0.1,432,0,0.1
151463,696285,"Jacob Young",25,2025,15,11,57.7,3,6.5,0.038,-0.042,0.1,23,0.006,0,320,0,0.1
153145,702358,"Trey Lipscomb",25,2025,0,0,,0,,0.004,,,,,,1,,
153781,701305,"Zach Dezenzo",25,2025,1,0,100,0,11.1,-0.009,0.006,0,11,-0.002,0,86,0,0
157585,702176,"Alan Roden",25,2025,1,1,50,0,5.6,0.001,-0.013,0,18,0,0,117,0,0
163882,805249,"Otto Kemp",25,2025,2,2,50,0,0,0.001,-0.025,0,12,0,-0.1,200,0,0
106820,660688,"Keibert Ruiz",26,2025,0,2,0,0,7.7,-0.011,-0.036,-0.2,20,-0.008,-0.1,238,-0.001,-0.3
107182,665742,"Juan Soto",26,2025,37,5,88.1,5,4.8,0.023,0.057,0.1,40,0.002,1.6,726,0.002,1.7
107184,665489,"Vladimir Guerrero Jr.",26,2025,6,3,66.7,1,3.8,-0.013,-0.024,-0.1,53,-0.001,-0.5,748,-0.001,-0.5
107293,665750,"Leody Taveras",26,2025,9,3,75,1,7.7,0.058,-0.004,0,17,-0.002,0.2,117,0.002,0.2
107401,665804,"Miguel Amaya",26,2025,0,0,,0,7.7,-0.012,,0,11,-0.003,,70,,
107439,668731,"Akil Baddoo",26,2025,1,0,100,0,,0.028,-0.001,,,,0,4,0.001,
107561,665828,"Oswaldo Cabrera",26,2025,0,1,0,0,6.7,-0.009,-0.019,0,16,0,0,113,0,0
107582,666185,"Dylan Carlson",26,2025,3,3,50,1,8.3,-0.002,-0.02,0,5,-0.003,-0.1,214,0,-0.1
107628,665953,"Andrés Chaparro",26,2025,0,0,,0,0,-0.008,,0,1,0,,43,,
107675,665833,"Oneil Cruz",26,2025,38,5,88.4,0,18.2,0.047,0.037,0.1,50,0.002,1.6,521,0.003,1.7
107784,665877,"José Fermín",26,2025,2,2,50,0,0,-0.011,-0.018,,,,-0.1,115,-0.001,
107858,665926,"Andrés Giménez",26,2025,12,2,85.7,1,14.6,0.015,0.006,0.1,22,0.002,0.2,286,0.001,0.2
108145,665561,"Rafael Marchán",26,2025,0,0,,0,0,-0.015,,-0.1,8,-0.009,,120,,
108284,665966,"Carlos Narváez",26,2025,1,1,50,2,0,-0.015,,-0.2,24,-0.008,,320,,
108350,670623,"Isaac Paredes",26,2025,0,1,0,0,0,-0.017,,-0.2,28,-0.006,,381,,
108479,665861,"Sebastián  Rivero",26,2025,1,0,100,0,16.7,-0.008,,,,,,36,,
108525,665923,"Esteury Ruiz",26,2025,4,0,100,0,0,0.046,0.006,,,,0,23,0.002,
108651,665487,"Fernando Tatis Jr.",26,2025,32,7,82.1,2,5.6,0.025,0.009,0,51,0.001,0.7,613,0.001,0.7
108656,669392,"Samad Taylor",26,2025,0,0,,0,33.3,,,,,,,,,
108701,665839,"Enmanuel Valdez",26,2025,0,0,,0,10,-0.014,,0,6,-0.005,,86,,
109083,669261,"Jack Suwinski",26,2025,7,1,87.5,1,13.3,0.001,0.008,0.1,6,0.009,0,146,0,0.1
109125,670970,"Adrian Morejon",26,2025,,,,,,,,,,,,,,
109295,666176,"Jo Adell",26,2025,5,1,83.3,1,3.8,-0.01,-0.004,0,15,0.003,-0.2,401,0,-0.1
109318,669397,"Nick Allen",26,2025,8,7,53.3,1,11.1,0.012,-0.048,0,29,0.001,-0.2,399,-0.001,-0.2
109448,672642,"Steward Berroa",26,2025,1,0,100,0,0,-0.003,,,,,,4,,
109542,669134,"Luis Campusano",26,2025,0,0,,0,0,-0.004,,,,,,9,,
109738,673237,"Yainer Diaz",26,2025,1,1,50,0,3.8,-0.018,-0.017,0,31,0.001,-0.3,466,-0.001,-0.3
109838,671289,"Tyler Freeman",26,2025,18,9,66.7,4,9.1,0.029,-0.031,0,21,-0.001,0,481,0,0
110120,671083,"Buddy Kennedy",26,2025,0,0,,0,,-0.008,,,,,,33,,
110182,668904,"Royce Lewis",26,2025,12,2,85.7,1,4.8,0.008,0,0,9,0.002,0.1,321,0,0.1
110207,672640,"Otto Lopez",26,2025,15,6,71.4,1,12.2,0.015,-0.007,0.2,27,0.006,0.2,458,0,0.3
110333,669004,"MJ Melendez",26,2025,0,0,,0,33.3,-0.007,,0,3,-0.001,,31,,
110401,666624,"Christopher Morel",26,2025,7,2,77.8,2,6.7,0.009,0.005,0.1,16,0.004,0.1,211,0,0.1
110800,676914,"Davis Schneider",26,2025,3,1,75,0,4.3,-0.001,-0.002,0,8,0.003,0,169,0,0
111018,668723,"Ryan Vilade",26,2025,0,0,,0,0,-0.006,,0,3,0,,17,,
111044,671221,"Drew Waters",26,2025,5,3,62.5,2,0,0.018,-0.021,0.1,29,0.003,0,168,0,0.1
111086,677800,"Wilyer Abreu",26,2025,6,3,66.7,1,5.1,-0.007,-0.026,-0.1,25,-0.003,-0.2,321,-0.001,-0.3
111090,676070,"Jacob Amaya",26,2025,2,0,100,0,0,-0.002,-0.004,0.1,8,0.009,0,49,0,0.1
111187,677649,"Ezequiel Duran",26,2025,11,2,84.6,1,23.8,0.01,-0.009,,,,0,223,0,
111216,672386,"Alejandro Kirk",26,2025,1,0,100,0,0,-0.019,,-0.3,22,-0.016,,419,,
111707,677942,"Blaze Alexander",26,2025,4,6,40,2,6.7,0.019,-0.053,,,,-0.1,219,-0.001,
112687,672275,"Patrick Bailey",26,2025,1,0,100,0,12.9,-0.016,-0.003,-0.1,14,-0.005,-0.2,380,-0.001,-0.3
114833,676475,"Alec Burleson",26,2025,5,1,83.3,0,9.1,-0.012,-0.003,-0.1,25,-0.005,-0.2,477,0,-0.3
118215,676356,"Jonny DeLuca",26,2025,6,0,100,0,0,0.046,0.008,0,5,0,0.1,49,0.002,0.1
119234,671284,"Tim Elko",26,2025,1,0,100,0,0,-0.005,-0.003,0,4,-0.001,0,58,0,0
120345,679822,"Justin Foscue",26,2025,0,0,,0,,,,,,,,,,
125175,666397,"Edouard Julien",26,2025,0,3,0,1,6.3,-0.01,-0.033,0,14,0.002,-0.1,208,-0.001,-0.1
125642,677008,"Heston Kjerstad",26,2025,1,0,100,1,0,-0.007,0,0,15,0.002,0,92,0,0
126858,679845,"Nick Loftin",26,2025,1,1,50,0,5.9,-0.007,-0.015,0,8,-0.001,0,141,0,-0.1
127849,668885,"Austin Martin",26,2025,11,4,73.3,1,5,0.021,-0.023,,,,0,269,0,
129622,669003,"Garrett Mitchell",26,2025,3,0,100,0,12.5,0.018,0.004,0.1,5,0.011,0,59,0.001,0.1
136264,669477,"Casey Schmitt",26,2025,0,0,,0,0,-0.019,,0,7,-0.002,,219,,
136475,678011,"Anthony Seigler",26,2025,2,0,100,0,11.1,-0.004,-0.002,,,,0,54,0,
136621,676044,"Bob Seymour",26,2025,1,0,100,0,0,-0.011,,,,,,52,,
137780,677060,"Chad Stevens",26,2025,0,1,0,0,0,-0.004,,,,,,12,,
137960,675911,"Spencer Strider",26,2025,,,,,,,,,,,,,,
138572,669326,"Bryce Teodosio",26,2025,7,1,87.5,0,0,0.039,0.005,,,,0.2,110,0.002,
138833,669911,"Michael Toglia",26,2025,3,0,100,0,7.1,-0.009,0.009,0,20,-0.001,-0.1,241,0,-0.1
140632,676059,"Jordan Westburg",26,2025,1,2,33.3,1,5.9,-0.013,-0.028,0.1,18,0.003,-0.2,342,-0.001,-0.1
141102,669717,"Will Wilson",26,2025,2,0,100,0,25,0.01,0.005,0,2,-0.005,0,49,0,0
141127,676466,"Jack Winkler",26,2025,1,0,100,0,,0.005,0.004,,,,0,18,0,
143882,686676,"Korey Lee",26,2025,0,0,,0,0,-0.013,,-0.1,11,-0.005,,91,,
144443,687401,"Joey Ortiz",26,2025,14,3,82.4,1,10.7,0.002,-0.01,0.1,33,0.002,0,363,0,0
144454,686780,"Pedro Pagés",26,2025,0,0,,0,7.4,-0.018,,-0.1,18,-0.006,,260,,
146199,689414,"Liam Hicks",26,2025,2,0,100,0,5.6,-0.017,0.001,-0.1,27,-0.003,-0.2,362,-0.001,-0.3
147697,689172,"Brett Wisely",26,2025,1,1,50,2,25,-0.004,-0.006,0,1,-0.003,0,77,0,0
148608,686894,"Joey Wiemer",26,2025,0,0,,1,0,-0.01,,,,,,47,,
148620,693304,"Nick Gonzales",26,2025,0,2,0,0,9.1,-0.016,-0.032,0.1,5,0.02,-0.3,510,-0.001,-0.2
148622,693307,"Dillon Dingler",26,2025,0,0,,0,7.5,-0.018,,0,28,0.001,,397,,
148642,694376,"Shay Whitcomb",26,2025,0,0,,0,0,-0.005,,,,,,13,,
151203,694362,"Blake Dunn",26,2025,1,1,50,0,0,0.013,-0.016,0,7,0.005,0,42,0,0
151227,700250,"Ben Rice",26,2025,3,2,60,2,3.1,-0.01,-0.009,-0.2,32,-0.007,-0.2,477,0,-0.4
151254,694374,"Tim Tawa",26,2025,8,2,80,1,18.2,0.012,0.014,0,10,0.001,0.1,200,0.001,0.1
151256,695257,"Billy Cook",26,2025,0,0,,0,0,-0.004,,0,1,0,,15,,
151283,694388,"Joey Loperfido",26,2025,1,2,33.3,0,0,0,-0.014,,,,0,99,0,
151288,695238,"Will Wagner",26,2025,1,0,100,0,25,-0.007,-0.002,0,6,-0.002,0,115,0,0
151341,690924,"Braxton Fulford",26,2025,1,0,100,0,0,-0.003,0.008,0,2,-0.011,0,75,0,0
151383,694359,"Niko Kavadas",26,2025,0,0,,0,,-0.006,,,,,,14,,
152854,693409,"César Prieto",26,2025,0,0,,0,,-0.004,,,,,,8,,
165248,808975,"Hyeseong Kim",26,2025,13,1,92.9,2,15.4,0.039,0.033,0.2,17,0.013,0.5,184,0.003,0.7
165254,808982,"Jung Hoo Lee",26,2025,10,3,76.9,1,9,-0.008,-0.018,0.1,31,0.003,-0.3,678,0,-0.2
105454,660670,"Ronald Acuña Jr.",27,2025,9,1,90,1,4.8,-0.009,0.02,0,40,0.001,-0.1,452,0,0
105636,660644,"Vidal Bruján",27,2025,2,1,66.7,1,18.8,0.004,-0.007,0,4,0.001,0,65,0,0
105764,661388,"William Contreras",27,2025,6,4,60,1,2.2,-0.009,-0.025,-0.1,33,-0.002,-0.3,731,0,-0.4
106066,660757,"Oscar Gonzalez",27,2025,0,1,0,0,0,-0.011,,0,5,-0.007,,52,,
106217,663330,"Jahmai Jones",27,2025,2,0,100,0,0,-0.009,-0.003,0,5,0.007,-0.1,190,0,0
106748,660844,"Leo Rivas",27,2025,6,0,100,1,5.3,0.019,0.019,0,11,0.001,0.1,123,0.001,0.2
106844,660821,"Jesús Sánchez",27,2025,13,3,81.3,1,9.5,0.008,-0.004,0,27,-0.001,0.1,375,0,0
107172,663474,"Triston McKenzie",27,2025,,,,,,,,,,,,,,
107415,666018,"Jonathan Aranda",27,2025,0,2,0,0,6.1,-0.018,-0.024,-0.2,42,-0.005,-0.3,411,-0.001,-0.5
107480,666181,"Will Benson",27,2025,2,2,50,0,8.3,-0.003,-0.02,0,11,0.002,-0.1,186,0,0
107491,666182,"Bo Bichette",27,2025,4,3,57.1,1,4.8,-0.012,-0.025,-0.3,50,-0.006,-0.4,714,-0.001,-0.7
107559,665795,"Edward Cabrera",27,2025,,,,,,,,,,,,,,
107632,665862,"Jazz Chisholm Jr.",27,2025,31,8,79.5,2,10.3,0.056,0.002,0.3,24,0.011,0.8,404,0.002,1.1
107982,669087,"Sam Huff",27,2025,0,0,,0,33.3,-0.01,,0,4,-0.001,,29,,
108051,666198,"Carter Kieboom",27,2025,0,0,,0,0,,,,,,,,,
108118,666139,"Josh Lowe",27,2025,18,4,81.8,1,17.5,0.032,-0.007,0,20,0.002,0.3,326,0.001,0.3
108127,666158,"Gavin Lux",27,2025,1,0,100,0,5.5,-0.019,,0,27,0.001,,501,,
108236,669304,"Jose Miranda",27,2025,0,0,,0,,-0.007,,0,2,0.001,,26,,
108243,666160,"Mickey Moniak",27,2025,9,3,75,2,7.3,0.011,-0.009,-0.1,18,-0.003,0.1,346,0,0
108516,666163,"Ben Rortvedt",27,2025,0,0,,0,0,-0.009,,0,6,-0.004,,71,,
108682,666211,"Taylor Trammell",27,2025,3,2,60,0,5,0.005,-0.006,,,,0,137,0,
108947,666134,"Nolan Jones",27,2025,8,3,72.7,1,3.6,0.001,-0.031,0,18,0.002,-0.1,294,0,-0.1
108971,669160,"Dustin May",27,2025,,,,,,,,,,,,,,
109122,669016,"Brandon Marsh",27,2025,7,1,87.5,1,9.1,-0.004,0.02,0,24,0.001,0,392,0,0
109539,672569,"Gustavo Campero",27,2025,4,1,80,0,12.5,0.064,-0.003,0,2,0,0.1,37,0.002,0.1
109776,666464,"Jerar Encarnacion",27,2025,1,0,100,0,0,0.001,0.001,0,1,0.001,0,40,0,0
110664,673357,"Luis Robert Jr.",27,2025,33,8,80.5,1,12.5,0.071,0.005,0,27,-0.001,0.9,334,0.003,0.9
111030,676572,"Eric Wagaman",27,2025,4,1,80,0,10,-0.012,-0.004,-0.1,23,-0.005,-0.2,484,0,-0.3
111286,669432,"Trevor Rogers",27,2025,0,0,,0,,,,,,,,,,
111300,676480,"Jose Barrero",27,2025,,,,,,-0.005,,0,3,-0.001,,15,,
111300,676480,"José Barrero",27,2025,0,0,,0,0,,,,,,,0,,
112434,676879,"Aaron Ashby",27,2025,,,,,,,,,,,,,,
113823,668709,"JJ Bleday",27,2025,1,2,33.3,0,12.2,-0.01,-0.027,0,27,0.001,-0.2,298,-0.001,-0.1
114683,663460,"Kris Bubic",27,2025,,,,,,,,,,,,,,
115478,681481,"Kerry Carpenter",27,2025,1,1,50,0,10,-0.018,-0.019,-0.1,31,-0.002,-0.2,378,-0.001,-0.3
116712,665052,"Griffin Conine",27,2025,0,1,0,0,0,-0.011,-0.02,0,12,0.004,0,92,0,0
117625,669722,"Logan Davidson",27,2025,0,0,,0,0,-0.002,,0,2,0.005,,18,,
120133,666149,"Tyler Fitzgerald",27,2025,9,4,69.2,2,10,0.021,-0.005,0,17,0.001,0.1,182,0.001,0.1
120177,666150,"Dominic Fletcher",27,2025,1,0,100,0,,-0.002,0.005,,,,0,50,0,
122664,666152,"David Hamilton",27,2025,22,6,78.6,3,21.4,0.073,-0.006,0.1,13,0.007,0.4,185,0.002,0.5
122720,668974,"Maverick Handley",27,2025,0,0,,0,0,-0.006,,0,6,0.005,,15,,
125028,675659,"Greg Jones",27,2025,1,0,100,0,,,,,,,,,,
125906,668952,"Ryan Kreidler",27,2025,2,0,100,0,16.7,0.01,-0.002,0,6,-0.002,0,48,0,0
126005,680757,"Steven Kwan",27,2025,21,5,80.8,1,8.3,0.001,-0.002,0,58,0.001,0,840,0,0.1
126172,669127,"Shea Langeliers",27,2025,7,1,87.5,0,15,-0.006,0.004,-0.1,21,-0.006,-0.1,452,0,-0.2
128477,664983,"Jake McCarthy",27,2025,6,0,100,1,5.9,0.009,-0.002,0,4,0.009,0,174,0,0.1
128566,676812,"Carson McCusker",27,2025,0,1,0,0,,0.008,-0.019,0,1,0,0,23,0,0
129286,670223,"Matt Mervis",27,2025,0,0,,0,0,-0.015,,0,11,-0.004,,67,,
129605,670224,"Kameron Misner",27,2025,8,1,88.9,1,25,0.018,-0.001,0.2,21,0.008,0.1,161,0.001,0.3
130740,669194,"Ryne Nelson",27,2025,0,0,,0,50,0,,0.1,1,0.052,,1,,
130939,663457,"Lars Nootbaar",27,2025,4,5,44.4,2,12.3,-0.012,-0.026,0.2,54,0.004,-0.3,636,-0.001,-0.1
132232,665161,"Jeremy Peña",27,2025,20,2,90.9,2,8,0.005,0.037,0.2,47,0.005,0.5,621,0.001,0.7
133769,670231,"John Rave",27,2025,7,2,77.8,0,12.5,0.029,-0.01,0,3,0,0.1,135,0.001,0.1
135527,668939,"Adley Rutschman",27,2025,0,0,,0,9.5,-0.019,,-0.3,42,-0.007,,340,,
135580,666165,"Blake Sabol",27,2025,0,0,,0,66.7,-0.004,,0,2,-0.016,,10,,
136350,668845,"Aaron Schunk",27,2025,0,0,,1,0,-0.005,,0,4,0,,19,,
137201,669701,"Josh Smith",27,2025,12,3,80,1,6.6,-0.001,-0.003,0.1,29,0.002,0,631,0,0
137710,668715,"Spencer Steer",27,2025,7,1,87.5,0,4.8,-0.01,-0.006,-0.1,25,-0.003,-0.2,530,0,-0.3
137906,681082,"Bryson Stott",27,2025,24,5,82.8,2,5.4,0.014,0.026,0.1,38,0.004,0.6,525,0.001,0.7
137926,669065,"Kyle Stowers",27,2025,5,1,83.3,0,10.4,-0.01,-0.003,-0.1,31,-0.002,-0.2,422,0,-0.2
139109,669707,"Jared Triolo",27,2025,13,2,86.7,1,2.3,0.008,0.019,0,8,0.001,0.2,390,0.001,0.2
140293,670242,"Matt Wallner",27,2025,4,3,57.1,0,12,-0.006,-0.016,0.1,17,0.003,-0.1,322,0,-0.1
142212,683737,"Michael Busch",27,2025,4,0,100,1,5,-0.014,0.005,0.1,36,0.001,-0.2,543,0,-0.2
142220,673962,"Josh Jung",27,2025,4,1,80,1,11.5,-0.016,-0.017,0,24,0,-0.3,455,-0.001,-0.3
142498,683766,"Christian Koss",27,2025,4,1,80,0,6.7,0.001,-0.002,0,8,-0.002,0,199,0,0
142696,683770,"Will Robertson",27,2025,0,0,,0,0,0.002,,,,,,38,,
142821,683734,"Andrew Vaughn",27,2025,0,0,,0,4.3,-0.015,,-0.1,11,-0.006,,288,,
143143,685301,"Matt Gorski",27,2025,0,1,0,0,0,0.016,-0.018,,,,0,8,-0.001,
143743,686452,"Drew Millas",27,2025,2,0,100,0,40,0.007,0.002,,,,0,44,0,
143748,686469,"Vinnie Pasquantino",27,2025,1,0,100,0,5.2,-0.018,-0.001,-0.1,27,-0.002,-0.3,453,-0.001,-0.3
143760,686475,"Tyler Tolbert",27,2025,20,2,90.9,3,28.6,0.089,0.023,0,5,0.004,0.8,174,0.005,0.8
143787,686527,"Dominic Canzone",27,2025,3,1,75,0,4,-0.009,-0.012,0,7,0.002,-0.1,287,0,-0.1
143812,686555,"Isaac Collins",27,2025,16,7,69.6,3,6.4,0.021,-0.016,0,22,0.001,0.1,333,0,0.1
143845,686668,"Brenton Doyle",27,2025,18,2,90,0,14.9,0.02,0.032,0.1,28,0.004,0.7,439,0.001,0.8
143852,686554,"Oliver Dunn",27,2025,1,0,100,0,25,0.006,-0.007,0,3,0.003,0,32,0,0
143892,686681,"Michael Massey",27,2025,2,1,66.7,0,17.6,-0.006,-0.009,-0.1,17,-0.005,-0.1,234,0,-0.1
144013,686823,"Will Brennan",27,2025,0,1,0,0,,0.022,-0.018,,,,0,7,-0.001,
144197,687462,"Spencer Horwitz",27,2025,0,1,0,0,10.9,-0.018,-0.015,-0.1,22,-0.006,-0.2,362,-0.001,-0.4
144210,674441,"Jacob Hurtubise",27,2025,0,0,,0,100,-0.011,,0,1,0.018,,20,,
144597,686765,"Nick Sogard",27,2025,2,1,66.7,1,15.4,-0.006,,0,7,0.004,,101,,
151389,695391,"Brett Harris",27,2025,1,0,100,1,25,-0.007,0.001,,,,0,91,0,
164622,829272,"Shinnosuke Ogasawara",27,2025,0,0,,0,,,,,,,,,,
103221,642727,"Sergio Alcántara",28,2025,0,0,,0,,,,,,,,,,
104004,645277,"Ozzie Albies",28,2025,14,3,82.4,2,4.5,-0.002,0.01,0,26,0.001,0,561,0,0
104023,645302,"Victor Robles",28,2025,6,2,75,0,0,0.039,-0.011,0,2,-0.001,0.1,101,0.001,0.1
104025,645305,"Ali Sánchez",28,2025,0,0,,0,0,-0.004,,,,,,9,,
104033,645444,"Jose Herrera",28,2025,0,0,,0,5.6,-0.016,,-0.1,8,-0.018,,164,,
104042,646240,"Rafael Devers",28,2025,1,1,50,0,3.8,-0.018,-0.001,-0.1,39,-0.003,-0.5,756,-0.001,-0.6
104096,649966,"Luis Urías",28,2025,2,1,66.7,1,3.7,-0.011,-0.012,-0.1,24,-0.003,-0.1,293,0,-0.2
104123,650333,"Luis Arraez",28,2025,11,4,73.3,0,11.5,-0.008,-0.007,0,33,0.001,-0.2,700,0,-0.2
104180,650402,"Gleyber Torres",28,2025,4,1,80,0,4.3,-0.017,-0.006,0,46,0,-0.4,733,-0.001,-0.5
104205,650489,"Willi Castro",28,2025,10,4,71.4,2,7.1,-0.001,-0.008,0.1,27,0.004,-0.1,357,0,0
104261,650559,"Bryan De La Cruz",28,2025,1,0,100,0,0,-0.013,,0,3,0.006,,34,,
104450,650859,"Luis Rengifo",28,2025,10,7,58.8,1,10.6,0.002,-0.064,0.1,15,0.003,-0.5,532,-0.001,-0.4
104515,650968,"Yohel Pozo",28,2025,0,0,,0,0,-0.016,,0,4,0.002,,121,,
104562,655316,"Andruw Monasterio",28,2025,2,1,66.7,0,0,-0.01,-0.007,0,7,0.005,0,106,0,0
105007,657277,"Logan Webb",28,2025,,,,,,,,,,,,,,
105670,663662,"Daz Cameron",28,2025,1,0,100,0,28.6,-0.008,,0,7,0.005,,43,,
105735,663757,"Trent Grisham",28,2025,3,2,60,0,1.6,-0.015,-0.022,-0.2,37,-0.007,-0.4,647,-0.001,-0.7
106121,663647,"Ke'Bryan Hayes",28,2025,12,3,80,2,8.3,-0.009,-0.004,0,29,0.001,-0.2,549,0,-0.1
106527,663624,"Ryan Mountcastle",28,2025,3,0,100,0,10.3,-0.018,,0,24,-0.001,,413,,
106548,647304,"Josh Naylor",28,2025,30,2,93.8,0,10,0.034,0.019,-0.3,48,-0.007,0.8,506,0.002,0.5
106659,663368,"Blake Perkins",28,2025,7,2,77.8,0,8.7,0.014,-0.011,,,,0,199,0,
106744,663586,"Austin Riley",28,2025,2,1,66.7,0,0,-0.014,0,-0.3,40,-0.007,-0.2,367,0,-0.5
106765,663898,"Brendan Rodgers",28,2025,0,1,0,0,0,-0.005,-0.02,-0.1,13,-0.007,0,72,0,-0.1
106864,663574,"Tony Santillan",28,2025,,,,,,,,,,,,,,
106960,663886,"Tyler Stephenson",28,2025,0,1,0,0,2.8,-0.015,-0.024,-0.1,22,-0.005,-0.2,299,-0.001,-0.3
107047,663656,"Kyle Tucker",28,2025,25,3,89.3,0,14.3,0.005,0.001,0,43,0,0.1,631,0,0.1
107130,663897,"Luke Williams",28,2025,5,0,100,0,0,0.012,0.011,0,3,-0.002,0.1,102,0.001,0.1
109090,647351,"Abraham Toro",28,2025,2,1,66.7,1,12,-0.011,0.004,0,15,0.003,-0.1,239,0,0
109147,670541,"Yordan Alvarez",28,2025,1,1,50,0,27.3,-0.014,-0.019,0,5,0.001,-0.1,179,-0.001,-0.1
109390,675915,"David Bañuelos",28,2025,0,0,,0,,-0.004,,,,,,1,,
109531,676609,"José Caballero",28,2025,49,11,81.7,6,15.8,0.083,0.01,0.1,29,0.003,1.6,448,0.004,1.7
110030,669374,"Keston Hiura",28,2025,0,0,,0,0,-0.01,,0,5,0.001,,26,,
110280,665155,"Nick Maton",28,2025,0,1,0,0,0,-0.005,-0.016,0,3,0.003,0,70,0,0
110995,662139,"Daulton Varsho",28,2025,2,0,100,0,16.7,-0.014,,0,8,0.004,,100,,
111033,670764,"Taylor Walls",28,2025,14,6,70,1,8.8,0.022,-0.029,0.1,22,0.006,0,276,0,0.1
111196,677651,"Luis Garcia",28,2025,,,,,,,,,,,,,,
111709,680769,"CJ Alexander",28,2025,0,0,,0,,-0.001,,,,,,4,,
112733,663609,"Luken Baker",28,2025,0,0,,0,22.2,-0.009,,0,6,-0.001,,35,,
112968,663698,"Joey Bart",28,2025,1,1,50,0,0,-0.012,-0.015,-0.3,28,-0.009,-0.1,264,0,-0.4
113905,664761,"Alec Bohm",28,2025,2,0,100,0,1.5,-0.02,,-0.3,47,-0.006,,542,,
115362,681962,"Vinny Capra",28,2025,2,0,100,0,11.1,-0.004,-0.001,0,9,0.003,0,68,0,0
116988,666126,"Carlos Cortes",28,2025,0,0,,0,0,-0.011,,,,,,77,,
117987,681909,"Justin Dean",28,2025,1,0,100,0,,0.013,0,,,,0,17,0,
118722,680977,"Brendan Donovan",28,2025,3,3,50,1,9,-0.012,-0.006,-0.2,50,-0.005,-0.2,516,0,-0.5
119003,680776,"Jarren Duran",28,2025,24,6,80,2,7.4,0.017,0.006,0.1,38,0.003,0.5,708,0.001,0.6
119087,681987,"Nate Eaton",28,2025,9,2,81.8,0,22.2,0.038,-0.004,,,,0.1,127,0.001,
119337,663536,"Tristin English",28,2025,0,0,,0,,-0.003,,,,,,7,,
119759,676439,"Hunter Feduccia",28,2025,1,0,100,0,0,-0.011,,,,,,44,,
119844,663372,"Ryan Feltner",28,2025,,,,,,,,,,,,,,
120337,663743,"Nick Fortes",28,2025,1,0,100,1,3,-0.008,-0.003,0,12,-0.003,0,147,0,-0.1
121858,663853,"Romy Gonzalez",28,2025,6,5,54.5,1,16.3,0.005,-0.032,0,12,0,-0.1,374,0,-0.1
122776,663554,"Casey Mize",28,2025,,,,,,,,,,,,,,
123806,663538,"Nico Hoerner",28,2025,29,6,82.9,4,7.7,0.014,0.041,0.1,34,0.003,0.9,691,0.001,1
124341,663697,"Jonathan India",28,2025,0,4,0,1,8,-0.015,-0.052,0.2,48,0.004,-0.3,469,-0.001,-0.2
124395,664728,"Kyle Isbel",28,2025,4,5,44.4,3,9.3,-0.003,-0.03,0.2,20,0.009,-0.1,403,0,0
124659,680777,"Ryan Jeffers",28,2025,1,1,50,1,8.5,-0.018,-0.012,-0.1,24,-0.003,-0.3,394,-0.001,-0.3
125216,663731,"Connor Kaiser",28,2025,0,0,,0,0,-0.007,,,,,,24,,
125363,680577,"DaShawn Keirsey Jr.",28,2025,10,3,76.9,0,0,0.054,-0.012,0,11,0,0.2,121,0.001,0.2
126235,663616,"Trevor Larnach",28,2025,4,4,50,1,6.7,-0.012,-0.019,0.1,44,0.002,-0.2,481,-0.001,-0.1
126844,663604,"Brandon Lockridge",28,2025,10,1,90.9,0,28.6,0.019,0.004,0,15,0,0.1,151,0.001,0.1
127336,680862,"Willie MacIver",28,2025,3,0,100,0,18.2,0.006,0.004,0,7,-0.001,0,91,0,0
129503,680911,"Owen Miller",28,2025,1,0,100,0,0,0.004,-0.004,0,4,0,0,30,0,0
129840,663796,"Coco Montes",28,2025,0,0,,0,,-0.003,,0,1,0,,8,,
131575,681546,"James Outman",28,2025,1,0,100,0,7.1,-0.006,0,0,3,0.003,0,86,0,0
131734,680700,"Richie Palacios",28,2025,4,0,100,1,11.1,0.032,0.007,0,1,0.009,0.1,44,0.001,0.1
133509,663728,"Cal Raleigh",28,2025,14,4,77.8,1,0,-0.003,-0.026,-0.1,30,-0.005,-0.2,585,0,-0.4
136273,682177,"Daniel Schneemann",28,2025,9,3,75,1,10.8,0.005,-0.004,0,16,0.002,0,347,0,0.1
136321,680474,"Max Schuemann",28,2025,7,1,87.5,1,0,-0.005,0,0,11,0,0,292,0,0
136522,663584,"Hayden Senger",28,2025,0,0,,0,11.1,-0.008,,0,4,0,,40,,
137044,669373,"Tarik Skubal",28,2025,,,,,,,,,,,,,,
137796,670276,"Cal Stevenson",28,2025,0,0,,1,,,,,,,,,,
138003,667690,"C.J. Stubbs",28,2025,0,0,,0,,,,,,,,,,
139799,679631,"Terrin Vavra",28,2025,0,0,,0,,,,,,,,,,
140000,663837,"Matt Vierling",28,2025,2,0,100,0,7.1,0,0.002,,,,0,81,0,
140051,681584,"David Villar",28,2025,0,0,,0,0,-0.006,,0,3,0.006,,23,,
144071,687478,"Cam Devanney",28,2025,0,1,0,1,0,0.003,,,,,,29,,
144877,687859,"Troy Johnston",28,2025,2,2,50,1,13.3,0.01,-0.014,,,,0,73,0,
145666,688760,"Blaine Crim",28,2025,0,0,,0,33.3,-0.007,,0,3,0.004,,52,,
101582,624133,"Ranger Suárez",29,2025,,,,,,,,,,,,,,
102110,620443,"Luis Torrens",29,2025,1,0,100,0,4.3,-0.018,,-0.1,17,-0.006,,252,,
102202,624641,"Edmundo Sosa",29,2025,1,1,50,1,10,-0.014,-0.017,0,8,0.002,-0.1,223,-0.001,-0.1
102464,640492,"José Azocar",29,2025,1,0,100,1,50,-0.002,-0.007,0,5,0.001,0,45,0,0
102482,640902,"Jhonny Pereda",29,2025,0,0,,0,0,-0.008,,0,2,-0.015,,66,,
102514,641343,"Jake Bauers",29,2025,8,1,88.9,0,0,0.018,0.008,0,10,0.002,0.1,157,0.001,0.1
102519,641355,"Cody Bellinger",29,2025,13,2,86.7,0,3.3,0.004,0.01,0.2,26,0.006,0.1,535,0,0.3
102876,642350,"Jose Siri",29,2025,2,0,100,0,50,0.013,-0.001,0,5,-0.01,0,40,0,0
103056,642547,"Freddy Peralta",29,2025,,,,,,,,,,,,,,
103203,642708,"Amed Rosario",29,2025,1,0,100,1,7.7,-0.012,-0.001,0.1,15,0.007,-0.1,197,0,0
103209,642715,"Willy Adames",29,2025,12,4,75,3,8.9,-0.004,0.008,0.1,49,0.003,0,669,0,0.1
103225,642731,"Thairo Estrada",29,2025,1,3,25,1,0,-0.001,-0.011,0,7,-0.005,0,135,0,-0.1
104002,645261,"Sandy Alcantara",29,2025,,,,,,,,,,,,,,
104814,656577,"Alex Jackson",29,2025,0,0,,0,18.2,-0.014,,,,,,87,,
104816,656605,"Mitch Keller",29,2025,,,,,,,,,,,,,,
104914,657006,"Justin Steele",29,2025,,,,,,,,,,,,,,
104926,657041,"Lane Thomas",29,2025,4,1,80,1,0,0.02,-0.005,0,7,0.001,0.1,99,0.001,0.1
104938,657077,"Alex Verdugo",29,2025,1,0,100,0,12.5,-0.013,-0.006,-0.1,28,-0.003,-0.1,173,0,-0.2
105420,656537,"Derek Hill",29,2025,7,0,100,0,8.3,-0.001,0.02,0.1,13,0.009,0.1,127,0.001,0.2
106750,656896,"Emmanuel Rivera",29,2025,1,0,100,0,0,-0.013,,0,9,-0.005,,77,,
106851,665665,"Reiver Sanmartin",29,2025,,,,,,,,,,,,,,
107537,670092,"Trenton Brooks",29,2025,0,0,,0,0,-0.007,,0,2,-0.002,,21,,
107930,669720,"Austin Hays",29,2025,7,0,100,0,5.7,-0.011,0.002,0.1,15,0.004,-0.1,347,0,-0.1
108028,669288,"Daniel Johnson",29,2025,2,1,66.7,0,16.7,0.002,-0.01,0,2,-0.008,0,48,0,0
108119,663993,"Nathaniel Lowe",29,2025,1,0,100,0,7.6,-0.016,,-0.3,36,-0.008,,458,,
108175,670156,"Miles Mastrobuoni",29,2025,6,3,66.7,0,14.3,0.013,-0.023,0.1,23,0.006,0,208,0,0.1
108886,668678,"Zac Gallen",29,2025,,,,,,,,,,,,,,
109009,641943,"Joshua Palacios",29,2025,0,0,,1,0,-0.018,,0,11,-0.004,,129,,
109162,670770,"TJ Friedl",29,2025,12,3,80,3,8.1,-0.007,0.017,0.2,55,0.004,-0.1,812,0,0.1
109294,656180,"Riley Adams",29,2025,1,0,100,0,3.7,-0.012,0.004,0,5,-0.003,-0.1,236,0,-0.1
109483,656248,"Sean Bouchard",29,2025,1,1,50,1,0,0.008,0.003,0,9,-0.003,0,50,0,0
109519,669394,"Jake Burger",29,2025,1,1,50,0,4.2,-0.014,-0.021,0,20,0.001,-0.1,231,-0.001,-0.1
109602,676391,"Ernie Clement",29,2025,6,5,54.5,0,17.1,-0.001,-0.049,0.2,37,0.005,-0.3,488,-0.001,-0.1
109801,656413,"Stuart Fairchild",29,2025,2,1,66.7,0,11.1,0.009,-0.007,0,7,0.003,0,86,0,0
109933,656484,"Tristan Gray",29,2025,0,0,,0,11.1,-0.011,,,,,,73,,
110022,676551,"Brewer Hicklen",29,2025,1,0,100,0,0,0.018,-0.004,0,1,0,0,2,0,0
110092,669369,"Bryce Johnson",29,2025,4,1,80,1,11.1,0.017,-0.009,,,,0,96,0,
110106,667452,"Corey Julks",29,2025,0,0,,0,,-0.005,,,,,,10,,
110358,676694,"Jake Meyers",29,2025,16,5,76.2,1,3.4,0.013,-0.01,0,39,0,0.1,424,0,0.1
110424,667472,"Dane Myers",29,2025,18,5,78.3,3,15,0.037,-0.01,0,29,-0.001,0.3,329,0.001,0.3
110445,676116,"Ryan Noda",29,2025,1,0,100,0,0,0.011,-0.002,0,3,0.005,0,41,0,0
110836,657757,"Gavin Sheets",29,2025,2,1,66.7,0,5.7,-0.016,-0.014,-0.1,35,-0.003,-0.2,428,-0.001,-0.4
110857,656976,"Pavin Smith",29,2025,2,2,50,0,10.7,-0.004,-0.026,-0.1,25,-0.006,-0.1,252,0,-0.2
110964,676701,"Alan Trejo",29,2025,0,0,,1,100,-0.007,,-0.1,7,-0.009,,29,,
111074,676724,"Jared Young",29,2025,0,0,,0,0,-0.007,,0,2,-0.016,,37,,
111116,656557,"Tanner Houck",29,2025,,,,,,,,,,,,,,
111133,641927,"Bailey Ober",29,2025,,,,,,,,,,,,,,
111161,657136,"Connor Wong",29,2025,2,1,66.7,1,9.1,-0.009,-0.012,0,12,-0.002,-0.1,177,0,-0.1
111244,656849,"David Peterson",29,2025,,,,,,,,,,,,,,
111276,676477,"Garrett Whitlock",29,2025,,,,,,,,,,,,,,
111290,657376,"Clarke Schmidt",29,2025,,,,,,,,,,,,,,
112533,682183,"Drew Avans",29,2025,1,0,100,0,0,0.006,-0.001,0,2,0,0,13,0,0
114350,681146,"Jonah Bride",29,2025,0,0,,0,0,-0.01,,0.1,9,0.007,,130,,
116408,665019,"Kody Clemens",29,2025,5,1,83.3,0,7.3,-0.001,0.003,0,14,-0.002,0,248,0,0
120642,681807,"David Fry",29,2025,1,0,100,1,5.9,-0.016,,0,5,-0.002,,71,,
121137,681508,"Mickey Gasper",29,2025,2,0,100,0,7.1,-0.003,0.002,0,7,0,0,121,0,0
123186,680737,"Michael Helman",29,2025,4,0,100,0,0,0.013,0.003,,,,0,94,0.001,
125523,673490,"Ha-Seong Kim",29,2025,6,2,75,0,14.3,0.005,-0.007,,,,0,148,0,
127578,663968,"Jake Mangum",29,2025,27,6,81.8,5,11.1,0.024,0.023,0.1,19,0.005,0.6,459,0.001,0.7
128959,656731,"Tylor Megill",29,2025,,,,,,,,,,,,,,
133136,682515,"Logan Porter",29,2025,0,0,,0,0,0.001,,0,2,0.019,,4,,
133756,656876,"Drew Rasmussen",29,2025,,,,,,,,,,,,,,
135535,657746,"Joe Ryan",29,2025,,,,,,,,,,,,,,
135620,663967,"César Salazar",29,2025,0,0,,0,0,-0.003,,,,,,8,,
137713,683021,"Michael Stefanic",29,2025,0,0,,0,0,-0.006,,-0.1,3,-0.028,,17,,
139955,681911,"Alex Vesia",29,2025,,,,,,,,,,,,,,
69600,606115,"Orlando Arcia",30,2025,0,1,0,1,11.8,-0.01,-0.009,0,5,-0.004,-0.1,152,0,-0.1
70619,608348,"Carson Kelly",30,2025,2,0,100,0,2.2,-0.017,,-0.3,28,-0.011,,380,,
100273,608566,"Germán Márquez",30,2025,,,,,,,,,,,,,,
100349,609280,"Miguel Andujar",30,2025,1,0,100,0,11.4,-0.016,-0.001,-0.2,28,-0.006,-0.2,345,-0.001,-0.3
100502,621043,"Carlos Correa",30,2025,0,0,,0,0,-0.018,,0,29,-0.001,,639,,
100568,621237,"José Alvarado",30,2025,,,,,,,,,,,,,,
100988,622534,"Manuel Margot",30,2025,0,0,,0,50,-0.007,,0,3,0.015,,16,,
101060,622608,"Antonio Senzatela",30,2025,,,,,,,,,,,,,,
101165,622761,"Jorge Mateo",30,2025,15,2,88.2,1,0,0.095,0.03,0,5,0.002,0.6,107,0.006,0.6
101568,623993,"Anthony Santander",30,2025,0,0,,0,13.3,-0.016,,-0.1,13,-0.009,,112,,
101603,624413,"Pete Alonso",30,2025,1,2,33.3,0,9.8,-0.019,-0.037,-0.1,35,-0.004,-0.4,548,-0.001,-0.5
101605,624415,"Cavan Biggio",30,2025,1,0,100,0,9.1,-0.005,-0.004,0,9,-0.001,0,62,0,0
101630,624512,"Reese McGuire",30,2025,0,0,,0,10,-0.012,,-0.1,4,-0.016,,80,,
101631,624513,"Dom Nuñez",30,2025,0,0,,0,0,-0.004,,0.1,2,0.034,,8,,
102434,640459,"Brian Navarreto",30,2025,0,0,,0,100,-0.005,,,,,,8,,
102559,641487,"J.P. Crawford",30,2025,8,1,88.9,1,1.8,-0.014,0.013,-0.1,36,-0.002,-0.3,780,0,-0.4
102606,641645,"Luis Guillorme",30,2025,0,0,,0,0,-0.011,,0,1,0.002,,19,,
102612,641680,"Jonah Heim",30,2025,3,0,100,1,4.8,-0.012,-0.002,-0.3,26,-0.013,-0.1,279,0,-0.5
102667,641856,"Billy McKinney",30,2025,0,0,,0,0,-0.005,,,,,,13,,
102668,641857,"Ryan McMahon",30,2025,3,1,75,0,7,-0.013,-0.007,-0.1,30,-0.002,-0.3,532,0,-0.3
102704,641933,"Tyler O'Neill",30,2025,4,0,100,0,16.7,-0.007,0.005,0,8,-0.001,0,157,0,0
102745,642086,"Dominic Smith",30,2025,2,0,100,0,12,-0.016,-0.001,-0.1,11,-0.009,-0.1,231,-0.001,-0.2
102764,642133,"Rowdy Tellez",30,2025,1,0,100,0,0,-0.012,-0.001,-0.1,17,-0.006,-0.1,170,0,-0.2
102779,642180,"Tyler Wade",30,2025,1,2,33.3,1,5.3,-0.001,-0.031,0.1,17,0.004,-0.1,130,0,0
103038,642528,"Jonathan Loáisiga",30,2025,,,,,,,,,,,,,,
103355,643289,"Mauricio Dubón",30,2025,3,0,100,0,7.3,-0.012,0.006,0,18,0.001,-0.1,368,0,-0.1
103405,643376,"Danny Jansen",30,2025,0,0,,0,9.3,-0.013,,-0.2,22,-0.009,,245,,
103420,643396,"Isiah Kiner-Falefa",30,2025,15,4,78.9,1,12.2,0.001,-0.014,-0.1,22,-0.005,-0.1,462,0,-0.2
103625,644433,"Chadwick Tromp",30,2025,0,0,,0,0,-0.001,,0,4,-0.004,,15,,
105147,657656,"Ramón Laureano",30,2025,7,4,63.6,1,6.7,-0.001,-0.023,0,14,0.002,-0.1,382,0,-0.1
105432,660162,"Yoán Moncada",30,2025,0,0,,0,0,-0.02,,0,8,0.005,,233,,
105437,664023,"Ian Happ",30,2025,6,3,66.7,0,5.9,-0.012,-0.023,0,59,0,-0.4,762,-0.001,-0.4
105439,656775,"Cedric Mullins",30,2025,22,4,84.6,3,15.4,0.025,0.025,0.1,28,0.005,0.6,413,0.002,0.8
105472,641302,"Tyler Alexander",30,2025,0,0,,0,,,,,,,,,,
105574,643217,"Andrew Benintendi",30,2025,1,0,100,0,8.9,-0.015,-0.005,-0.1,22,-0.004,-0.2,305,-0.001,-0.2
105993,664034,"Ty France",30,2025,1,0,100,1,8.3,-0.012,-0.006,-0.5,40,-0.012,-0.2,410,0,-0.7
106129,664854,"Ryan Helsley",30,2025,,,,,,,,,,,,,,
106346,664770,"Nathan Lukes",30,2025,2,4,33.3,1,11.3,-0.007,-0.041,-0.1,24,-0.005,-0.2,352,-0.001,-0.3
106667,623465,"Evan Phillips",30,2025,,,,,,,,,,,,,,
106969,664702,"Myles Straw",30,2025,12,1,92.3,0,6.5,0.011,0.013,0.1,23,0.003,0.2,335,0.001,0.3
107284,664040,"Brandon Lowe",30,2025,3,2,60,0,4.2,-0.014,-0.014,0,38,0,-0.2,392,-0.001,-0.2
107467,670280,"David Bednar",30,2025,,,,,,,,,,,,,,
107566,669743,"Alex Call",30,2025,2,1,66.7,1,4.9,-0.011,-0.016,0,24,0.001,-0.2,353,0,-0.1
107752,669242,"Tommy Edman",30,2025,3,1,75,0,2.5,-0.007,-0.007,0,19,0.002,-0.1,292,0,0
107783,666023,"Freddy Fermin",30,2025,1,2,33.3,2,6.5,-0.013,-0.016,0,20,-0.001,-0.1,295,0,-0.2
107811,641584,"Jake Fraley",30,2025,4,3,57.1,0,12.5,0.005,-0.023,0.1,26,0.004,0,177,0,0.1
107920,641658,"Garrett Hampson",30,2025,3,1,75,0,0,0.006,-0.007,0,7,0.002,0,130,0,0
107983,669450,"Cooper Hummel",30,2025,1,0,100,1,0,-0.007,-0.001,0,1,0,0,80,0,0
108059,668800,"Andrew Knizner",30,2025,0,0,,0,0,-0.012,,0,2,-0.003,,104,,
108112,670032,"Nicky Lopez",30,2025,0,0,,0,0,-0.006,,0,1,-0.006,,17,,
108278,669221,"Sean Murphy",30,2025,0,0,,0,10,-0.016,,-0.1,14,-0.006,,202,,
108437,670042,"Luke Raley",30,2025,2,1,66.7,0,7.4,-0.009,-0.016,0.1,11,0.005,-0.1,193,0,0
108483,642020,"Chuckie Robinson",30,2025,0,0,,0,0,,,,,,,,,
108507,668670,"Jake Rogers",30,2025,0,0,,0,22.2,-0.014,,0,3,0.002,,132,,
108587,670097,"Zack Short",30,2025,0,1,0,0,0,-0.006,-0.023,,,,0,67,0,
108612,669257,"Will Smith",30,2025,2,3,40,2,7.1,-0.016,-0.013,0,36,-0.001,-0.3,509,-0.001,-0.3
108615,669256,"Nick Solak",30,2025,0,0,,0,,,,,,,,,,
108661,642136,"Matt Thaiss",30,2025,1,1,50,0,4.5,-0.01,-0.01,-0.2,22,-0.01,-0.1,194,0,-0.3
108774,642215,"Weston Wilson",30,2025,2,3,40,0,0,0.016,-0.037,0,7,0.002,-0.1,106,0,0
108818,669211,"Keegan Akin",30,2025,,,,,,,,,,,,,,
108828,669622,"Anthony Bender",30,2025,,,,,,,,,,,,,,
108855,666915,"Bobby Dalbec",30,2025,0,0,,0,0,-0.008,,0,4,0.012,,13,,
108873,641540,"Dane Dunning",30,2025,,,,,,,,,,,,,,
108878,669289,"Santiago Espinal",30,2025,2,1,66.7,2,7.9,-0.014,0.001,0.1,21,0.003,-0.2,400,0,-0.1
108937,643377,"Griffin Jax",30,2025,,,,,,,,,,,,,,
108977,656716,"Zach McKinstry",30,2025,19,5,79.2,2,7.7,0.017,0.007,0.1,31,0.004,0.3,471,0.001,0.5
109040,668804,"Bryan Reynolds",30,2025,3,2,60,0,9.7,-0.016,-0.035,0.2,20,0.008,-0.3,532,-0.001,-0.2
109161,668227,"Randy Arozarena",30,2025,31,6,83.8,2,15.1,0.022,0.033,0.1,26,0.003,1.1,705,0.002,1.2
109781,641555,"J.C. Escarra",30,2025,1,0,100,0,0,-0.013,,0,4,-0.001,,76,,
110298,676801,"Chas McCormick",30,2025,2,3,40,2,0,0.014,-0.01,0,10,-0.001,0,117,0,0
110300,669200,"Mason McCoy",30,2025,2,0,100,0,0,0.026,0.002,0,1,0,0,27,0.001,0
110715,667670,"Brent Rooker",30,2025,6,1,85.7,1,7,-0.009,0.007,0,31,-0.001,-0.1,519,0,-0.2
111306,660271,"Shohei Ohtani",30,2025,20,6,76.9,1,5.5,0.008,0.004,0.3,57,0.006,0.2,745,0,0.6
138164,673548,"Seiya Suzuki",30,2025,5,2,71.4,0,11.1,-0.01,-0.017,0,31,0.001,-0.2,432,0,-0.2
67568,593871,"Jorge Polanco",31,2025,6,3,66.7,2,15.2,-0.005,-0.009,0,21,0,-0.1,390,0,-0.1
69338,600869,"Jeimer Candelario",31,2025,0,1,0,1,0,-0.01,,0,3,-0.003,,55,,
69455,602104,"Ramón Urías",31,2025,3,0,100,1,0,-0.01,0,-0.1,18,-0.003,-0.1,310,0,-0.2
69790,606466,"Ketel Marte",31,2025,4,2,66.7,1,8.3,-0.018,-0.028,0.1,42,0.003,-0.4,625,-0.001,-0.3
70399,596019,"Francisco Lindor",31,2025,31,6,83.8,2,11.3,0.015,0.021,0.1,48,0.003,0.7,802,0.001,0.9
70607,608324,"Alex Bregman",31,2025,1,1,50,1,8.1,-0.017,-0.008,-0.1,25,-0.002,-0.2,407,-0.001,-0.3
70635,608369,"Corey Seager",31,2025,2,0,100,0,5.6,-0.018,-0.008,-0.2,29,-0.005,-0.3,467,-0.001,-0.5
70646,608385,"Jesse Winker",31,2025,1,0,100,0,0,-0.003,0.006,0,1,-0.002,0,55,0,0
71028,605353,"Vimael Machín",31,2025,0,0,,0,,,,,,,,,,
100521,621121,"Lance McCullers Jr.",31,2025,,,,,,,,,,,,,,
100574,621244,"José Berríos",31,2025,,,,,,,,,,,,,,
100630,621438,"Tyrone Taylor",31,2025,12,2,85.7,1,17.1,0.021,0.018,0,20,-0.002,0.3,255,0.001,0.3
100631,621439,"Byron Buxton",31,2025,24,0,100,0,23.1,0.016,0.051,0.3,31,0.011,0.9,528,0.002,1.3
100653,621512,"Tomás Nido",31,2025,0,0,,0,0,-0.006,,-0.1,7,-0.019,,27,,
100668,621566,"Matt Olson",31,2025,1,0,100,0,1.4,-0.018,0.004,-0.2,35,-0.005,-0.4,680,-0.001,-0.6
101023,622569,"Pablo Reyes",31,2025,1,0,100,0,0,-0.008,,0,2,-0.004,,38,,
102064,605170,"Victor Caratini",31,2025,1,0,100,0,2.9,-0.017,,-0.1,19,-0.008,,234,,
103789,596295,"Austin Gomber",31,2025,,,,,,,,,,,,,,
104869,656811,"Ryan O'Hearn",31,2025,3,1,75,1,6.6,-0.015,-0.012,0.1,39,0.003,-0.3,522,-0.001,-0.2
105531,664056,"Harrison Bader",31,2025,11,7,61.1,1,6.3,0.004,-0.027,0.1,23,0.005,-0.2,563,0,0
105791,630105,"Jake Cronenworth",31,2025,3,3,50,0,4.3,-0.013,-0.009,0.1,16,0.006,-0.2,482,0,-0.1
105846,657557,"Paul DeJong",31,2025,4,0,100,0,12.5,-0.003,0.002,0,3,-0.013,0,159,0,-0.1
106102,664059,"Sam Haggerty",31,2025,12,4,75,0,9.7,0.033,-0.001,0,20,-0.001,0.2,219,0.001,0.2
106165,656541,"Sam Hilliard",31,2025,2,1,66.7,0,20,0.009,-0.004,0,7,0.002,0,62,0,0
106259,664068,"Scott Kingery",31,2025,1,1,50,0,0,0.006,-0.014,0,4,0.001,0,54,0,0
106558,621028,"Kevin Newman",31,2025,1,0,100,0,8.3,-0.015,,0,8,-0.001,,108,,
106977,664954,"Brett Sullivan",31,2025,0,0,,0,0,0.004,,0,1,-0.002,,2,,
107058,664285,"Framber Valdez",31,2025,,,,,,,,,,,,,,
107095,664774,"LaMonte Wade Jr.",31,2025,1,0,100,0,0,-0.006,-0.002,-0.1,18,-0.007,0,178,0,-0.2
107106,621493,"Taylor Ward",31,2025,4,1,80,1,6.3,-0.016,-0.015,0.1,31,0.004,-0.4,592,-0.001,-0.2
107168,621020,"Dansby Swanson",31,2025,20,3,87,2,10.3,0.011,0.025,0.1,34,0.002,0.5,529,0.001,0.5
107865,664062,"Tony Gonsolin",31,2025,,,,,,,,,,,,,,
108764,642201,"Eli White",31,2025,10,1,90.9,1,11.6,0.009,0.024,0.2,31,0.008,0.2,295,0.001,0.4
109101,622268,"Donovan Walton",31,2025,0,0,,0,0,-0.002,,,,,,6,,
109138,666971,"Lourdes Gurriel Jr.",31,2025,10,4,71.4,0,2.6,0.004,-0.017,-0.2,31,-0.006,-0.1,415,0,-0.2
110699,668942,"Josh Rojas",31,2025,4,1,80,0,6.7,0.002,0.009,0,16,0.001,0,175,0,0
120131,680837,"Ryan Fitzgerald",31,2025,1,0,100,0,0,-0.004,0.003,0,1,0.033,0,74,0,0
152764,807799,"Masataka Yoshida",31,2025,3,0,100,0,13,-0.009,0.002,,,,-0.1,190,0,
66018,547180,"Bryce Harper",32,2025,12,2,85.7,0,10.5,-0.01,-0.012,0.1,30,0.004,-0.2,525,0,-0.1
67049,592518,"Manny Machado",32,2025,14,3,82.4,3,10.5,-0.004,-0.001,0,54,-0.001,-0.1,622,0,-0.1
67248,593428,"Xander Bogaerts",32,2025,20,2,90.9,0,3.4,0.01,0.011,0.1,37,0.003,0.2,446,0.001,0.4
68062,595751,"Jorge Alfaro",32,2025,1,0,100,0,0,-0.003,-0.004,,,,0,46,0,
68066,595777,"Jurickson Profar",32,2025,9,2,81.8,0,9.6,-0.003,-0.005,0,3,0,-0.1,474,0,-0.1
68087,596142,"Gary Sánchez",32,2025,0,0,,0,0,-0.012,,-0.1,5,-0.022,,59,,
68091,596146,"Max Kepler",32,2025,3,0,100,0,5.5,-0.018,0,0,27,-0.001,-0.2,349,-0.001,-0.2
69667,606192,"Teoscar Hernández",32,2025,5,2,71.4,1,5.3,-0.007,0.004,0.2,33,0.006,-0.1,493,0,0.1
70217,608070,"José Ramírez",32,2025,44,7,86.3,1,14.9,0.047,0.014,0.1,41,0.003,1.2,540,0.002,1.3
70387,595879,"Javier Báez",32,2025,5,1,83.3,1,8,-0.008,0.008,0.1,34,0.002,-0.1,337,0,0
70397,595978,"Austin Hedges",32,2025,1,2,33.3,0,0,0.005,-0.029,0,5,-0.004,0,98,0,-0.1
70406,596115,"Trevor Story",32,2025,31,1,96.9,0,9.2,0.017,0.046,0,32,-0.001,1,605,0.002,1
70430,605141,"Mookie Betts",32,2025,8,2,80,2,8.6,-0.007,0.003,0.2,43,0.005,-0.1,569,0,0.1
70445,605242,"Michael Fulmer",32,2025,,,,,,,,,,,,,,
70516,606992,"Eric Haase",32,2025,0,0,,0,7.1,-0.009,,0,3,0.009,,44,,
70524,607043,"Brandon Nimmo",32,2025,13,1,92.9,1,4.9,-0.004,0.018,0.1,27,0.004,0,626,0,0.2
70775,605137,"Josh Bell",32,2025,0,3,0,0,1.7,-0.016,-0.021,-0.1,25,-0.004,-0.2,408,-0.001,-0.3
70798,605540,"Brandon Woodruff",32,2025,,,,,,,,,,,,,,
70799,605204,"J.D. Davis",32,2025,0,0,,0,,-0.002,,,,,,8,,
70917,607208,"Trea Turner",32,2025,36,7,83.7,4,12.7,0.018,0.031,0.1,47,0.003,1,745,0.001,1.1
70926,605244,"Aramis Garcia",32,2025,0,0,,0,,,,,,,,,,
70943,605400,"Aaron Nola",32,2025,,,,,,,,,,,,,,
71098,607536,"Kyle Freeland",32,2025,,,,,,,,,,,,,,
71245,596103,"Austin Slater",32,2025,1,0,100,0,0,-0.01,0,0,8,0,-0.1,172,0,-0.1
100945,622491,"Luis Castillo",32,2025,,,,,,,,,,,,,,
101614,624424,"Michael Conforto",32,2025,1,0,100,0,8.7,-0.019,,-0.1,28,-0.003,,501,,
101621,624431,"Jose Trevino",32,2025,0,0,,0,0,-0.017,,-0.1,23,-0.004,,287,,
102293,628451,"Andy Ibáñez",32,2025,4,1,80,0,4.3,0.012,0.008,0,8,-0.002,0.1,101,0.001,0
102503,641313,"Tim Anderson",32,2025,1,1,50,0,12.5,-0.002,-0.011,0,6,-0.001,0,73,0,0
103751,656941,"Kyle Schwarber",32,2025,10,2,83.3,0,2.7,-0.012,-0.016,0,44,0.001,-0.2,455,-0.001,-0.2
104718,656185,"Greg Allen",32,2025,0,1,0,0,,0.016,-0.026,,,,0,6,-0.002,
104744,656305,"Matt Chapman",32,2025,9,4,69.2,1,6.2,0.001,-0.021,0.1,34,0.003,-0.1,502,0,0
104806,656555,"Rhys Hoskins",32,2025,2,1,66.7,0,0,-0.01,-0.015,-0.3,20,-0.016,-0.1,202,0,-0.4
105633,664913,"Seth Brown",32,2025,1,0,100,0,0,-0.006,-0.007,0,5,-0.002,0,62,0,0
106208,656582,"Connor Joe",32,2025,2,2,50,1,0,0.021,-0.03,0,2,-0.005,0,44,0,0
106503,664238,"Dylan Moore",32,2025,14,5,73.7,1,35.7,0.034,0,0.1,11,0.005,0.3,232,0.001,0.3
106973,596117,"Garrett Stubbs",32,2025,0,0,,0,0,-0.004,,,,,,8,,
109860,666969,"Adolis García",32,2025,13,4,76.5,1,12.2,0.016,0,0,29,0,0.2,398,0.001,0.2
113778,680118,"Dairon Blanco",32,2025,3,2,60,1,0,0.07,-0.011,0,3,-0.008,0,22,0.001,0
57850,527038,"Wilmer Flores",33,2025,1,0,100,0,2.9,-0.019,,-0.1,24,-0.006,,294,,
59432,545361,"Mike Trout",33,2025,2,0,100,0,6,-0.019,-0.002,0,16,-0.002,-0.3,513,-0.001,-0.4
59660,571771,"Enrique Hernández",33,2025,0,0,,0,16.7,-0.013,,0,16,-0.002,,118,,
60095,545121,"Ildemaro Vargas",33,2025,0,0,,0,0,-0.013,,0,5,-0.003,,121,,
60408,545341,"Randal Grichuk",33,2025,0,1,0,0,3.2,-0.012,,0,15,-0.003,,176,,
60676,572138,"Jon Singleton",33,2025,0,0,,0,,-0.003,,,,,,9,,
60956,570482,"Gio Urshela",33,2025,0,1,0,0,16.7,-0.013,-0.02,0,8,0.001,-0.1,167,-0.001,-0.1
66068,553882,"Omar Narváez",33,2025,0,0,,0,0,-0.001,,,,,,2,,
66110,553993,"Eugenio Suárez",33,2025,4,1,80,0,8,-0.016,-0.016,-0.3,35,-0.008,-0.3,487,-0.001,-0.6
66719,575929,"Willson Contreras",33,2025,5,1,83.3,0,8.3,-0.012,-0.003,0,28,0.002,-0.2,490,0,-0.2
66955,592206,"Nick Castellanos",33,2025,4,0,100,0,6.5,-0.016,0.004,0,39,-0.001,-0.3,542,-0.001,-0.3
67072,592626,"Joc Pederson",33,2025,2,0,100,1,3.8,-0.015,0,0,9,-0.001,-0.1,190,0,-0.1
67098,592696,"Eddie Rosario",33,2025,0,0,,0,,-0.002,,0,2,0.023,,3,,
67156,592885,"Christian Yelich",33,2025,16,6,72.7,0,11.6,0.001,-0.03,0.1,33,0.004,-0.3,645,0,-0.2
68520,592178,"Kris Bryant",33,2025,0,0,,0,,-0.009,,0,4,-0.002,,43,,
68603,592450,"Aaron Judge",33,2025,12,5,70.6,1,1.8,-0.004,-0.012,-0.4,50,-0.008,-0.2,669,0,-0.6
68660,592669,"Hunter Renfroe",33,2025,0,0,,0,12.5,-0.016,,0,12,0,,115,,
68692,592779,"Brock Stewart",33,2025,,,,,,,,,,,,,,
68982,595453,"Chad Wallach",33,2025,,,,,,,,,,,,,,
101618,624428,"Adam Frazier",33,2025,8,6,57.1,0,5.8,0.005,-0.036,0,25,0.001,-0.2,418,-0.001,-0.2
101657,624585,"Jorge Soler",33,2025,0,0,,0,5.3,-0.019,,-0.1,19,-0.006,,261,,
103451,643446,"Jeff McNeil",33,2025,3,0,100,0,2.3,-0.015,0.002,0,13,-0.003,-0.2,409,-0.001,-0.3
103726,650490,"Yandy Díaz",33,2025,3,1,75,0,12.9,-0.019,-0.02,0,36,0.001,-0.5,691,-0.001,-0.4
58767,543877,"Christian Vázquez",34,2025,1,1,50,2,16.7,-0.002,0.004,-0.1,11,-0.007,0,124,0,-0.1
59145,542303,"Marcell Ozuna",34,2025,0,0,,0,1.9,-0.021,,-0.2,25,-0.008,,466,,
59586,571448,"Nolan Arenado",34,2025,3,0,100,1,0,-0.012,0,0,24,-0.001,-0.1,297,0,-0.1
59592,571466,"Tucker Barnhart",34,2025,0,0,,0,0,-0.007,,0,3,-0.004,,24,,
60626,571946,"Shelby Miller",34,2025,,,,,,,,,,,,,,
66057,553869,"Elias Díaz",34,2025,0,0,,0,4,-0.015,,-0.2,18,-0.01,,133,,
66594,572191,"Michael A. Taylor",34,2025,8,3,72.7,2,4.5,0.014,-0.009,0.1,20,0.005,0.1,222,0,0.2
67084,592663,"J.T. Realmuto",34,2025,8,2,80,0,2.9,-0.002,-0.008,0.3,39,0.007,-0.1,413,0,0.2
70327,543760,"Marcus Semien",34,2025,11,1,91.7,1,11.6,0,0.005,0.1,37,0.002,0,440,0,0.1
99953,573262,"Mike Yastrzemski",34,2025,7,2,77.8,0,7.1,-0.006,-0.007,0.2,31,0.006,-0.2,544,0,0
100007,571970,"Max Muncy",34,2025,4,0,100,0,7.5,-0.007,0.009,0,34,0.001,0,269,0,0
100036,571912,"Luke Maile",34,2025,1,0,100,0,0,0.002,0,0,2,0,0,41,0,0
100121,572233,"Christian Walker",34,2025,2,1,66.7,0,9.1,-0.018,-0.004,0,24,-0.002,-0.3,428,-0.001,-0.3
100171,571657,"Kyle Farmer",34,2025,0,1,0,0,4,-0.016,-0.018,0,12,-0.004,-0.2,295,-0.001,-0.2
100300,608671,"Travis Jankowski",34,2025,2,0,100,0,10,-0.002,0.005,0,12,0,0,70,0,0
100317,608701,"Rob Refsnyder",34,2025,3,0,100,0,7.7,-0.01,0.004,0,13,0,-0.1,193,0,-0.1
100496,621035,"Chris Taylor",34,2025,2,2,50,0,16.7,0.001,-0.013,0.1,17,0.006,0,148,0,0.1
101250,623168,"Tyler Heineman",34,2025,2,0,100,1,22.7,-0.005,0.001,0,13,0.003,0,135,0,0
102593,641598,"Mitch Garver",34,2025,3,0,100,0,3,-0.01,0.002,-0.1,13,-0.005,-0.1,252,0,-0.1
103280,642851,"Austin Wynns",34,2025,0,0,,0,22.2,-0.009,,-0.1,6,-0.018,,68,,
103523,643565,"Mike Tauchman",34,2025,0,0,,0,12.5,-0.019,,0,20,-0.002,,511,,
55877,514888,"Jose Altuve",35,2025,10,6,62.5,3,1.4,-0.005,-0.039,0.1,36,0.003,-0.3,527,-0.001,-0.2
56289,518692,"Freddie Freeman",35,2025,6,2,75,0,5,-0.013,-0.004,0,26,0,-0.3,550,0,-0.2
57335,521692,"Salvador Perez",35,2025,0,0,,0,4.2,-0.02,,-0.7,37,-0.019,,425,,
57396,518792,"Jason Heyward",35,2025,0,1,0,0,10,-0.007,-0.019,0,6,0.001,0,75,0,0
57556,519317,"Giancarlo Stanton",35,2025,0,0,,0,0,-0.015,,0,2,-0.008,,142,,
57969,543309,"Kyle Higashioka",35,2025,3,1,75,0,11.1,-0.011,-0.014,-0.1,13,-0.008,-0.1,234,0,-0.2
58750,543859,"Michael Tonkin",35,2025,,,,,,,,,,,,,,
61044,578428,"Jose Iglesias",35,2025,5,1,83.3,0,3.6,-0.004,0.002,0,13,-0.003,0,337,0,-0.1
65953,542963,"Rob Brantly",35,2025,0,0,,0,0,-0.007,,0,1,-0.005,,18,,
65992,543807,"George Springer",35,2025,18,1,94.7,1,8.8,0.004,0.029,-0.2,44,-0.004,0.3,586,0.001,0.2
66213,554430,"Zack Wheeler",35,2025,,,,,,,,,,,,,,
69159,542932,"Jon Berti",35,2025,11,3,78.6,0,0,0.064,-0.008,0.1,16,0.006,0.2,137,0.002,0.3
69177,543518,"Scott McGough",35,2025,,,,,,,,,,,,,,
69508,605113,"Nick Ahmed",35,2025,1,0,100,0,0,,,,,,,,,
69513,605131,"Austin Barnes",35,2025,0,0,,1,20,-0.009,,0,3,0.012,,31,,
69553,605361,"Nick Martini",35,2025,0,0,,0,0,-0.017,,0.1,14,0.005,,118,,
69856,607067,"Colin Rea",35,2025,0,0,,0,,,,,,,,,,
70317,543510,"James McCann",35,2025,0,0,,0,12.5,-0.015,,,,,,124,,
71054,543592,"Austin Nola",35,2025,0,0,,0,25,-0.005,,,,,,3,,
71213,607732,"Jacob Stallings",35,2025,0,0,,0,0,-0.007,,0,5,-0.002,,55,,
99616,543056,"Danny Coulombe",35,2025,,,,,,,,,,,,,,
51611,500743,"Miguel Rojas",36,2025,5,0,100,0,5.1,-0.01,0.008,0,13,0.001,-0.1,310,0,-0.1
55784,518595,"Travis d'Arnaud",36,2025,0,0,,0,9.1,-0.018,,0,5,0,,125,,
55951,506702,"Sandy León",36,2025,0,0,,0,,,,,,,,,,
56034,516782,"Starling Marte",36,2025,7,2,77.8,2,10.7,0.006,0.004,0,20,0.002,0.1,324,0,0.1
59339,518934,"DJ LeMahieu",36,2025,0,0,,0,0,-0.016,,-0.1,10,-0.013,,156,,
60625,571945,"Miles Mikolas",36,2025,,,,,,,,,,,,,,
65879,518876,"Merrill Kelly",36,2025,,,,,,,,,,,,,,
66950,592192,"Mark Canha",36,2025,0,1,0,0,12.5,-0.003,-0.017,0,10,-0.003,0,63,0,0
70093,607680,"Kevin Pillar",36,2025,3,0,100,0,0,0.024,0.007,0,3,0.005,0,39,0.001,0.1
48772,456781,"Donovan Solano",37,2025,0,0,,0,14.3,-0.018,,-0.1,11,-0.012,,126,,
49786,477132,"Clayton Kershaw",37,2025,,,,,,,,,,,,,,
50106,502054,"Tommy Pham",37,2025,5,3,62.5,3,8,-0.007,-0.004,-0.2,26,-0.006,-0.1,413,0,-0.3
59307,502671,"Paul Goldschmidt",37,2025,5,1,83.3,0,3.7,-0.01,-0.002,-0.3,51,-0.005,-0.2,536,0,-0.5
68099,596271,"Casey Lawrence",37,2025,,,,,,,,,,,,,,
46400,457705,"Andrew McCutchen",38,2025,1,1,50,0,5.4,-0.017,-0.013,-0.1,29,-0.005,-0.3,559,-0.001,-0.5
48082,455117,"Martín Maldonado",38,2025,0,0,,0,7.7,-0.017,,0,8,0.005,,139,,
53155,506433,"Yu Darvish",38,2025,,,,,,,,,,,,,,
58453,489119,"Wade Miley",38,2025,,,,,,,,,,,,,,
48929,467793,"Carlos Santana",39,2025,7,0,100,0,4.9,0,0.001,-0.1,35,-0.002,0,403,0,-0.1
51991,457759,"Justin Turner",40,2025,2,0,100,0,7.1,-0.011,-0.002,-0.1,6,-0.011,0,108,0,-0.1
47279,445926,"Jesse Chavez",41,2025,,,,,,,,,,,,,,
48258,450203,"Charlie Morton",41,2025,,,,,,,,,,,,,,
51408,493329,"Yuli Gurriel",41,2025,0,0,,0,0,-0.003,,,,,,12,,