Name,Team,G,AB,PA,H,1B,2B,3B,HR,R,RBI,BB,IBB,SO,HBP,SF,SH,GDP,SB,CS,AVG,NameASCII,PlayerId,MLBAMID
"Tomás Nido","DET",11,35,37,12,12,0,0,0,4,2,0,0,10,1,0,1,1,0,0,0.342857142,"Tomas Nido",13755,621512
"Bryce Johnson","SDP",55,76,84,26,21,4,0,1,9,8,3,0,19,2,0,3,1,4,1,0.342105263,"Bryce Johnson",20002,669369
"Richie Palacios","TBR",17,42,48,14,11,2,0,1,10,3,5,0,9,0,1,0,3,4,0,0.333333333,"Richie Palacios",24589,680700
"Jonny DeLuca","TBR",20,57,59,19,15,1,3,0,5,4,2,0,13,0,0,0,0,6,0,0.333333333,"Jonny DeLuca",26365,676356
"Joey Loperfido","TOR",41,96,104,32,24,4,0,4,12,14,4,0,27,3,0,1,2,1,2,0.333333333,"Joey Loperfido",29630,694388
"Aaron Judge","NYY",152,541,679,179,94,30,2,53,137,114,124,36,160,7,7,0,16,12,5,0.330868761,"Aaron Judge",15640,592450
"Miguel Andujar","- - -",94,321,341,102,74,17,1,10,36,44,17,1,49,1,2,0,8,1,0,0.317757009,"Miguel Andujar",15878,609280
"Jonathan Aranda","TBR",106,370,422,117,81,22,0,14,56,59,41,3,107,8,3,0,9,0,2,0.316216216,"Jonathan Aranda",21837,666018
"Manuel Margot","DET",6,19,20,6,6,0,0,0,1,3,0,0,6,0,1,0,0,0,0,0.315789473,"Manuel Margot",14712,622534
"Bo Bichette","TOR",139,582,628,181,118,44,1,18,78,94,40,2,91,3,3,0,17,4,3,0.310996563,"Bo Bichette",19612,666182
"Jacob Wilson","ATH",125,486,523,151,112,26,0,13,62,63,27,1,39,7,1,2,16,5,2,0.310699588,"Jacob Wilson",33266,805779
"George Springer","TOR",140,498,586,154,94,27,1,32,106,84,69,3,111,8,4,0,14,18,1,0.309236947,"George Springer",12856,543807
"Carlos Cortes","ATH",42,94,99,29,16,8,1,4,11,14,3,0,20,0,2,0,3,0,0,0.308510638,"Carlos Cortes",21842,666126
"Drew Millas","WSN",18,49,55,15,9,5,1,0,6,7,4,0,7,0,0,1,0,2,0,0.306122448,"Drew Millas",25643,686452
"Romy Gonzalez","BOS",96,315,341,96,61,23,3,9,47,53,18,1,81,3,5,0,8,6,5,0.304761904,"Romy Gonzalez",21562,663853
"Jeremy Peña","HOU",125,493,543,150,101,30,2,17,68,62,35,2,93,12,2,1,9,20,2,0.304259634,"Jeremy Pena",21636,665161
"Trea Turner","PHI",141,589,639,179,126,31,7,15,94,69,43,1,107,5,2,0,11,36,7,0.303904923,"Trea Turner",16252,607208
"Luke Keaschall","MIN",49,182,207,55,37,14,0,4,25,28,19,0,29,5,1,0,4,14,3,0.302197802,"Luke Keaschall",33321,807712
"Dominic Canzone","SEA",82,243,268,73,51,11,0,11,30,32,20,0,59,3,2,0,6,3,1,0.300411522,"Dominic Canzone",26438,686527
"Yandy Díaz","TBR",150,583,651,175,120,29,1,25,79,83,57,4,92,6,5,0,12,3,1,0.300171526,"Yandy Diaz",16578,650490
"Carter Jensen","KCR",20,60,69,18,9,6,0,3,12,13,9,0,12,0,0,0,1,0,0,0.3,"Carter Jensen",29478,695600
"Daylen Lile","WSN",91,321,351,96,61,15,11,9,51,41,21,0,56,4,3,1,5,8,6,0.29906542,"Daylen Lile",29995,695734
"Moisés Ballesteros","CHC",20,57,66,17,12,2,1,2,12,11,9,1,12,0,0,0,2,0,0,0.298245614,"Moises Ballesteros",28820,694208
"Nico Hoerner","CHC",156,599,649,178,138,29,4,7,89,61,39,1,49,7,4,0,4,29,6,0.297161936,"Nico Hoerner",21479,663538
"Nate Eaton","BOS",41,81,90,24,19,4,0,1,16,4,6,0,19,1,1,1,1,9,2,0.296296296,"Nate Eaton",25055,681987
"Jake Mangum","TBR",118,405,428,120,98,18,1,3,37,40,19,0,64,2,1,1,4,27,6,0.296296296,"Jake Mangum",26202,663968
"Will Smith","LAD",110,362,436,107,69,20,1,17,64,61,64,1,89,5,5,0,7,2,3,0.29558011,"Will Smith",19197,669257
"Bobby Witt Jr.","KCR",157,623,687,184,108,47,6,23,99,88,49,8,125,8,7,0,7,38,9,0.295345104,"Bobby Witt Jr.",25764,677951
"Freddie Freeman","LAD",147,556,627,164,99,39,2,24,81,90,60,7,128,6,5,0,13,6,2,0.294964028,"Freddie Freeman",5361,518692
"Chandler Simpson","TBR",109,414,441,122,104,15,3,0,53,26,20,0,43,0,2,3,10,44,12,0.29468599,"Chandler Simpson",31912,802415
"Josh Naylor","- - -",147,543,604,160,110,29,1,20,81,92,48,4,83,4,5,0,17,30,2,0.2946593,"Josh Naylor",18839,647304
"Vladimir Guerrero Jr.","TOR",156,589,680,172,115,34,0,23,96,84,81,8,94,6,4,0,17,6,3,0.292020373,"Vladimir Guerrero Jr.",19611,665489
"Luis Arraez","SDP",154,620,675,181,139,30,4,8,66,61,34,0,21,2,7,12,12,11,4,0.291935483,"Luis Arraez",18568,650333
"Jakob Marsee","MIA",55,209,234,61,35,18,3,5,28,33,22,0,48,2,1,0,2,14,6,0.291866028,"Jakob Marsee",31370,805300
"Roman Anthony","BOS",71,257,303,75,48,18,1,8,48,32,40,0,84,5,1,0,2,4,1,0.291828793,"Roman Anthony",31812,701350
"Jake Meyers","HOU",104,343,381,100,80,15,2,3,53,24,31,0,67,3,2,2,9,16,5,0.291545189,"Jake Meyers",20308,676694
"Austin Wynns","- - -",40,103,110,30,16,8,0,6,13,21,5,0,32,0,1,1,3,0,0,0.291262135,"Austin Wynns",15271,642851
"Nick Kurtz","ATH",117,420,489,122,58,26,2,36,90,86,63,3,151,2,3,0,4,2,1,0.29047619,"Nick Kurtz",35110,701762
"Ronald Acuña Jr.","ATL",95,338,412,98,64,12,1,21,74,42,71,4,102,3,0,0,5,9,1,0.289940828,"Ronald Acuna Jr.",18401,660670
"Geraldo Perdomo","ARI",161,597,720,173,115,33,5,20,98,100,94,1,83,10,11,8,11,27,6,0.289782244,"Geraldo Perdomo",22799,672695
"Alec Burleson","STL",139,497,546,144,98,26,2,18,54,69,39,1,79,3,4,1,14,5,1,0.28973843,"Alec Burleson",27615,676475
"Tyler Heineman","TOR",64,149,174,43,31,8,1,3,25,20,12,0,31,6,2,5,1,2,0,0.288590604,"Tyler Heineman",13897,623168
"Kyle Stowers","MIA",117,399,457,115,66,21,3,25,61,73,48,3,125,5,4,1,6,5,1,0.288220551,"Kyle Stowers",26151,669065
"Sal Frelick","MIL",142,528,594,152,117,20,3,12,76,63,47,0,80,7,5,3,4,19,6,0.287878787,"Sal Frelick",29622,686217
"Brice Turang","MIL",156,584,659,168,120,28,2,18,97,81,66,1,150,2,5,2,3,24,8,0.287671232,"Brice Turang",22186,668930
"Brendan Donovan","STL",118,460,515,132,90,32,0,10,64,50,42,3,67,7,4,2,4,3,3,0.286956521,"Brendan Donovan",24679,680977
"Jahmai Jones","DET",72,129,150,37,18,11,1,7,21,23,18,1,32,3,0,0,3,2,0,0.286821705,"Jahmai Jones",18872,663330
"Alec Bohm","PHI",120,464,504,133,101,18,3,11,53,59,29,0,82,5,6,0,16,2,0,0.286637931,"Alec Bohm",21618,664761
"Maikel Garcia","KCR",160,595,666,170,110,39,5,16,81,74,62,0,84,1,5,3,14,23,9,0.285714285,"Maikel Garcia",22715,672580
"Gabriel Moreno","ARI",83,277,309,79,57,12,1,9,44,40,29,3,53,1,2,0,6,2,2,0.285198555,"Gabriel Moreno",22664,672515
"Dominic Smith","SFG",63,204,225,58,41,12,0,5,26,33,15,0,42,2,4,0,5,2,0,0.284313725,"Dominic Smith",15653,642086
"Iván Herrera","STL",107,388,452,110,78,13,0,19,54,66,43,1,84,15,4,0,20,8,2,0.283505154,"Ivan Herrera",20599,671056
"Xavier Edwards","MIA",139,561,619,159,131,20,5,3,75,43,49,2,88,3,3,3,6,27,7,0.283422459,"Xavier Edwards",22266,669364
"Ketel Marte","ARI",126,480,556,136,80,28,0,28,87,72,64,6,83,9,3,0,12,4,2,0.283333333,"Ketel Marte",13613,606466
"José Fermín","STL",30,60,70,17,11,5,0,1,5,9,8,0,10,1,0,1,0,2,2,0.283333333,"Jose Fermin",21746,665877
"José Ramírez","CLE",158,593,673,168,101,34,3,30,103,85,66,22,74,8,5,0,9,44,7,0.283305227,"Jose Ramirez",13510,608070
"Austin Martin","MIN",50,156,181,44,34,8,1,1,22,7,22,0,31,1,0,2,6,11,4,0.282051282,"Austin Martin",27462,668885
"Alejandro Kirk","TOR",130,451,506,127,94,18,0,15,45,76,48,2,59,1,6,0,16,1,0,0.281596452,"Alejandro Kirk",22581,672386
"Shohei Ohtani","LAD",158,611,727,172,83,25,9,55,146,102,109,20,187,3,2,0,9,20,6,0.281505728,"Shohei Ohtani",19755,660271
"Miguel Amaya","CHC",28,96,103,27,14,9,0,4,14,25,4,0,22,1,1,1,0,0,0,0.28125,"Miguel Amaya",21693,665804
"Ramón Laureano","- - -",132,441,488,124,72,26,2,24,72,76,35,1,119,8,4,0,10,7,4,0.281179138,"Ramon Laureano",17128,657656
"Tyler Freeman","COL",110,377,428,106,82,20,2,2,50,31,34,0,51,11,4,2,10,18,9,0.281167108,"Tyler Freeman",22532,671289
"Ryan O'Hearn","- - -",144,474,544,133,94,21,1,17,67,63,58,4,109,8,4,0,11,3,1,0.280590717,"Ryan O'Hearn",16442,656811
"Tyler Tolbert","KCR",64,50,57,14,11,2,0,1,19,6,1,0,11,3,2,1,1,21,2,0.28,"Tyler Tolbert",25779,686475
"Brandon Marsh","PHI",133,379,425,106,68,25,2,11,59,43,38,1,110,0,4,3,2,7,1,0.279683377,"Brandon Marsh",20202,669016
"Hyeseong Kim","LAD",71,161,170,45,35,6,1,3,19,17,7,0,52,1,0,1,0,13,1,0.279503105,"Hyeseong Kim",35322,808975
"Dillon Dingler","DET",126,435,469,121,85,21,2,13,54,57,23,2,110,9,1,0,5,0,0,0.278160919,"Dillon Dingler",27464,693307
"Hunter Goodman","COL",144,540,579,150,86,28,5,31,73,91,33,0,152,4,2,0,16,1,2,0.277777777,"Hunter Goodman",29715,696100
"Ernie Clement","TOR",157,545,588,151,105,35,2,9,83,50,27,1,61,4,5,7,13,6,5,0.27706422,"Ernie Clement",20352,676391
"Harrison Bader","- - -",146,448,501,124,82,24,1,17,61,54,39,0,136,11,3,0,5,11,7,0.276785714,"Harrison Bader",18030,664056
"Troy Johnston","MIA",44,112,121,31,24,2,1,4,12,13,8,0,26,1,0,0,1,2,2,0.276785714,"Troy Johnston",26143,687859
"Shea Langeliers","ATH",123,481,523,133,70,32,0,31,73,72,36,1,103,1,5,0,10,7,1,0.276507276,"Shea Langeliers",25816,669127
"Jeremiah Jackson","BAL",48,170,183,47,30,10,2,5,20,21,11,0,50,2,0,0,6,0,2,0.276470588,"Jeremiah Jackson",22239,669236
"Tyler Soderstrom","ATH",158,561,624,155,95,34,1,25,75,93,55,2,141,6,2,0,18,8,3,0.276292335,"Tyler Soderstrom",27467,691016
"Amed Rosario","- - -",63,181,191,50,33,11,0,6,20,23,7,0,31,2,1,0,6,1,0,0.276243093,"Amed Rosario",15518,642708
"Edmundo Sosa","PHI",89,243,261,67,43,12,1,11,30,39,10,0,56,2,2,3,7,1,1,0.275720164,"Edmundo Sosa",17022,624641
"Carlos Correa","- - -",144,537,584,148,106,29,0,13,63,52,45,0,113,1,1,0,19,0,0,0.275605214,"Carlos Correa",14162,621043
"Manny Machado","SDP",159,615,678,169,109,33,0,27,91,95,55,4,131,3,5,0,16,14,3,0.274796747,"Manny Machado",11493,592518
"Drake Baldwin","ATL",124,405,446,111,72,18,2,19,56,80,38,0,68,3,0,0,9,0,0,0.274074074,"Drake Baldwin",31539,686948
"Paul Goldschmidt","NYY",146,489,534,134,92,31,1,10,76,45,36,5,100,4,2,0,8,5,1,0.274028629,"Paul Goldschmidt",9218,502671
"Brett Harris","ATH",32,73,84,20,15,5,0,0,11,5,7,0,21,2,1,1,1,1,0,0.273972602,"Brett Harris",29788,695391
"Gunnar Henderson","BAL",154,577,651,158,102,34,5,17,85,68,62,6,137,7,5,0,7,30,5,0.273830155,"Gunnar Henderson",26289,683002
"Giancarlo Stanton","NYY",77,249,281,68,36,8,0,24,36,66,29,3,96,1,1,0,5,0,0,0.273092369,"Giancarlo Stanton",4949,519317
"Yordan Alvarez","HOU",48,165,199,45,31,8,0,6,17,27,28,5,33,0,6,0,1,1,1,0.272727272,"Yordan Alvarez",19556,670541
"Kyle Teel","CHW",78,253,297,69,50,11,0,8,38,35,37,0,77,5,1,1,1,3,1,0.272727272,"Kyle Teel",33549,691019
"Alex Bregman","BOS",114,433,495,118,72,28,0,18,64,62,51,3,70,9,2,0,12,1,1,0.272517321,"Alex Bregman",17678,608324
"Matt Olson","ATL",162,624,724,170,98,41,2,29,98,95,91,2,176,4,5,0,14,1,0,0.272435897,"Matt Olson",14344,621566
"Pete Alonso","NYM",162,624,709,170,90,41,1,38,87,126,61,5,162,15,9,0,23,1,2,0.272435897,"Pete Alonso",19251,624413
"Cody Bellinger","NYY",152,588,656,160,101,25,5,29,89,98,57,1,90,2,9,0,8,13,2,0.272108843,"Cody Bellinger",15998,641355
"Steven Kwan","CLE",156,625,693,170,129,29,1,11,81,56,55,2,60,3,7,3,3,21,5,0.272,"Steven Kwan",24610,680757
"Spencer Horwitz","PIT",108,364,411,99,62,26,0,11,55,51,44,1,73,2,1,0,7,0,1,0.271978021,"Spencer Horwitz",26477,687462
"Andy Pages","LAD",156,581,624,158,103,27,1,27,74,86,29,0,135,8,6,0,9,14,7,0.271944922,"Andy Pages",24816,681624
"Corey Seager","TEX",102,380,445,103,63,19,0,21,61,50,58,10,87,5,2,0,13,3,0,0.271052631,"Corey Seager",13624,608369
"Andruw Monasterio","MIL",68,126,135,34,21,9,0,4,19,16,7,0,32,2,0,0,1,2,1,0.269841269,"Andruw Monasterio",19455,655316
"Starling Marte","NYM",98,293,329,79,56,14,0,9,37,34,22,0,68,9,4,1,7,7,2,0.269624573,"Starling Marte",9241,516782
"Mickey Moniak","COL",135,434,461,117,65,20,8,24,62,68,22,1,110,2,3,0,4,9,3,0.269585253,"Mickey Moniak",19956,666160
"Jackson Chourio","MIL",131,549,589,148,88,35,4,21,88,78,30,1,121,3,6,1,13,21,7,0.269581056,"Jackson Chourio",28806,694192
"Ildemaro Vargas","ARI",38,115,121,31,25,2,1,3,12,19,2,0,15,2,1,1,3,0,0,0.269565217,"Ildemaro Vargas",13324,545121
"Rob Refsnyder","BOS",70,182,209,49,28,12,0,9,29,30,24,1,54,1,2,0,6,3,0,0.269230769,"Rob Refsnyder",13770,608701
"Gavin Lux","CIN",140,446,503,120,85,28,2,5,49,53,56,0,114,0,1,0,3,1,0,0.269058295,"Gavin Lux",19955,666158
"Edgar Quero","CHW",111,365,403,98,76,17,0,5,31,36,32,0,71,4,2,0,8,0,1,0.26849315,"Edgar Quero",28022,700337
"Fernando Tatis Jr.","SDP",155,594,691,159,105,27,2,25,111,71,89,7,129,6,2,0,6,32,7,0.267676767,"Fernando Tatis Jr.",19709,665487
"Adam Frazier","- - -",134,419,459,112,85,20,0,7,43,44,26,2,81,8,5,1,8,8,6,0.267303102,"Adam Frazier",15223,624428
"Francisco Lindor","NYM",160,644,732,172,106,35,0,31,117,86,65,2,131,16,7,0,9,31,6,0.267080745,"Francisco Lindor",12916,596019
"Julio Rodríguez","SEA",160,652,710,174,107,31,4,32,106,95,44,5,152,12,2,0,15,30,6,0.266871165,"Julio Rodriguez",23697,677594
"Alex Call","- - -",110,270,322,72,52,13,2,5,43,31,36,0,55,6,4,6,6,2,1,0.266666666,"Alex Call",19296,669743
"Jung Hoo Lee","SFG",150,560,617,149,98,31,12,8,73,55,47,0,71,6,4,0,2,10,3,0.266071428,"Jung Hoo Lee",33824,808982
"Ryan Jeffers","MIN",119,406,464,108,73,26,0,9,47,47,50,1,91,7,1,0,9,1,1,0.266009852,"Ryan Jeffers",24618,680777
"Kyle Tucker","CHC",136,500,597,133,82,25,4,22,91,73,87,7,88,4,3,1,8,25,3,0.266,"Kyle Tucker",18345,663656
"Masataka Yoshida","BOS",55,188,205,50,35,11,0,4,16,26,10,0,24,3,4,0,3,3,0,0.265957446,"Masataka Yoshida",31837,807799
"Austin Hays","CIN",103,380,416,101,65,16,5,15,60,64,29,2,107,1,6,0,9,7,0,0.265789473,"Austin Hays",19363,669720
"DJ LeMahieu","NYY",45,128,142,34,29,3,0,2,13,12,14,0,35,0,0,0,4,0,0,0.265625,"DJ LeMahieu",9874,518934
"Heriberto Hernández","MIA",87,256,294,68,45,12,1,10,40,45,31,0,77,3,4,0,6,1,1,0.265625,"Heriberto Hernandez",24878,681715
"Jorge Polanco","SEA",138,471,524,125,69,30,0,26,64,78,42,1,82,3,5,3,7,6,3,0.265392781,"Jorge Polanco",13152,593871
"Jose Altuve","HOU",155,588,654,156,105,24,1,26,80,77,55,5,109,4,6,1,20,10,6,0.265306122,"Jose Altuve",5417,514888
"Jordan Westburg","BAL",85,328,352,87,59,10,1,17,59,41,17,0,80,6,1,0,5,1,2,0.265243902,"Jordan Westburg",27815,676059
"J.P. Crawford","SEA",157,570,654,151,115,24,0,12,69,58,74,1,122,3,1,6,11,8,1,0.26491228,"J.P. Crawford",15491,641487
"Lenyn Sosa","CHW",140,518,544,137,94,20,1,22,57,75,18,0,127,4,3,1,11,2,1,0.264478764,"Lenyn Sosa",22896,672820
"Christian Koss","SFG",76,174,191,46,34,9,0,3,25,23,9,0,45,3,2,3,4,4,1,0.264367816,"Christian Koss",27653,683766
"Byron Buxton","MIN",126,488,542,129,66,21,7,35,97,83,41,5,148,7,6,0,0,24,0,0.264344262,"Byron Buxton",14161,621439
"Nolan Schanuel","LAA",132,488,564,129,93,23,1,12,64,53,59,4,71,10,4,3,10,5,1,0.264344262,"Nolan Schanuel",33189,694384
"Junior Caminero","TBR",154,602,653,159,86,28,0,45,93,110,41,1,125,3,7,0,31,7,1,0.264119601,"Junior Caminero",28163,691406
"Vinnie Pasquantino","KCR",160,621,682,164,98,33,1,32,72,113,49,5,107,7,5,0,14,1,0,0.264090177,"Vinnie Pasquantino",27676,686469
"Elly De La Cruz","CIN",162,629,699,166,106,31,7,22,102,86,67,10,181,2,1,0,14,37,8,0.263910969,"Elly De La Cruz",26668,682829
"Jackson Merrill","SDP",115,440,483,116,69,25,6,16,59,67,33,1,108,4,5,1,4,1,2,0.263636363,"Jackson Merrill",29490,701538
"Christian Yelich","MIL",150,573,644,151,101,21,0,29,88,103,64,6,167,6,1,0,6,16,6,0.263525305,"Christian Yelich",11477,592885
"Isaac Collins","MIL",130,372,441,98,64,22,3,9,56,54,57,0,93,6,3,3,8,16,7,0.26344086,"Isaac Collins",25477,686555
"Juan Soto","NYM",160,577,715,152,88,20,1,43,120,105,127,13,137,3,6,1,17,38,4,0.263431542,"Juan Soto",20123,665742
"José Azocar","- - -",14,19,21,5,5,0,0,0,5,1,2,0,1,0,0,0,0,1,0,0.263157894,"Jose Azocar",18821,640492
"Trevor Story","BOS",157,612,654,161,107,29,0,25,91,96,33,1,176,7,1,1,3,31,1,0.263071895,"Trevor Story",12564,596115
"Xander Bogaerts","SDP",136,491,552,129,88,30,0,11,63,53,48,3,94,4,8,1,12,20,2,0.262729124,"Xander Bogaerts",12161,593428
"Mike Tauchman","CHW",93,335,385,88,61,17,1,9,44,40,45,0,86,4,1,0,5,0,0,0.262686567,"Mike Tauchman",15274,643565
"Noelvi Marte","CIN",90,339,360,89,56,17,2,14,45,51,16,0,85,3,2,0,7,10,3,0.262536873,"Noelvi Marte",26517,682622
"Brandon Nimmo","NYM",155,587,652,154,102,27,0,25,81,92,50,1,141,7,7,1,8,13,1,0.262350936,"Brandon Nimmo",12927,607043
"Isiah Kiner-Falefa","- - -",138,431,459,113,88,21,2,2,45,40,17,0,77,5,1,5,9,15,4,0.262180974,"Isiah Kiner-Falefa",16512,643396
"Myles Straw","TOR",137,267,299,70,51,14,1,4,51,32,19,0,50,1,1,11,5,12,1,0.262172284,"Myles Straw",17620,664702
"Miguel Rojas","LAD",114,290,317,76,51,18,0,7,35,27,24,1,46,0,0,3,7,5,0,0.262068965,"Miguel Rojas",7802,500743
"Brent Rooker","ATH",162,626,699,164,91,40,3,30,92,89,65,4,155,5,2,0,13,6,1,0.26198083,"Brent Rooker",19627,667670
"Bryce Harper","PHI",132,501,580,131,72,32,0,27,72,75,70,6,121,6,3,0,5,12,2,0.261477045,"Bryce Harper",11579,547180
"Michael Busch","CHC",155,524,592,137,73,25,5,34,78,90,56,2,139,10,2,0,2,4,0,0.261450381,"Michael Busch",26319,683737
"TJ Friedl","CIN",152,579,685,151,113,22,2,14,82,53,81,0,115,16,5,4,7,12,3,0.260794473,"TJ Friedl",19522,670770
"Nick Sogard","BOS",30,96,104,25,17,8,0,0,13,9,5,0,24,3,0,0,3,2,1,0.260416666,"Nick Sogard",25483,686765
"James McCann","ARI",42,123,137,32,21,6,0,5,18,17,8,0,33,4,1,1,3,0,0,0.260162601,"James McCann",12859,543510
"Nick Gonzales","PIT",96,381,408,99,73,18,3,5,39,30,21,0,73,2,4,0,12,0,2,0.259842519,"Nick Gonzales",27490,693304
"William Contreras","MIL",150,566,659,147,102,28,0,17,89,76,84,4,120,3,6,0,14,6,4,0.259717314,"William Contreras",20503,661388
"Austin Riley","ATL",102,416,447,108,71,20,1,16,54,54,27,1,128,3,1,0,9,2,1,0.259615384,"Austin Riley",18360,663586
"Corbin Carroll","ARI",143,564,642,146,66,32,17,31,107,84,67,4,153,7,4,0,6,32,6,0.258865248,"Corbin Carroll",25878,682998
"Zach McKinstry","DET",144,452,511,117,71,23,11,12,68,49,46,1,111,7,5,1,6,19,5,0.258849557,"Zach McKinstry",19392,656716
"Victor Caratini","HOU",114,344,386,89,63,14,0,12,35,46,23,0,65,13,6,0,8,1,0,0.25872093,"Victor Caratini",14968,605170
"Riley Greene","DET",157,600,655,155,87,31,1,36,84,111,46,1,201,4,5,0,14,2,1,0.258333333,"Riley Greene",25976,682985
"Pavin Smith","ARI",87,244,288,63,37,17,1,8,36,28,41,1,92,0,2,0,7,2,2,0.258196721,"Pavin Smith",19892,656976
"Thomas Saggese","STL",82,275,295,71,52,17,0,2,25,25,16,0,83,1,2,1,5,3,0,0.258181818,"Thomas Saggese",27883,695336
"Mookie Betts","LAD",150,589,663,152,107,23,2,20,95,82,61,2,68,3,10,0,15,8,2,0.258064516,"Mookie Betts",13611,605141
"Jordan Beck","COL",148,539,588,139,91,27,5,16,62,53,43,0,174,4,1,0,9,19,8,0.257884972,"Jordan Beck",31431,687597
"Jasson Domínguez","NYY",123,381,429,98,69,18,1,10,58,47,41,1,115,3,4,0,5,23,5,0.257217847,"Jasson Dominguez",28080,691176
"Willson Contreras","STL",135,490,563,126,74,31,1,20,70,80,44,1,142,23,4,1,15,5,1,0.257142857,"Willson Contreras",11609,575929
"Korey Lee","CHW",26,35,40,9,5,3,0,1,10,3,4,0,7,0,0,1,1,0,0,0.257142857,"Korey Lee",25543,686676
"J.T. Realmuto","PHI",134,502,550,129,90,26,1,12,57,52,35,1,129,9,3,0,13,8,2,0.256972111,"J.T. Realmuto",11739,592663
"Zach Neto","LAA",128,502,554,129,73,29,1,26,82,62,33,6,149,14,3,2,5,26,9,0.256972111,"Zach Neto",31347,687263
"CJ Abrams","WSN",144,580,635,149,90,35,5,19,92,60,37,1,125,14,3,1,5,31,3,0.256896551,"CJ Abrams",25768,682928
"Ty France","- - -",138,444,490,114,82,25,0,7,50,52,22,1,83,21,3,0,11,1,0,0.256756756,"Ty France",17982,664034
"Javier Báez","DET",126,417,437,107,75,17,3,12,55,57,10,0,109,6,3,0,8,5,1,0.256594724,"Javier Baez",12979,595879
"Bryson Stott","PHI",147,499,560,128,90,22,3,13,66,66,54,1,91,1,4,2,4,24,5,0.256513026,"Bryson Stott",26294,681082
"Yainer Diaz","HOU",143,542,567,139,93,25,1,20,56,70,20,2,95,2,3,0,13,1,1,0.256457564,"Yainer Diaz",23003,673237
"Heliot Ramos","SFG",157,620,695,159,113,24,1,21,85,69,52,2,158,17,6,0,16,6,4,0.256451612,"Heliot Ramos",22515,671218
"Jarren Duran","BOS",157,620,696,159,89,41,13,16,86,84,60,1,169,12,3,1,6,24,6,0.256451612,"Jarren Duran",24617,680776
"Jorge Alfaro","WSN",14,39,39,10,8,2,0,0,3,3,0,0,14,0,0,0,0,1,0,0.256410256,"Jorge Alfaro",12180,595751
"Brandon Lowe","TBR",134,507,553,130,80,19,0,31,79,83,38,1,149,2,6,0,6,3,2,0.256410256,"Brandon Lowe",18882,664040
"Caleb Durbin","MIL",136,445,506,114,78,25,0,11,60,53,30,0,50,24,4,3,10,18,6,0.256179775,"Caleb Durbin",29646,702332
"Francisco Alvarez","NYM",76,246,277,63,39,12,1,11,32,32,27,0,73,4,0,0,6,0,0,0.25609756,"Francisco Alvarez",26121,682626
"Colt Keith","DET",137,414,468,106,69,22,2,13,65,45,48,1,102,2,4,0,7,1,1,0.256038647,"Colt Keith",27899,690993
"James Wood","WSN",157,598,689,153,84,38,0,31,87,94,85,8,221,3,3,0,12,15,7,0.255852842,"James Wood",29518,695578
"Gleyber Torres","DET",145,532,628,136,98,22,0,16,79,74,85,0,101,4,7,0,11,4,1,0.255639097,"Gleyber Torres",16997,650402
"Kyle Isbel","KCR",135,368,409,94,70,16,4,4,42,33,23,0,74,2,3,13,7,4,5,0.255434782,"Kyle Isbel",21614,664728
"Zach Cole","HOU",15,47,52,12,6,2,0,4,9,11,5,0,20,0,0,0,0,3,0,0.255319148,"Zach Cole",31583,805904
"Nathan Lukes","TOR",135,388,438,99,66,19,2,12,55,65,38,2,60,2,3,7,12,2,4,0.255154639,"Nathan Lukes",18123,664770
"Ben Rice","NYY",138,467,530,119,61,28,4,26,74,65,50,0,100,9,2,0,18,3,2,0.254817987,"Ben Rice",29576,700250
"Sal Stewart","CIN",18,55,58,14,8,1,0,5,11,8,3,0,15,0,0,0,1,0,0,0.254545454,"Sal Stewart",31505,701398
"Brett Baty","NYM",130,393,432,100,67,13,2,18,53,50,33,0,108,2,3,0,6,8,0,0.254452926,"Brett Baty",26123,683146
"Isaac Paredes","HOU",102,378,438,96,60,15,1,20,53,53,50,0,76,8,2,0,10,0,1,0.253968253,"Isaac Paredes",20036,670623
"Andrew Vaughn","- - -",112,406,447,103,67,22,0,14,35,65,31,0,80,3,6,1,12,0,0,0.253694581,"Andrew Vaughn",26197,683734
"Chase Meidroth","CHW",122,450,505,114,94,15,0,5,54,23,45,0,72,6,1,3,14,14,4,0.253333333,"Chase Meidroth",31580,805367
"Thairo Estrada","COL",39,154,165,39,27,9,0,3,14,21,6,0,26,2,3,0,6,1,3,0.253246753,"Thairo Estrada",16426,642731
"Griffin Conine","MIA",24,79,86,20,11,7,0,2,13,8,7,0,25,0,0,0,0,0,1,0.253164556,"Griffin Conine",21626,665052
"Sam Haggerty","TEX",64,162,182,41,29,7,3,2,31,13,16,1,37,2,0,1,1,12,4,0.253086419,"Sam Haggerty",18054,664059
"Vidal Bruján","- - -",61,87,95,22,17,5,0,0,14,8,6,0,21,1,1,0,1,2,1,0.252873563,"Vidal Brujan",20536,660644
"Ezequiel Tovar","COL",95,360,390,91,60,18,4,9,44,33,21,0,98,1,2,6,2,5,3,0.252777777,"Ezequiel Tovar",24064,678662
"Ben Williamson","SEA",85,277,295,70,56,13,0,1,36,21,15,0,64,1,0,2,5,5,1,0.252707581,"Ben Williamson",33197,810938
"Masyn Winn","STL",129,491,537,124,88,27,0,9,72,51,34,0,102,8,2,2,11,9,5,0.252545824,"Masyn Winn",27479,691026
"Rafael Devers","- - -",163,607,729,153,85,33,0,35,99,109,112,10,192,6,4,0,16,1,1,0.252059308,"Rafael Devers",17350,646240
"Luis García Jr.","WSN",139,488,526,123,78,28,1,16,67,66,27,1,84,2,9,0,7,14,5,0.25204918,"Luis Garcia Jr.",20391,671277
"Gavin Sheets","SDP",145,492,545,124,76,28,1,19,57,71,44,1,107,5,4,0,9,2,1,0.25203252,"Gavin Sheets",19901,657757
"Warming Bernabel","COL",40,139,146,35,22,8,1,4,15,14,7,0,25,0,0,0,2,1,1,0.251798561,"Warming Bernabel",26536,682653
"Kerry Carpenter","DET",130,433,464,109,60,18,5,26,66,62,18,0,106,7,2,0,3,1,1,0.251732101,"Kerry Carpenter",25961,681481
"Josh Jung","TEX",131,482,511,121,83,23,1,14,53,61,27,0,129,2,0,0,10,4,1,0.251037344,"Josh Jung",26299,673962
"Connor Norby","MIA",88,311,337,78,52,17,1,8,42,34,18,0,90,5,3,0,3,8,2,0.250803858,"Connor Norby",29592,681393
"Freddy Fermin","- - -",109,319,347,80,62,13,0,5,32,26,19,1,65,2,0,7,5,1,2,0.250783699,"Freddy Fermin",21840,666023
"Josh Smith","TEX",144,495,563,124,89,23,2,10,70,35,55,2,100,8,1,3,3,12,3,0.25050505,"Josh Smith",26396,669701
"Trevor Larnach","MIN",142,503,567,126,84,24,1,17,62,60,53,2,122,4,6,0,19,4,4,0.250497017,"Trevor Larnach",21501,663616
"Nick Castellanos","PHI",147,547,589,137,91,27,2,17,72,72,32,0,133,4,6,0,13,4,0,0.250457038,"Nick Castellanos",11737,592206
"Ryan Mountcastle","BAL",89,332,357,83,58,18,0,7,34,35,15,0,98,4,6,0,10,3,0,0.25,"Ryan Mountcastle",18373,663624
"Emmanuel Rivera","BAL",43,120,127,30,26,4,0,0,5,13,6,0,24,1,0,0,3,1,0,0.25,"Emmanuel Rivera",19890,656896
"Miles Mastrobuoni","SEA",76,152,175,38,33,4,0,1,20,12,17,0,29,0,1,5,2,6,3,0.25,"Miles Mastrobuoni",20017,670156
"Eric Wagaman","MIA",140,476,514,119,79,28,3,9,56,53,32,0,100,1,5,0,11,4,1,0.25,"Eric Wagaman",23395,676572
"Alek Thomas","ARI",143,433,469,108,77,19,3,9,51,38,21,0,122,5,4,6,2,7,4,0.249422632,"Alek Thomas",23792,677950
"Carson Kelly","CHC",111,369,421,92,61,13,1,17,48,50,45,0,80,3,4,0,11,2,0,0.249322493,"Carson Kelly",13620,608348
"Joey Bart","PIT",93,285,332,71,54,12,1,4,21,30,40,0,93,7,0,0,14,1,1,0.249122807,"Joey Bart",21524,663698
"Ceddanne Rafaela","BOS",156,546,587,136,82,34,4,16,84,63,28,0,117,8,2,3,9,20,5,0.249084249,"Ceddanne Rafaela",24262,678882
"Michael Harris II","ATL",160,611,641,152,100,26,6,20,55,86,16,1,128,3,7,4,7,20,6,0.248772504,"Michael Harris II",25931,671739
"Lourdes Gurriel Jr.","ARI",129,500,546,124,79,24,2,19,52,80,31,0,76,6,9,0,11,10,4,0.248,"Lourdes Gurriel Jr.",19238,666971
"Evan Carter","TEX",63,194,220,48,32,9,2,5,31,25,19,1,41,7,0,0,2,14,2,0.24742268,"Evan Carter",27790,694497
"Keibert Ruiz","WSN",68,255,267,63,49,12,0,2,19,25,8,0,26,3,1,0,4,0,2,0.247058823,"Keibert Ruiz",19610,660688
"Pete Crow-Armstrong","CHC",157,591,647,146,74,37,4,31,91,95,29,1,155,9,12,6,1,35,8,0.247038917,"Pete Crow-Armstrong",27769,691718
"Donovan Solano","- - -",71,166,179,41,33,4,1,3,10,21,8,0,40,3,2,0,9,0,0,0.246987951,"Donovan Solano",8623,456781
"Liam Hicks","MIA",119,332,390,82,62,13,1,6,37,45,43,0,56,9,3,3,5,2,0,0.246987951,"Liam Hicks",29844,689414
"Wilyer Abreu","BOS",115,373,417,92,53,17,0,22,53,69,40,5,101,0,3,1,8,6,3,0.246648793,"Wilyer Abreu",23772,677800
"Cal Raleigh","SEA",159,596,705,147,63,24,0,60,110,125,97,17,188,9,3,0,6,14,4,0.246644295,"Cal Raleigh",21534,663728
"Teoscar Hernández","LAD",134,511,546,126,71,29,1,25,65,89,26,0,134,3,5,0,13,5,2,0.246575342,"Teoscar Hernandez",13066,606192
"Jhonny Pereda","- - -",30,69,78,17,11,6,0,0,4,4,8,0,21,0,0,1,1,0,0,0.246376811,"Jhonny Pereda",19802,640902
"Otto Lopez","MIA",143,544,594,134,98,21,0,15,66,77,44,2,82,3,3,0,9,15,6,0.246323529,"Otto Lopez",19608,672640
"Jake Cronenworth","SDP",135,419,515,103,71,20,1,11,61,59,69,1,107,15,7,4,4,3,3,0.245823389,"Jake Cronenworth",18036,630105
"Bryan Reynolds","PIT",154,587,654,144,87,38,3,16,68,73,57,1,173,7,3,0,15,3,2,0.245315161,"Bryan Reynolds",19326,668804
"Jurickson Profar","ATL",80,318,371,78,47,16,1,14,56,43,48,0,59,5,0,0,4,9,2,0.245283018,"Jurickson Profar",10815,595777
"Victor Robles","SEA",32,106,114,26,20,4,1,1,12,9,3,0,26,3,2,0,3,6,2,0.245283018,"Victor Robles",18363,645302
"Seiya Suzuki","CHC",151,571,651,140,74,31,3,32,75,103,71,1,164,1,8,0,13,5,2,0.245183887,"Seiya Suzuki",30116,673548
"Tommy Pham","PIT",120,392,449,96,68,17,1,10,44,52,50,3,94,2,5,0,12,5,3,0.244897959,"Tommy Pham",2967,502054
"Zach Dezenzo","HOU",34,98,109,24,16,6,0,2,17,10,11,0,37,0,0,0,2,1,0,0.244897959,"Zach Dezenzo",31562,701305
"Luke Maile","KCR",25,45,54,11,8,2,0,1,6,6,7,0,16,0,0,2,1,1,0,0.244444444,"Luke Maile",13355,571912
"Travis Jankowski","- - -",26,45,50,11,9,2,0,0,8,2,3,0,12,0,1,1,0,2,0,0.244444444,"Travis Jankowski",13768,608671
"Leo Rivas","SEA",48,90,111,22,18,2,0,2,19,9,20,0,24,1,0,0,1,6,0,0.244444444,"Leo Rivas",21009,660844
"Michael Massey","KCR",77,262,277,64,52,9,0,3,20,20,9,0,43,1,4,1,3,2,1,0.244274809,"Michael Massey",27684,686681
"Wenceel Pérez","DET",100,344,383,84,50,17,4,13,47,43,31,0,87,3,5,0,5,8,3,0.244186046,"Wenceel Perez",22857,672761
"Dansby Swanson","CHC",159,590,645,144,93,24,3,24,84,77,47,1,168,2,5,1,9,20,3,0.244067796,"Dansby Swanson",18314,621020
"Addison Barger","TOR",135,460,502,112,58,32,1,21,61,74,36,4,121,3,2,0,8,4,1,0.24347826,"Addison Barger",24598,680718
"José Tena","WSN",50,152,169,37,22,13,2,0,19,16,15,0,37,1,1,0,4,3,1,0.243421052,"Jose Tena",23691,677588
"Jeff McNeil","NYM",122,399,462,97,59,21,5,12,42,54,49,4,55,8,4,2,5,3,0,0.243107769,"Jeff McNeil",15362,643446
"Oswaldo Cabrera","NYY",34,107,122,26,21,4,0,1,17,11,11,0,25,2,1,1,1,0,1,0.242990654,"Oswaldo Cabrera",21707,665828
"Max Muncy","LAD",100,313,388,76,45,10,2,19,48,67,64,2,83,6,5,0,4,4,0,0.242811501,"Max Muncy",13301,571970
"Javier Sanoja","MIA",120,313,342,76,44,22,4,6,40,38,19,0,41,2,4,4,2,6,5,0.242811501,"Javier Sanoja",28253,691594
"Drew Waters","KCR",71,206,219,50,40,6,3,1,21,14,11,0,60,2,0,0,2,5,3,0.242718446,"Drew Waters",20505,671221
"Ian Happ","CHC",150,569,663,138,83,32,0,23,87,79,87,2,151,2,5,0,8,6,3,0.242530755,"Ian Happ",17919,664023
"Santiago Espinal","CIN",114,301,328,73,61,12,0,0,25,16,21,0,38,1,2,3,11,2,1,0.242524916,"Santiago Espinal",19997,669289
"Jazz Chisholm Jr.","NYY",130,462,531,112,65,15,1,31,75,80,58,1,148,6,4,1,3,31,8,0.242424242,"Jazz Chisholm Jr.",20454,665862
"Jackson Holliday","BAL",149,586,649,142,101,21,3,17,70,55,56,1,140,6,1,0,4,17,11,0.242320819,"Jackson Holliday",31781,702616
"Adrian Del Castillo","ARI",44,120,131,29,19,6,0,4,9,17,8,0,47,1,2,0,2,0,0,0.241666666,"Adrian Del Castillo",29554,680728
"Ramón Urías","- - -",112,352,391,85,57,17,0,11,33,44,27,0,88,2,10,0,6,3,0,0.241477272,"Ramon Urias",18795,602104
"Wyatt Langford","TEX",134,489,573,118,70,25,1,22,73,62,74,3,151,5,5,0,9,22,6,0.241308793,"Wyatt Langford",33333,694671
"Mauricio Dubón","HOU",133,369,398,89,61,21,0,7,43,33,24,0,42,1,1,3,12,3,0,0.241192411,"Mauricio Dubon",16530,643289
"Wilmer Flores","SFG",125,419,463,101,75,10,0,16,44,71,34,0,88,7,3,0,14,1,0,0.241050119,"Wilmer Flores",5827,527038
"Kyle Higashioka","TEX",94,303,327,73,47,14,1,11,33,47,20,0,72,2,2,0,5,3,1,0.240924092,"Kyle Higashioka",5517,543309
"Jake Fraley","- - -",76,191,217,46,31,9,0,6,31,23,25,1,49,1,0,0,1,4,3,0.240837696,"Jake Fraley",19260,641584
"Carlos Narváez","BOS",118,403,446,97,55,27,0,15,51,50,38,0,111,1,2,2,12,1,1,0.240694789,"Carlos Narvaez",19722,665966
"Ryan Ritter","COL",60,187,207,45,32,9,3,1,22,18,10,0,61,5,1,4,7,3,1,0.240641711,"Ryan Ritter",31500,690022
"Andrew Benintendi","CHW",116,420,470,101,63,16,2,20,57,63,40,2,82,3,6,0,5,1,0,0.24047619,"Andrew Benintendi",17901,643217
"Ozzie Albies","ATL",157,603,667,145,104,23,2,16,74,74,55,2,94,4,5,0,9,14,3,0.240464344,"Ozzie Albies",16556,645277
"Kyle Schwarber","PHI",162,604,724,145,64,23,2,56,111,132,108,6,197,11,1,0,4,10,2,0.240066225,"Kyle Schwarber",16478,656941
"Brooks Baldwin","CHW",103,300,328,72,45,15,1,11,32,38,21,0,86,1,2,4,9,5,0,0.24,"Brooks Baldwin",31394,681460
"Spencer Torkelson","DET",155,563,649,135,76,27,1,31,82,78,72,6,169,9,5,0,12,2,1,0.239786856,"Spencer Torkelson",27465,679529
"Abraham Toro","BOS",77,259,284,62,42,13,0,7,33,27,14,1,42,6,5,0,1,2,1,0.239382239,"Abraham Toro",19844,647351
"Colson Montgomery","CHW",71,255,284,61,30,9,1,21,43,55,25,1,83,2,1,0,3,0,0,0.239215686,"Colson Montgomery",29712,695657
"Andrew McCutchen","PIT",135,477,551,114,79,22,0,13,51,57,67,5,118,2,3,0,12,1,1,0.23899371,"Andrew McCutchen",9847,457705
"Andy Ibáñez","DET",91,176,193,42,30,8,0,4,24,21,12,0,26,4,1,0,6,4,1,0.238636363,"Andy Ibanez",18819,628451
"Matt Vierling","DET",31,88,100,21,17,3,0,1,6,11,7,0,24,3,2,0,1,2,0,0.238636363,"Matt Vierling",21558,663837
"Alex Verdugo","ATL",56,197,213,47,37,10,0,0,21,12,14,0,31,2,0,0,1,1,0,0.23857868,"Alex Verdugo",17027,657077
"Randy Arozarena","SEA",160,613,709,146,86,32,1,27,95,76,64,2,191,27,5,0,9,31,6,0.23817292,"Randy Arozarena",19290,668227
"Daulton Varsho","TOR",71,248,271,59,24,13,2,20,43,55,17,1,77,1,5,0,1,2,0,0.237903225,"Daulton Varsho",19918,662139
"Spencer Steer","CIN",146,509,568,121,77,21,2,21,66,75,51,0,129,5,2,1,12,7,1,0.237721021,"Spencer Steer",26323,668715
"Christian Walker","HOU",154,585,640,139,87,24,1,27,72,88,40,1,177,11,4,0,10,2,1,0.237606837,"Christian Walker",13419,572233
"Jose Trevino","CIN",94,282,302,67,43,20,0,4,30,22,15,0,39,0,4,1,9,0,0,0.237588652,"Jose Trevino",16725,624431
"Gio Urshela","ATH",59,181,197,43,28,14,1,0,10,20,13,0,40,0,1,2,6,0,1,0.23756906,"Gio Urshela",10681,570482
"Luis Rengifo","LAA",147,501,541,119,91,16,3,9,55,43,33,0,104,3,3,1,7,10,7,0.23752495,"Luis Rengifo",19858,650859
"Jesús Sánchez","- - -",134,451,497,107,68,21,4,14,61,48,42,1,110,2,2,0,10,13,3,0.237250554,"Jesus Sanchez",19913,660821
"Josh Bell","WSN",140,468,533,111,72,16,1,22,54,63,57,1,88,5,3,0,15,0,3,0.237179487,"Josh Bell",13145,605137
"Casey Schmitt","SFG",95,312,348,74,47,15,0,12,34,40,27,1,83,5,3,1,6,0,0,0.237179487,"Casey Schmitt",27577,669477
"Nolan Arenado","STL",107,401,436,95,64,18,1,12,48,52,28,4,49,3,4,0,10,3,0,0.23690773,"Nolan Arenado",9777,571448
"Royce Lewis","MIN",106,376,403,89,58,18,0,13,36,52,25,0,80,0,2,0,7,12,2,0.236702127,"Royce Lewis",20437,668904
"Rhys Hoskins","MIL",90,279,328,66,41,12,1,12,30,43,38,2,91,5,6,0,6,2,1,0.236559139,"Rhys Hoskins",16472,656555
"Joey Wiemer","MIA",27,55,61,13,8,2,0,3,7,12,2,1,23,2,2,0,0,0,0,0.236363636,"Joey Wiemer",27690,686894
"Salvador Perez","KCR",155,597,641,141,76,35,0,30,54,100,28,5,125,12,1,0,14,0,0,0.236180904,"Salvador Perez",7304,521692
"Brooks Lee","MIN",139,487,527,115,83,15,1,16,50,64,31,0,92,4,5,0,11,3,1,0.23613963,"Brooks Lee",31595,686797
"Jake Burger","TEX",103,356,376,84,52,15,1,16,43,53,12,0,93,5,3,0,3,1,1,0.235955056,"Jake Burger",22275,669394
"Cam Smith","HOU",134,441,493,104,71,21,3,9,55,51,43,0,137,7,2,0,11,8,1,0.235827664,"Cam Smith",35108,701358
"Jo Adell","LAA",152,526,573,124,68,18,1,37,63,98,33,0,151,10,1,0,10,5,1,0.235741444,"Jo Adell",20220,666176
"José Caballero","- - -",126,314,370,74,50,18,1,5,52,36,47,0,98,3,2,4,1,49,11,0.235668789,"Jose Caballero",23401,676609
"Ke'Bryan Hayes","- - -",152,527,570,124,100,16,3,5,50,49,36,1,111,5,1,1,13,12,3,0.235294117,"Ke'Bryan Hayes",18577,663647
"Luken Baker","STL",19,34,41,8,5,3,0,0,3,2,7,0,10,0,0,0,3,0,0,0.235294117,"Luken Baker",21497,663609
"Jake Bauers","MIL",86,183,218,43,27,9,0,7,28,28,32,1,59,2,1,0,1,8,1,0.234972677,"Jake Bauers",15194,641343
"Trent Grisham","NYY",143,494,581,116,72,9,1,34,87,74,82,0,137,4,1,0,7,3,2,0.234817813,"Trent Grisham",18564,663757
"Dane Myers","MIA",106,307,333,72,56,10,0,6,29,31,23,0,77,2,1,0,12,18,5,0.234527687,"Dane Myers",22054,667472
"Eli White","ATL",105,256,271,60,39,8,3,10,43,35,11,1,70,2,1,1,2,10,1,0.234375,"Eli White",19346,642201
"Luisangel Acuña","NYM",95,175,193,41,34,7,0,0,30,8,13,0,37,2,1,2,6,16,1,0.234285714,"Luisangel Acuna",26548,682668
"Miguel Vargas","CHW",138,504,569,118,68,32,2,16,80,60,56,0,100,6,3,0,9,6,0,0.234126984,"Miguel Vargas",20178,678246
"Davis Schneider","TOR",82,188,227,44,28,5,0,11,33,31,36,0,60,2,1,0,4,3,1,0.234042553,"Davis Schneider",23565,676914
"Kyle Manzardo","CLE",142,470,531,110,62,19,2,27,47,70,48,2,135,8,5,0,7,2,0,0.234042553,"Kyle Manzardo",29794,700932
"Nacho Alvarez Jr.","ATL",58,188,208,44,30,12,0,2,18,15,12,0,49,5,1,2,1,0,0,0.234042553,"Nacho Alvarez Jr.",31765,805373
"Ha-Seong Kim","- - -",48,171,191,40,31,4,0,5,19,17,16,0,39,2,2,0,2,6,2,0.233918128,"Ha-Seong Kim",27506,673490
"Yoán Moncada","LAA",84,248,289,58,31,13,2,12,39,35,32,1,75,7,2,0,4,0,0,0.233870967,"Yoan Moncada",17232,660162
"Lars Nootbaar","STL",135,509,583,119,81,24,1,13,68,48,64,3,119,6,3,1,4,4,5,0.233791748,"Lars Nootbaar",21454,663457
"Ronny Simon","- - -",27,77,88,18,15,3,0,0,10,7,8,0,15,0,2,1,1,1,0,0.233766233,"Ronny Simon",25346,682927
"Lawrence Butler","ATH",152,569,630,133,80,30,2,21,83,63,59,0,179,0,0,2,7,22,7,0.233743409,"Lawrence Butler",22542,671732
"Brady House","WSN",73,261,274,61,46,11,0,4,26,29,8,0,78,0,5,0,11,5,3,0.233716475,"Brady House",29993,691781
"Otto Kemp","PHI",62,197,218,46,27,11,0,8,26,28,12,0,67,7,2,0,4,2,2,0.233502538,"Otto Kemp",31792,805249
"Mark Vientos","NYM",121,424,463,99,59,21,2,17,44,61,30,0,115,5,4,0,11,1,0,0.233490566,"Mark Vientos",22184,668901
"Jonathan India","KCR",136,497,567,116,78,29,0,9,63,45,54,0,106,13,2,1,9,0,4,0.233400402,"Jonathan India",21523,663697
"Curtis Mead","- - -",90,240,264,56,42,10,1,3,26,19,15,0,63,8,1,0,9,5,1,0.233333333,"Curtis Mead",23986,678554
"Brenton Doyle","COL",138,502,538,117,77,23,2,15,57,57,30,0,138,0,4,2,14,18,2,0.233067729,"Brenton Doyle",25479,686668
"Mike Yastrzemski","- - -",147,477,558,111,65,28,1,17,68,46,72,4,108,2,5,2,7,7,2,0.232704402,"Mike Yastrzemski",14854,573262
"Brayan Rocchio","CLE",115,344,383,80,55,18,2,5,34,44,22,0,77,8,5,4,4,8,4,0.232558139,"Brayan Rocchio",23690,677587
"Mike Trout","LAA",130,456,556,106,65,14,1,26,73,64,87,10,178,6,6,0,7,2,0,0.23245614,"Mike Trout",10155,545361
"Michael Helman","TEX",38,99,110,23,12,5,1,5,18,20,7,0,21,1,0,3,0,4,0,0.232323232,"Michael Helman",24605,680737
"Marcell Ozuna","ATL",145,487,592,113,73,19,0,21,61,68,94,2,144,3,7,0,11,0,0,0.232032854,"Marcell Ozuna",10324,542303
"Matthew Lugo","LAA",31,69,70,16,9,2,1,4,9,9,0,0,24,1,0,0,3,0,0,0.231884057,"Matthew Lugo",25980,683090
"Nick Yorke","PIT",22,69,72,16,12,3,0,1,7,8,3,0,15,0,0,0,1,1,0,0.231884057,"Nick Yorke",27504,694377
"Nasim Nuñez","WSN",39,82,92,19,13,2,0,4,13,13,8,0,20,0,1,1,1,9,1,0.231707317,"Nasim Nunez",25979,683083
"Jacob Young","WSN",120,324,364,75,62,10,1,2,34,31,27,0,65,3,1,9,7,15,11,0.231481481,"Jacob Young",29931,696285
"Brandon Lockridge","- - -",67,134,148,31,23,7,1,0,17,11,8,0,36,1,2,3,2,10,1,0.231343283,"Brandon Lockridge",21496,663604
"Matt Chapman","SFG",128,454,535,105,59,23,2,21,76,61,71,1,126,6,4,0,8,9,4,0.231277533,"Matt Chapman",16505,656305
"Yohel Pozo","STL",67,160,168,37,24,8,0,5,16,19,7,0,22,0,1,0,4,0,0,0.23125,"Yohel Pozo",18848,650968
"Darell Hernaiz","ATH",51,173,197,40,32,5,1,2,17,16,17,0,24,0,5,2,2,3,4,0.231213872,"Darell Hernaiz",26224,687231
"Agustín Ramírez","MIA",136,537,585,124,69,33,1,21,72,67,36,2,113,8,4,0,13,16,3,0.230912476,"Agustin Ramirez",26546,682663
"Gary Sánchez","BAL",30,91,101,21,14,2,0,5,13,24,4,0,27,5,1,0,2,0,0,0.23076923,"Gary Sanchez",11442,596142
"Tyler Stephenson","CIN",88,299,342,69,38,18,0,13,40,50,37,1,116,2,4,0,4,0,1,0.23076923,"Tyler Stephenson",17988,663886
"Tristan Gray","TBR",30,78,86,18,10,5,0,3,9,9,6,0,19,0,1,1,0,0,0,0.23076923,"Tristan Gray",19877,656484
"Blaze Alexander","ARI",74,230,266,53,33,12,1,7,31,28,22,0,86,10,1,3,5,4,6,0.230434782,"Blaze Alexander",23789,677942
"Luis Urías","ATH",96,287,330,66,51,7,0,8,27,25,31,0,45,6,3,0,9,2,1,0.229965156,"Luis Urias",16622,649966
"Pedro Pagés","STL",112,361,389,83,57,15,0,11,38,45,19,1,107,3,3,3,9,0,0,0.229916897,"Pedro Pages",25782,686780
"Marcus Semien","TEX",127,470,534,108,76,16,1,15,62,62,50,0,93,5,9,0,8,11,1,0.229787234,"Marcus Semien",12533,543760
"Joey Ortiz","MIL",149,470,506,108,82,18,1,7,62,45,27,0,74,3,0,6,10,14,3,0.229787234,"Joey Ortiz",25493,687401
"Denzel Clarke","ATH",47,148,159,34,21,8,2,3,18,8,6,0,61,3,0,2,1,6,0,0.229729729,"Denzel Clarke",29858,672016
"Nick Fortes","- - -",97,218,242,50,35,9,1,5,19,21,14,0,47,7,1,2,7,1,0,0.229357798,"Nick Fortes",21538,663743
"Jose Iglesias","SDP",112,306,343,70,56,11,0,3,29,36,24,0,56,7,2,4,7,5,1,0.228758169,"Jose Iglesias",10231,578428
"Jesse Winker","NYM",26,70,81,16,8,5,2,1,8,10,9,1,21,0,2,0,1,1,0,0.228571428,"Jesse Winker",13590,608385
"Eric Haase","MIL",30,70,77,16,11,3,0,2,11,9,4,0,31,2,0,1,1,0,0,0.228571428,"Eric Haase",14111,606992
"Rowdy Tellez","- - -",112,289,312,66,38,11,0,17,34,49,17,0,83,3,3,0,9,1,0,0.228373702,"Rowdy Tellez",15679,642133
"Marcelo Mayer","BOS",44,127,136,29,16,8,1,4,20,10,8,0,41,0,1,0,2,0,2,0.228346456,"Marcelo Mayer",29668,691785
"Cody Freeman","TEX",36,114,121,26,19,4,0,3,13,15,5,0,19,0,1,1,3,1,1,0.228070175,"Cody Freeman",25629,683227
"Taylor Ward","LAA",157,579,663,132,63,31,2,36,86,103,75,1,175,3,6,0,13,4,1,0.227979274,"Taylor Ward",17548,621493
"Paul DeJong","WSN",57,193,208,44,28,10,0,6,18,23,11,0,70,1,3,0,3,4,0,0.227979274,"Paul DeJong",18015,657557
"Randal Grichuk","- - -",113,272,293,62,34,18,1,9,35,27,17,1,61,1,3,0,6,0,1,0.227941176,"Randal Grichuk",10243,545341
"Eugenio Suárez","- - -",159,588,657,134,57,28,0,49,91,118,46,2,196,16,7,0,11,4,1,0.227891156,"Eugenio Suarez",12552,553993
"Nathaniel Lowe","- - -",153,540,609,123,79,23,3,18,64,84,62,2,159,2,5,0,6,1,0,0.227777777,"Nathaniel Lowe",19566,663993
"Kyle Farmer","COL",97,277,300,63,41,14,0,8,24,31,17,0,66,4,2,0,9,0,1,0.227436823,"Kyle Farmer",14813,571657
"Dylan Beavers","BAL",35,110,137,25,15,5,1,4,16,14,26,0,36,0,0,1,0,2,2,0.227272727,"Dylan Beavers",31695,687637
"Adolis García","TEX",135,507,547,115,68,28,0,19,58,75,28,1,135,5,7,0,9,13,4,0.226824457,"Adolis Garcia",19287,666969
"Jared Triolo","PIT",107,331,376,75,48,18,2,7,41,24,39,1,76,2,1,3,4,13,2,0.226586102,"Jared Triolo",25807,669707
"Matt Shaw","CHC",126,393,437,89,52,21,3,13,57,44,38,0,94,2,4,0,2,17,5,0.226463104,"Matt Shaw",33322,807713
"Willi Castro","- - -",120,402,454,91,60,17,3,11,58,33,40,1,111,11,0,1,12,10,4,0.226368159,"Willi Castro",17338,650489
"Kyle Karros","COL",43,137,156,31,26,4,0,1,20,9,15,0,41,2,2,0,5,0,0,0.226277372,"Kyle Karros",33252,691720
"Ronny Mauricio","NYM",61,168,184,38,26,6,0,6,19,10,15,1,54,1,0,0,5,4,0,0.226190476,"Ronny Mauricio",23698,677595
"Will Benson","CIN",90,230,253,52,30,8,2,12,31,41,16,1,67,1,6,0,4,2,2,0.226086956,"Will Benson",21853,666181
"Luis Torrens","NYM",93,261,283,59,39,14,1,5,20,29,19,0,56,2,0,1,7,1,0,0.226053639,"Luis Torrens",15905,620443
"Blake Perkins","MIL",54,155,171,35,24,6,2,3,25,19,15,0,47,1,0,0,4,7,2,0.225806451,"Blake Perkins",19921,663368
"Reese McGuire","CHC",45,133,140,30,19,2,0,9,17,24,4,0,27,0,2,1,3,0,0,0.225563909,"Reese McGuire",15674,624512
"Nick Martini","COL",43,102,111,23,18,4,0,1,9,4,9,1,18,0,0,0,1,0,0,0.225490196,"Nick Martini",12005,605361
"Tommy Edman","LAD",97,346,377,78,51,13,1,13,49,49,19,0,61,6,5,1,4,3,1,0.225433526,"Tommy Edman",19470,669242
"Willy Adames","SFG",160,591,686,133,79,22,2,30,94,87,80,2,179,5,9,0,9,12,4,0.225042301,"Willy Adames",15986,642715
"Colby Thomas","ATH",49,120,132,27,16,5,0,6,20,19,7,0,49,1,3,1,3,2,1,0.225,"Colby Thomas",31855,687515
"Will Wagner","- - -",55,129,149,29,22,7,0,0,15,7,17,0,28,2,0,1,3,1,0,0.224806201,"Will Wagner",29634,695238
"Yanquiel Fernández","COL",52,138,147,31,22,5,0,4,13,11,8,0,44,0,1,0,4,0,0,0.224637681,"Yanquiel Fernandez",28552,692585
"Ezequiel Duran","TEX",90,205,219,46,32,14,0,0,16,14,8,0,55,4,1,1,3,11,2,0.224390243,"Ezequiel Duran",23733,677649
"Angel Martínez","CLE",139,446,484,100,64,23,2,11,56,45,23,0,110,6,4,5,8,8,2,0.224215246,"Angel Martinez",26540,682657
"Johan Rojas","PHI",71,152,172,34,28,3,2,1,23,18,13,0,40,0,3,4,2,12,2,0.22368421,"Johan Rojas",24336,679032
"Graham Pauley","MIA",62,161,184,36,22,9,1,4,18,11,21,0,36,0,1,1,1,2,0,0.223602484,"Graham Pauley",31363,688363
"Robert Hassell III","WSN",70,197,206,44,32,9,0,3,22,18,8,0,62,1,0,0,4,4,0,0.223350253,"Robert Hassell III",27482,690987
"Kristian Campbell","BOS",67,229,263,51,35,10,0,6,24,21,29,0,72,4,1,0,1,2,1,0.222707423,"Kristian Campbell",33644,692225
"Tyrone Taylor","NYM",113,310,341,69,46,18,3,2,34,27,16,1,76,9,2,3,4,12,2,0.222580645,"Tyrone Taylor",13675,621438
"Luis Robert Jr.","CHW",110,382,431,85,59,12,0,14,52,53,40,3,112,2,3,1,8,33,8,0.222513089,"Luis Robert Jr.",20043,673357
"Patrick Bailey","SFG",135,409,452,91,64,18,3,6,47,55,30,0,133,3,6,4,7,1,0,0.222493887,"Patrick Bailey",27478,672275
"Bobby Dalbec","CHW",7,18,21,4,3,1,0,0,2,1,3,0,6,0,0,0,1,0,0,0.222222222,"Bobby Dalbec",19966,666915
"Keston Hiura","COL",8,18,21,4,3,1,0,0,3,1,0,0,7,3,0,0,0,0,0,0.222222222,"Keston Hiura",20003,669374
"Justyn-Henry Malloy","DET",52,104,127,23,16,6,0,1,15,17,20,0,32,1,2,0,1,0,0,0.221153846,"Justyn-Henry Malloy",29606,669234
"Nick Allen","ATL",135,371,416,82,71,11,0,0,32,22,31,0,99,3,3,8,8,8,7,0.221024258,"Nick Allen",22277,669397
"Luis Matos","SFG",57,172,184,38,20,9,1,8,26,22,11,0,27,0,1,0,5,4,0,0.220930232,"Luis Matos",26467,682641
"Andrew Knizner","SFG",33,77,88,17,14,1,1,1,12,5,7,0,10,2,1,1,0,0,0,0.22077922,"Andrew Knizner",19514,668800
"Adley Rutschman","BAL",90,322,365,71,44,16,2,9,37,29,40,0,57,1,2,0,8,0,0,0.220496894,"Adley Rutschman",26288,668939
"Oscar Gonzalez","SDP",21,59,61,13,12,1,0,0,2,4,2,0,13,0,0,0,1,0,1,0.220338983,"Oscar Gonzalez",20970,660757
"Zack Short","HOU",22,50,56,11,7,2,0,2,9,7,4,0,18,1,0,1,0,0,1,0.22,"Zack Short",19562,670097
"Gabriel Arias","CLE",129,432,471,95,57,25,2,11,44,54,27,1,162,7,4,1,8,8,4,0.219907407,"Gabriel Arias",22563,672356
"Taylor Walls","TBR",101,282,317,62,43,14,1,4,36,38,26,0,70,0,6,3,1,14,6,0.219858156,"Taylor Walls",22458,670764
"Alex Jackson","BAL",37,91,100,20,7,8,0,5,17,8,5,0,37,4,0,0,2,0,0,0.219780219,"Alex Jackson",17276,656577
"Edouard Julien","MIN",64,182,208,40,27,10,0,3,13,12,22,0,61,2,1,1,3,0,3,0.219780219,"Edouard Julien",27534,666397
"Josh Lowe","TBR",108,396,435,87,53,21,2,11,56,40,33,1,109,3,2,1,7,18,4,0.219696969,"Josh Lowe",19953,666139
"Matt McLain","CIN",147,510,577,112,79,18,0,15,73,50,55,0,167,5,4,3,8,18,2,0.219607843,"Matt McLain",29695,680574
"George Valera","CLE",16,41,48,9,5,2,0,2,7,5,7,0,13,0,0,0,1,0,0,0.219512195,"George Valera",22541,671655
"C.J. Kayfus","CLE",44,123,138,27,12,10,1,4,16,19,11,0,38,2,1,1,0,4,0,0.219512195,"C.J. Kayfus",33704,692216
"Austin Wells","NYY",126,401,448,88,44,22,1,21,51,71,30,0,118,5,11,0,10,5,1,0.219451371,"Austin Wells",27562,669224
"Christopher Morel","TBR",105,278,305,61,34,16,0,11,37,33,25,0,109,2,0,0,8,7,2,0.21942446,"Christopher Morel",21897,666624
"Carlos Santana","- - -",124,415,474,91,69,11,0,11,49,54,52,1,91,3,4,0,7,7,0,0.219277108,"Carlos Santana",2396,467793
"Justin Turner","CHC",80,169,191,37,27,7,0,3,14,18,17,0,37,1,4,0,3,2,0,0.218934911,"Justin Turner",5235,457759
"Dominic Fletcher","CHW",12,32,34,7,1,5,0,1,5,2,2,0,2,0,0,0,1,1,0,0.21875,"Dominic Fletcher",26149,666150
"Matt Thaiss","- - -",60,156,190,34,26,6,1,1,16,16,29,0,46,3,1,1,2,1,1,0.217948717,"Matt Thaiss",19318,642136
"Alexander Canario","PIT",87,216,234,47,34,6,1,6,25,20,17,0,80,0,1,0,5,3,1,0.217592592,"Alexander Canario",22842,672744
"Ali Sánchez","- - -",12,23,23,5,3,2,0,0,2,0,0,0,6,0,0,0,1,0,0,0.217391304,"Ali Sanchez",18551,645305
"Coby Mayo","BAL",85,263,294,57,34,12,0,11,30,28,27,0,84,4,0,0,2,3,0,0.216730038,"Coby Mayo",28312,691723
"Tyler Fitzgerald","SFG",72,217,243,47,32,10,1,4,19,14,17,0,70,2,1,6,3,9,4,0.216589861,"Tyler Fitzgerald",26208,666149
"Derek Hill","- - -",57,134,149,29,20,6,0,3,19,11,9,0,48,3,0,3,3,7,0,0.21641791,"Derek Hill",16947,656537
"Austin Slater","- - -",65,148,160,32,20,6,1,5,22,13,11,0,51,0,0,1,6,1,0,0.216216216,"Austin Slater",16153,596103
"Cedric Mullins","- - -",133,435,498,94,53,23,1,17,58,59,50,0,120,4,6,3,2,22,4,0.216091954,"Cedric Mullins",17929,656775
"Victor Scott II","STL",138,398,463,86,65,15,1,5,54,37,42,0,111,10,3,10,3,34,4,0.216080402,"Victor Scott II",31349,687363
"Max Kepler","PHI",127,417,474,90,53,19,0,18,58,52,48,3,93,4,4,1,10,3,0,0.215827338,"Max Kepler",12144,596146
"Stuart Fairchild","ATL",28,51,55,11,6,4,1,0,7,2,4,0,15,0,0,0,2,2,1,0.215686274,"Stuart Fairchild",20321,656413
"Danny Jansen","- - -",98,288,337,62,37,11,0,14,38,36,42,0,86,4,2,1,5,0,0,0.215277777,"Danny Jansen",16535,643376
"Jorge Soler","LAA",82,279,315,60,36,12,0,12,31,34,28,0,94,4,3,0,5,0,0,0.215053763,"Jorge Soler",14221,624585
"Jordan Walker","STL",111,363,396,78,58,13,1,6,40,41,29,1,126,3,1,0,9,10,3,0.214876033,"Jordan Walker",27475,691023
"Parker Meadows","DET",58,191,213,41,29,6,2,4,22,16,21,0,56,0,1,0,0,4,0,0.214659685,"Parker Meadows",23800,678009
"Austin Barnes","LAD",13,42,44,9,6,3,0,0,4,2,1,0,14,0,0,1,1,0,0,0.214285714,"Austin Barnes",12158,605131
"Ryan McMahon","- - -",154,509,586,109,65,23,1,20,62,53,70,1,189,4,3,0,7,3,1,0.214145383,"Ryan McMahon",15112,641857
"Max Muncy","ATH",63,206,220,44,28,7,0,9,17,23,10,0,68,3,1,0,1,1,1,0.213592233,"Max Muncy",29779,691777
"Kameron Misner","TBR",71,197,217,42,27,9,1,5,27,22,16,0,69,1,2,1,1,8,1,0.213197969,"Kameron Misner",26374,670224
"Braxton Fulford","COL",38,108,120,23,15,5,2,1,11,16,7,0,36,2,3,0,1,1,0,0.212962962,"Braxton Fulford",29704,690924
"Logan O'Hoppe","LAA",119,423,451,90,62,8,1,19,35,43,24,0,139,2,1,1,12,2,1,0.212765957,"Logan O'Hoppe",24729,681351
"Jonah Heim","TEX",124,395,433,84,59,14,0,11,38,43,32,0,88,1,4,1,10,3,0,0.212658227,"Jonah Heim",16930,641680
"Kody Clemens","- - -",119,348,386,74,39,12,4,19,46,52,29,1,93,5,2,2,4,5,1,0.212643678,"Kody Clemens",20572,665019
"Mark Canha","KCR",46,113,125,24,20,3,0,1,9,6,7,0,24,3,2,0,1,0,1,0.21238938,"Mark Canha",11445,592192
"Alejandro Osuna","TEX",63,151,176,32,26,4,0,2,12,15,21,1,34,2,2,0,1,5,4,0.211920529,"Alejandro Osuna",27915,696030
"JJ Bleday","ATH",98,307,344,65,34,17,0,14,48,39,36,2,91,0,1,0,6,1,2,0.211726384,"JJ Bleday",26368,668709
"Anthony Volpe","NYY",153,539,596,114,59,32,4,19,65,72,43,0,150,4,7,3,10,18,8,0.211502782,"Anthony Volpe",27647,683011
"Nolan Jones","CLE",136,355,403,75,54,14,2,5,34,34,39,1,113,5,3,1,6,8,3,0.211267605,"Nolan Jones",20529,666134
"Cole Young","SEA",77,223,257,47,35,7,1,4,24,24,28,1,47,2,2,2,4,1,0,0.210762331,"Cole Young",31680,702284
"Jon Berti","CHC",53,100,107,21,19,2,0,0,12,2,5,0,22,2,0,0,1,11,3,0.21,"Jon Berti",12037,542932
"Chas McCormick","HOU",66,100,116,21,15,5,0,1,13,5,9,0,31,1,1,5,1,2,3,0.21,"Chas McCormick",19599,676801
"Jonatan Clase","TOR",34,100,112,21,16,3,0,2,10,9,10,0,28,1,0,1,1,3,1,0.21,"Jonatan Clase",26599,682729
"Andrés Giménez","TOR",101,329,369,69,50,11,1,7,39,35,25,0,66,11,3,1,8,12,2,0.209726443,"Andres Gimenez",19950,665926
"Rafael Marchán","PHI",42,105,118,22,16,4,0,2,9,13,10,0,17,1,1,1,1,0,0,0.209523809,"Rafael Marchan",21646,665561
"Kevin Pillar","TEX",20,43,43,9,7,2,0,0,6,1,0,0,8,0,0,0,0,3,0,0.209302325,"Kevin Pillar",12434,607680
"Enmanuel Valdez","PIT",31,91,102,19,11,4,2,2,7,12,11,0,16,0,0,0,2,0,0,0.208791208,"Enmanuel Valdez",21716,665839
"Mitch Garver","SEA",87,254,290,53,38,5,1,9,29,30,30,1,80,3,3,0,6,3,0,0.208661417,"Mitch Garver",15161,641598
"Nick Loftin","KCR",67,168,188,35,20,9,2,4,17,20,14,0,27,3,2,1,7,1,1,0.208333333,"Nick Loftin",27630,679845
"Dylan Crews","WSN",85,293,322,61,41,8,2,10,43,27,24,0,76,5,0,0,4,17,5,0.208191126,"Dylan Crews",33541,686611
"Christian Encarnacion-Strand","CIN",36,130,137,27,17,4,0,6,13,19,3,0,32,2,2,0,1,0,2,0.207692307,"Christian Encarnacion-Strand",30011,687952
"Sam Huff","SFG",20,53,58,11,8,1,0,2,5,4,4,0,25,0,1,0,2,0,0,0.207547169,"Sam Huff",22209,669087
"Garrett Mitchell","MIL",25,68,78,14,9,4,1,0,9,3,7,0,25,1,1,1,0,3,0,0.205882352,"Garrett Mitchell",27555,669003
"Daniel Schneemann","CLE",131,379,422,78,47,18,1,12,48,41,38,1,117,3,1,1,4,9,3,0.205804749,"Daniel Schneemann",25180,682177
"Tyler Wade","SDP",60,107,127,22,19,1,2,0,13,9,15,0,31,1,0,4,0,1,2,0.205607476,"Tyler Wade",15730,642180
"Nolan Gorman","STL",111,351,402,72,43,14,1,14,48,46,47,2,136,0,4,0,1,1,1,0.205128205,"Nolan Gorman",22263,669357
"Bob Seymour","TBR",26,78,83,16,13,1,1,1,9,5,4,0,32,1,0,0,0,1,0,0.205128205,"Bob Seymour",30028,676044
"Tim Anderson","LAA",31,83,90,17,14,3,0,0,8,3,3,0,29,3,0,1,1,1,1,0.204819277,"Tim Anderson",15172,641313
"Leody Taveras","- - -",58,171,180,35,25,6,1,3,13,17,5,0,50,0,1,3,0,9,3,0.204678362,"Leody Taveras",18900,665750
"Dalton Rushing","LAD",53,142,155,29,20,5,0,4,15,24,10,0,58,1,2,0,1,0,0,0.204225352,"Dalton Rushing",31382,687221
"Martín Maldonado","SDP",64,147,161,30,20,6,0,4,11,12,8,0,57,0,0,6,3,0,0,0.204081632,"Martin Maldonado",6887,455117
"Elias Díaz","SDP",106,255,283,52,36,7,0,9,34,29,21,0,74,2,0,5,11,0,0,0.203921568,"Elias Diaz",11680,553869
"Jake McCarthy","ARI",67,206,222,42,26,7,5,4,18,20,10,0,40,2,1,3,2,6,0,0.203883495,"Jake McCarthy",21622,664983
"Maximo Acosta","MIA",19,54,61,11,7,1,0,3,7,5,6,0,17,1,0,0,0,1,2,0.203703703,"Maximo Acosta",27963,691185
"Joshua Palacios","CHW",51,128,145,26,19,4,0,3,11,9,12,0,36,4,0,1,0,0,0,0.203125,"Joshua Palacios",19818,641943
"Bryce Teodosio","LAA",50,138,150,28,18,7,2,1,12,7,5,0,47,4,2,1,2,7,1,0.20289855,"Bryce Teodosio",29524,669326
"Dylan Carlson","BAL",83,217,241,44,28,9,1,6,17,20,21,0,54,2,1,0,3,3,3,0.202764976,"Dylan Carlson",20126,666185
"Enrique Hernández","LAD",93,232,256,47,29,8,0,10,30,35,18,0,68,0,5,1,7,0,0,0.202586206,"Enrique Hernandez",10472,571771
"J.C. Escarra","NYY",40,84,98,17,10,5,0,2,5,11,11,0,14,1,2,0,1,1,0,0.202380952,"J.C. Escarra",20084,641555
"Matt Wallner","MIN",104,336,392,68,27,16,3,22,47,40,46,0,114,8,2,0,3,4,3,0.202380952,"Matt Wallner",26466,670242
"Luke Raley","SEA",73,183,219,37,25,8,0,4,23,19,19,0,64,13,1,3,2,2,1,0.202185792,"Luke Raley",19354,670042
"Orlando Arcia","- - -",76,203,214,41,30,7,1,3,13,13,10,0,47,0,1,0,4,0,1,0.201970443,"Orlando Arcia",13185,606115
"Kevin Newman","LAA",57,114,116,23,19,2,0,2,13,11,1,0,23,0,0,1,5,1,0,0.201754385,"Kevin Newman",17696,621028
"Tim Tawa","ARI",74,199,225,40,25,8,0,7,29,18,20,0,64,1,3,2,6,8,2,0.201005025,"Tim Tawa",29571,694374
"Dylan Moore","- - -",106,219,243,44,28,5,0,11,35,25,20,0,82,1,3,0,1,14,5,0.200913242,"Dylan Moore",18042,664238
"Michael A. Taylor","CHW",134,295,325,59,29,20,1,9,33,35,23,1,110,1,2,4,7,8,3,0.2,"Michael A. Taylor",11489,572191
"Billy McKinney","TEX",6,20,21,4,3,1,0,0,4,1,1,0,1,0,0,0,0,0,0,0.2,"Billy McKinney",15654,641856
"Jerar Encarnacion","SFG",19,55,56,11,6,3,0,2,5,7,1,0,15,0,0,0,3,1,0,0.2,"Jerar Encarnacion",21871,666464
"Liover Peguero","PIT",33,80,88,16,11,1,0,4,9,8,6,0,25,2,0,0,3,4,0,0.2,"Liover Peguero",24273,678894
"David Villar","SFG",9,20,25,4,3,1,0,0,4,1,4,0,5,1,0,0,1,0,0,0.2,"David Villar",24782,681584
"Dustin Harris","TEX",19,40,43,8,4,3,0,1,5,2,3,0,13,0,0,0,1,1,1,0.2,"Dustin Harris",25705,687957
"Blaine Crim","- - -",20,65,74,13,6,2,0,5,10,12,6,0,28,1,2,0,0,0,0,0.2,"Blaine Crim",25714,688760
"Ryan Bliss","SEA",11,35,39,7,5,1,0,1,1,3,4,0,11,0,0,0,2,2,2,0.2,"Ryan Bliss",29547,669208
"Oneil Cruz","PIT",135,471,544,94,53,18,3,20,62,61,64,4,174,4,5,0,6,38,5,0.199575371,"Oneil Cruz",21711,665833
"Sean Murphy","ATL",94,291,337,58,29,13,0,16,34,45,35,1,105,8,3,0,9,0,0,0.199312714,"Sean Murphy",19352,669221
"Tyler O'Neill","BAL",54,181,209,36,20,6,1,9,22,26,22,1,51,3,3,0,2,4,0,0.198895027,"Tyler O'Neill",15711,641933
"Michael Conforto","LAD",138,418,486,83,51,20,0,12,54,36,56,0,121,9,3,0,12,1,0,0.198564593,"Michael Conforto",16376,624424
"Weston Wilson","PHI",54,111,125,22,13,4,0,5,15,17,12,0,34,1,0,1,1,2,3,0.198198198,"Weston Wilson",19358,642215
"David Hamilton","BOS",91,177,194,35,24,4,1,6,27,19,13,0,47,1,0,3,3,22,6,0.197740112,"David Hamilton",27531,666152
"Christian Moore","LAA",53,162,184,32,19,5,1,7,20,16,19,0,62,1,1,1,3,3,0,0.197530864,"Christian Moore",34979,695681
"Travis d'Arnaud","LAA",69,213,231,42,23,13,0,6,16,21,13,0,74,4,1,0,5,0,0,0.197183098,"Travis d'Arnaud",7739,518595
"Johnathan Rodríguez","CLE",31,71,77,14,7,4,1,2,6,10,6,0,22,0,0,0,2,1,0,0.197183098,"Johnathan Rodriguez",22530,671286
"Max Schuemann","ATH",101,183,213,36,28,4,2,2,20,13,22,0,35,4,1,3,6,7,1,0.196721311,"Max Schuemann",24488,680474
"Taylor Trammell","HOU",52,117,135,23,13,7,0,3,15,12,17,0,41,0,1,0,0,3,2,0.196581196,"Taylor Trammell",19960,666211
"Sam Hilliard","COL",20,51,61,10,4,3,1,2,8,3,10,0,23,0,0,0,1,2,1,0.196078431,"Sam Hilliard",17954,656541
"John Rave","KCR",72,153,175,30,21,5,0,4,18,14,18,0,46,1,1,2,1,7,2,0.196078431,"John Rave",26284,670231
"Trey Sweeney","DET",118,296,326,58,44,6,2,6,36,32,26,0,92,0,4,0,2,3,1,0.195945945,"Trey Sweeney",29575,700242
"Colton Cowser","BAL",92,327,360,64,34,14,0,16,36,40,27,1,128,6,0,0,5,14,0,0.195718654,"Colton Cowser",29591,681297
"Ryan Fitzgerald","MIN",24,46,53,9,5,0,0,4,10,9,7,0,8,0,0,0,0,1,0,0.195652173,"Ryan Fitzgerald",24622,680837
"Daz Cameron","MIL",21,41,42,8,6,1,0,1,7,3,1,0,13,0,0,0,1,1,0,0.195121951,"Daz Cameron",18353,663662
"Matt Gorski","PIT",15,41,42,8,5,0,1,2,2,4,1,0,16,0,0,0,1,0,1,0.195121951,"Matt Gorski",25855,685301
"Bo Naylor","CLE",123,359,414,70,33,22,1,14,46,47,45,0,99,1,6,3,4,1,2,0.194986072,"Bo Naylor",21865,666310
"Pablo Reyes","NYY",25,31,34,6,5,1,0,0,4,2,2,0,10,0,0,1,0,1,0,0.193548387,"Pablo Reyes",16357,622569
"Anthony Seigler","MIL",34,62,73,12,11,1,0,0,6,5,8,0,16,1,1,1,2,2,0,0.193548387,"Anthony Seigler",23802,678011
"Will Wilson","CLE",34,78,91,15,11,4,0,0,7,2,7,0,34,1,0,5,1,2,0,0.192307692,"Will Wilson",25434,669717
"Owen Caissie","CHC",12,26,27,5,3,1,0,1,4,4,1,0,11,0,0,0,0,0,0,0.192307692,"Owen Caissie",27496,683357
"Heston Kjerstad","BAL",54,156,167,30,19,5,2,4,16,19,6,0,45,4,1,0,9,1,0,0.192307692,"Heston Kjerstad",31166,677008
"Bryan De La Cruz","ATL",16,47,50,9,8,1,0,0,1,0,3,0,18,0,0,0,1,1,0,0.191489361,"Bryan De La Cruz",19600,650559
"Brendan Rodgers","HOU",43,115,128,22,16,4,0,2,12,11,11,0,46,1,1,0,2,0,1,0.191304347,"Brendan Rodgers",17907,663898
"Alan Roden","- - -",55,136,153,26,17,6,1,2,17,9,8,0,37,6,3,0,0,1,1,0.19117647,"Alan Roden",31564,702176
"Connor Wong","BOS",63,168,188,32,24,8,0,0,16,7,16,0,42,1,2,1,7,2,1,0.19047619,"Connor Wong",19896,657136
"Esteury Ruiz","LAD",19,21,23,4,3,0,0,1,2,2,2,0,8,0,0,0,0,4,0,0.19047619,"Esteury Ruiz",21780,665923
"Kyren Paris","LAA",44,126,140,24,13,4,1,6,20,11,10,0,59,3,0,0,1,7,1,0.19047619,"Kyren Paris",26420,677347
"Denzer Guzman","LAA",13,42,43,8,5,1,0,2,4,3,1,0,22,0,0,0,0,0,0,0.19047619,"Denzer Guzman",28816,694203
"Alex Freeland","LAD",29,84,97,16,11,2,1,2,10,6,11,0,35,1,0,1,3,1,0,0.19047619,"Alex Freeland",31665,690976
"Drew Gilbert","SFG",39,100,109,19,10,5,1,3,12,13,7,0,20,1,1,0,2,1,1,0.19,"Drew Gilbert",31545,687551
"Michael Toglia","COL",88,306,337,58,31,15,1,11,22,32,28,2,132,1,2,0,7,3,0,0.189542483,"Michael Toglia",25845,669911
"Christian Vázquez","MIN",65,190,214,36,26,7,0,3,14,14,18,0,35,4,2,0,3,1,1,0.189473684,"Christian Vazquez",9774,543877
"Daniel Johnson","- - -",31,53,57,10,6,3,0,1,13,1,4,0,13,0,0,0,0,2,1,0.188679245,"Daniel Johnson",19643,669288
"Aaron Schunk","COL",16,32,33,6,5,1,0,0,1,0,0,0,10,0,0,1,1,0,0,0.1875,"Aaron Schunk",25524,668845
"Victor Mesa Jr.","MIA",16,32,38,6,3,2,0,1,7,6,5,0,5,0,0,1,0,0,0,0.1875,"Victor Mesa Jr.",25999,683748
"Jake Rogers","DET",49,123,142,23,13,5,2,3,14,19,15,0,39,1,2,1,3,0,0,0.186991869,"Jake Rogers",19452,668670
"Jose Herrera","ARI",58,166,204,31,23,6,0,2,21,17,23,0,47,1,3,11,2,0,0,0.186746987,"Jose Herrera",17040,645444
"Riley Adams","WSN",83,263,286,49,33,8,0,8,29,24,18,0,110,5,0,0,6,1,0,0.186311787,"Riley Adams",19864,656180
"Willie MacIver","ATH",33,102,111,19,11,5,0,3,7,9,7,0,27,2,0,0,1,3,0,0.186274509,"Willie MacIver",24641,680862
"Jared Young","NYM",23,43,47,8,3,1,0,4,5,6,2,0,16,1,1,0,1,0,0,0.186046511,"Jared Young",20404,676724
"Chris Taylor","- - -",58,113,125,21,12,7,0,2,15,12,5,0,42,6,1,0,1,2,2,0.185840707,"Chris Taylor",13757,621035
"Connor Joe","- - -",42,70,80,13,9,4,0,0,2,4,7,0,20,1,2,0,2,2,2,0.185714285,"Connor Joe",16572,656582
"Brett Wisely","- - -",26,54,63,10,5,4,0,1,5,10,7,0,14,0,0,2,0,1,1,0.185185185,"Brett Wisely",27735,689172
"Seth Brown","ATH",38,65,76,12,9,2,0,1,6,3,9,0,23,2,0,0,2,1,0,0.184615384,"Seth Brown",18171,664913
"Austin Nola","COL",15,38,41,7,6,1,0,0,2,1,2,0,5,0,0,1,2,0,0,0.184210526,"Austin Nola",15941,543592
"Hunter Renfroe","KCR",35,99,108,18,12,6,0,0,5,4,8,0,21,0,1,0,4,0,0,0.181818181,"Hunter Renfroe",15464,592669
"Sebastián Rivero","LAA",11,33,34,6,4,2,0,0,4,2,1,0,9,0,0,0,0,1,0,0.181818181,"Sebastian Rivero",21735,665861
"Andrés Chaparro","WSN",34,66,73,12,9,2,0,1,4,5,5,0,22,1,1,0,0,0,0,0.181818181,"Andres Chaparro",21797,665953
"Triston Casas","BOS",29,99,112,18,12,3,0,3,5,11,11,2,27,2,0,0,3,0,0,0.181818181,"Triston Casas",22514,671213
"Michael Stefanic","TOR",9,22,25,4,4,0,0,0,1,0,3,0,3,0,0,0,0,0,0,0.181818181,"Michael Stefanic",25353,683021
"Jordan Lawlar","ARI",28,66,74,12,5,7,0,0,9,5,6,0,26,1,1,0,0,2,0,0.181818181,"Jordan Lawlar",29976,691783
"Joc Pederson","TEX",96,265,306,48,28,10,1,9,28,26,34,0,65,5,1,0,5,2,0,0.181132075,"Joc Pederson",11899,592626
"Hayden Senger","NYM",33,72,78,13,12,1,0,0,8,4,3,0,22,1,1,1,3,0,0,0.180555555,"Hayden Senger",21489,663584
"Josh Rojas","CHW",69,189,211,34,23,9,0,2,14,11,19,0,48,0,2,1,6,4,1,0.179894179,"Josh Rojas",19734,668942
"Nathan Church","STL",27,56,65,10,8,1,0,1,9,8,3,0,18,3,1,2,0,1,0,0.178571428,"Nathan Church",31357,701675
"Jorge Mateo","BAL",43,79,83,14,9,4,0,1,9,3,4,0,30,0,0,0,1,15,2,0.177215189,"Jorge Mateo",17273,622761
"Adael Amador","COL",41,113,128,20,12,7,0,1,5,10,11,0,27,1,0,3,2,1,1,0.17699115,"Adael Amador",27962,691182
"Jason Heyward","SDP",34,85,95,15,11,2,0,2,9,12,6,0,20,0,3,0,1,0,1,0.176470588,"Jason Heyward",4940,518792
"Anthony Santander","TOR",54,194,221,34,23,5,0,6,16,18,25,1,61,1,1,0,6,0,0,0.175257731,"Anthony Santander",14551,623993
"Alan Trejo","COL",14,40,43,7,5,2,0,0,3,1,1,0,7,0,1,1,3,0,0,0.175,"Alan Trejo",20056,676701
"Matt Mervis","MIA",42,120,134,21,10,4,0,7,15,14,11,1,50,2,1,0,1,0,0,0.175,"Matt Mervis",27845,670223
"Tyler Locklear","ARI",31,103,116,18,15,0,0,3,11,6,10,0,43,3,0,0,3,3,1,0.174757281,"Tyler Locklear",31396,682988
"Cavan Biggio","KCR",37,69,83,12,9,2,0,1,9,4,11,0,21,1,0,2,0,1,0,0.173913043,"Cavan Biggio",19252,624415
"Zack Gelof","ATH",30,92,101,16,11,3,0,2,12,7,7,0,46,0,1,1,0,1,2,0.173913043,"Zack Gelof",29766,680869
"Endy Rodríguez","PIT",18,52,57,9,5,4,0,0,5,2,5,0,14,0,0,0,0,0,1,0.173076923,"Endy Rodriguez",25332,682848
"Gustavo Campero","LAA",28,58,66,10,6,1,0,3,9,8,5,0,14,3,0,0,2,4,1,0.172413793,"Gustavo Campero",22707,672569
"Carson McCusker","MIN",16,29,30,5,5,0,0,0,0,1,1,0,16,0,0,0,0,0,1,0.172413793,"Carson McCusker",33098,676812
"Carson Williams","TBR",32,99,106,17,9,3,0,5,11,12,6,0,44,0,0,1,3,2,1,0.171717171,"Carson Williams",30038,700246
"David Fry","CLE",66,146,157,25,13,4,0,8,16,23,9,0,58,2,0,0,3,1,0,0.171232876,"David Fry",24934,681807
"Cooper Hummel","- - -",37,88,105,15,12,0,0,3,10,7,14,0,31,2,0,1,1,1,0,0.170454545,"Cooper Hummel",19458,669450
"Jonah Bride","- - -",45,112,125,19,17,2,0,0,7,5,11,1,39,1,1,0,1,0,0,0.169642857,"Jonah Bride",24703,681146
"LaMonte Wade Jr.","- - -",80,209,242,35,23,8,2,2,19,18,27,1,58,3,1,2,2,1,0,0.167464114,"LaMonte Wade Jr.",18126,664774
"Jose Miranda","MIN",12,36,36,6,5,0,0,1,2,5,0,0,13,0,0,0,0,0,0,0.166666666,"Jose Miranda",20538,669304
"Sean Bouchard","COL",32,66,73,11,9,0,1,1,7,7,7,0,27,0,0,0,2,1,1,0.166666666,"Sean Bouchard",21270,656248
"Nick Maton","CHW",25,54,63,9,5,2,0,2,5,4,9,0,19,0,0,0,0,0,1,0.166666666,"Nick Maton",21635,665155
"Jarred Kelenic","ATL",24,60,65,10,6,2,0,2,7,2,5,0,23,0,0,0,1,0,1,0.166666666,"Jarred Kelenic",22558,672284
"Logan Davidson","- - -",19,42,47,7,4,2,0,1,3,4,3,0,22,0,0,2,1,0,0,0.166666666,"Logan Davidson",25844,669722
"Oliver Dunn","MIL",14,36,41,6,4,2,0,0,4,6,2,0,11,0,1,2,0,1,0,0.166666666,"Oliver Dunn",26295,686554
"Henry Davis","PIT",87,252,283,42,28,7,0,7,25,22,18,0,76,5,3,3,2,2,1,0.166666666,"Henry Davis",29617,680779
"Brice Matthews","HOU",13,42,47,7,3,0,0,4,6,9,2,0,20,1,0,2,0,1,0,0.166666666,"Brice Matthews",33280,694728
"Samuel Basallo","BAL",31,109,118,18,8,6,0,4,10,15,6,0,30,3,0,0,4,0,0,0.165137614,"Samuel Basallo",28824,694212
"Oswald Peraza","- - -",106,244,265,40,29,6,0,5,24,20,17,0,80,2,1,0,6,9,0,0.163934426,"Oswald Peraza",22823,672724
"Jhonkensy Noel","CLE",69,148,153,24,16,2,0,6,19,13,4,0,52,0,1,0,4,0,0,0.162162162,"Jhonkensy Noel",24257,678877
"Austin Hedges","CLE",70,155,180,25,17,3,0,5,13,10,18,0,43,1,2,4,2,1,2,0.161290322,"Austin Hedges",12976,595978
"Jorbit Vivas","NYY",29,56,66,9,6,2,0,1,6,5,5,0,13,3,0,0,0,0,0,0.160714285,"Jorbit Vivas",23917,678391
"Lane Thomas","CLE",39,125,142,20,14,2,0,4,10,11,14,0,44,1,2,0,4,4,1,0.16,"Lane Thomas",16939,657041
"Luis Vázquez","BAL",36,50,53,8,6,1,0,1,6,3,3,0,14,0,0,0,0,2,0,0.16,"Luis Vazquez",23442,676679
"Mickey Gasper","MIN",45,95,110,15,12,1,0,2,15,11,10,0,20,3,1,1,1,2,0,0.157894736,"Mickey Gasper",24759,681508
"Jacob Melton","HOU",32,70,78,11,10,0,1,0,7,7,6,0,29,1,0,0,2,7,2,0.157142857,"Jacob Melton",31661,689200
"Jac Caglianone","KCR",62,210,232,33,19,6,1,7,19,18,18,0,52,4,0,0,4,1,0,0.157142857,"Jac Caglianone",35041,695506
"Kris Bryant","COL",11,39,41,6,4,2,0,0,2,1,2,0,13,0,0,0,1,0,0,0.153846153,"Kris Bryant",15429,592178
"Ben Rortvedt","- - -",44,112,128,17,13,3,0,1,9,10,11,0,23,2,0,3,1,0,0,0.151785714,"Ben Rortvedt",20287,666163
"Luis Guillorme","HOU",12,20,21,3,3,0,0,0,2,0,1,0,8,0,0,0,2,0,0,0.15,"Luis Guillorme",16451,641645
"Blake Dunn","CIN",30,60,75,9,6,2,0,1,10,7,8,0,25,7,0,0,1,1,1,0.15,"Blake Dunn",29487,694362
"Scott Kingery","LAA",19,27,29,4,3,1,0,0,3,0,2,0,11,0,0,0,1,1,1,0.148148148,"Scott Kingery",17975,664068
"Hunter Feduccia","- - -",38,88,105,13,8,5,0,0,5,8,15,0,29,0,2,0,0,1,0,0.147727272,"Hunter Feduccia",23372,676439
"Jack Suwinski","PIT",59,150,178,22,12,7,0,3,15,10,24,1,57,4,0,0,1,7,1,0.146666666,"Jack Suwinski",22244,669261
"Trenton Brooks","SDP",25,41,43,6,3,2,0,1,5,2,2,0,13,0,0,0,2,0,0,0.146341463,"Trenton Brooks",19384,670092
"Chadwick Tromp","- - -",8,21,22,3,1,1,0,1,2,1,1,0,6,0,0,0,1,0,0,0.142857142,"Chadwick Tromp",16953,644433
"Garrett Hampson","- - -",62,77,91,11,9,2,0,0,19,1,11,0,29,0,0,3,2,3,1,0.142857142,"Garrett Hampson",19262,641658
"Jorge Barrosa","ARI",33,71,77,10,6,3,0,1,8,7,2,0,22,1,3,0,1,0,0,0.14084507,"Jorge Barrosa",23968,678489
"Cam Devanney","PIT",14,36,38,5,4,1,0,0,1,1,2,0,21,0,0,0,1,0,1,0.138888888,"Cam Devanney",25688,687478
"Everson Pereira","TBR",23,65,73,9,6,1,0,2,7,8,7,0,28,0,1,0,2,2,0,0.138461538,"Everson Pereira",23695,677592
"José Barrero","STL",22,29,31,4,2,1,0,1,4,3,1,0,9,1,0,0,0,0,0,0.137931034,"Jose Barrero",23378,676480
"Mason McCoy","SDP",18,22,26,3,2,1,0,0,5,1,3,0,7,1,0,0,0,2,0,0.136363636,"Mason McCoy",22232,669200
"Jacob Stallings","- - -",43,119,129,16,12,4,0,0,5,9,6,0,40,3,0,1,5,0,0,0.134453781,"Jacob Stallings",13723,607732
"James Outman","- - -",59,134,148,18,6,5,1,6,19,11,12,0,63,2,0,0,0,1,0,0.134328358,"James Outman",24770,681546
"Tim Elko","CHW",23,67,72,9,4,1,0,4,6,8,5,0,30,0,0,0,1,1,0,0.134328358,"Tim Elko",31522,671284
"Jimmy Crooks","STL",15,45,46,6,4,0,1,1,3,1,0,0,17,1,0,0,1,0,0,0.133333333,"Jimmy Crooks",31354,699625
"Luke Williams","ATL",45,31,34,4,2,2,0,0,5,5,1,0,9,1,1,0,2,5,0,0.129032258,"Luke Williams",19931,663897
"Will Robertson","- - -",27,70,75,9,8,1,0,0,2,9,2,0,27,2,1,0,1,0,0,0.128571428,"Will Robertson",25467,683770
"Vinny Capra","- - -",47,96,105,12,9,2,0,1,10,6,3,0,25,1,2,3,5,2,0,0.125,"Vinny Capra",25040,681962
"Shay Whitcomb","HOU",20,32,32,4,3,0,0,1,4,1,0,0,10,0,0,0,0,0,0,0.125,"Shay Whitcomb",27789,694376
"Zac Veen","COL",12,34,37,4,2,1,0,1,1,2,2,0,14,1,0,0,0,1,1,0.117647058,"Zac Veen",27770,691728
"Rece Hinds","CIN",15,43,44,5,2,1,0,2,6,3,1,0,21,0,0,0,1,0,0,0.116279069,"Rece Hinds",27493,677956
"Jeimer Candelario","CIN",22,80,91,9,5,2,0,2,3,10,9,0,29,0,2,0,1,0,1,0.1125,"Jeimer Candelario",13621,600869
"Yuli Gurriel","SDP",16,36,40,4,3,1,0,0,2,3,4,0,8,0,0,0,0,0,0,0.111111111,"Yuli Gurriel",19198,493329
"DaShawn Keirsey Jr.","MIN",74,84,88,9,7,0,0,2,11,6,2,0,33,1,0,1,1,10,3,0.107142857,"DaShawn Keirsey Jr.",24496,680577
"Bryce Eldridge","SFG",10,28,37,3,1,2,0,0,1,4,7,0,13,1,1,0,0,0,0,0.107142857,"Bryce Eldridge",33390,805811
"Ryan Noda","- - -",23,47,59,5,4,0,0,1,3,2,11,2,25,0,0,1,0,1,0,0.106382978,"Ryan Noda",23312,676116
"Jace Jung","DET",21,47,55,5,5,0,0,0,8,3,7,0,16,1,0,0,2,0,0,0.106382978,"Jace Jung",31437,690291
"Jacob Amaya","CHW",37,66,73,7,6,1,0,0,7,8,3,0,16,0,3,1,1,2,0,0.106060606,"Jacob Amaya",23296,676070
"Ryan Kreidler","DET",17,38,44,4,4,0,0,0,5,0,4,0,19,0,0,2,0,2,0,0.105263157,"Ryan Kreidler",25867,668952
"Niko Kavadas","LAA",10,20,23,2,2,0,0,0,0,0,3,0,10,0,0,0,0,0,0,0.1,"Niko Kavadas",29782,694359
"Grant McCray","SFG",22,22,26,2,1,0,1,0,3,2,2,0,11,0,1,1,1,0,0,0.09090909,"Grant McCray",25690,687529
"Tristin English","ARI",7,22,23,2,1,1,0,0,0,1,1,0,8,0,0,0,0,0,0,0.09090909,"Tristin English",26148,663536
"MJ Melendez","KCR",23,60,65,5,2,2,0,1,5,1,3,0,23,2,0,0,0,0,0,0.083333333,"MJ Melendez",22197,669004
"Maverick Handley","BAL",16,41,47,3,3,0,0,0,2,3,2,0,18,1,1,2,0,0,0,0.073170731,"Maverick Handley",26106,668974
"Buddy Kennedy","- - -",13,29,32,2,1,1,0,0,2,1,2,0,8,1,0,0,0,0,0,0.068965517,"Buddy Kennedy",22505,671083
"Leo Jiménez","TOR",18,29,32,2,1,0,0,1,2,1,2,0,8,0,0,1,1,0,0,0.068965517,"Leo Jimenez",23782,677870
"Jose Siri","NYM",16,32,36,2,0,2,0,0,7,1,4,0,17,0,0,0,0,2,0,0.0625,"Jose Siri",17452,642350
"Ji Hwan Bae","PIT",13,20,25,1,1,0,0,0,4,0,5,0,9,0,0,0,0,4,1,0.05,"Ji Hwan Bae",23818,678225
"Nicky Lopez","- - -",19,24,28,1,1,0,0,0,2,1,4,0,4,0,0,0,1,0,0,0.041666666,"Nicky Lopez",19339,670032
"Luis Campusano","SDP",10,21,27,0,0,0,0,0,0,0,6,0,11,0,0,0,2,0,0,0,"Luis Campusano",22217,669134