Name,Team,Level,Age,IP,BABIP,GB/FB,LD%,GB%,FB%,IFFB%,HR/FB,Pull%,Cent%,Oppo%,SwStr%,Balls,Strikes,Pitches,PlayerId
"Keyvius Sampson","CIN","AAA",25,62.1,0.22580645,1.245614035,0.179487179,0.455128205,0.365384615,0.315789473,0.052631578,0.41139241,0.20886076,0.37974684,0.11522634,354,618,972,"10039"
"Ryan Weber","ATL","AAA",25,62,0.30769231,2.454545454,0.243781094,0.537313432,0.218905472,0.227272727,0.022727272,0.48076923,0.23557692,0.28365385,0.06190976,337,616,953,"10160"
"Edgar Olmos","BAL","AAA",26,68.2,0.33908046,1.857142857,0.213483146,0.511235955,0.275280898,0.204081632,0.081632653,0.44134078,0.25698324,0.30167598,0.10571429,414,636,1050,"10174"
"Jacob Turner","CHW","AAA",25,107,0.3422619,1.61,0.22781065,0.47633136,0.295857988,0.14,0.1,0.47398844,0.2283237,0.29768786,0.09518144,614,1067,1681,"10185"
"Shelby Miller","ARI","AAA",25,50.2,0.36690647,1.918918918,0.228571428,0.507142857,0.264285714,0.189189189,0.108108108,0.38028169,0.25352113,0.36619718,0.09541512,258,549,807,"10197"
"Aaron Northcraft","SDP","AAA",26,50,0.36842105,1.56862745,0.149350649,0.519480519,0.331168831,0.098039215,0.098039215,0.42038217,0.24203822,0.33757962,0.09080189,330,518,848,"10218"
"Andy Oliver","BAL","AAA",28,86.2,0.32510288,1.284090909,0.179591836,0.461224489,0.359183673,0.21590909,0.068181818,0.40239044,0.22310757,0.37450199,0.11958042,497,933,1430,"10257"
"Justin Marks","TBR","AAA",28,140,0.28682171,1.164383561,0.197969543,0.431472081,0.370558375,0.273972602,0.09589041,0.42892768,0.24438903,0.32668329,0.09745939,919,1482,2401,"10265"
"Josh Smoker","NYM","AAA",27,57,0.40939597,1.625,0.285714285,0.44217687,0.272108843,0.1,0.125,0.3483871,0.24516129,0.40645161,0.13721619,330,683,1013,"10285"
"Chad Bell","TEX","AAA",27,98.1,0.31407942,1.943661971,0.234432234,0.505494505,0.26007326,0.197183098,0.056338028,0.44128114,0.21708185,0.34163701,0.10230817,631,972,1603,"10297"
"Chris Heston","SFG","AAA",28,81.1,0.28793774,1.336842105,0.129411764,0.498039215,0.372549019,0.210526315,0.084210526,0.49809886,0.23954373,0.26235741,0.07054264,505,785,1290,"10302"
"Jarred Cosart","MIA","AAA",26,50.2,0.29192547,1.702127659,0.23030303,0.484848484,0.284848484,0.127659574,0.170212765,0.40828402,0.24852071,0.34319527,0.05687204,347,497,844,"10304"
"Roman Mendez","BOS","AAA",25,64,0.25294118,0.8,0.215116279,0.348837209,0.436046511,0.28,0.08,0.42857143,0.30857143,0.26285714,0.11833172,369,662,1031,"10307"
"Edwin Escobar","BOS","AAA",24,98,0.31089744,1.293577981,0.201277955,0.450479233,0.348242811,0.220183486,0.073394495,0.37383178,0.25233645,0.37383178,0.08173691,588,978,1566,"10337"
"Juan Minaya","HOU","AAA",25,52,0.29801325,1.4,0.183673469,0.476190476,0.340136054,0.3,0.06,0.42857143,0.23376623,0.33766234,0.11296076,311,530,841,"10341"
"Brooks Pounders","KCR","AAA",25,80.1,0.30243902,0.723404255,0.217391304,0.328502415,0.45410628,0.138297872,0.053191489,0.38862559,0.2985782,0.31279621,0.11332858,530,873,1403,"10387"
"Drew Hayes","CIN","AAA",28,59,0.30851064,1.29032258,0.219780219,0.439560439,0.34065934,0.177419354,0.048387096,0.43455497,0.2408377,0.32460733,0.07692308,394,620,1014,"10528"
"Donn Roach","DET","AAA",26,137.2,0.30444444,2.366972477,0.184444444,0.573333333,0.242222222,0.229357798,0.073394495,0.47930283,0.22222222,0.29847495,0.06304016,660,1307,1967,"10620"
"Scott Copeland","TOR","AAA",28,50.1,0.27272727,2.351351351,0.184210526,0.572368421,0.243421052,0.135135135,0.081081081,0.47133758,0.24840764,0.28025478,0.09266409,293,484,777,"10706"
"Drew Hutchison","TOR","AAA",25,138,0.27123288,0.993197278,0.22074468,0.388297872,0.390957446,0.244897959,0.108843537,0.39895013,0.25721785,0.34383202,0.10231745,844,1443,2287,"10732"
"Tyler Cravy","MIL","AAA",26,56.1,0.33774834,1.122807017,0.187919463,0.429530201,0.382550335,0.140350877,0.087719298,0.43949045,0.26751592,0.29299363,0.12655602,364,600,964,"10770"
"Jake Dunning","SFG","AAA",27,59.1,0.30810811,1.268656716,0.169398907,0.464480874,0.366120218,0.119402985,0.059701492,0.39153439,0.24338624,0.36507937,0.09533469,401,585,986,"10803"
"Asher Wojciechowski","HOU","AAA",27,75,0.32244898,0.768518518,0.236,0.332,0.432,0.185185185,0.101851851,0.4627451,0.33333333,0.20392157,0.08682171,487,803,1290,"10836"
"Christian Bergman","COL","AAA",28,51.2,0.275,0.802816901,0.224242424,0.345454545,0.43030303,0.253521126,0.112676056,0.41666667,0.25,0.33333333,0.07862408,264,550,814,"10925"
"Jake Buchanan","CHC","AAA",26,141,0.32888889,2.704081632,0.178733031,0.599547511,0.221719457,0.183673469,0.061224489,0.52980132,0.200883,0.26931567,0.09000943,764,1358,2122,"10962"
"Tim Adleman","CIN","AAA",28,56.2,0.27745665,1.368421052,0.210526315,0.45614035,0.333333333,0.210526315,0.070175438,0.52542373,0.21468927,0.25988701,0.0970516,263,551,814,"10968"
"Ben Rowen","MIL","AAA",27,58,0.31818182,3.029411764,0.212643678,0.591954022,0.195402298,0.264705882,0.029411764,0.38068182,0.24431818,0.375,0.08675264,272,581,853,"10983"
"Casey Lawrence","TOR","AAA",28,87,0.29285714,1.772151898,0.215053763,0.501792114,0.283154121,0.189873417,0.063291139,0.49469965,0.18374558,0.32155477,0.07704043,447,864,1311,"11121"
"Mike Bolsinger","LAD","AAA",28,54.1,0.36912752,1.813953488,0.203947368,0.513157894,0.282894736,0.186046511,0.139534883,0.49358974,0.24358974,0.26282051,0.10434783,360,560,920,"11137"
"Eric Jokisch","MIA","AAA",26,59,0.33333333,1.944444444,0.176165803,0.54404145,0.279792746,0.092592592,0.092592592,0.43,0.265,0.305,0.08212058,371,591,962,"11157"
"David Buchanan","PHI","AAA",27,167.1,0.27715356,1.4852071,0.210526315,0.471804511,0.317669172,0.207100591,0.088757396,0.38433515,0.24590164,0.36976321,0.0838843,874,1546,2420,"11176"
"Kevin Chapman","HOU","AAA",28,61,0.36416185,1.37735849,0.254437869,0.431952662,0.313609467,0.226415094,0.094339622,0.36723164,0.21468927,0.4180791,0.11004367,417,728,1145,"11240"
"Logan Darnell","MIN","AAA",27,109.2,0.27605634,1.398373983,0.173669467,0.481792717,0.344537815,0.211382113,0.056910569,0.5,0.25966851,0.24033149,0.07816377,592,1020,1612,"11261"
"Lisalverto Bonilla","LAD","AAA",26,73.2,0.34615385,1.558823529,0.155339805,0.514563106,0.330097087,0.19117647,0.058823529,0.46698113,0.18867925,0.34433962,0.09751925,398,771,1169,"11266"
"Zach Neal","OAK","AAA",27,61.2,0.27403846,1.640625,0.175609756,0.512195121,0.312195121,0.234375,0.078125,0.49295775,0.24413146,0.2629108,0.08333333,258,606,864,"11294"
"Pat Dean","MIN","AAA",27,87.1,0.33225806,1.147540983,0.162939297,0.447284345,0.389776357,0.237704918,0.081967213,0.509375,0.2125,0.278125,0.05712319,491,962,1453,"11350"
"Jerome Williams","STL","AAA",34,57,0.29281768,1.261538461,0.218085106,0.436170212,0.34574468,0.215384615,0.169230769,0.45549738,0.28795812,0.2565445,0.08158508,306,552,858,"1137"
"Tyrell Jenkins","ATL","AAA",23,83.2,0.31558935,1.475,0.247148288,0.448669201,0.304182509,0.2,0.0375,0.42857143,0.22932331,0.34210526,0.07670043,559,823,1382,"11378"
"Anthony Ranaudo","TEX","AAA",26,110,0.26018809,1.12,0.179566563,0.433436532,0.386996904,0.28,0.12,0.40597015,0.25373134,0.34029851,0.08292683,513,1127,1640,"11424"
"A.J. Cole","WSN","AAA",24,124.2,0.30997305,1.129496402,0.216931216,0.415343915,0.367724867,0.208633093,0.115107913,0.49870801,0.24031008,0.26098191,0.10845771,692,1318,2010,"11467"
"Zach Lee","LAD","AAA",24,148,0.34756098,1.885496183,0.240963855,0.495983935,0.263052208,0.122137404,0.167938931,0.38715953,0.25680934,0.35603113,0.07097033,874,1620,2494,"11468"
"Dayan Diaz","CIN","AAA",27,56,0.30120482,1.186440677,0.213414634,0.426829268,0.359756097,0.237288135,0.033898305,0.42261905,0.26190476,0.31547619,0.10635838,295,570,865,"11543"
"Deck McGuire","STL","AAA",27,134,0.29396325,0.872093023,0.182741116,0.380710659,0.436548223,0.191860465,0.127906976,0.50124069,0.2382134,0.26054591,0.09251511,788,1363,2151,"11596"
"Toru Murata","CLE","AAA",31,102.1,0.29141104,1.0859375,0.175925925,0.429012345,0.395061728,0.1640625,0.0546875,0.41441441,0.24024024,0.34534535,0.0708502,503,979,1482,"11652"
"Jameson Taillon","PIT","AAA",24,61.2,0.25301205,1.288135593,0.161490683,0.472049689,0.366459627,0.20338983,0.033898305,0.46428571,0.25,0.28571429,0.09734513,302,602,904,"11674"
"Nick Tepesch","KCR","AAA",27,116,0.296875,1.167785234,0.161038961,0.451948051,0.387012987,0.161073825,0.046979865,0.47826087,0.23529412,0.28644501,0.08157444,595,1158,1753,"11716"
"Justin Nicolino","MIA","AAA",24,85,0.28205128,2.041666666,0.206521739,0.532608695,0.260869565,0.152777777,0.138888888,0.43971631,0.22340426,0.33687943,0.06200942,437,837,1274,"11754"
"James Paxton","SEA","AAA",27,50.2,0.28461538,1.842105263,0.19402985,0.522388059,0.283582089,0.210526315,0.157894736,0.38235294,0.25,0.36764706,0.11619283,278,531,809,"11828"
"Scott McGough","BAL","AAA",26,50.1,0.32484076,1.58,0.198757763,0.490683229,0.310559006,0.22,0.1,0.36419753,0.25925926,0.37654321,0.07626076,301,512,813,"12056"
"Parker Markel","TBR","AAA",25,60.2,0.3038674,1.955555555,0.24858757,0.497175141,0.254237288,0.266666666,0.022222222,0.43956044,0.27472527,0.28571429,0.10531697,370,608,978,"12106"
"Kendry Flores","MIA","AAA",24,91.1,0.33687943,1,0.209964412,0.395017793,0.395017793,0.27027027,0.072072072,0.37024221,0.29411765,0.33564014,0.08256315,639,984,1623,"12118"
"David Goforth","MIL","AAA",27,51.1,0.33125,1.472727272,0.155279503,0.50310559,0.341614906,0.327272727,0.054545454,0.47852761,0.23312883,0.28834356,0.08843537,369,513,882,"12166"
"Cody Martin","SEA","AAA",26,114.1,0.32154341,0.957983193,0.26031746,0.361904761,0.377777777,0.226890756,0.050420168,0.3785489,0.26182965,0.35962145,0.07787994,665,1184,1849,"12182"
"Ryan Sherriff","STL","AAA",26,66.2,0.30097087,2.54347826,0.172588832,0.593908629,0.233502538,0.152173913,0.086956521,0.3952381,0.21428571,0.39047619,0.09824903,339,689,1028,"12249"
"Leonel Campos","SDP","AAA",28,50,0.36290323,1.735294117,0.25,0.475806451,0.274193548,0.176470588,0.058823529,0.432,0.288,0.28,0.1489118,344,529,873,"12277"
"Seth Lugo","NYM","AAA",26,73.1,0.375,1.301204819,0.226720647,0.437246963,0.336032388,0.180722891,0.120481927,0.42023346,0.29571984,0.28404669,0.07832278,447,817,1264,"12447"
"Chasen Bradford","NYM","AAA",26,65.2,0.36073059,1.854545454,0.259433962,0.481132075,0.259433962,0.218181818,0.09090909,0.44594595,0.26576577,0.28828829,0.12268744,335,692,1027,"12452"
"Drew Rucinski","CHC","AAA",27,155,0.34063745,0.953271028,0.180392156,0.4,0.419607843,0.172897196,0.074766355,0.42774566,0.25626204,0.31599229,0.07841584,901,1624,2525,"12499"
"Taylor Hill","WSN","AAA",27,154.2,0.29681275,1.067357512,0.217647058,0.403921568,0.378431372,0.233160621,0.098445595,0.49423077,0.24038462,0.26538462,0.06299541,880,1517,2397,"12515"
"Drew Gagnon","MIL","AAA",26,55,0.34146341,1.229508196,0.175757575,0.454545454,0.369696969,0.114754098,0.06557377,0.51190476,0.20833333,0.2797619,0.1029106,392,570,962,"12545"
"Adam Morgan","PHI","AAA",26,50.1,0.29323308,1.018867924,0.201492537,0.402985074,0.395522388,0.207547169,0.075471698,0.3649635,0.26277372,0.37226277,0.15942029,220,470,690,"12580"
"Mike Wright Jr.","BAL","AAA",26,76.1,0.27234043,1.2875,0.227848101,0.434599156,0.337552742,0.2625,0.1,0.3852459,0.27459016,0.34016393,0.08172635,364,725,1089,"12586"
"Roenis Elias","BOS","AAA",27,125,0.30259366,1.218487394,0.25,0.411931818,0.338068181,0.268907563,0.084033613,0.45938375,0.21568627,0.32492997,0.09704852,767,1232,1999,"12673"
"Phil Klein","TEX","AAA",27,78,0.27225131,1.039473684,0.196891191,0.409326424,0.393782383,0.171052631,0.078947368,0.3989899,0.28282828,0.31818182,0.11675933,430,829,1259,"12675"
"Ryan Carpenter","COL","AAA",25,68.2,0.4,0.954022988,0.23076923,0.37556561,0.393665158,0.149425287,0.183908045,0.48484848,0.25974026,0.25541126,0.09691252,432,734,1166,"12699"
"Nick Martinez","TEX","AAA",25,99,0.32075472,1.659793814,0.188679245,0.506289308,0.305031446,0.24742268,0.072164948,0.46319018,0.26993865,0.26687117,0.08289817,540,992,1532,"12730"
"Rafael Montero","NYM","AAA",25,80,0.37358491,1.301075268,0.207407407,0.448148148,0.344444444,0.17204301,0.129032258,0.39855072,0.28985507,0.3115942,0.08366013,581,949,1530,"12760"
"Sam Gaviglio","SEA","AAA",26,63,0.27807487,1.610169491,0.193717277,0.497382198,0.308900523,0.13559322,0.118644067,0.48205128,0.24102564,0.27692308,0.07700893,312,584,896,"12778"
"Sean Gilmartin","NYM","AAA",26,107.1,0.3313253,1.438095238,0.231231231,0.453453453,0.315315315,0.161904761,0.114285714,0.48688047,0.24489796,0.26822157,0.10733453,595,1082,1677,"12781"
"Chris Reed","MIA","AAA",26,66.2,0.24193548,1.150684931,0.17368421,0.442105263,0.384210526,0.164383561,0.123287671,0.48469388,0.23979592,0.2755102,0.10990009,427,674,1101,"12801"
"Mike Clevinger","CLE","AAA",25,93,0.29288703,0.969696969,0.204081632,0.391836734,0.404081632,0.202020202,0.08080808,0.44129555,0.2388664,0.31983806,0.13933333,544,956,1500,"12808"
"Joel De La Cruz","ATL","AAA",27,57.2,0.33333333,1.49090909,0.208092485,0.473988439,0.317919075,0.145454545,0.09090909,0.52840909,0.20454545,0.26704545,0.10277136,328,538,866,"12825"
"Gabriel Ynoa","NYM","AAA",23,154.1,0.29980658,1.571428571,0.231067961,0.469902912,0.299029126,0.181818181,0.097402597,0.4588015,0.25093633,0.29026217,0.07032967,816,1459,2275,"12938"
"Joe Musgrove","HOU","AAA",23,59,0.31707317,1.843137254,0.152046783,0.549707602,0.298245614,0.196078431,0.156862745,0.45930233,0.25,0.29069767,0.13797314,232,587,819,"12970"
"Robby Scott","BOS","AAA",26,78,0.24,0.623762376,0.211538461,0.302884615,0.485576923,0.326732673,0.08910891,0.35576923,0.27403846,0.37019231,0.0971379,402,751,1153,"13042"
"Jason Wheeler","MIN","AAA",25,145.1,0.28117914,0.894179894,0.195505617,0.37977528,0.424719101,0.296296296,0.068783068,0.4812362,0.22516556,0.29359823,0.09695652,813,1487,2300,"13128"
"Henry Owens","BOS","AAA",23,137.2,0.26628895,0.763975155,0.202247191,0.345505617,0.452247191,0.335403726,0.080745341,0.45355191,0.24590164,0.30054645,0.11492352,957,1462,2419,"13143"
"Frank Garces","SDP","AAA",26,114.1,0.31920904,1.129770992,0.216292134,0.415730337,0.367977528,0.20610687,0.122137404,0.42276423,0.26558266,0.31165312,0.1010989,621,1199,1820,"13144"
"Adalberto Mejia","SFG","AAA",23,67,0.32804233,0.913580246,0.209183673,0.37755102,0.413265306,0.185185185,0.098765432,0.45685279,0.24365482,0.29949239,0.10582524,355,675,1030,"13188"
"Warwick Saupold","DET","AAA",26,74.1,0.27727273,2.105263157,0.199095022,0.542986425,0.257918552,0.280701754,0.052631578,0.46222222,0.23555556,0.30222222,0.09347443,406,728,1134,"13211"
"Jesse Hahn","OAK","AAA",26,66.2,0.31775701,2.25490196,0.220657276,0.539906103,0.239436619,0.215686274,0.078431372,0.35779817,0.28899083,0.35321101,0.08185053,431,693,1124,"13287"
"Pedro Beato","BAL","AAA",29,68,0.27894737,1.328125,0.223958333,0.442708333,0.333333333,0.296875,0.09375,0.5,0.26020408,0.23979592,0.14,358,692,1050,"1330"
"Jordan Jankowski","HOU","AAA",27,71.2,0.30769231,0.984615384,0.19375,0.4,0.40625,0.215384615,0.092307692,0.40740741,0.25308642,0.33950617,0.13912375,489,812,1301,"13313"
"Curtis Partch","PIT","AAA",29,60.1,0.26490066,1.26,0.241610738,0.422818791,0.335570469,0.26,0.02,0.44078947,0.26315789,0.29605263,0.14178303,333,598,931,"1333"
"William Cuevas","BOS","AAA",25,131,0.28019324,0.794444444,0.225419664,0.342925659,0.431654676,0.272222222,0.1,0.42824074,0.25694444,0.31481481,0.09936985,751,1312,2063,"13331"
"Adrian Sampson","SEA","AAA",24,80.1,0.31020408,1.608108108,0.218623481,0.481781376,0.299595141,0.216216216,0.067567567,0.46613546,0.22709163,0.30677291,0.08787346,358,780,1138,"13339"
"Luis Cessa","NYY","AAA",24,77.1,0.27751196,1.197530864,0.160377358,0.457547169,0.382075471,0.197530864,0.098765432,0.48387097,0.20737327,0.30875576,0.10765349,407,782,1189,"13345"
"Brady Rodgers","HOU","AAA",25,132,0.31853786,1.533333333,0.206266318,0.480417754,0.313315926,0.183333333,0.058333333,0.42966752,0.24808184,0.32225064,0.08944358,617,1306,1923,"13393"
"Dylan Floro","TBR","AAA",25,50,0.31125828,2.428571428,0.210526315,0.559210526,0.230263157,0.2,0.171428571,0.40764331,0.20382166,0.38853503,0.10911425,254,525,779,"13394"
"Damien Magnifico","MIL","AAA",25,62,0.31428571,2.441860465,0.129411764,0.617647058,0.252941176,0.116279069,0.046511627,0.46590909,0.21022727,0.32386364,0.11728395,400,572,972,"13395"
"Felix Pena","CHC","AAA",26,63.1,0.28767123,0.7,0.184931506,0.335616438,0.479452054,0.142857142,0.057142857,0.37333333,0.28,0.34666667,0.13773036,379,652,1031,"13403"
"Chris Beck","CHW","AAA",25,66.1,0.34782609,1.68852459,0.215311004,0.492822966,0.291866028,0.295081967,0.081967213,0.44811321,0.18867925,0.36320755,0.09191176,427,661,1088,"13418"
"Pierce Johnson","CHC","AAA",25,63,0.33121019,1.470588235,0.222222222,0.462962962,0.314814814,0.176470588,0.156862745,0.41212121,0.26060606,0.32727273,0.09160305,458,721,1179,"13435"
"Eddie Butler","COL","AAA",25,89,0.27096774,1.418181818,0.158227848,0.493670886,0.348101265,0.172727272,0.081818181,0.4200627,0.2507837,0.32915361,0.06430155,510,843,1353,"13453"
"Lucas Sims","ATL","AAA",22,50,0.33333333,0.967213114,0.154929577,0.415492957,0.429577464,0.147540983,0.196721311,0.38888889,0.27083333,0.34027778,0.12168793,410,609,1019,"13470"
"Daniel Norris","DET","AAA",23,73.1,0.35849057,2.31372549,0.191387559,0.564593301,0.244019138,0.137254901,0.039215686,0.46478873,0.25821596,0.27699531,0.11394422,456,799,1255,"13475"
"Blake Snell","TBR","AAA",23,63,0.35616438,1.894736842,0.246575342,0.493150684,0.260273972,0.315789473,0.105263157,0.43708609,0.22516556,0.33774834,0.14995563,420,707,1127,"13543"
"Richard Rodriguez","BAL","AAA",26,81.2,0.2764977,0.802197802,0.254545454,0.331818181,0.413636363,0.307692307,0.054945054,0.44594595,0.22522523,0.32882883,0.11921033,495,822,1317,"13549"
"Justin Haley","BOS","AAA",25,85.1,0.26382979,1.186046511,0.20338983,0.432203389,0.364406779,0.290697674,0.093023255,0.39506173,0.218107,0.38683128,0.10089021,464,884,1348,"13572"
"Robert Stephenson","CIN","AAA",23,136.2,0.25789474,0.969135802,0.173575129,0.406735751,0.419689119,0.24691358,0.104938271,0.46192893,0.26903553,0.26903553,0.10863758,888,1358,2246,"13594"
"Shawn Morimando","CLE","AAA",23,59,0.32960894,0.971014492,0.244444444,0.372222222,0.383333333,0.260869565,0.072463768,0.37297297,0.23783784,0.38918919,0.08717949,346,629,975,"13606"
"Jharel Cotton","OAK","AAA",24,135.2,0.26190476,0.959459459,0.159420289,0.411594202,0.428985507,0.236486486,0.135135135,0.49157303,0.2247191,0.28370787,0.11912517,757,1392,2149,"13654"
"John Gant","ATL","AAA",23,56,0.32919255,1.339285714,0.18125,0.46875,0.35,0.125,0.089285714,0.46060606,0.21212121,0.32727273,0.1370614,315,597,912,"13684"
"Ryan Merritt","CLE","AAA",24,143.1,0.30652174,1.064705882,0.241900647,0.390928725,0.367170626,0.223529411,0.088235294,0.46008403,0.23739496,0.30252101,0.07365439,681,1437,2118,"13688"
"Jake Faria","TBR","AAA",22,67.2,0.22674419,1,0.213483146,0.393258426,0.393258426,0.285714285,0.1,0.45251397,0.21787709,0.32960894,0.10967185,447,711,1158,"13699"
"Michael Roth","TEX","AAA",26,145.1,0.28798186,1.59574468,0.168181818,0.511363636,0.320454545,0.177304964,0.063829787,0.44911504,0.28539823,0.26548673,0.08211679,805,1387,2192,"13736"
"Chris Stratton","SFG","AAA",25,125.2,0.30481283,1.208955223,0.195652173,0.440217391,0.364130434,0.19402985,0.044776119,0.42328042,0.20634921,0.37037037,0.08800419,679,1230,1909,"13761"
"Zach Eflin","PHI","AAA",22,68.1,0.24479167,1.333333333,0.189473684,0.463157894,0.347368421,0.181818181,0.03030303,0.29591837,0.30102041,0.40306122,0.07864078,368,662,1030,"13774"
"Alec Mills","KCR","AAA",24,58,0.32335329,1.322580645,0.172413793,0.471264367,0.356321839,0.193548387,0.129032258,0.48,0.22285714,0.29714286,0.10337972,359,647,1006,"13834"
"Paul Sewald","NYM","AAA",26,65.2,0.29341317,0.911764705,0.226190476,0.369047619,0.404761904,0.161764705,0.132352941,0.42528736,0.22988506,0.34482759,0.12454212,382,710,1092,"13892"
"Dietrich Enns","NYY","AAA",25,65,0.25287356,1.210526315,0.263157894,0.403508771,0.333333333,0.298245614,0.052631578,0.46927374,0.2122905,0.31843575,0.07706767,415,649,1064,"13932"
"Brent Suter","MIL","AAA",26,110.2,0.34831461,1.007194244,0.209631728,0.396600566,0.393767705,0.215827338,0.035971223,0.43213296,0.2299169,0.33795014,0.08217446,509,1073,1582,"13942"
"Mike Hauschild","HOU","AAA",26,139.2,0.31642512,2.113207547,0.204819277,0.539759036,0.255421686,0.094339622,0.066037735,0.43127962,0.25118483,0.31753555,0.11956002,753,1338,2091,"14033"
"Miguel Almonte","KCR","AAA",23,60,0.33526012,1.372881355,0.181286549,0.47368421,0.345029239,0.220338983,0.084745762,0.46111111,0.23888889,0.3,0.09777015,494,672,1166,"14139"
"Jose Berrios","MIN","AAA",22,111.1,0.25384615,1.197916666,0.194656488,0.438931297,0.366412213,0.177083333,0.083333333,0.4141791,0.22014925,0.36567164,0.12256442,526,1065,1591,"14168"
"Josh Hader","MIL","AAA",22,69,0.3452381,0.986111111,0.158823529,0.417647058,0.423529411,0.138888888,0.069444444,0.43352601,0.28323699,0.28323699,0.11797753,481,765,1246,"14212"
"Brian Johnson","BOS","AAA",25,77,0.28384279,0.79245283,0.198312236,0.354430379,0.447257383,0.301886792,0.08490566,0.3907563,0.27310924,0.33613445,0.07910906,484,818,1302,"14272"
"Wandy Peralta","CIN","AAA",24,58,0.24852071,2.605263157,0.169696969,0.6,0.23030303,0.263157894,0.052631578,0.55882353,0.22941176,0.21176471,0.12342857,325,550,875,"14295"
"Ty Blach","SFG","AAA",25,162.2,0.27991886,1.62585034,0.215447154,0.485772357,0.298780487,0.183673469,0.061224489,0.41,0.246,0.344,0.08668602,808,1603,2411,"14361"
"Jake Thompson","PHI","AAA",22,129.2,0.25198939,1.333333333,0.178666666,0.469333333,0.352,0.189393939,0.075757575,0.41085271,0.26356589,0.3255814,0.08437971,763,1228,1991,"14371"
"Tyler Glasnow","PIT","AAA",22,110.2,0.25523013,1.041237113,0.171548117,0.422594142,0.40585774,0.30927835,0.041237113,0.50205761,0.20987654,0.28806584,0.11995516,741,1043,1784,"14374"
"Amir Garrett","CIN","AAA",24,67.2,0.23076923,1.353846153,0.16847826,0.478260869,0.353260869,0.246153846,0.092307692,0.51075269,0.20430108,0.28494624,0.09444444,426,654,1080,"14375"
"Jorge Lopez","MIL","AAA",23,79.1,0.35458167,2.071428571,0.156862745,0.56862745,0.274509803,0.2,0.171428571,0.43726236,0.25475285,0.30798479,0.08573342,642,851,1493,"14527"
"James Hoyt","HOU","AAA",29,55,0.2755102,3.588235294,0.170212765,0.64893617,0.180851063,0.058823529,0.117647058,0.55,0.2,0.25,0.21942446,295,539,834,"14605"
"Chi Chi Gonzalez","TEX","AAA",24,138,0.32882883,2.066666666,0.163636363,0.563636363,0.272727272,0.158333333,0.066666666,0.46205357,0.23883929,0.29910714,0.07453132,794,1393,2187,"14663"
"Jandel Gustave","HOU","AAA",23,57,0.28125,1.729166666,0.154838709,0.53548387,0.309677419,0.270833333,0.020833333,0.42236025,0.19254658,0.38509317,0.09989909,372,619,991,"14665"
"Anthony Banda","ARI","AAA",22,73.2,0.31308411,1.411764705,0.233644859,0.44859813,0.317757009,0.205882352,0.088235294,0.39449541,0.21100917,0.39449541,0.09609121,474,754,1228,"14706"
"Brady Lail","NYY","AAA",22,92.1,0.29757785,1.075630252,0.156996587,0.436860068,0.406143344,0.243697478,0.092436974,0.50333333,0.21333333,0.28333333,0.09533469,548,931,1479,"14707"
"Brad Goldberg","CHW","AAA",26,50.2,0.27464789,1.875,0.184397163,0.531914893,0.283687943,0.15,0.075,0.43448276,0.2137931,0.35172414,0.1242741,345,516,861,"14776"
"Buck Farmer","DET","AAA",25,100,0.32646048,1.393939393,0.207357859,0.461538461,0.331103678,0.222222222,0.111111111,0.4602649,0.24503311,0.29470199,0.12372983,575,1098,1673,"14814"
"Kyle Martin","BOS","AAA",25,66.2,0.32919255,1.254237288,0.18902439,0.451219512,0.359756097,0.389830508,0.084745762,0.36144578,0.26506024,0.37349398,0.15988372,358,674,1032,"14860"
"Ben Lively","PHI","AAA",24,117.2,0.22121212,0.923076923,0.174174174,0.396396396,0.429429429,0.209790209,0.069930069,0.43195266,0.20710059,0.36094675,0.07719298,570,1140,1710,"14932"
"Aaron Blair","ATL","AAA",24,71.2,0.35784314,2.191489361,0.268292682,0.502439024,0.229268292,0.404255319,0.085106382,0.42307692,0.27403846,0.30288462,0.11912752,483,709,1192,"14934"
"Tyler Webb","NYY","AAA",25,72.2,0.32124352,1.208955223,0.237113402,0.417525773,0.345360824,0.313432835,0.074626865,0.37878788,0.20707071,0.41414141,0.13621533,424,802,1226,"14974"
"Chad Kuhl","PIT","AAA",23,83.2,0.29508197,1.586666666,0.224,0.476,0.3,0.16,0.12,0.41338583,0.27165354,0.31496063,0.10933941,453,864,1317,"14975"
"Alex Reyes","STL","AAA",21,65.1,0.36538462,0.909090909,0.176470588,0.392156862,0.431372549,0.287878787,0.09090909,0.41614907,0.27950311,0.30434783,0.13201581,482,783,1265,"15015"
"Austin Voth","WSN","AAA",24,157,0.27850877,1.630434782,0.198675496,0.496688741,0.304635761,0.224637681,0.079710144,0.46895075,0.248394,0.28265525,0.08678955,984,1620,2604,"15047"
"Jaime Schultz","TBR","AAA",25,130.2,0.32686084,1.31,0.26433121,0.417197452,0.318471337,0.18,0.12,0.36760125,0.22741433,0.40498442,0.1187447,932,1426,2358,"15066"
"Kyle McGowin","LAA","AAA",24,116.1,0.35654596,1.125925925,0.217983651,0.414168937,0.367847411,0.237037037,0.118518518,0.46524064,0.24064171,0.29411765,0.10777834,750,1217,1967,"15071"
"Rob Zastryzny","CHC","AAA",24,81,0.27027027,1.507462686,0.222222222,0.467592592,0.310185185,0.149253731,0.104477611,0.46255507,0.25110132,0.28634361,0.12006446,469,772,1241,"15094"
"Luke Farrell","KCR","AAA",25,91,0.28294574,0.891666666,0.136882129,0.406844106,0.456273764,0.225,0.1,0.4494382,0.22097378,0.32958801,0.10428305,614,997,1611,"15101"
"Braden Shipley","ARI","AAA",24,119.1,0.31632653,1.42063492,0.217948717,0.458974358,0.323076923,0.19047619,0.055555555,0.45979899,0.25879397,0.28140704,0.06028761,673,1135,1808,"15158"
"Daniel Wright","CIN","AAA",25,83.2,0.34982332,0.956896551,0.206293706,0.388111888,0.405594405,0.181034482,0.086206896,0.48464164,0.27645051,0.23890785,0.0802651,465,893,1358,"15179"
"Cody Reed","CIN","AAA",23,73,0.31400966,1.779661016,0.207729468,0.507246376,0.285024154,0.20338983,0.101694915,0.43457944,0.25700935,0.30841121,0.10863758,379,744,1123,"15232"
"Shane Carle","COL","AAA",24,111.1,0.375,1.415254237,0.219178082,0.457534246,0.323287671,0.161016949,0.076271186,0.42021277,0.25265957,0.32712766,0.09679235,614,1163,1777,"15258"
"Jacob Rhame","LAD","AAA",23,63,0.29813665,0.686746987,0.146341463,0.347560975,0.50609756,0.240963855,0.060240963,0.34939759,0.30120482,0.34939759,0.12019231,348,692,1040,"15267"
"Austin Pruitt","TBR","AAA",26,162.2,0.31590414,1.366013071,0.234672304,0.441860465,0.32346723,0.156862745,0.137254901,0.48440748,0.25987526,0.25571726,0.13305955,802,1633,2435,"15290"
"Steven Brault","PIT","AAA",24,71.1,0.31746032,0.886075949,0.203208556,0.37433155,0.422459893,0.215189873,0.075949367,0.39690722,0.27319588,0.32989691,0.1195122,452,778,1230,"15291"
"Matthew Boyd","DET","AAA",25,64,0.27118644,1.028571428,0.202247191,0.404494382,0.393258426,0.357142857,0.071428571,0.46153846,0.19230769,0.34615385,0.10556622,369,673,1042,"15440"
"Mike Mayers","STL","AAA",24,89.1,0.31474104,1.029411764,0.178571428,0.416666666,0.404761904,0.166666666,0.078431372,0.40384615,0.24230769,0.35384615,0.09856263,522,939,1461,"15451"
"Jose De Leon","LAD","AAA",23,86.1,0.25870647,0.71,0.161764705,0.348039215,0.490196078,0.22,0.09,0.38755981,0.26794258,0.34449761,0.1355175,421,922,1343,"15463"
"Eric Yardley","SDP","AAA",25,53.2,0.32317073,3.029411764,0.179640718,0.616766467,0.203592814,0.058823529,0.147058823,0.37869822,0.26035503,0.36094675,0.07253886,273,499,772,"15538"
"Chad Green","NYY","AAA",25,94.2,0.27083333,1.630136986,0.2,0.495833333,0.304166666,0.164383561,0.04109589,0.37142857,0.24489796,0.38367347,0.1087673,514,1003,1517,"15552"
"Dillon Overton","OAK","AAA",24,125.2,0.32642487,0.908496732,0.241558441,0.361038961,0.397402597,0.267973856,0.039215686,0.46803069,0.26598465,0.26598465,0.09702259,669,1279,1948,"15627"
"Paul Fry","SEA","AAA",23,55,0.32867133,2.3125,0.220588235,0.544117647,0.235294117,0.1875,0.03125,0.33333333,0.22916667,0.4375,0.0839304,388,589,977,"15832"
"Adam Plutko","CLE","AAA",24,90,0.29259259,0.666666666,0.172794117,0.330882352,0.496323529,0.37037037,0.059259259,0.44404332,0.22382671,0.33212996,0.08872077,534,920,1454,"15846"
"Luis Severino","NYY","AAA",22,77.1,0.32126697,1.470588235,0.239819004,0.452488687,0.307692307,0.176470588,0.058823529,0.36888889,0.26222222,0.36888889,0.11139674,374,793,1167,"15890"
"Cody Ege","LAA","AAA",25,51.1,0.30872483,1.468085106,0.216216216,0.466216216,0.317567567,0.234042553,0.042553191,0.51315789,0.23026316,0.25657895,0.10820046,374,504,878,"15928"
"Odrisamer Despaigne","BAL","AAA",29,88.1,0.31851852,2.042857142,0.216911764,0.525735294,0.257352941,0.171428571,0.071428571,0.46545455,0.21090909,0.32363636,0.07865169,590,923,1513,"16017"
"Chris Ellis","ATL","AAA",23,67.2,0.33507853,0.674698795,0.272251308,0.293193717,0.434554973,0.301204819,0.048192771,0.35897436,0.26153846,0.37948718,0.08276386,564,753,1317,"16125"
"Kyle Freeland","COL","AAA",23,73.2,0.33035714,1.859375,0.183035714,0.53125,0.285714285,0.21875,0.109375,0.53246753,0.21645022,0.25108225,0.10465116,406,712,1118,"16256"
"Trevor Oaks","LAD","AAA",23,63,0.3,2.560975609,0.219251336,0.561497326,0.219251336,0.121951219,0.170731707,0.43877551,0.23979592,0.32142857,0.09230769,274,571,845,"16468"
"Harrison Musgrave","COL","AAA",24,113,0.29190751,1.07913669,0.188202247,0.421348314,0.390449438,0.143884892,0.122302158,0.45179063,0.25895317,0.2892562,0.09750567,652,1112,1764,"16532"
"Brock Stewart","LAD","AAA",24,50.2,0.27819549,1.16,0.19402985,0.43283582,0.373134328,0.2,0.08,0.40875912,0.25547445,0.33576642,0.12676056,203,507,710,"16727"
"Aaron Wilkerson","BOS","AAA",27,102.2,0.33447099,0.735294117,0.197278911,0.340136054,0.462585034,0.279411764,0.073529411,0.38943894,0.2640264,0.34653465,0.09938237,584,1197,1781,"16904"
"Trevor Williams","PIT","AAA",24,110.1,0.28323699,2,0.232142857,0.511904761,0.25595238,0.209302325,0.058139534,0.42450142,0.23361823,0.34188034,0.09783914,558,1108,1666,"16977"
"Daniel Mengden","OAK","AAA",23,75.1,0.24630542,1.53125,0.19,0.49,0.32,0.25,0.0625,0.41747573,0.24271845,0.33980583,0.08110368,423,773,1196,"16980"
"Jeff Hoffman","COL","AAA",23,118.2,0.32515337,1.196721311,0.190332326,0.441087613,0.36858006,0.13114754,0.090163934,0.44510386,0.21364985,0.34124629,0.09490156,740,1241,1981,"17432"
"Ariel Miranda","BAL","AAA",27,100.2,0.29065744,0.888,0.202702702,0.375,0.422297297,0.288,0.088,0.39333333,0.28333333,0.32333333,0.0896861,580,981,1561,"17526"
"Jeremy Hefner","STL","AAA",30,97.2,0.31164384,0.936507936,0.181208053,0.395973154,0.422818791,0.15079365,0.095238095,0.46052632,0.22368421,0.31578947,0.09405941,602,1014,1616,"1989"
"Justin Masterson","PIT","AAA",31,54.1,0.33908046,2.195121951,0.247126436,0.517241379,0.235632183,0.292682926,0.073170731,0.50847458,0.23163842,0.25988701,0.07188841,369,563,932,"2038"
"Jeremy Guthrie","MIA","AAA",37,86.2,0.36423841,1.216981132,0.229508196,0.422950819,0.347540983,0.08490566,0.094339622,0.45337621,0.28617363,0.26045016,0.06470981,563,936,1499,"2072"
"Chris Narveson","MIA","AAA",34,89.2,0.25384615,1.131313131,0.191570881,0.429118773,0.379310344,0.232323232,0.101010101,0.44237918,0.26765799,0.28996283,0.07972509,590,865,1455,"2141"
"Daniel McCutchen","SDP","AAA",33,134.2,0.36831276,1.048648648,0.224948875,0.396728016,0.378323108,0.156756756,0.102702702,0.41716567,0.30538922,0.27744511,0.06830357,739,1501,2240,"263"
"Daniel Moskos","SDP","AAA",30,61,0.35204082,2.478260869,0.162303664,0.596858638,0.240837696,0.239130434,0.04347826,0.47738693,0.23115578,0.29145729,0.10552764,387,608,995,"2858"
"Ross Detwiler","CLE","AAA",30,86,0.28793774,1.116504854,0.171102661,0.437262357,0.39163498,0.174757281,0.097087378,0.42910448,0.25373134,0.31716418,0.08217054,482,808,1290,"2859"
"Duane Below","NYM","AAA",30,140,0.33839479,1.192771084,0.215517241,0.426724137,0.35775862,0.228915662,0.138554216,0.40289256,0.27892562,0.31818182,0.092601,680,1523,2203,"3124"
"Clayton Mortensen","KCR","AAA",31,63.2,0.36666667,0.792207792,0.254054054,0.329729729,0.416216216,0.181818181,0.116883116,0.45989305,0.2459893,0.29411765,0.10232158,437,726,1163,"3166"
"Jean Machi","SFG","AAA",34,61.2,0.29069767,1.553571428,0.173410404,0.502890173,0.323699421,0.142857142,0.160714285,0.49444444,0.28888889,0.21666667,0.10251046,347,609,956,"3220"
"Angel Castro","OAK","AAA",33,92.2,0.31023102,1.35,0.2394822,0.436893203,0.323624595,0.24,0.13,0.42038217,0.2388535,0.34076433,0.07707641,573,932,1505,"3243"
"Roberto Hernandez","TOR","AAA",35,86,0.30656934,1.621951219,0.229390681,0.476702508,0.29390681,0.231707317,0.134146341,0.51760563,0.25,0.23239437,0.07630814,521,855,1376,"3273"
"Kanekoa Texeira","ATL","AAA",30,63.1,0.37777778,1.916666666,0.222222222,0.511111111,0.266666666,0.3,0.05,0.43859649,0.21929825,0.34210526,0.04810361,457,624,1081,"334"
"Matt Buschmann","ARI","AAA",32,142,0.32900433,1.315789473,0.255813953,0.42283298,0.321353065,0.131578947,0.131578947,0.41995842,0.27442827,0.30561331,0.08885942,885,1377,2262,"3832"
"Edward Mujica","MIN","AAA",32,57.2,0.32608696,1.075757575,0.238888888,0.394444444,0.366666666,0.227272727,0.075757575,0.44148936,0.27659574,0.28191489,0.11020882,235,627,862,"3970"
"James Russell","PHI","AAA",30,79.2,0.28838951,0.729508196,0.221402214,0.328413284,0.450184501,0.278688524,0.090163934,0.45683453,0.23741007,0.3057554,0.08159867,399,802,1201,"4089"
"David Huff","KCR","AAA",31,52.1,0.38414634,1.254237288,0.213017751,0.437869822,0.349112426,0.169491525,0.13559322,0.3625731,0.29824561,0.33918129,0.09639954,270,591,861,"4257"
"Kyle Drabek","ARI","AAA",28,68.2,0.3625,2.673076923,0.204166666,0.579166666,0.216666666,0.076923076,0.076923076,0.50413223,0.26033058,0.23553719,0.09051349,487,662,1149,"4359"
"Kameron Loe","CHW","AAA",34,68,0.35897436,2.266666666,0.169491525,0.576271186,0.254237288,0.2,0.083333333,0.51046025,0.24267782,0.24686192,0.10239852,383,701,1084,"4422"
"Chris Smith","OAK","AAA",35,130.2,0.2922252,1.408333333,0.23342175,0.448275862,0.318302387,0.208333333,0.091666666,0.4921875,0.24479167,0.26302083,0.10839483,815,1353,2168,"4544"
"Sam LeCure","LAD","AAA",32,91,0.31407942,1.352941176,0.145907473,0.491103202,0.362989323,0.137254901,0.098039215,0.44405594,0.2972028,0.25874126,0.0864745,435,918,1353,"4664"
"Matt Capps","ARI","AAA",32,50.2,0.32638889,1.14,0.262068965,0.393103448,0.344827586,0.22,0.14,0.40397351,0.24503311,0.35099338,0.10220674,307,554,861,"4788"
"Scott Diamond","TOR","AAA",29,166,0.32906764,1.857142857,0.234972677,0.497267759,0.267759562,0.197278911,0.074829931,0.48294434,0.20466786,0.31238779,0.07792208,910,1631,2541,"5089"
"Kelvin Marte","PIT","AAA",28,73.2,0.27981651,2.259259259,0.16981132,0.575471698,0.254716981,0.185185185,0.074074074,0.41628959,0.28506787,0.29864253,0.10171103,375,677,1052,"5200"
"Wade LeBlanc","TOR","AAA",31,89.2,0.3151751,1.175824175,0.2265625,0.41796875,0.35546875,0.34065934,0.032967032,0.41923077,0.23846154,0.34230769,0.10097233,454,883,1337,"5221"
"Vin Mazzaro","SFG","AAA",29,67,0.28358209,1.63076923,0.140703517,0.532663316,0.326633165,0.23076923,0.061538461,0.47317073,0.2097561,0.31707317,0.07432432,394,642,1036,"5231"
"Brad Peacock","HOU","AAA",28,117,0.33534743,1.24347826,0.222891566,0.430722891,0.346385542,0.156521739,0.095652173,0.40882353,0.28529412,0.30588235,0.11205603,723,1276,1999,"5401"
"Phil Coke","NYY","AAA",33,70,0.30805687,1.411764705,0.203883495,0.466019417,0.330097087,0.220588235,0.044117647,0.44392523,0.24299065,0.31308411,0.10521583,394,718,1112,"5535"
"Jo-Jo Reyes","MIA","AAA",31,60.1,0.32044199,1.978260869,0.2259887,0.514124293,0.259887005,0.130434782,0.04347826,0.38797814,0.24590164,0.36612022,0.10084926,349,593,942,"5559"
"Ryan Brasier","OAK","AAA",28,60.2,0.29333333,1.226415094,0.208053691,0.43624161,0.355704697,0.301886792,0.113207547,0.39102564,0.24358974,0.36538462,0.1442623,302,613,915,"5615"
"Jorge Rondon","PIT","AAA",28,57.1,0.25,1.262295081,0.183431952,0.455621301,0.360946745,0.278688524,0.032786885,0.33908046,0.23563218,0.42528736,0.08241758,338,572,910,"5791"
"Joe Wieland","SEA","AAA",26,124.1,0.36387435,1.191489361,0.205655526,0.431876606,0.362467866,0.14893617,0.106382978,0.44080605,0.26196474,0.29722922,0.08152925,762,1409,2171,"6109"
"Dustin Molleken","DET","AAA",31,60.1,0.28125,0.942857142,0.165644171,0.404907975,0.429447852,0.228571428,0.057142857,0.41463415,0.23170732,0.35365854,0.11746988,375,621,996,"6200"
"Kyle Kendrick","LAA","AAA",31,93.1,0.30344828,1.454545454,0.187290969,0.481605351,0.331103678,0.232323232,0.131313131,0.46864686,0.27722772,0.25412541,0.08314937,463,896,1359,"6230"
"Aaron Laffey","WSN","AAA",31,99,0.3364486,1.850574712,0.222570532,0.504702194,0.272727272,0.218390804,0.057471264,0.48159509,0.23006135,0.28834356,0.08071749,553,1008,1561,"6248"
"Anthony Vasquez","PHI","AAA",29,71.2,0.28110599,0.947368421,0.159090909,0.409090909,0.431818181,0.263157894,0.105263157,0.37004405,0.29955947,0.33039648,0.09318996,402,714,1116,"6577"
"Miguel Socolovich","STL","AAA",29,51.2,0.29411765,1.142857142,0.198473282,0.427480916,0.374045801,0.163265306,0.040816326,0.48175182,0.27737226,0.24087591,0.13767209,270,529,799,"6697"
"Sam Freeman","MIL","AAA",29,55.1,0.35119048,1.93877551,0.127272727,0.575757575,0.296969696,0.163265306,0.081632653,0.38150289,0.29479769,0.32369942,0.12486545,356,573,929,"6832"
"Eddie Gamboa","TBR","AAA",31,94,0.26422764,1.397435897,0.227272727,0.450413223,0.322314049,0.282051282,0,0.47560976,0.22764228,0.29674797,0.11002604,576,960,1536,"6911"
"Luis Garcia","PHI","AAA",29,54.2,0.26119403,2.470588235,0.125925925,0.622222222,0.251851851,0.117647058,0.088235294,0.40145985,0.24817518,0.35036496,0.11990111,306,503,809,"6984"
"John Lannan","KCR","AAA",31,132.1,0.31789474,1.523178807,0.20625,0.479166666,0.314583333,0.205298013,0.099337748,0.46435845,0.22199593,0.31364562,0.0540153,768,1324,2092,"7080"
"Dustin Antolin","TOR","AAA",26,53,0.29230769,0.980392156,0.223076923,0.384615384,0.392307692,0.196078431,0.058823529,0.44360902,0.21804511,0.33834586,0.11330561,354,608,962,"7119"
"Preston Guilmet","DET","AAA",28,68.1,0.37222222,1.333333333,0.261111111,0.422222222,0.316666666,0.263157894,0.070175438,0.51351351,0.24324324,0.24324324,0.15996344,347,747,1094,"7303"
"Kyle Lohse","TEX","AAA",37,58.2,0.29378531,0.96,0.201086956,0.391304347,0.407608695,0.173333333,0.106666666,0.51351351,0.24324324,0.24324324,0.09978769,352,590,942,"739"
"Javy Guerra","LAA","AAA",30,51.2,0.3028169,1.65116279,0.191489361,0.503546099,0.304964539,0.162790697,0.116279069,0.37414966,0.31972789,0.30612245,0.09836066,389,587,976,"7407"
"Jarrett Grube","CLE","AAA",34,119.1,0.28398792,0.765822784,0.191304347,0.350724637,0.457971014,0.246835443,0.107594936,0.46551724,0.25287356,0.2816092,0.09863429,798,1179,1977,"7553"
"Chris Leroux","TOR","AAA",32,140.1,0.30630631,1.580882352,0.216517857,0.479910714,0.303571428,0.198529411,0.095588235,0.49563319,0.25764192,0.24672489,0.09291472,902,1455,2357,"7645"
"Wilfredo Boscan","ATL","AAA",26,93,0.34603175,2,0.252396166,0.498402555,0.249201277,0.192307692,0.076923076,0.428125,0.246875,0.325,0.07872928,511,937,1448,"7655"
"David Holmberg","CHW","AAA",24,54.1,0.27108434,1.528301886,0.19760479,0.48502994,0.317365269,0.226415094,0.113207547,0.47674419,0.27325581,0.25,0.08034611,294,515,809,"7725"
"Richard Bleier","NYY","AAA",29,58,0.31840796,3.735294117,0.190954773,0.638190954,0.170854271,0.176470588,0.058823529,0.46305419,0.19704433,0.33990148,0.08333333,281,571,852,"7803"
"Andrew Albers","MIN","AAA",30,124.1,0.34567901,1.131034482,0.244498777,0.400977995,0.354523227,0.275862068,0.068965517,0.38405797,0.22222222,0.39371981,0.06929134,608,1297,1905,"7853"
"Thad Weber","DET","AAA",31,129.2,0.30717489,1.607692307,0.234762979,0.471783295,0.293453724,0.169230769,0.092307692,0.50547046,0.25820569,0.23632385,0.0630123,727,1225,1952,"8036"
"Paul Clemens","MIA","AAA",28,75.1,0.27777778,1.098765432,0.216589861,0.410138248,0.373271889,0.148148148,0.074074074,0.5158371,0.23076923,0.25339367,0.08508846,434,753,1187,"8037"
"Nick Greenwood","MIN","AAA",28,79.1,0.28629032,1.44047619,0.176706827,0.485943775,0.337349397,0.226190476,0.059523809,0.49011858,0.24505929,0.26482213,0.07502468,338,675,1013,"8182"
"Paolo Espino","WSN","AAA",29,152.2,0.29555556,1.305732484,0.199115044,0.453539823,0.347345132,0.171974522,0.082802547,0.46436285,0.24838013,0.28725702,0.09172355,820,1524,2344,"8246"
"Casey Coleman","TBR","AAA",28,53,0.26056338,1.134615384,0.212765957,0.418439716,0.368794326,0.288461538,0.057692307,0.3862069,0.27586207,0.33793103,0.10854503,317,549,866,"8270"
"Lucas Luetge","LAA","AAA",29,55.2,0.35761589,1.652173913,0.197368421,0.5,0.302631578,0.152173913,0.086956521,0.45859873,0.29299363,0.24840764,0.1486911,378,577,955,"8337"
"Adam Wilk","TBR","AAA",28,87.1,0.2992126,1.07368421,0.22745098,0.4,0.372549019,0.242105263,0.094736842,0.38549618,0.28244275,0.33206107,0.10795902,439,830,1269,"8421"
"Erik Davis","WSN","AAA",29,52.1,0.33571429,1.560975609,0.233576642,0.467153284,0.299270072,0.195121951,0.073170731,0.4084507,0.23239437,0.35915493,0.12828601,372,579,951,"8422"
"Rob Wooten","ATL","AAA",30,73,0.29333333,1.256410256,0.221238938,0.433628318,0.345132743,0.217948717,0.115384615,0.51072961,0.24892704,0.24034335,0.12221145,330,701,1031,"8532"
"Oliver Drake","BAL","AAA",29,56.1,0.32231405,1.191489361,0.169354838,0.451612903,0.379032258,0.340425531,0.106382978,0.49206349,0.1984127,0.30952381,0.14681725,373,601,974,"8823"
"Scott Carroll","CHW","AAA",31,69,0.32520325,1.923076923,0.236947791,0.502008032,0.261044176,0.23076923,0.138461538,0.50588235,0.25490196,0.23921569,0.08012821,505,743,1248,"888"
"David Martinez","MIN","AAA",28,52,0.32748538,0.72368421,0.251428571,0.314285714,0.434285714,0.302631578,0.105263157,0.39664804,0.25698324,0.34636872,0.0968523,294,532,826,"8893"
"Cesar Valdez","HOU","AAA",31,138.1,0.3253012,1.957264957,0.174224343,0.546539379,0.279236276,0.111111111,0.068376068,0.507109,0.21090047,0.28199052,0.13644116,504,1255,1759,"9013"
"TJ House","CLE","AAA",26,72.1,0.34439834,1.690140845,0.20083682,0.50209205,0.297071129,0.14084507,0.084507042,0.44578313,0.20481928,0.34939759,0.07484568,510,786,1296,"9121"
"Sean O'Sullivan","BOS","AAA",28,105.1,0.3343949,1.173076923,0.284810126,0.386075949,0.329113924,0.307692307,0.067307692,0.45482866,0.21806854,0.3271028,0.09430496,561,1072,1633,"9137"
"Casey Kelly","ATL","AAA",26,74,0.26605505,1.436619718,0.210045662,0.465753424,0.324200913,0.126760563,0.084507042,0.42410714,0.25892857,0.31696429,0.06912029,433,681,1114,"9174"
"Kyle Lobstein","PIT","AAA",26,51.1,0.33766234,1.489361702,0.24025974,0.454545454,0.305194805,0.212765957,0.063829787,0.39873418,0.26582278,0.33544304,0.11111111,297,522,819,"9178"
"Simon Castro","COL","AAA",28,53.1,0.32413793,1.352941176,0.178082191,0.472602739,0.349315068,0.294117647,0.098039215,0.40666667,0.24666667,0.34666667,0.11229314,281,565,846,"9243"
"Dylan Axelrod","MIA","AAA",30,133.1,0.30310263,1.04968944,0.218009478,0.400473933,0.381516587,0.242236024,0.080745341,0.48036952,0.27482679,0.2448037,0.08277831,800,1302,2102,"9303"
"Hiram Burgos","MIL","AAA",28,143.1,0.33487298,1.005494505,0.16091954,0.420689655,0.418390804,0.17032967,0.065934065,0.48984199,0.24153499,0.26862302,0.07725322,868,1462,2330,"9412"
"Austin Bibens-Dirkx","TEX","AAA",31,85,0.28244275,0.897435897,0.171641791,0.391791044,0.436567164,0.282051282,0.094017094,0.47252747,0.23076923,0.2967033,0.07977607,547,882,1429,"9559"
"David Hale","COL","AAA",28,100,0.35955056,1.867346938,0.215083798,0.511173184,0.273743016,0.204081632,0.102040816,0.48228883,0.22343324,0.29427793,0.09785203,599,1077,1676,"9756"
"Blake Smith","CHW","AAA",28,71.1,0.30687831,1.205882352,0.214659685,0.429319371,0.356020942,0.279411764,0.088235294,0.36082474,0.2628866,0.37628866,0.11130137,414,754,1168,"9780"
"Zach Phillips","PIT","AAA",29,62,0.38,2.055555555,0.25170068,0.50340136,0.244897959,0.194444444,0.083333333,0.47058824,0.23529412,0.29411765,0.11367673,435,691,1126,"99"
"Chris Volstad","CHW","AAA",29,176.2,0.29697987,2.134615384,0.191735537,0.550413223,0.257851239,0.166666666,0.102564102,0.5130719,0.23039216,0.25653595,0.06192308,937,1663,2600,"9901"
"Edgar Alberto Garcia","ARI","AAA",28,61.2,0.32038835,0.769230769,0.240566037,0.330188679,0.429245283,0.197802197,0.098901098,0.3627907,0.26511628,0.37209302,0.07471264,400,644,1044,"sa282907"
"Jeff Walters","NYM","AAA",28,65.2,0.2955665,1.189189189,0.213592233,0.427184466,0.3592233,0.202702702,0.135135135,0.342723,0.30046948,0.35680751,0.09694794,426,688,1114,"sa328221"
"Chris Jones","LAA","AAA",27,118.1,0.3680203,2.219780219,0.254452926,0.51399491,0.231552162,0.12087912,0.109890109,0.46782178,0.26732673,0.26485149,0.09528796,668,1242,1910,"sa392067"
"Nick Additon","BAL","AAA",28,80.1,0.30501931,0.734513274,0.251908396,0.316793893,0.431297709,0.21238938,0.061946902,0.46268657,0.25,0.28731343,0.08726982,462,787,1249,"sa393067"
"Carlos Pimentel","SDP","AAA",26,145,0.34429825,0.81632653,0.226086956,0.347826086,0.426086956,0.183673469,0.086734693,0.44397463,0.28964059,0.26638478,0.09506762,974,1540,2514,"sa393262"
"Malcom Culver","KCR","AAA",26,67.2,0.32524272,1.318840579,0.195979899,0.457286432,0.346733668,0.20289855,0.057971014,0.42105263,0.22966507,0.3492823,0.12511251,403,708,1111,"sa454968"
"Jeremy Kehrt","LAD","AAA",30,56.1,0.34104046,1.893617021,0.213872832,0.514450867,0.2716763,0.212765957,0.085106382,0.58757062,0.14689266,0.26553672,0.08529742,333,558,891,"sa455400"
"Juan Carlos Sulbaran","STL","AAA",26,50.1,0.34682081,0.753086419,0.183908045,0.350574712,0.465517241,0.197530864,0.098765432,0.46666667,0.19444444,0.33888889,0.09245484,359,582,941,"sa455559"
"Darin Gorski","NYM","AAA",28,68.2,0.30414747,0.791208791,0.265765765,0.324324324,0.409909909,0.34065934,0.087912087,0.46666667,0.26666667,0.26666667,0.07211961,434,703,1137,"sa501520"
"Zach Nuding","LAA","AAA",26,66.1,0.31674208,0.872340425,0.207207207,0.369369369,0.423423423,0.180851063,0.117021276,0.41201717,0.30042918,0.28755365,0.0706476,466,723,1189,"sa503167"
"Eduard Santos","OAK","AAA",26,63,0.25324675,1.565217391,0.186206896,0.496551724,0.317241379,0.173913043,0.065217391,0.46794872,0.24358974,0.28846154,0.12648946,458,633,1091,"sa505276"
"Francisco Mendoza","TEX","AAA",28,53.2,0.35897436,1.415094339,0.174193548,0.483870967,0.341935483,0.094339622,0.075471698,0.37106918,0.27044025,0.35849057,0.06764374,327,560,887,"sa506029"
"Jimmy Reyes","TEX","AAA",27,71.2,0.3173913,1.25,0.171052631,0.460526315,0.368421052,0.142857142,0.059523809,0.48305085,0.27118644,0.24576271,0.08534323,373,705,1078,"sa526353"
"Joan Gregorio","SFG","AAA",24,107.1,0.34256055,0.751724137,0.150501672,0.364548494,0.484949832,0.234482758,0.089655172,0.42192691,0.2923588,0.28571429,0.12747724,684,1183,1867,"sa547815"
"Tommy Shirley","HOU","AAA",27,90.1,0.36363636,1.75,0.181229773,0.521035598,0.297734627,0.239130434,0.152173913,0.414791,0.19614148,0.38906752,0.06174411,592,979,1571,"sa548448"
"Derek Eitel","SDP","AAA",28,68.2,0.28571429,1.73076923,0.197740112,0.508474576,0.29378531,0.211538461,0.096153846,0.48333333,0.23888889,0.27777778,0.11631944,467,685,1152,"sa549271"
"Logan Bawcom","LAD","AAA",27,89,0.25390625,0.98095238,0.157894736,0.417004048,0.425101214,0.161904761,0.047619047,0.45801527,0.21374046,0.32824427,0.09414226,504,930,1434,"sa549287"
"Chad Rogers","CIN","AAA",26,62.1,0.28,1.013888888,0.203296703,0.401098901,0.395604395,0.152777777,0.125,0.35869565,0.32608696,0.31521739,0.10710711,362,637,999,"sa549784"
"Aaron Kurcz","OAK","AAA",25,54,0.27160494,0.582278481,0.21875,0.2875,0.49375,0.227848101,0.025316455,0.38414634,0.25,0.36585366,0.09331797,304,564,868,"sa549903"
"Corey Littrell","STL","AAA",24,51.1,0.30263158,1.232142857,0.143835616,0.472602739,0.383561643,0.267857142,0.089285714,0.46496815,0.24203822,0.29299363,0.10333692,361,568,929,"sa550166"
"Bryan Rodriguez","SDP","AAA",24,86.1,0.33793103,2.36231884,0.208191126,0.556313993,0.23549488,0.217391304,0.144927536,0.44333333,0.29,0.26666667,0.07153502,503,839,1342,"sa550590"
"Austin Ross","MIL","AAA",27,71.2,0.3,1.672131147,0.159793814,0.525773195,0.314432989,0.081967213,0.13114754,0.33502538,0.34010152,0.3248731,0.08881298,435,736,1171,"sa553380"
"Terance Marin","CHW","AAA",26,110,0.29494382,2.127659574,0.190082644,0.550964187,0.258953168,0.191489361,0.138297872,0.4673913,0.23641304,0.29619565,0.07805164,655,1049,1704,"sa556821"
"Will Roberts","CLE","AAA",25,88,0.27304965,0.99137931,0.206185567,0.395189003,0.398625429,0.23275862,0.103448275,0.46258503,0.22108844,0.31632653,0.05878136,521,874,1395,"sa577696"
"Will Lamb","CHW","AAA",25,54.1,0.28395062,0.884057971,0.221556886,0.365269461,0.413173652,0.20289855,0.130434782,0.47368421,0.26315789,0.26315789,0.08955224,371,567,938,"sa577799"
"Matt Crouse","DET","AAA",25,93.1,0.28865979,0.899159663,0.223367697,0.367697594,0.408934707,0.184873949,0.058823529,0.41137124,0.27090301,0.31772575,0.09919028,539,943,1482,"sa577832"
"Jordan Pries","SEA","AAA",26,71.1,0.30092593,0.934782608,0.194570135,0.389140271,0.416289592,0.217391304,0.076086956,0.50224215,0.26457399,0.23318386,0.11111111,425,736,1161,"sa577935"
"Chris Jensen","OAK","AAA",25,59.2,0.2712766,1.268656716,0.195767195,0.449735449,0.354497354,0.268656716,0.119402985,0.48979592,0.23469388,0.2755102,0.07033639,376,605,981,"sa579619"
"Matt Flemer","COL","AAA",25,96.1,0.28378378,0.552147239,0.167763157,0.296052631,0.53618421,0.226993865,0.073619631,0.41233766,0.25649351,0.33116883,0.06862092,520,981,1501,"sa580429"
"Jeff Johnson","CLE","AAA",26,53.1,0.29577465,1.88095238,0.153846153,0.552447552,0.293706293,0.261904761,0.071428571,0.40689655,0.24827586,0.34482759,0.11812865,353,502,855,"sa598064"
"Clayton Blackburn","SFG","AAA",23,136.1,0.29245283,1.258278145,0.201405152,0.444964871,0.353629976,0.178807947,0.119205298,0.36590909,0.31590909,0.31818182,0.09117504,701,1350,2051,"sa598302"
"Greg Nappo","MIA","AAA",27,68,0.29648241,0.857142857,0.235294117,0.352941176,0.411764705,0.261904761,0.119047619,0.44019139,0.26315789,0.29665072,0.07654321,453,762,1215,"sa599112"
"Josh Martin","CLE","AAA",26,66,0.28494624,1.596491228,0.208556149,0.486631016,0.304812834,0.280701754,0.070175438,0.47089947,0.24338624,0.28571429,0.11729622,348,658,1006,"sa599246"
"Christian Binford","KCR","AAA",23,105.2,0.2972973,0.586826347,0.225146198,0.286549707,0.488304093,0.239520958,0.107784431,0.4,0.25142857,0.34857143,0.06621005,640,1112,1752,"sa599309"
"Tucker Healy","OAK","AAA",26,52.1,0.30701754,0.607843137,0.267857142,0.276785714,0.455357142,0.333333333,0.058823529,0.33333333,0.24786325,0.41880342,0.15409836,338,577,915,"sa621510"
"Kurt Heyer","STL","AAA",25,72,0.35684647,1.333333333,0.2125,0.45,0.3375,0.185185185,0.074074074,0.37651822,0.22267206,0.40080972,0.07556675,427,764,1191,"sa621615"
"Stephen Johnson","CIN","AAA",25,74.2,0.27699531,0.93548387,0.166666666,0.402777777,0.430555555,0.17204301,0.096774193,0.47297297,0.27927928,0.24774775,0.10517928,522,733,1255,"sa658027"
"John Kuchno","PIT","AAA",25,60.1,0.30288462,1.774193548,0.184834123,0.521327014,0.293838862,0.193548387,0.096774193,0.4600939,0.21596244,0.32394366,0.06907895,342,570,912,"sa658331"
"Kyle Haynes","NYY","AAA",25,95.2,0.31399317,1.975609756,0.183946488,0.54180602,0.274247491,0.158536585,0.158536585,0.45245902,0.19016393,0.35737705,0.09340659,641,997,1638,"sa658506"
"Jonathan Dziedzic","KCR","AAA",25,140,0.2939759,0.679245283,0.152380952,0.342857142,0.504761904,0.150943396,0.056603773,0.3793911,0.25526932,0.36533958,0.07929515,1017,1480,2497,"sa659070"
"Thomas Lee","STL","AAA",26,56,0.37560976,1.135135135,0.229268292,0.409756097,0.360975609,0.135135135,0.04054054,0.48309179,0.24637681,0.2705314,0.07469342,308,589,897,"sa659442"
"Jaron Long","WSN","AAA",24,50,0.33714286,1.62745098,0.238636363,0.471590909,0.289772727,0.176470588,0.039215686,0.48022599,0.27683616,0.24293785,0.06896552,277,506,783,"sa706969"
"Stephen Janas","ATL","AAA",24,51.2,0.27329193,2.268292682,0.167701863,0.577639751,0.254658385,0.219512195,0.097560975,0.42424242,0.23636364,0.33939394,0.03984576,297,481,778,"sa737861"
"Nate Smith","LAA","AAA",24,150.1,0.3231441,1.056497175,0.223880597,0.398720682,0.37739872,0.259887005,0.101694915,0.47157895,0.22105263,0.30736842,0.1107056,889,1577,2466,"sa737900"
"Joe Gunkel","BAL","AAA",24,141.1,0.31277533,1.31081081,0.261339092,0.419006479,0.319654427,0.256756756,0.094594594,0.45744681,0.22978723,0.31276596,0.07982583,653,1414,2067,"sa738176"
"Frank Duncan","PIT","AAA",24,112,0.30909091,2.12345679,0.226299694,0.525993883,0.247706422,0.135802469,0.049382716,0.48802395,0.23952096,0.27245509,0.11090909,565,1085,1650,"sa738963"
"Arturo Reyes","STL","AAA",24,101.1,0.28333333,1.271929824,0.148026315,0.476973684,0.375,0.149122807,0.105263157,0.41290323,0.25806452,0.32903226,0.09633313,551,1058,1609,"sa739006"
"Armando Rivero","CHC","AAA",28,67.2,0.27941176,0.6875,0.187969924,0.330827067,0.481203007,0.25,0.046875,0.39568345,0.25179856,0.35251799,0.1422731,473,750,1223,"sa739701"