Name,Team,Level,Age,IP,K/9,BB/9,K/BB,HR/9,K%,BB%,K-BB%,AVG,WHIP,BABIP,LOB%,ERA,FIP,E-F,xFIP,PlayerId
"Ryan Weber","SEA","AAA",30,103.1,8.883871405022967,1.1322581202480253,7.84615385,1.3064516772092598,0.24401914,0.03110048,0.21291866,0.255,1.1129032805856658,0.30742049,0.66666667,4.180645367069632,4.1307039958401575,0.049941371229474285,3.7694256898467606,"10160"
"Drew Hutchison","DET","AAA",30,88.1,9.06792505043606,4.1773587310997575,2.17073171,0.8150943865560503,0.2348285,0.10817942,0.12664908,0.23493976,1.3471698888912498,0.29787234,0.72934974,3.7698115378217323,4.12102723080563,-0.3512156929838981,4.68806640389632,"10732"
"Michael Mariot","CIN","AAA",32,103,7.252427184466019,2.70873786407767,2.67741935,1.3106796116504855,0.19302326,0.07209302,0.12093023,0.24303797,1.233009708737864,0.27272727,0.76363636,4.019417475728155,4.663507494880158,-0.6440900191520029,4.764976199159345,"10835"
"Casey Lawrence","TOR","AAA",33,65,8.584615384615384,1.8,4.76923077,1.3846153846153846,0.23134328,0.04850746,0.18283582,0.25793651,1.2,0.30555556,0.67164179,4.846153846153846,4.193305851862981,0.6528479942908652,4.046182085917547,"11121"
"Zach Lee","CIN","AAA",29,80.2,6.805784694842838,3.681817949669077,1.84848485,1.8966940952840698,0.16442049,0.08894879,0.0754717,0.29041916,1.6115701463197978,0.3125,0.61705989,6.247933490347524,6.401425063686589,-0.15349157333906494,6.120705593143325,"11468"
"Bryan Mitchell","MIA","AAA",30,57.2,8.895954738016595,4.526012059692654,1.96551724,0.780346906843561,0.23360656,0.11885246,0.1147541,0.24299065,1.4046244323184098,0.30921053,0.70666667,4.369942678323942,4.073519358440105,0.29642331988383663,4.666294710761063,"11479"
"Parker Markel","SDP","AAA",30,57,14.368421052631579,7.105263157894737,2.02222222,1.105263157894737,0.35546875,0.17578125,0.1796875,0.18269231,1.456140350877193,0.28181818,0.7480315,4.421052631578948,4.86215059213471,-0.4410979605557621,4.687714926924622,"12106"
"Chasen Bradford","ATL","AAA",31,52.2,7.689872675075031,2.0506327133533415,3.75,1.1962024161227827,0.20833333,0.05555556,0.15277778,0.25615764,1.2151897560612395,0.29801325,0.79710145,3.4177211889222363,4.122030218632025,-0.7043090297097887,3.7729745460189945,"12452"
"Mike Wright Jr.","CHW","AAA",31,95.1,8.496503949812453,2.737762383828457,3.10344828,1.0384615938659665,0.22959184,0.07397959,0.15561225,0.2,1.0489511049151177,0.23622047,0.75593952,3.398601579924981,4.138760438730937,-0.7401588588059562,4.366542768066908,"12586"
"Jerad Eickhoff","NYM","AAA",30,79.2,8.924687332049551,2.2594145144429247,3.95,1.9205023372764858,0.23939394,0.06060606,0.17878788,0.25974026,1.2552302858016247,0.29716981,0.70332481,4.857741206052288,4.981783689777846,-0.1240424837255576,4.208585086720961,"12664"
"Logan Verrett","SEA","AAA",31,114,6.947368421052632,1.263157894736842,5.5,1.8157894736842106,0.18565401,0.03375527,0.15189873,0.27032967,1.219298245614035,0.29069767,0.71038251,4.7368421052631575,5.511273399152254,-0.774431293889096,5.309346685048781,"12905"
"Joe Biagini","CHC","AAA",31,91.2,8.345455471574871,4.221818650326111,1.97674419,1.3745456070829198,0.20432692,0.10336538,0.10096154,0.26975477,1.5490910809982112,0.31716418,0.70872274,5.498182428331679,5.097082268126958,0.40110016020472106,4.522092535429136,"13194"
"Adrian Sampson","CHC","AAA",29,81.2,6.7224498169505615,3.636735146874894,1.84848485,2.0938778118370602,0.16897507,0.09141274,0.07756233,0.28660436,1.5306124355534065,0.30290456,0.80645161,4.959184291193037,6.362536994778426,-1.403352703585389,5.550154438325415,"13339"
"Felix Pena","LAA","AAA",31,68.1,7.770732285716901,3.556097825667057,2.18518519,1.843902576271807,0.1884984,0.08626198,0.10223642,0.28975265,1.5951220699494204,0.32380952,0.51948052,8.034146939470016,6.1859847350634105,1.8481622044066057,5.894974969491182,"13403"
"Matt Koch","CLE","AAA",30,63.1,7.389474277654891,4.121052962538305,1.79310345,1.56315802027315,0.1884058,0.10507246,0.08333333,0.25619835,1.4368422206551177,0.2849162,0.66997519,5.826316257381741,5.58885258936157,0.23746366802017072,5.456315875055756,"13420"
"Eddie Butler","KCR","AAA",30,79.1,6.239496198349396,3.7436977190096377,1.66666667,1.5882353959434827,0.15277778,0.09166667,0.06111111,0.29938272,1.6386555672432759,0.3254902,0.67901235,6.012605427500327,5.63144432958444,0.3811610979158875,4.967065467894424,"13453"
"Shawn Morimando","MIA","AAA",28,89.2,8.631971239505043,3.1115245165657717,2.77419355,1.7063198961812296,0.22513089,0.08115183,0.14397906,0.25787966,1.3494425322740442,0.29674797,0.78629032,4.315985619752522,5.013094429164482,-0.6971088094119606,4.1878593611374315,"13606"
"Dietrich Enns","TBR","AAA",30,71.2,11.302327185672803,2.260465437134561,5,1.004651305393138,0.32258065,0.06451613,0.25806452,0.17692308,0.8930233825716783,0.2345679,0.79925651,2.6372096766569877,3.097420304392783,-0.46021062773579535,3.2279193243525595,"13932"
"Mike Hauschild","CHC","AAA",31,54.1,5.466258180420126,4.638037243992835,1.17857143,3.9754604948510006,0.12790698,0.10852713,0.01937985,0.29333333,1.7300615116481206,0.25,0.76452599,6.957055865989251,9.71223046703632,-2.7551746010470692,6.382115039581198,"14033"
"Brian Johnson","LAA","AAA",30,61.1,6.896739702369002,3.3750002798827032,2.04347826,1.1739131408287662,0.17669173,0.08646617,0.09022556,0.25833333,1.3858696801450714,0.29189189,0.61197917,5.722826561540235,5.367108758410804,0.3557178031294308,5.999962213121958,"14272"
"Yunior Marte","SFG","AAA",26,56.2,9.847057939681294,3.652940848591448,2.69565217,0.6352940606245996,0.24603175,0.09126984,0.15476191,0.26431718,1.4647057508844936,0.34782609,0.69269521,3.4941173334352977,3.985267202449918,-0.4911498690146203,4.770501734553723,"14416"
"Daniel Camarena","SDP","AAA",28,83.1,6.6960004086914315,3.3480002043457158,2,1.1880000725097701,0.16939891,0.08469945,0.08469945,0.24924925,1.3680000834960988,0.27692308,0.64612326,4.7520002900390805,5.348326117156988,-0.5963258271179077,5.855608445253443,"14467"
"Dereck Rodriguez","COL","AAA",29,85.2,9.140078906354367,3.151751347018747,2.9,1.78599242997729,0.21914358,0.07556675,0.14357683,0.30939227,1.6575877454691188,0.36821705,0.63311688,6.723736206973327,5.706645307571385,1.0170908994019419,5.1544343018855185,"14509"
"Dakota Bacus","WSN","AAA",30,50.2,8.703946494659977,3.5526312223101946,2.45,0.8881578055775486,0.22580645,0.0921659,0.13364055,0.24102564,1.3223682883043502,0.29787234,0.72580645,3.3749996611946846,4.0138523451839525,-0.6388526839892679,4.129219460694881,"14545"
"Konner Wade","BAL","AAA",29,73,6.164383561643835,2.219178082191781,2.77777778,1.356164383561644,0.17064846,0.06143345,0.10921502,0.20879121,1.0273972602739727,0.21698113,0.79545455,2.958904109589041,4.773495525203339,-1.8145914156142982,5.1437509040309966,"14655"
"Paul Blackburn","OAK","AAA",27,88.2,8.120301683503538,2.740601818182444,2.96296296,0.8120301683503538,0.2,0.0675,0.1325,0.30727763,1.590225746352776,0.3745583,0.63732929,4.973684781145917,4.28195013099316,0.6917346501527577,4.458519528035623,"14739"
"Zack Godley","CLE","AAA",31,98.1,7.779661419349873,4.759322280072864,1.63461538,1.189830570018216,0.1981352,0.12121212,0.07692308,0.24657534,1.4440678713041595,0.28838951,0.75110457,4.393220566221105,5.304909602918359,-0.9116890366972541,5.04519773090517,"14862"
"Silvino Bracho","SFG","AAA",28,50,11.7,3.42,3.42105263,1.8,0.29017857,0.08482143,0.20535714,0.29064039,1.56,0.3828125,0.83333333,4.14,5.192326030731201,-1.0523260307312015,4.985442392230034,"15051"
"Collin Wiles","TEX","AAA",27,86,8.581395348837209,2.0930232558139537,4.1,1.255813953488372,0.23098592,0.05633803,0.17464789,0.26204819,1.244186046511628,0.31512605,0.74034335,4.186046511627907,4.641628356312596,-0.4555818446846889,4.869812798326792,"15106"
"Tyler Danish","LAA","AAA",26,60.1,9.994475980682877,2.237569249406614,4.46666667,1.3425415496439685,0.25769231,0.05769231,0.2,0.27868852,1.3756907237092517,0.35119048,0.70028011,4.325967215519454,4.446138228743091,-0.12017101322363644,4.202266801475437,"15126"
"Drew Anderson","TEX","AAA",27,70.2,10.95283176534858,3.693396758082661,2.96551724,1.0188680711952167,0.29861111,0.10069444,0.19791667,0.21235521,1.1886794163944197,0.28484848,0.7967033,3.0566042135856506,4.2011939939632725,-1.144589780377622,5.078187506036116,"15130"
"Jake Newberry","KCR","AAA",26,60.1,11.187846247033072,3.13259694916926,3.57142857,0.8950276997626457,0.2851711,0.07984791,0.20532319,0.28630705,1.491712832937743,0.39375,0.66585956,5.071823631988326,3.2630890988979004,1.8087345330904254,3.496771683865547,"15136"
"Kevin Herget","CLE","AAA",30,80.1,9.522822179695995,2.5767636486236225,3.69565217,2.0165976380532697,0.24637681,0.06666667,0.17971015,0.25786164,1.3070540246641562,0.29767442,0.71599045,4.481328084562821,5.167515988487109,-0.6861879039242877,3.9963881614460477,"15369"
"Stephen Gonsalves","BOS","AAA",26,73,12.698630136986301,6.410958904109589,1.98076923,1.6027397260273972,0.31212121,0.15757576,0.15454546,0.23897059,1.6027397260273972,0.33333333,0.78244275,4.684931506849315,5.239248949860873,-0.5543174430115583,4.695312151027053,"15492"
"Mark Leiter Jr.","DET","AAA",30,89,11.123595505617978,2.3258426966292136,4.7826087,1.0112359550561798,0.30470914,0.06371191,0.24099723,0.2030303,1.0112359550561798,0.27142857,0.71428571,3.337078651685393,3.3962444862622894,-0.05916583457689617,3.3086949009573865,"15551"
"Yefry Ramirez","LAD","AAA",27,113,9.15929203539823,4.061946902654867,2.25490196,1.1150442477876106,0.22908367,0.10159363,0.12749004,0.2545045,1.4513274336283186,0.31428571,0.64729194,5.017699115044247,5.047370278518812,-0.029671163474565,5.554552899314239,"15655"
"Akeem Bostick","NYM","AAA",26,51.1,6.487013629766056,5.259740780891397,1.23333333,1.577922234267419,0.16157205,0.13100437,0.03056769,0.26395939,1.5974027556781278,0.28476821,0.74229692,5.084416088195017,6.0703290971822845,-0.9859130089872679,6.309795621269053,"15979"
"Chris Ellis","TBR","AAA",28,57,9.157894736842104,4.421052631578948,2.07142857,2.210526315789474,0.2265625,0.109375,0.1171875,0.26872247,1.5614035087719298,0.30322581,0.66761364,6.315789473684211,6.04674714740954,0.26904232627467106,4.811331300777302,"16125"
"Brandon Leibrandt","MIA","AAA",28,57.1,8.319768179939464,2.9825584041292417,2.78947368,1.8837210973447842,0.21632653,0.07755102,0.13877551,0.27477477,1.3953489609961365,0.31210191,0.74404762,5.180233017698156,5.438118200575503,-0.25788518287734696,5.1885344960854,"16135"
"Daniel Gossett","BOS","AAA",28,98,7.438775510204081,4.224489795918367,1.76086957,1.2857142857142858,0.19014085,0.10798122,0.08215963,0.24736842,1.4285714285714286,0.28070175,0.71428571,4.224489795918367,4.974781519052934,-0.7502917231345672,4.6538243151440915,"16164"
"Chandler Shepherd","MIN","AAA",28,104.2,5.847134326243244,2.5796180851073136,2.26666667,1.5477708510643882,0.14814815,0.06535948,0.08278867,0.30841121,1.5477708510643882,0.33333333,0.69666183,5.331210709221781,5.187377562780775,0.14383314644100587,4.897697389847593,"16166"
"Brandon Finnegan","CIN","AAA",28,55.1,9.271085189551405,5.855422224979835,1.58333333,1.3012049388844078,0.22529644,0.14229249,0.08300395,0.26976744,1.6987953368768658,0.33333333,0.73113208,5.530120990258733,5.242054866149006,0.28806612410972665,4.802914938631133,"16208"
"Jesus Tinoco","COL","AAA",26,54,9.666666666666666,4.5,2.14814815,1,0.232,0.108,0.124,0.29411765,1.7037037037037037,0.37579618,0.67757009,6,4.839733438138609,1.1602665618613912,5.468179509926726,"16300"
"Alex McRae","CHW","AAA",28,88.2,8.729324309766303,4.263158383839357,2.04761905,1.2180452525255308,0.21130221,0.1031941,0.10810811,0.28851541,1.6353385334833512,0.35135135,0.72687225,5.3796998653210935,4.87381498996802,0.5058848753530736,4.652504518664772,"16317"
"Ricardo Pinto","DET","AAA",27,95.1,7.7412591542735685,3.7762239776944235,2.05,1.2272727927506877,0.19477435,0.09501188,0.09976247,0.26737968,1.4685315468811646,0.31182796,0.71428571,4.625874372675669,4.894005234269822,-0.26813086159415356,4.700433832511553,"16318"
"Ryan Castellani","COL","AAA",25,95,8.147368421052631,6.726315789473684,1.21126761,1.5157894736842106,0.19724771,0.16284404,0.03440367,0.25423729,1.694736842105263,0.29365079,0.67513369,6.252631578947368,6.900747083362781,-0.6481155044154123,6.458370233523219,"16377"
"Scott Blewett","KCR","AAA",25,69,8.347826086956522,4.043478260869565,2.06451613,2.4782608695652173,0.20062696,0.09717868,0.10344828,0.28070175,1.608695652173913,0.3019802,0.68649886,6.391304347826087,6.565435171818388,-0.17413082399230095,4.987873898727306,"16427"
"Brent Honeywell","TBR","AAA",26,81.2,7.383674389109633,2.6448982886362864,2.79166667,1.4326532396779885,0.2,0.07164179,0.12835821,0.24025974,1.2000001494738706,0.26754386,0.73671498,3.9673474329544294,4.782944961287311,-0.8155975283328813,4.773853257625472,"16466"
"Locke St. John","DET","AAA",28,59.1,11.376405469607704,3.7921351565359016,3,0.6067416250457442,0.29182879,0.09727626,0.19455253,0.23043478,1.3146068542657792,0.32450331,0.84677419,2.578651906444413,3.0760197425999265,-0.4973678361555134,4.139900060719667,"16850"
"Aaron Wilkerson","LAD","AAA",32,112,10.044642857142858,1.9285714285714286,5.20833333,0.9642857142857143,0.27901786,0.05357143,0.22544643,0.23333333,1.0892857142857142,0.30388693,0.6959707,3.857142857142857,3.843040316445487,0.01410254069737027,4.552431129398091,"16904"
"Grant Holmes","OAK","AAA",25,66.1,9.633166567791239,5.427136094530276,1.775,1.492462425995826,0.21130952,0.11904762,0.0922619,0.33788396,2.095477547610301,0.41706161,0.63191153,8.005025739432156,5.892125175978245,2.112900563453911,6.03480867563347,"16944"
"Tanner Banks","CHW","AAA",29,59.2,10.558658317808156,1.9608936875929432,5.38461538,1.5083797596868795,0.27237354,0.05058366,0.22178988,0.28395062,1.3743015588258234,0.36196319,0.72463768,4.525139279060638,3.898849424537974,0.6262898545226641,3.530788562393556,"16990"
"Thomas Pannone","LAA","AAA",27,118.1,6.2366199863754055,3.0422536518904417,2.05,1.825352191134265,0.14963504,0.0729927,0.07664234,0.31620553,1.690140917716912,0.34,0.58788599,7.073239740645277,6.247819088003371,0.8254206526419061,6.693655038492818,"17281"
"David Paulino","PHI","AAA",27,75.1,9.438053734571996,4.061947176904403,2.32352941,0.8362832423038478,0.23867069,0.10271903,0.13595166,0.23263889,1.3407080551220416,0.2970297,0.73852295,4.061947176904403,4.1855455262181716,-0.12359834931376845,4.764386389654701,"17418"
"Heath Fillmyer","CLE","AAA",27,83,8.566265060240964,4.0120481927710845,2.13513514,1.8433734939759037,0.21883657,0.10249307,0.11634349,0.26479751,1.4698795180722892,0.30222222,0.67193676,6.180722891566265,5.567355898202184,0.6133669933640808,4.761192734413837,"17466"
"Brody Koerner","NYY","AAA",27,77,7.48051948051948,2.688311688311688,2.7826087,0.935064935064935,0.19692308,0.07076923,0.12615385,0.25337838,1.2727272727272727,0.29910714,0.79741379,3.3896103896103895,4.1807184392755685,-0.791108049665179,4.509193941679868,"17748"
"Jose Mujica","COL","AAA",25,91.1,8.37591287520543,2.5620439382981313,3.26923077,2.6605840897711364,0.2014218,0.06161137,0.13981043,0.32405063,1.6861314807603087,0.35689046,0.51194539,8.77007348109745,6.80093932916757,1.9691341519298797,5.5146820148484395,"17821"
"Jose Rodriguez","ATL","AAA",25,78.1,7.5829792157748095,2.4127661141101666,3.14285714,1.8382979917029842,0.19526627,0.06213018,0.1331361,0.27707006,1.3787234937772381,0.30603448,0.6772009,5.28510672614608,5.251898445899595,0.03320828024648481,4.654106715801408,"17860"
"Cody Ponce","PIT","AAA",27,57.1,9.261628728611855,2.8255816460171763,3.27777778,1.2558140648965228,0.24380165,0.07438017,0.16942149,0.24886878,1.2732559269089745,0.30519481,0.70987654,4.7093027433619605,4.217187859703884,0.49211488365807643,4.442095295207106,"17920"
"Tyler Gilbert","ARI","AAA",27,52.1,8.598726950357712,3.2675162411359304,2.63157895,0.6878981560286169,0.2283105,0.08675799,0.14155251,0.23232323,1.2420383372738917,0.29166667,0.73289902,3.4394907801430845,4.218950262409792,-0.7794594822667076,5.327348242624431,"17964"
"Brock Burke","TEX","AAA",24,77.2,11.240344819863095,3.5922751486160407,3.12903226,1.5064379655486622,0.28869048,0.0922619,0.19642857,0.25249169,1.3776825838778364,0.32984293,0.625,5.678112331683419,4.9623690840978085,0.7157432475856105,4.60037430862263,"17968"
"Tanner Anderson","OAK","AAA",28,51.2,4.877418874687059,4.529031812209412,1.07692308,0.8709676561941178,0.12280702,0.11403509,0.00877193,0.25641026,1.4709675971278433,0.27777778,0.75,4.006451218492942,5.61828171150502,-1.6118304930120777,5.310364888697272,"18029"
"James Naile","OAK","AAA",28,62.1,7.363636964492958,2.1657755777920467,3.4,1.0106952696362883,0.18681319,0.05494505,0.13186813,0.30196078,1.4759359493101354,0.35532995,0.7629108,4.042781078545153,4.622165659213112,-0.5793845806679592,4.617462394086087,"18186"
"Pedro Payano","DET","AAA",26,95,7.673684210526316,5.11578947368421,1.5,1.1368421052631579,0.19058824,0.12705882,0.06352941,0.25068871,1.5263157894736843,0.29259259,0.69750367,5.11578947368421,5.257273463199013,-0.14148398951480257,5.703239250183106,"18313"
"Jacob Waguespack","TOR","AAA",27,69.1,9.605769935444314,2.7259617384369,3.52380952,0.3894231054909857,0.25342466,0.07191781,0.18150685,0.23595506,1.2115385504164,0.31578947,0.7875895,2.8557694402672285,2.8721519697347313,-0.01638252946750285,3.6124556261127,"18318"
"Connor Overton","TOR","AAA",27,58.2,7.977272035661867,1.6874998536977028,4.72727273,0.46022723282664624,0.22033898,0.04661017,0.17372881,0.23744292,1.0738635432621746,0.29878049,0.84876543,1.9943180089154668,3.1239002781466003,-1.1295822692311335,3.938424974941592,"18376"
"Danny Young","CLE","AAA",27,52.1,9.974523262414946,4.47133801418601,2.23076923,1.5477708510643882,0.24786325,0.11111111,0.13675214,0.25490196,1.49044600472867,0.31386861,0.74927954,4.47133801418601,5.101390293277198,-0.6300522790911884,4.219452649077983,"18439"
"Josh Rogers","WSN","AAA",26,90.1,6.276752988412476,2.3911439955857055,2.625,1.3948339974249948,0.16071429,0.06122449,0.0994898,0.27272727,1.361623664152971,0.2972028,0.72878229,4.483394991723197,4.945562507060212,-0.46216751533701483,5.224777368196817,"18510"
"Nick Neidert","MIA","AAA",24,68.2,6.815534990260299,2.752427592220505,2.47619048,1.0485438446554305,0.17161716,0.06930693,0.10231023,0.25818182,1.3398060237263836,0.29302326,0.66059226,3.669903456294007,4.585837773191752,-0.915934316897745,5.212108700362486,"18699"
"Dillon Peters","PIT","AAA",28,53.1,10.631251013875104,3.206250305771857,3.31578947,2.362500225305579,0.27753304,0.08370044,0.1938326,0.24757282,1.3125001251697659,0.28682171,0.9351145,3.712500354051624,6.035373614125022,-2.322873260073398,4.755339901872557,"18790"
"Beau Burrows","DET","AAA",24,65.1,8.954082068330514,3.8571430448192987,2.32142857,1.9285715224096494,0.22491349,0.09688581,0.12802768,0.234375,1.3469388410480092,0.25988701,0.73569482,5.096939023511216,5.673761223346585,-0.5768221998353686,5.4091986733024005,"18873"
"Robert Dugger","SEA","AAA",25,69.1,8.307692917141027,3.1153848439278855,2.66666667,1.5576924219639428,0.21333333,0.08,0.13333333,0.26909091,1.4134616421524666,0.31155779,0.62043796,6.1009619860254425,5.4179030627894065,0.683058923236036,5.088557066351504,"19191"
"Jesse Scholtens","SDP","AAA",27,101.2,9.118033699214116,3.0098363667308736,3.02941176,1.3278689853224444,0.23678161,0.07816092,0.15862069,0.26262626,1.3573771849962764,0.32014388,0.69672131,5.0459021442252885,4.974949085873269,0.07095305835201948,5.145040058192579,"19205"
"Ian Hamilton","MIN","AAA",26,59,13.11864406779661,5.9491525423728815,2.20512821,0.7627118644067796,0.33463035,0.15175097,0.18287938,0.21296296,1.4406779661016949,0.328,0.7,4.11864406779661,3.6337230617717164,0.4849210060248934,3.672757034382578,"19261"
"Thomas Hatch","TOR","AAA",26,64.2,9.742269573765324,2.6443303128791595,3.68421053,1.3917527962521892,0.25641026,0.06959707,0.18681319,0.23481781,1.1907218367935395,0.28742515,0.72857143,4.036083109131348,4.414083178262071,-0.3780000691307226,4.320978296639421,"19264"
"T.J. Zeuch","STL","AAA",25,96.1,7.193772006118511,2.615917093134004,2.75,1.307958546567002,0.18554217,0.06746988,0.11807229,0.26439791,1.339100416723359,0.29896907,0.68181818,4.391003692046364,4.680875791046205,-0.2898720989998411,4.115354812995261,"19269"
"Jesus Reyes","NYM","AAA",28,118,8.008474576271187,4.576271186440678,1.75,1.3728813559322033,0.19886364,0.11363636,0.08522727,0.2788671,1.5932203389830508,0.32738095,0.71594878,5.338983050847458,5.320163739737818,0.01881931110963997,4.853081545890388,"19277"
"Kyle Dowdy","CLE","AAA",28,60,9.45,6,1.575,1.35,0.23076923,0.14652015,0.08424908,0.23913043,1.5833333333333333,0.29113924,0.66744731,4.8,5.36253662109375,-0.5625366210937504,5.065592869122823,"19285"
"Reggie McClain","NYY","AAA",28,55.1,9.271085189551405,4.228916051374325,2.19230769,0.16265061736055098,0.25446429,0.11607143,0.13839286,0.18974359,1.1385543215238567,0.26277372,0.83591331,1.7891567909660606,3.109524549644004,-1.3203677586779434,3.962870608929231,"19311"
"Matt Krook","NYY","AAA",26,76.2,10.33043615330388,5.752174676271479,1.79591837,0.4695652796956309,0.26586103,0.14803625,0.11782477,0.1827957,1.3043479991545304,0.2513369,0.71868583,3.1695656379455084,3.7799279808231994,-0.610362342877691,4.118142737220248,"19315"
"Daulton Jefferies","OAK","AAA",25,77,7.9480519480519485,1.2857142857142858,6.18181818,1.5194805194805194,0.20481928,0.03313253,0.17168675,0.28391167,1.3116883116883118,0.32627119,0.70276498,4.909090909090909,4.9453130437182145,-0.03622213462730528,4.931080989365454,"19345"
"Dean Kremer","BAL","AAA",25,62.1,9.962567657843413,2.8877007703893955,3.45,1.299465346675228,0.25555556,0.07407407,0.18148148,0.24897959,1.299465346675228,0.31137725,0.58583106,4.909091309661972,4.228846852210569,0.680244457451403,3.7725353398296515,"19350"
"Ryan Hartman","BAL","AAA",27,99.1,8.06375756346862,2.083892404042452,3.86956522,1.6308723162071366,0.21342926,0.05515588,0.15827338,0.25063939,1.218120680623849,0.28169014,0.69838057,4.711408913487284,5.0709942236714305,-0.35958531018414686,4.905089625311968,"19480"
"Raynel Espinal","BOS","AAA",29,117.2,8.796034754769625,3.288952125696469,2.6744186,0.9178471048455261,0.23662551,0.08847737,0.14814815,0.19861432,1.0963173752321562,0.24183007,0.72831424,3.441926643170723,4.084916286944396,-0.6429896437736731,4.715911697822664,"19516"
"Jimmy Lambert","CHW","AAA",26,64.1,11.471503497623068,4.476684291755344,2.5625,1.5388602252908994,0.30483271,0.11895911,0.18587361,0.20851064,1.2590674570561904,0.26760563,0.66568047,4.756477059990052,4.62160407814994,0.13487298184011198,4.243352600357351,"19541"
"Luke Barker","MIL","AAA",29,61.1,11.298913980476875,1.4673914260359577,7.7,1.320652283432362,0.3304721,0.04291845,0.28755365,0.17727273,0.7989131097306882,0.2238806,0.7106599,2.3478262816575324,3.395145319450105,-1.0473190377925725,3.2490425902687754,"19609"
"Kyle Hart","BOS","AAA",28,106.2,7.593750724196503,3.965625378191507,1.91489362,1.6031251528859285,0.19354839,0.10107527,0.09247312,0.24390244,1.3781251314282543,0.26910299,0.75545171,4.21875040233139,5.5375368285179345,-1.318786426186544,5.29745675989969,"19646"
"Kyle Wright","ATL","AAA",25,137,9,2.9562043795620436,3.04444444,0.5912408759124088,0.24204947,0.0795053,0.16254417,0.22718447,1.1824817518248176,0.29268293,0.74646075,3.021897810218978,3.3333395408017794,-0.3114417305828012,3.7462658622839156,"19665"
"Sterling Sharp","WSN","AAA",26,70.2,5.9858499182718985,4.966981847076682,1.20512821,1.146226580094619,0.14641745,0.12149533,0.02492212,0.26071429,1.5849058885258929,0.28571429,0.66074951,4.966981847076682,5.428574654350717,-0.46159280727403473,5.026073436728865,"19671"
"James Marvel","PIT","AAA",27,131.2,6.698734694757365,3.69113952568263,1.81481481,1.4354431488765784,0.16838488,0.09278351,0.07560137,0.28100775,1.511392521833011,0.31234257,0.68281938,5.263291545880787,5.45114437739565,-0.18785283151486265,4.9381160583219454,"19675"
"Connor Seabold","BOS","AAA",25,54,8.666666666666666,3.1666666666666665,2.73684211,1,0.22907489,0.08370044,0.14537445,0.21287129,1.1481481481481481,0.25694444,0.73825503,3.5,4.269944028501158,-0.7699440285011576,5.1214110396526475,"19695"
"Matt Swarmer","CHC","AAA",27,89.2,9.033458273900626,2.8104092407690837,3.21428571,2.007435171977917,0.23746702,0.07387863,0.16358839,0.25,1.282528026541447,0.28151261,0.67777778,5.219331447142585,5.29190486971697,-0.07257342257438548,4.525535522396998,"19705"
"Caleb Boushley","SDP","AAA",27,80,8.2125,2.3625,3.47619048,2.3625,0.20221607,0.05817175,0.14404432,0.29166667,1.4875,0.31818182,0.69444444,5.85,6.457326030731201,-0.6073260307312012,5.60198665894568,"19736"
"Reiver Sanmartin","CIN","AAA",25,82.1,9.728745540278851,2.5141701958023996,3.86956522,0.6558704858614955,0.25947522,0.06705539,0.19241983,0.25157233,1.251012223032112,0.33183857,0.67287785,3.935222915168973,3.0588928776393547,0.8763300375296184,3.25164568062541,"19754"
"Jake Lemoine","TEX","AAA",27,56.2,6.829411151714446,4.605881939528348,1.48275862,0.7941175757807495,0.18454936,0.12446352,0.06008584,0.2029703,1.2352940067700549,0.23376623,0.73846154,2.858823272810698,5.2029141519804005,-2.3440908791697024,5.28193011757253,"19785"
"Daniel Castano","MIA","AAA",26,78.1,6.204255721997572,1.8382979917029842,3.375,1.8382979917029842,0.17088608,0.05063291,0.12025316,0.23310811,1.0851064534357893,0.23451327,0.81081081,3.9063832323688414,5.405089945208177,-1.4987067128393354,4.852518601730881,"19805"
"Alex Wells","BAL","AAA",24,54.2,7.902438289136348,1.1524389171657174,6.85714286,0.9878047861420435,0.21917808,0.03196347,0.18721461,0.23113208,1.0243901485917488,0.2721519,0.69327731,3.2926826204734785,3.4174146647683084,-0.12473204429482987,4.452890338574041,"19845"
"Charlie Barnes","MIN","AAA",25,76,7.342105263157895,2.8421052631578947,2.58333333,0.8289473684210527,0.19135802,0.07407407,0.11728395,0.24829932,1.2763157894736843,0.29333333,0.72961373,3.789473684210526,4.11253662109375,-0.32306293688322407,4.546473707964546,"19865"
"Drew Carlton","DET","AAA",25,52.1,8.426752411350558,1.7197453900715423,4.9,0.8598726950357711,0.23557692,0.04807692,0.1875,0.23232323,1.0700637982667374,0.28472222,0.69387755,2.923567163121622,3.3052117747580323,-0.3816446116364105,4.466046606620617,"19868"
"Adonis Medina","PHI","AAA",24,67.2,7.31527203568663,3.458128598688225,2.11538462,1.3300494610339326,0.18456376,0.08724832,0.09731544,0.26199262,1.433497752447683,0.2961165,0.5952381,5.054187951928944,4.85514768292072,0.1990402690082247,4.635298784805116,"19903"
"Tyson Miller","TEX","AAA",25,61.1,9.538043972618889,3.668478451007265,2.6,1.0271739662820343,0.256917,0.09881423,0.15810277,0.21681416,1.2065218016646118,0.27272727,0.74018127,3.2282610368863933,4.567561796697595,-1.3393007598112021,4.917075065823402,"19976"
"Bryse Wilson","ATL","AAA",23,55.1,6.831325929143141,2.6024098777688156,2.625,1.3012049388844078,0.1787234,0.06808511,0.1106383,0.28110599,1.3915663929736029,0.31736527,0.78171091,4.228916051374325,4.699886141613836,-0.4709700902395113,4.740872319941758,"19990"
"John Schreiber","BOS","AAA",27,66.1,8.819096153611698,3.5276384614446794,2.5,0.4070352070897707,0.23214286,0.09285714,0.13928572,0.24110672,1.3115578895114832,0.31351351,0.77565632,2.713568047265138,3.211782840690131,-0.4982147934249932,3.878765650117407,"20020"
"Phillip Diehl","CIN","AAA",26,54.2,11.689023302680848,1.975609572284087,5.91666667,1.4817071792130652,0.33023256,0.05581395,0.27441861,0.195,0.9329267424674855,0.25,0.79710145,2.4695119653551085,3.7283902455908033,-1.2588782802356948,3.370077654308479,"20030"
"Darren McCaughan","SEA","AAA",25,115.1,7.725433866707416,1.3265896538790511,5.82352941,1.5606937104459426,0.20930233,0.0359408,0.17336152,0.24721604,1.109826638539337,0.27575758,0.69158879,4.526011760293233,5.09417579295207,-0.5681640326588369,4.948263947636424,"20038"
"Jake Fishman","MIA","AAA",26,56.1,8.147929729748764,2.7159765765829214,3,1.1183432962400264,0.22077922,0.07359307,0.14718615,0.21256039,1.0828403344546287,0.24832215,0.72164948,3.674556544788658,4.445376955548379,-0.7708204107597205,4.747845030550051,"20060"
"Mauricio Llovera","PHI","AAA",25,52,8.307692307692308,4.153846153846154,2,0.8653846153846154,0.21428571,0.10714286,0.10714286,0.21025641,1.25,0.25352113,0.77777778,3.4615384615384617,4.439459698016827,-0.9779212364783652,5.199012966568653,"20080"
"Nick Nelson","NYY","AAA",25,52,10.73076923076923,5.019230769230769,2.13793103,1.0384615384615385,0.26271186,0.12288136,0.13983051,0.24390244,1.5192307692307692,0.32116788,0.68870523,3.8076923076923075,4.266382774939904,-0.4586904672475969,4.094731545677552,"20153"
"Kyle Muller","ATL","AAA",23,79.2,10.5062774921596,4.744770480330142,2.21428571,1.016736531499316,0.26956522,0.12173913,0.14782609,0.21854305,1.3556487086657547,0.285,0.74688797,3.389121771664387,4.115674792574725,-0.7265530209103384,4.292207183895583,"20167"
"Ben Braymer","WSN","AAA",27,99.2,7.1337799923267164,5.418060753665861,1.31666667,1.715719238660856,0.17954545,0.13636364,0.04318182,0.2486631,1.5351172135386606,0.26811594,0.70996979,5.779264803910252,6.242135577208754,-0.46287077329850224,6.162899235336608,"20175"
"Zach Logue","TOR","AAA",25,89.1,9.369403518528925,2.014925487855683,4.65,0.9067164695350572,0.25203252,0.05420054,0.19783198,0.23235294,1.1082090183206255,0.29411765,0.72327044,3.324627054961877,3.5640291698793183,-0.23940211491744146,4.09815510594096,"20231"
"Deivi Garcia","NYY","AAA",22,90.2,9.628677550896763,6.750000757329689,1.42647059,2.0845590574106394,0.22196796,0.15560641,0.06636156,0.28176796,1.8750002103693582,0.33196721,0.70460705,6.849265474349243,6.715478173754249,0.1337873005949941,5.9313863190769816,"20276"
"Cory Abbott","CHC","AAA",25,96,12.1875,4.96875,2.45283019,1.875,0.29816514,0.12155963,0.1766055,0.25661376,1.5625,0.3377193,0.67716535,5.90625,5.175036621093751,0.7312133789062489,4.514574309314291,"20277"
"Alec Bettinger","MIL","AAA",25,96.2,9.124138891195246,2.4206899099089427,3.76923077,1.3965518711013132,0.23557692,0.0625,0.17307692,0.26873385,1.3448277277271905,0.32481752,0.6875,4.748276361744465,4.252191887128661,0.4960844746158042,3.975545419672544,"20312"
"Riley O'Brien","CIN","AAA",26,112.2,9.665681346074514,4.393491520942961,2.2,1.2781066242743158,0.24693878,0.1122449,0.13469388,0.21882353,1.3136095860597135,0.26736111,0.7300885,4.55325484897725,4.791530832956006,-0.23827598397875605,4.595987867696581,"20348"
"Luis Madero","MIA","AAA",24,57,9.157894736842104,3.789473684210526,2.41666667,0.631578947368421,0.24166667,0.1,0.14166667,0.21395349,1.2280701754385965,0.2745098,0.65749235,2.8421052631578947,3.555519077234101,-0.7134138140762065,4.414370069796579,"20399"
"Peter Solomon","HOU","AAA",24,97.2,10.320820187598759,3.8703075703495347,2.66666667,1.47440288394268,0.2629108,0.09859155,0.16431925,0.23298429,1.341297068031188,0.28740157,0.70524412,4.699659192567292,5.12003946501836,-0.4203802724510677,5.223272016087967,"20476"
"Braden Bristo","NYY","AAA",26,50,10.98,5.4,2.03333333,1.26,0.27981651,0.13761468,0.14220184,0.21621622,1.4,0.28205128,0.71202532,4.86,4.7225366210937505,0.13746337890624982,4.921626752614975,"20494"
"Phoenix Sanders","TBR","AAA",26,64,11.25,1.546875,7.27272727,1.125,0.32388664,0.04453441,0.27935223,0.20171674,0.90625,0.26896552,0.68273092,3.375,3.14378662109375,0.23121337890624982,3.040852920897305,"20541"
"Bowden Francis","TOR","AAA",25,111.2,8.865671237971918,3.4656714839344773,2.55813953,1.5313432138315133,0.23913043,0.09347826,0.14565217,0.20098039,1.1194029340873635,0.22580645,0.73556797,3.949253551460218,5.00134251659765,-1.052088965137432,5.136812576924751,"20548"
"Kirk McCarty","CLE","AAA",25,124,7.548387096774194,3.193548387096774,2.36363636,1.814516129032258,0.1969697,0.08333333,0.11363636,0.24324324,1.2983870967741935,0.26136364,0.70542636,5.008064516129032,5.443181782384073,-0.4351172662550411,5.22181181984563,"20555"
"Humberto Mejia","ARI","AAA",24,71.2,7.911629029970963,3.390698155701841,2.33333333,1.2558141317414226,0.196875,0.084375,0.1125,0.28819444,1.5348839387950721,0.33953488,0.68316832,5.52558217966226,5.327675065999449,0.19790711366281144,6.1258629557257205,"20739"
"Cristopher Sanchez","PHI","AAA",24,73,10.972602739726028,5.917808219178082,1.85416667,0.4931506849315068,0.27384615,0.14769231,0.12615385,0.21090909,1.452054794520548,0.2967033,0.67382813,4.684931506849315,3.6913037443814214,0.9936277624678937,4.02224433144478,"20778"
"Seth Martinez","HOU","AAA",26,57.2,12.173409330916272,3.121387007927249,3.9,0.7803467519818122,0.33913043,0.08695652,0.25217391,0.16908213,0.9537571413111038,0.24193548,0.7254902,2.8092483071345242,3.55082317420676,-0.7415748670722357,4.130474453070262,"21045"
"Humberto Castellanos","ARI","AAA",23,57.2,9.208091673385384,2.1849709055490742,4.21428571,2.1849709055490742,0.2388664,0.05668016,0.18218624,0.24561404,1.2138727253050412,0.27096774,0.77617329,4.994219212683598,6.03059174161563,-1.0363725289320316,5.2506821749357915,"21183"
"Darien Nunez","LAD","AAA",28,52,13.846153846153847,3.4615384615384617,4,0.6923076923076923,0.39800995,0.09950249,0.29850746,0.16666667,0.9615384615384616,0.27083333,0.79295154,2.423076923076923,3.066941415346586,-0.643864492269663,3.4401626525590054,"21197"
"J.P. France","HOU","AAA",26,80.1,11.987552626205547,4.257261680334681,2.81578947,1.3443984253688464,0.30924855,0.10982659,0.19942197,0.21895425,1.3070540246641562,0.29411765,0.75388027,3.585062467650257,4.704110311961465,-1.1190478443112077,5.0925351163568155,"21212"
"Joe Ryan","MIN","AAA",25,66,12.545454545454545,1.6363636363636365,7.66666667,1.2272727272727273,0.36947791,0.04819277,0.32128514,0.17094017,0.7878787878787878,0.23308271,0.66037736,3.409090909090909,3.0292032877604167,0.3798876213304925,3.0544430380517786,"21390"
"Sean Hjelle","SFG","AAA",24,53.1,5.906250563263947,4.893750466704413,1.20689655,1.0125000965595337,0.14112903,0.11693548,0.02419355,0.30733945,1.8000001716613934,0.34463277,0.58690745,5.737500547170691,5.769826205968874,-0.03232565879818328,6.189010481801339,"21481"
"Daniel Lynch IV","KCR","AAA",24,57,9.789473684210526,2.8421052631578947,3.44444444,1.5789473684210527,0.24124514,0.07003891,0.17120623,0.31355932,1.6140350877192982,0.3902439,0.69135802,5.842105263157895,4.573062936883224,1.269042326274671,3.845985475757666,"21537"
"Jackson Kowar","KCR","AAA",24,80.2,12.830580130405915,3.7933889081200096,3.38235294,0.7809918340247078,0.34023669,0.10059172,0.23964497,0.22,1.2396695778169966,0.33146067,0.77494692,3.4586781221094207,3.052619226639501,0.4060588954699198,3.263846939474808,"21549"
"Braxton Garrett","MIA","AAA",23,85.2,9.035020528120407,3.3618681034866635,2.6875,1.0505837823395823,0.24089636,0.08963585,0.1512605,0.22741433,1.2256810793961794,0.28,0.71578947,3.8871599946564546,4.1329647281427775,-0.24580473348632292,4.496851746249604,"21844"
"Angel Rondon","STL","AAA",23,76.2,7.9826097548257255,2.58260903832597,3.09090909,1.760869798858616,0.20058997,0.06489676,0.13569322,0.27070064,1.3956523590953474,0.3030303,0.71910112,4.5782614770324015,5.110362939960821,-0.5321014629284191,4.599835773524296,"22036"
"Max Kranick","PIT","AAA",23,54.1,7.453988427845626,2.6503069965673336,2.8125,0.9938651237127502,0.19480519,0.06926407,0.12554113,0.24882629,1.2699387691885142,0.29012346,0.65495208,4.141104682136459,4.135542828425889,0.005561853710569942,4.949188675903443,"22175"
"Hunter Greene","CIN","AAA",21,65.1,10.882653908449594,3.4438778191296184,3.16,1.515306240417032,0.28623188,0.09057971,0.19565217,0.2388664,1.2857143858083908,0.30573248,0.73002755,4.132653382955542,4.464577523215228,-0.33192414025968553,4.037897287915048,"22182"
"Tobias Myers","TBR","AAA",22,58,10.086206896551724,2.793103448275862,3.61111111,1.706896551724138,0.26859504,0.07438017,0.19421488,0.23318386,1.206896551724138,0.27891156,0.71942446,4.5,4.569433172817888,-0.06943317281788808,4.1498784059080585,"22191"
"Matthew Liberatore","STL","AAA",21,124.2,8.87967986894739,2.3823531355712513,3.72727273,1.3716578659349628,0.23653846,0.06346154,0.17307692,0.25465839,1.2513370005020714,0.30498534,0.70464768,4.042781078545153,4.260932416326007,-0.21815133778085372,4.140757956965295,"22294"
"Angel De Jesus","DET","AAA",24,51.1,10.870130947175554,5.610390166284157,1.9375,1.2272728488746592,0.27678571,0.14285714,0.13392857,0.17486339,1.2467533702853681,0.21929825,0.7278481,4.207792624713117,5.115783548057549,-0.9079909233444319,4.964676837622305,"22323"
"Nivaldo Rodriguez","DET","AAA",24,62,6.387096577702905,4.0645160039927575,1.57142857,1.5967741444257262,0.15492958,0.09859155,0.05633803,0.28515625,1.6290322079494781,0.30845771,0.66588785,5.370967576704715,5.8556694807201755,-0.4847019040154601,5.742549676024286,"22449"
"Johan Oviedo","STL","AAA",23,54.1,9.773007049842043,4.803681431278292,2.03448276,1.1595093109982086,0.24081633,0.11836735,0.12244898,0.26066351,1.546012414664278,0.33103448,0.64393939,6.128834929561959,4.74290484847257,1.3859300810893895,4.143776189548593,"22487"
"Packy Naughton","LAA","AAA",25,56.2,8.417646303275944,2.064705697029949,4.07692308,1.1117646060930493,0.21721311,0.05327869,0.16393443,0.2987013,1.4470586936449215,0.3625731,0.72022161,4.764705454684497,4.355855404480934,0.40885005020356324,4.350681813727729,"23292"
"Beau Sulser","PIT","AAA",27,122.2,7.483696272783385,3.8885872789952884,1.9245283,1.5407609973377556,0.18085106,0.09397163,0.08687943,0.29585799,1.654891441584997,0.3359375,0.67567568,5.649456990238438,5.319058522475027,0.33039846776341086,5.317055377674103,"23420"
"JP Sears","NYY","AAA",25,53.1,10.968751046061616,1.856250177025812,5.90909091,0.8437500804662781,0.31862745,0.05392157,0.26470588,0.21243523,0.9750000929832547,0.29268293,0.73333333,2.8687502735853454,2.762536563873286,0.10621370971205923,3.071387679675919,"23429"
"Tommy Romero","TBR","AAA",23,62.1,10.106952696362884,3.032085808908865,3.33333333,1.0106952696362883,0.28688525,0.08606557,0.20081967,0.17647059,0.9625669234631318,0.22222222,0.76628352,3.1764708474283347,3.6833922622481277,-0.5069214148197929,4.155642919181889,"23465"
"Aaron Ashby","MIL","AAA",23,63.1,14.210527457028636,4.547368786249164,3.125,0.5684210982811455,0.36231884,0.11594203,0.24637681,0.22727273,1.3736843208461016,0.36956522,0.64748201,4.405263511678878,2.636220773290064,1.7690427383888134,2.2626119081658045,"23550"
"Josh Walker","NYM","AAA",26,50.1,5.900662847926951,3.2185433715965193,1.83333333,0.8940398254434776,0.16019417,0.08737864,0.07281553,0.2287234,1.2119206522678252,0.25333333,0.55555556,5.18543098757217,4.415516859949402,0.7699141276227683,5.165032927815904,"23617"
"Nick Allgeyer","TOR","AAA",25,89.1,8.059701951422731,5.238806268424775,1.53846154,1.5111941158917621,0.19559902,0.12713936,0.06845966,0.26836158,1.6455224817488077,0.30888031,0.71317829,5.339552542817559,5.601342718711176,-0.26179017589361653,5.401116991994224,"24486"
"Jonathan Stiever","CHW","AAA",24,74,10.702702702702704,3.4054054054054053,3.14285714,1.5810810810810811,0.26268657,0.08358209,0.17910448,0.26315789,1.4594594594594594,0.33004926,0.64655172,5.837837837837838,4.5246987832559125,1.3131390545819253,4.442862511325528,"24584"
"Kyle Bradish","BAL","AAA",24,86.2,10.903847433688522,4.050000475370023,2.69230769,1.038461660351288,0.27777778,0.1031746,0.17460317,0.25073746,1.4307693987062189,0.33482143,0.71818182,4.2576928074402804,3.789459748127057,0.46823305931322334,4.067403520045796,"24586"
"Connor Thomas","STL","AAA",23,101.2,8.144263109977658,2.6557379706448887,3.06666667,0.9737705892364591,0.21100917,0.06880734,0.14220184,0.26799007,1.3573771849962764,0.32333333,0.71656051,3.09836096575237,3.9330284814545045,-0.8346675157021344,3.606571055815969,"25873"
"Hunter Brown","HOU","AAA",22,51,9.705882352941176,3.7058823529411766,2.61904762,1.0588235294117647,0.25462963,0.09722222,0.15740741,0.24226804,1.3333333333333333,0.30827068,0.74257426,3.8823529411764706,4.598992697397868,-0.7166397562213978,4.583253520610286,"25880"
"Yennier Cano","MIN","AAA",27,51.1,10.168832176390033,5.084416088195017,2,0.7012987707855196,0.25663717,0.12831858,0.12831858,0.23076923,1.441558584392457,0.30827068,0.75284091,3.8571432393203575,3.9274717420043075,-0.07032850268394997,4.087571970986488,"25911"
"Zack Thompson","STL","AAA",23,93,7.935483870967742,5.516129032258065,1.43859649,1.7419354838709677,0.18468468,0.12837838,0.05630631,0.2992126,1.8387096774193548,0.34163701,0.66534914,7.064516129032258,6.14748285765289,0.9170332713793679,5.650063068379638,"25918"
"Matt Shoemaker","SFG","AAA",34,70.1,9.085308713890091,2.1753556075511487,4.17647059,1.0236967564946582,0.24825175,0.05944056,0.18881119,0.24334601,1.1516588510564905,0.30434783,0.71240106,3.9668249314168005,4.2110589201856055,-0.24423398876880498,4.479847594210186,"4776"
"Scott Kazmir","SFG","AAA",37,52.2,8.202530853413366,3.0759490700300125,2.66666667,1.0253163566766708,0.22119816,0.08294931,0.13824885,0.2284264,1.1962024161227827,0.27272727,0.65371025,4.613923605045018,4.72979430814639,-0.11587070310137193,5.190928917952603,"4897"
"Vance Worley","NYM","AAA",33,86,4.0813953488372094,3.3488372093023258,1.21875,1.7790697674418605,0.09823678,0.08060453,0.01763224,0.30167598,1.627906976744186,0.3013245,0.74675325,5.232558139534884,6.385792435047238,-1.1532342955123536,6.246182434226191,"6435"
"Blaine Hardy","MIL","AAA",34,68.1,8.165854266346575,3.819512479420172,2.13793103,1.3170732687655766,0.22142857,0.10357143,0.11785714,0.22709163,1.258536679042662,0.26256983,0.84722222,2.6341465375311532,4.723512332151513,-2.0893657946203597,4.402132308522811,"6499"
"Preston Guilmet","MIA","AAA",33,52.1,11.522294113479333,2.235669007093005,5.15384615,1.3757963120572339,0.32524272,0.0631068,0.26213592,0.19270833,0.9554141055953013,0.24786325,0.67839196,3.783439858157393,3.5918360064366226,0.19160385172077055,3.939761267790183,"7303"
"Andrew Albers","MIN","AAA",35,102,7.764705882352941,0.9705882352941176,8,1.3235294117647058,0.20045558,0.02505695,0.17539863,0.28301887,1.2843137254901962,0.3271028,0.71052632,3.8823529411764706,3.989987601485907,-0.10763466030943647,4.057723024545932,"7853"
"Josh Lindblom","MIL","AAA",34,104.2,10.060510531918522,2.235669007093005,4.5,0.8598726950357711,0.26351351,0.05855856,0.20495496,0.24519231,1.2229300551619857,0.3183391,0.79310345,3.0955417021287763,3.17145379997469,-0.0759120978459138,3.8923259388967932,"7882"
"Marcus Walden","CHC","AAA",32,57.1,9.104649850263728,3.610464595794237,2.52173913,1.4127904940064406,0.21969697,0.08712121,0.13257576,0.29288703,1.622092789414802,0.35465116,0.67961165,4.866278368244406,4.688117825346707,0.17816054289769934,3.944877196933752,"8004"
"Steven Wright","PIT","AAA",36,63.1,9.947369219920045,6.2526320810926,1.59090909,0.7105263728514318,0.23026316,0.14473684,0.08552632,0.2890625,1.8631580443659768,0.38121547,0.6173913,6.678947904803459,4.452010392799279,2.22693751200418,5.3552960480973635,"8185"
"AJ Ramos","LAA","AAA",34,53,12.90566037735849,4.415094339622642,2.92307692,1.528301886792453,0.31020408,0.10612245,0.20408163,0.25462963,1.528301886792453,0.35114504,0.68627451,5.264150943396227,4.9134581062029,0.35069283719332667,5.109223167963748,"8350"
"Homer Bailey","OAK","AAA",35,52.1,9.630574184400636,3.611465319150239,2.66666667,1.2038217730500795,0.22764228,0.08536585,0.14227642,0.30316742,1.6815288258477303,0.37974684,0.62043796,6.878981560286169,4.964173264774127,1.9148082955120422,5.327348242624431,"8362"
"Adam Warren","NYY","AAA",33,57.2,9.364161023781747,4.526011161494511,2.06896552,0.7803467519818122,0.23622047,0.11417323,0.12204724,0.24886878,1.4566472703660496,0.32051282,0.7654321,3.5895950591163364,4.125542334142633,-0.5359472750262966,4.871883887158343,"9029"
"Austin Bibens-Dirkx","LAD","AAA",36,108.2,7.205522146917438,2.1533744347109587,3.34615385,1.1595093109982086,0.17975207,0.05371901,0.12603306,0.29230769,1.463190321021549,0.33615819,0.63904494,5.1349698058492095,4.806559241404454,0.3284105644447557,5.760209796998488,"9559"
"Brian Moran","TBR","AAA",32,50,11.7,2.52,4.64285714,0.18,0.33163265,0.07142857,0.26020408,0.16763006,0.86,0.26168224,0.7312253,2.16,2.40253662109375,-0.24253662109375007,3.7011325120925904,"9646"
"Vidal Nuno","LAD","AAA",33,53.1,7.256250692009992,1.856250177025812,3.90909091,1.6875001609325562,0.18220339,0.04661017,0.13559322,0.29279279,1.425000135898603,0.32544379,0.56923077,6.58125062763697,5.5448261845112,1.03642444312577,6.002225052525905,"9674"
"Luis Romero","OAK","AAA",27,74.2,6.508929458199836,4.098214844051749,1.58823529,1.8080359606110656,0.15697674,0.09883721,0.05813954,0.28382838,1.6071430760987249,0.3034188,0.66981132,6.267857996785027,6.74482641390397,-0.4769684171189432,5.890836298081826,"sa3003109"
"John Parke","CHW","AAA",26,54.2,6.256096978899609,2.6341460963787826,2.375,1.1524389171657174,0.16964286,0.07142857,0.09821429,0.22439024,1.1341462359408647,0.24375,0.72463768,3.621950882520826,4.679609669283142,-1.0576587867623157,4.278526829985041,"sa3003988"
"Connor Johnstone","ATL","AAA",26,74.1,5.811659590488286,1.2107624146850595,4.8,1.8161436220275895,0.16271186,0.03389831,0.12881356,0.25352113,1.1031390889352766,0.25791855,0.64516129,4.843049658740238,5.138321495965171,-0.29527183722493255,4.063750482490445,"sa3004190"
"Austin Warner","STL","AAA",27,72.2,9.288992126043775,2.7247710236395073,3.40909091,0.9908258267780027,0.25167785,0.0738255,0.17785235,0.21111111,1.0871561154925307,0.26203209,0.70460705,3.344037165375759,3.885472474115474,-0.541435308739715,4.25790938927243,"sa3004494"
"Drew Strotman","TBR","AAA",24,112.1,8.332344590924299,5.047477973348373,1.65079365,0.9614243758758806,0.20634921,0.125,0.08134921,0.26255708,1.5845698046843217,0.31987578,0.68209501,5.287834067317343,4.66223994403707,0.6255941232802726,4.834424264035388,"sa3004584"
"David Parkinson","PHI","AAA",25,78.1,7.812766464737683,3.217021485480222,2.42857143,1.8382979917029842,0.18133333,0.07466667,0.10666667,0.31778426,1.748936283772978,0.35907336,0.57335582,7.92766008921912,5.507217611413898,2.4204424778052216,5.587731680629085,"sa3004857"
"Marcelo Martinez","KCR","AAA",24,84.1,8.964427418127697,2.8814230986839022,3.11111111,2.0276681064812645,0.22826087,0.07336957,0.1548913,0.26627219,1.3873518623292862,0.30212766,0.72805139,5.122529953215826,5.366489311124941,-0.24395935790911505,4.85281510836317,"sa3005060"
"Josh Green","ARI","AAA",25,99.1,5.617449952065382,2.7181209445477656,2.06666667,1.9026846611834358,0.13191489,0.06382979,0.06808511,0.34731935,1.8020135150890741,0.3699422,0.67247821,7.338926550278967,6.670581204497839,0.6683453457811277,5.865144132648025,"sa3006701"
"Matt Frisbee","SFG","AAA",24,53,7.811320754716981,3.056603773584906,2.55555556,2.7169811320754715,0.18039216,0.07058824,0.10980392,0.32765957,1.7924528301886793,0.35260116,0.63002681,7.6415094339622645,7.253080747712334,0.3884286862499309,6.132416715993072,"sa3006801"
"Tommy Parsons","STL","AAA",25,73.2,8.552037380033795,2.932127101725873,2.91666667,2.321267288866316,0.22082019,0.07570978,0.14511041,0.28668942,1.4660635508629365,0.31862745,0.73710074,5.864254203451746,5.7924012100239874,0.07185299342775853,4.939881131336266,"sa3007624"
"Kevin Smith","BAL","AAA",24,56.1,10.863906306331685,7.828403073680184,1.3877551,2.2366865924800527,0.24908425,0.17948718,0.06959707,0.25570776,1.8639054937333772,0.30656934,0.76327434,6.23076979333729,7.054844646775107,-0.8240748534378177,5.930569223121901,"sa3007710"
"Brett Conine","HOU","AAA",24,98.2,7.570946726509994,3.9222977016859004,1.93023256,1.8243245124120466,0.18322296,0.09492274,0.08830022,0.26515152,1.500000154649905,0.29010239,0.64925373,5.655405988477344,6.618137118448937,-0.9627311299715924,6.291096958234245,"sa3008024"
"Matt Tomshaw","CHW","AAA",32,52.2,7.860758734521143,1.7088605944611182,4.6,3.9303793672605716,0.20909091,0.04545455,0.16363636,0.24761905,1.1772150761843259,0.20567376,0.46979866,7.860758734521143,7.862536186508029,-0.0017774519868858363,4.371211716034434,"sa598974"
"Bryan Bonnell","WSN","AAA",27,65,8.169230769230769,2.6307692307692307,3.10526316,0.6923076923076923,0.21146953,0.06810036,0.14336918,0.25291829,1.2923076923076924,0.31088083,0.65,4.292307692307692,3.5625366210937504,0.7297710712139418,4.142931056022644,"sa658824"
"Jake Kalish","KCR","AAA",29,96,9.9375,3.28125,3.02857143,2.90625,0.24941176,0.08235294,0.16705882,0.28423773,1.5104166666666667,0.316,0.69789675,6.9375,6.539619954427084,0.3978800455729159,4.481820751726628,"sa709032"
"Ian Clarkin","COL","AAA",26,51.1,3.3311691612312178,5.961039551676916,0.55882353,1.9285716196601788,0.07539683,0.13492063,-0.05952381,0.30841121,1.9480521410708878,0.29891304,0.57562077,8.766234634818995,8.198560219676445,0.5676744151425499,7.59341901445536,"sa737534"
"Ian McKinney","SEA","AAA",26,53.2,8.049688678083841,4.695651728882241,1.71428571,1.6770184746008003,0.19834711,0.11570248,0.08264463,0.25837321,1.5279501657473957,0.29139073,0.69863014,6.037266508562881,6.41058666541905,-0.3733201568561686,6.613414151546911,"sa738318"
"Logan Shore","DET","AAA",26,73,7.890410958904109,3.6986301369863015,2.13333333,0.7397260273972602,0.21192053,0.09933775,0.11258278,0.24074074,1.3013698630136987,0.295,0.73363431,3.9452054794520546,3.99267360739512,-0.04746812794306532,5.083505399096502,"sa738442"
"Nick Green","NYY","AAA",26,54.2,8.725608944254718,5.7621945858285875,1.51428571,0.49390239307102174,0.21721311,0.14344262,0.07377049,0.22815534,1.4999998604379179,0.29333333,0.69306931,3.951219144568174,4.222292638661825,-0.2710734940936512,4.642834233090577,"sa738690"
"Connor Jones","STL","AAA",26,56.1,7.988166401714474,4.952663169062974,1.61290323,0.47928998410286844,0.18867925,0.11698113,0.07169811,0.32034632,1.8639054937333772,0.3988764,0.65510597,5.911243137268711,4.090347337694403,1.8208957995743082,4.781408841804389,"sa738697"
"Parker Bugg","MIA","AAA",26,66.2,11.475001750946312,6.075000926971577,1.88888889,1.3500002059936838,0.28716216,0.15202703,0.13513514,0.19758065,1.4100002151489586,0.25490196,0.6746988,4.455000679779157,4.922536859130895,-0.46753617935173875,5.4432656521598295,"sa738946"
"Frank Duncan","COL","AAA",29,80.1,8.850622967011573,2.5767636486236225,3.43478261,1.0082988190266349,0.23442136,0.06824926,0.16617211,0.25080386,1.257261490391236,0.30941704,0.73304158,3.921162073992469,4.392906972755713,-0.47174489876324444,4.786327823211162,"sa738963"
"Kyle Kubat","CHW","AAA",28,52.1,8.598726950357712,2.7515926241144677,3.125,1.5477708510643882,0.22026432,0.07048458,0.14977974,0.27962085,1.433121158392952,0.32894737,0.67307692,5.331210709221781,4.604574958367642,0.7266357508541397,4.501032847832356,"sa827380"
"Tyler Eppler","WSN","AAA",28,72,6,3.75,1.6,2.375,0.14328358,0.08955224,0.05373134,0.31333333,1.7222222222222223,0.32188841,0.63476563,7.75,6.9180921766493055,0.8319078233506945,5.627654085059961,"sa829043"
"Brandon Barker","KCR","AAA",28,52,7.961538461538462,3.1153846153846154,2.55555556,2.25,0.18623482,0.07287449,0.11336032,0.33928571,1.8076923076923077,0.38181818,0.64356436,7.788461538461538,6.170228928786058,1.6182326096754807,4.7935412977750484,"sa829237"
"Bo Takahashi","CIN","AAA",24,89,9,3.235955056179775,2.78125,1.4157303370786516,0.23421053,0.08421053,0.15,0.23837209,1.2808988764044944,0.28215768,0.72154472,4.449438202247191,4.620963587385885,-0.1715253851386942,4.625756447100907,"sa830370"
"Ben Bracewell","OAK","AAA",30,59.2,8.446926654246525,3.016759519373759,2.8,1.5083797596868795,0.20740741,0.07407407,0.13333333,0.3,1.5921786352250393,0.35326087,0.74074074,4.072625351154574,5.239588489126497,-1.1669631379719227,5.713127036472587,"sa837103"
"Jerry Keel","SDP","AAA",27,54.2,6.914633502994304,4.1158532755918475,1.68,2.6341460963787826,0.16030534,0.09541985,0.0648855,0.33476395,1.8841461661598238,0.35428571,0.6855792,7.243901765041652,7.7920817691751125,-0.5481800041334601,6.352548015725748,"sa856543"
"Matt Eckelman","PIT","AAA",27,66,7.363636363636363,1.9090909090909092,3.85714286,1.6363636363636365,0.18947368,0.04912281,0.14035088,0.29889299,1.4393939393939394,0.33658537,0.66496164,4.909090909090909,4.7261729847301135,0.18291792436079568,4.160503644112385,"sa857600"
"Wladimir Pinto","DET","AAA",23,50.2,10.657893666930583,6.21710463904284,1.71428571,1.5986840500395876,0.26431718,0.15418502,0.11013216,0.20212766,1.4407893290480234,0.24369748,0.69875776,4.618420589003253,5.61253639522354,-0.9941158062202868,5.086109798270334,"sa871482"
"Brandon Gold","COL","AAA",26,86.1,7.922780389544536,2.3976835389411093,3.30434783,1.2509653246649266,0.2010582,0.06084656,0.14021164,0.29261364,1.4594595454424144,0.34469697,0.61497326,6.15057951293589,4.882133036495312,1.2684464764405776,5.310626362429826,"sa872724"
"Thomas Jankins","MIL","AAA",25,84,6.642857142857143,3.3214285714285716,2,1.3928571428571428,0.1671159,0.08355795,0.08355795,0.28059701,1.4880952380952381,0.31153846,0.61717352,6.107142857142857,5.183965192522321,0.9231776646205354,4.626918608092127,"sa873276"
"Kit Scheetz","HOU","AAA",27,55,7.2,5.072727272727272,1.41935484,0.9818181818181818,0.18410042,0.12970711,0.05439331,0.24271845,1.4727272727272727,0.28205128,0.77747989,3.9272727272727272,5.5505078489130195,-1.6232351216402923,6.062258580327034,"sa873684"
"Nolan Blackwood","DET","AAA",26,60.1,7.607735447982488,3.4309395157568088,2.2173913,0.7458564164688715,0.19029851,0.0858209,0.10447761,0.25514403,1.4088398977745349,0.30481283,0.5875,4.922652348694552,3.9923709283341307,0.930281420360421,4.03054227493397,"sa874212"
"Logan Cozart","COL","AAA",28,51.1,9.467533405604515,4.383117317409497,2.16,0.8766234634818995,0.23893805,0.11061947,0.12831858,0.235,1.4025975415710392,0.29787234,0.71212121,3.681818546623978,4.614144280106012,-0.9323257334820338,5.603675929627471,"sa875283"
"Jasseel De La Cruz","ATL","AAA",24,56.1,8.786983041885922,5.272189825131553,1.66666667,1.2781066242743158,0.20912548,0.12547529,0.08365019,0.27631579,1.7041421656990878,0.33333333,0.61059908,7.0295864335087375,5.119933229470934,1.9096532040378031,5.097311421577165,"sa879559"
"Evan Miller","SDP","AAA",26,77.2,9.849786697818177,3.1287557746010677,3.14814815,0.6952790610224595,0.24285714,0.07714286,0.16571429,0.2943038,1.54506458004991,0.38666667,0.64924115,5.330472801172189,4.061081412402028,1.2693913887701616,4.498026807098123,"sa915725"
"Jace Vines","KCR","AAA",26,68,8.867647058823529,4.632352941176471,1.91428571,0.2647058823529412,0.22789116,0.11904762,0.10884354,0.23015873,1.3676470588235294,0.30601093,0.69958848,4.102941176470588,3.6272425034466913,0.47569867302389657,4.573238333007868,"sa917985"
"Braeden Ogle","PIT","AAA",23,50.2,10.657894068147378,6.572368008690884,1.62162162,1.2434209746171943,0.25316456,0.15611814,0.09704641,0.25,1.6973683145568048,0.3255814,0.67331671,5.684210169678602,5.217799662586072,0.4664105070925304,5.204530908355946,"sa917989"
"Brian Howard","OAK","AAA",26,110.2,7.807229633306447,3.2530123472110195,2.4,1.7891567909660606,0.19551935,0.0814664,0.11405295,0.28187919,1.5000001378806367,0.31610942,0.66091954,5.855422224979835,5.974494893147008,-0.11907266816717321,5.779321013411024,"sa918377"
"Grant Gavin","KCR","AAA",25,74.1,11.139014215102549,4.237668451397709,2.62857143,1.3318386561535656,0.29113924,0.11075949,0.18037975,0.21376812,1.2645740775599512,0.27745665,0.70574163,4.358744692866215,4.425316962872858,-0.06657227000664356,4.503008389569391,"sa918674"
"Brian Keller","NYY","AAA",27,55.1,10.572290128435814,7.481928398585345,1.41304348,0.4879518520816529,0.256917,0.18181818,0.07509882,0.21078431,1.6084338827876707,0.29411765,0.80865604,2.7650604951293665,4.374584906892734,-1.6095244117633674,5.526253174267418,"sa918951"
"Jeff Singer","PHI","AAA",27,53,11.377358490566039,4.415094339622642,2.57692308,0.33962264150943394,0.28151261,0.1092437,0.17226891,0.24519231,1.4528301886792452,0.35251799,0.65217391,4.754716981132075,3.0229139795843167,1.7318030015477586,4.236644477889223,"sa919323"