playerid,Name,Team,Age,war_2024,PA,war_2025,war_2026,war_2027,war_2025_tier,war_2025_percentile,projection_date,base_year,model_version,player_type,survival_prob_year_1,survival_prob_year_2,survival_prob_year_3
444482.0,David Peralta,SDP,36.0,0.46,260,0.71,0.69,0.68,Average,24.2,2026-01-29,2024,v1.0,hitter,0.76363772687371,0.4416370564243702,0.19046704695149966
453568.0,Charlie Blackmon,COL,38.0,0.03,499,0.49,0.48,0.47,Average,2.8,2026-01-29,2024,v1.0,hitter,0.6599398884203099,0.28377228197855814,0.07763333324237336
455117.0,Martín Maldonado,CHW,37.0,-1.51,147,0.33,0.32,0.32,Average,0.2,2026-01-29,2024,v1.0,hitter,0.25390353476061384,0.015693620405219447,0.0002182882855366542
456781.0,Donovan Solano,SDP,36.0,0.78,309,0.73,0.71,0.7,Average,26.6,2026-01-29,2024,v1.0,hitter,0.8123994574847553,0.532767626787337,0.2786963839977681
457705.0,Andrew McCutchen,PIT,37.0,0.52,515,0.7,0.68,0.67,Average,22.4,2026-01-29,2024,v1.0,hitter,0.7653443874807944,0.44463521736495687,0.19309983963917488
457759.0,Justin Turner,- - -,39.0,1.15,539,0.61,0.6,0.59,Average,12.2,2026-01-29,2024,v1.0,hitter,0.8426418494562637,0.5951761381994165,0.34893479034941605
467793.0,Carlos Santana,MIN,38.0,2.95,594,1.05,1.03,1.01,Average,55.7,2026-01-29,2024,v1.0,hitter,0.9630592762615112,0.8921893348992617,0.7933681967357721
500743.0,Miguel Rojas,LAD,35.0,2.77,337,1.28,1.26,1.24,Average,67.2,2026-01-29,2024,v1.0,hitter,0.9617206320961719,0.8884361446504783,0.7866109421063736
502054.0,Tommy Pham,- - -,36.0,-0.07,478,0.59,0.58,0.57,Average,9.7,2026-01-29,2024,v1.0,hitter,0.6588681352517325,0.28237787822373117,0.07686125664567964
502110.0,J.D. Martinez,NYM,36.0,0.59,495,0.71,0.7,0.69,Average,24.2,2026-01-29,2024,v1.0,hitter,0.7835865097175537,0.4775382652779265,0.22319849154300242
502671.0,Paul Goldschmidt,STL,36.0,1.15,654,0.8,0.78,0.77,Average,33.7,2026-01-29,2024,v1.0,hitter,0.8576360669539145,0.6278570752575241,0.3889101344251365
514888.0,Jose Altuve,HOU,34.0,3.86,682,1.88,1.84,1.81,Average,86.8,2026-01-29,2024,v1.0,hitter,0.9848442123708928,0.9547703481956836,0.9103615183498559
516782.0,Starling Marte,NYM,35.0,0.59,370,0.8,0.78,0.77,Average,33.7,2026-01-29,2024,v1.0,hitter,0.7914003184562954,0.4921169560125492,0.23724166721223736
518595.0,Travis d'Arnaud,ATL,35.0,1.84,341,0.92,0.9,0.88,Average,45.2,2026-01-29,2024,v1.0,hitter,0.919918893245561,0.7764890484222002,0.5985204624206226
518692.0,Freddie Freeman,LAD,34.0,3.95,638,2.22,2.18,2.14,Average,93.4,2026-01-29,2024,v1.0,hitter,0.9858294144711685,0.9576679737436553,0.915976234763901
518735.0,Yasmani Grandal,PIT,35.0,1.36,243,0.84,0.82,0.81,Average,37.7,2026-01-29,2024,v1.0,hitter,0.8831550840750648,0.6862046751609253,0.4657535545297155
518792.0,Jason Heyward,- - -,34.0,0.84,258,0.81,0.79,0.78,Average,35.2,2026-01-29,2024,v1.0,hitter,0.8322953373438858,0.5733027727896407,0.32340663428264943
518934.0,DJ LeMahieu,NYY,35.0,-0.46,228,0.38,0.37,0.36,Average,0.6,2026-01-29,2024,v1.0,hitter,0.5756334045641969,0.18753047674640766,0.03349853406487413
519203.0,Anthony Rizzo,NYY,34.0,-0.19,375,0.56,0.55,0.54,Average,7.0,2026-01-29,2024,v1.0,hitter,0.6518234650251938,0.2733265097486895,0.07194466788281474
519317.0,Giancarlo Stanton,NYY,34.0,0.83,459,0.9,0.88,0.87,Average,43.1,2026-01-29,2024,v1.0,hitter,0.8313104184677942,0.5712491077468793,0.32106031954584013
521692.0,Salvador Perez,KCR,34.0,3.23,652,1.37,1.34,1.32,Average,71.2,2026-01-29,2024,v1.0,hitter,0.974532547641497,0.9247939330850165,0.8533034863189606
527038.0,Wilmer Flores,SFG,32.0,-0.66,242,0.51,0.5,0.5,Average,4.4,2026-01-29,2024,v1.0,hitter,0.5623570952573604,0.17472667471116188,0.02902072651357668
542194.0,Christian Bethancourt,- - -,32.0,0.21,147,0.75,0.73,0.72,Average,29.7,2026-01-29,2024,v1.0,hitter,0.7509091957121475,0.4197024060436853,0.1717627677893709
542303.0,Marcell Ozuna,ATL,33.0,4.71,688,2.08,2.03,2.0,Average,92.0,2026-01-29,2024,v1.0,hitter,0.9927135126980706,0.9780797353172255,0.9560241993804676
543063.0,Brandon Crawford,STL,37.0,0.14,80,0.6,0.59,0.58,Average,11.0,2026-01-29,2024,v1.0,hitter,0.6947815111331626,0.331655949547146,0.10652490027532605
543228.0,Yan Gomes,CHC,36.0,-1.2,96,0.46,0.45,0.45,Average,1.7,2026-01-29,2024,v1.0,hitter,0.35734066018172356,0.04421016254319736,0.0017852351461403217
543257.0,Robbie Grossman,- - -,34.0,-0.55,245,0.5,0.49,0.48,Average,3.5,2026-01-29,2024,v1.0,hitter,0.5667859747958404,0.1789305879316711,0.03045502752106541
543309.0,Kyle Higashioka,SDP,34.0,1.56,263,0.97,0.95,0.93,Average,49.1,2026-01-29,2024,v1.0,hitter,0.903682759754715,0.7356939882211961,0.5364408585718513
543510.0,James McCann,BAL,34.0,0.16,233,0.62,0.61,0.6,Average,13.0,2026-01-29,2024,v1.0,hitter,0.7245840471147705,0.3766773608169657,0.13791787998736763
543685.0,Anthony Rendon,LAA,34.0,-0.07,238,0.53,0.52,0.51,Average,5.3,2026-01-29,2024,v1.0,hitter,0.6785662104967493,0.30874842656643847,0.0921259686641331
543760.0,Marcus Semien,TEX,33.0,4.27,718,1.89,1.85,1.82,Average,87.5,2026-01-29,2024,v1.0,hitter,0.9894869600235657,0.9684768977170608,0.9370751293314007
543807.0,George Springer,TOR,34.0,1.05,614,0.84,0.82,0.81,Average,37.7,2026-01-29,2024,v1.0,hitter,0.8565140071219225,0.6253708457054724,0.3857916978887168
543877.0,Christian Vázquez,MIN,33.0,0.74,315,0.67,0.66,0.65,Average,19.1,2026-01-29,2024,v1.0,hitter,0.8255008674506036,0.5592357556808961,0.30750860191935775
545121.0,Ildemaro Vargas,WSN,32.0,0.02,303,0.6,0.59,0.58,Average,11.0,2026-01-29,2024,v1.0,hitter,0.715288624526184,0.36222211360986983,0.12739070722590382
545341.0,Randal Grichuk,ARI,32.0,1.59,279,1.24,1.21,1.2,Average,64.7,2026-01-29,2024,v1.0,hitter,0.9121155233477275,0.7566980942231499,0.5679732403000354
545361.0,Mike Trout,LAA,32.0,0.92,126,1.2,1.18,1.16,Average,62.7,2026-01-29,2024,v1.0,hitter,0.8527464634974495,0.6170710981253755,0.375473647492625
547180.0,Bryce Harper,PHI,31.0,5.08,631,2.5,2.44,2.41,Average,95.3,2026-01-29,2024,v1.0,hitter,0.9950030304085415,0.9849323363846205,0.96966393256606
547989.0,José Abreu,HOU,37.0,-1.52,120,0.36,0.35,0.34,Average,0.4,2026-01-29,2024,v1.0,hitter,0.2503955324156134,0.015045654005888651,0.00020038919522548043
553869.0,Elias Díaz,- - -,33.0,0.48,351,0.66,0.65,0.64,Average,17.5,2026-01-29,2024,v1.0,hitter,0.7873887275745702,0.48459559996790563,0.22994232850391655
553993.0,Eugenio Suárez,ARI,32.0,3.83,640,1.9,1.85,1.83,Average,88.4,2026-01-29,2024,v1.0,hitter,0.9855749962539917,0.9569191284813963,0.9145235228278391
570482.0,Gio Urshela,- - -,32.0,0.68,461,0.78,0.77,0.76,Average,31.8,2026-01-29,2024,v1.0,hitter,0.8229500632457548,0.5540149714272796,0.3017116445874319
571448.0,Nolan Arenado,STL,33.0,3.17,635,1.29,1.26,1.24,Average,67.6,2026-01-29,2024,v1.0,hitter,0.9743543645169312,0.9242815685486142,0.852344512539843
571466.0,Tucker Barnhart,ARI,33.0,-0.45,96,0.51,0.5,0.49,Average,4.4,2026-01-29,2024,v1.0,hitter,0.6030248451088943,0.21590342728761533,0.04458396781720069
571657.0,Kyle Farmer,MIN,33.0,0.52,242,0.74,0.72,0.71,Average,28.1,2026-01-29,2024,v1.0,hitter,0.7947368870046534,0.4984319724405457,0.24345963476535226
571745.0,Mitch Haniger,SEA,33.0,-0.51,423,0.67,0.66,0.65,Average,19.1,2026-01-29,2024,v1.0,hitter,0.5867142947203582,0.19868643024158247,0.03766583261887956
571771.0,Enrique Hernández,LAD,32.0,0.62,393,0.89,0.87,0.85,Average,42.1,2026-01-29,2024,v1.0,hitter,0.8146340879211934,0.5372214276871238,0.2834440638026532
571912.0,Luke Maile,CIN,33.0,-0.69,154,0.54,0.52,0.52,Average,5.7,2026-01-29,2024,v1.0,hitter,0.5399727413417426,0.15448859921404276,0.02260630517723826
571970.0,Max Muncy,LAD,33.0,2.3,293,1.27,1.24,1.23,Average,66.6,2026-01-29,2024,v1.0,hitter,0.9481982888019777,0.8511146317751394,0.7210115199727086
572138.0,Jon Singleton,HOU,32.0,-0.11,405,0.66,0.65,0.64,Average,17.5,2026-01-29,2024,v1.0,hitter,0.6902477435077461,0.3251402248763657,0.10232143463264975
572191.0,Michael A. Taylor,PIT,33.0,0.43,300,0.67,0.66,0.65,Average,19.1,2026-01-29,2024,v1.0,hitter,0.7800705169007496,0.47107378491304425,0.21711049332101198
572233.0,Christian Walker,ARI,33.0,3.05,552,1.4,1.37,1.35,Average,72.8,2026-01-29,2024,v1.0,hitter,0.9716055901681925,0.9164015660440277,0.8376646813814186
572761.0,Matt Carpenter,STL,38.0,-0.21,157,0.42,0.41,0.41,Average,1.0,2026-01-29,2024,v1.0,hitter,0.6055503862813422,0.2186555564860277,0.04574466888316752
573262.0,Mike Yastrzemski,SFG,33.0,1.72,474,0.99,0.97,0.96,Average,51.3,2026-01-29,2024,v1.0,hitter,0.9173971686291358,0.7700559733774566,0.5885020217938001
575929.0,Willson Contreras,STL,32.0,2.66,358,1.52,1.48,1.46,Average,78.3,2026-01-29,2024,v1.0,hitter,0.9624022298374395,0.8903458326137015,0.790045486836504
578428.0,Jose Iglesias,NYM,34.0,2.53,291,1.44,1.41,1.39,Average,74.2,2026-01-29,2024,v1.0,hitter,0.9554171568955091,0.8709050721998407,0.7554361066318973
592178.0,Kris Bryant,COL,32.0,-0.78,155,0.48,0.47,0.46,Average,2.3,2026-01-29,2024,v1.0,hitter,0.5285584343331681,0.14480214245481782,0.01982301627155481
592192.0,Mark Canha,- - -,35.0,0.85,462,0.81,0.8,0.78,Average,35.2,2026-01-29,2024,v1.0,hitter,0.8279744447509306,0.5643298626150105,0.31321884014629814
592200.0,Curt Casali,SFG,35.0,-0.41,125,0.41,0.4,0.39,Average,0.8,2026-01-29,2024,v1.0,hitter,0.5881931723092582,0.20020813114199576,0.03825347048000504
592206.0,Nick Castellanos,PHI,32.0,0.22,659,0.78,0.77,0.76,Average,31.8,2026-01-29,2024,v1.0,hitter,0.7529835732985491,0.4232261467782686,0.17470147730570323
592273.0,Brandon Drury,LAA,31.0,-2.05,360,0.47,0.46,0.45,Average,2.0,2026-01-29,2024,v1.0,hitter,0.1831808947748783,0.00583449122306324,2.931611178421429e-05
592325.0,Ben Gamel,- - -,32.0,0.01,99,0.83,0.81,0.8,Average,36.9,2026-01-29,2024,v1.0,hitter,0.7139763394319236,0.360211831123332,0.1259602628861514
592450.0,Aaron Judge,NYY,32.0,11.33,704,3.68,3.6,3.48,Good,100.0,2026-01-29,2024,v1.0,hitter,0.9999695800856946,0.999907808884836,0.999812948408403
592518.0,Manny Machado,SDP,31.0,3.54,643,1.96,1.92,1.89,Average,90.7,2026-01-29,2024,v1.0,hitter,0.9822712758812969,0.9472306767006969,0.8958339716263507
592626.0,Joc Pederson,ARI,32.0,2.98,449,1.59,1.56,1.53,Average,80.1,2026-01-29,2024,v1.0,hitter,0.9711693752184399,0.9151552078631696,0.8353546590592216
592663.0,J.T. Realmuto,PHI,33.0,1.95,413,0.97,0.95,0.93,Average,49.1,2026-01-29,2024,v1.0,hitter,0.9312290979027568,0.8057852532592463,0.6452295031334047
592669.0,Hunter Renfroe,KCR,32.0,0.1,424,0.73,0.71,0.7,Average,26.6,2026-01-29,2024,v1.0,hitter,0.7309821420751285,0.38684836895658054,0.1455791671276814
592696.0,Eddie Rosario,- - -,32.0,-1.98,319,0.49,0.48,0.47,Average,2.8,2026-01-29,2024,v1.0,hitter,0.18912960961203193,0.006427872991283968,3.5682639029338426e-05
592885.0,Christian Yelich,MIL,32.0,3.02,315,2.27,2.23,2.19,Average,94.1,2026-01-29,2024,v1.0,hitter,0.9720020560668982,0.9175353389548906,0.839768846290148
593160.0,Whit Merrifield,- - -,35.0,0.45,335,0.65,0.64,0.63,Average,16.4,2026-01-29,2024,v1.0,hitter,0.7685147235462775,0.45024081785933917,0.1980715008699834
593428.0,Xander Bogaerts,SDP,31.0,2.02,463,1.14,1.11,1.1,Average,59.6,2026-01-29,2024,v1.0,hitter,0.9396865241649272,0.8281695963460143,0.6821185454022631
593871.0,Jorge Polanco,SEA,30.0,0.32,469,1.18,1.16,1.14,Average,61.7,2026-01-29,2024,v1.0,hitter,0.7842472878410787,0.4787597644607411,0.22435844460678755
593934.0,Miguel Sanó,LAA,31.0,-0.08,95,0.77,0.75,0.74,Average,30.9,2026-01-29,2024,v1.0,hitter,0.7046722764069624,0.34617294444462343,0.11619897495673256
594807.0,Adam Duvall,ATL,35.0,-1.02,330,0.49,0.48,0.48,Average,2.8,2026-01-29,2024,v1.0,hitter,0.42182860131864575,0.07309635099508324,0.00495206740824883
595281.0,Kevin Kiermaier,- - -,34.0,0.23,281,0.61,0.6,0.59,Average,12.2,2026-01-29,2024,v1.0,hitter,0.7381109387658839,0.3983958770240349,0.15453201187842594
595777.0,Jurickson Profar,SDP,31.0,4.35,668,1.95,1.91,1.88,Average,90.3,2026-01-29,2024,v1.0,hitter,0.9908688785118827,0.9725819795793487,0.9451520548328594
595879.0,Javier Báez,DET,31.0,-0.73,289,0.6,0.58,0.57,Average,11.0,2026-01-29,2024,v1.0,hitter,0.554050559087257,0.16702150393769336,0.026482904971640717
595909.0,Jake Cave,COL,31.0,-0.33,346,0.58,0.57,0.56,Average,8.6,2026-01-29,2024,v1.0,hitter,0.6525817468278741,0.2742913152702079,0.07246089124689808
595978.0,Austin Hedges,CLE,31.0,0.41,146,0.56,0.55,0.54,Average,7.0,2026-01-29,2024,v1.0,hitter,0.7904291351798227,0.49028895448753496,0.23545698322210284
596019.0,Francisco Lindor,NYM,30.0,7.72,689,3.56,3.42,3.37,Good,99.6,2026-01-29,2024,v1.0,hitter,0.9994486778760032,0.9983300372573913,0.996614472032271
596103.0,Austin Slater,- - -,31.0,-0.18,212,0.55,0.54,0.53,Average,6.4,2026-01-29,2024,v1.0,hitter,0.6850560873939034,0.31778501027007544,0.0976794815285948
596115.0,Trevor Story,BOS,31.0,0.66,106,0.94,0.92,0.9,Average,46.8,2026-01-29,2024,v1.0,hitter,0.8260963251492257,0.5604592187083609,0.3088751808682546
596117.0,Garrett Stubbs,PHI,31.0,0.31,187,0.6,0.58,0.57,Average,11.0,2026-01-29,2024,v1.0,hitter,0.775496744268865,0.46275258106188083,0.20939956930282294
596129.0,Daniel Vogelbach,TOR,31.0,-0.33,79,0.6,0.58,0.58,Average,11.0,2026-01-29,2024,v1.0,hitter,0.6517904873605097,0.2732846020464791,0.07192228740348186
596142.0,Gary Sánchez,MIL,31.0,0.37,280,0.91,0.89,0.87,Average,44.3,2026-01-29,2024,v1.0,hitter,0.7856069051035067,0.4812797035751139,0.22676104966208602
596146.0,Max Kepler,MIN,31.0,0.96,399,0.78,0.77,0.75,Average,31.8,2026-01-29,2024,v1.0,hitter,0.8620503326307773,0.6377023637710677,0.40138397759651673
600869.0,Jeimer Candelario,CIN,30.0,-0.27,463,1.02,1.0,0.98,Average,53.9,2026-01-29,2024,v1.0,hitter,0.6751719576316145,0.304091561419863,0.08932839919884991
602104.0,Ramón Urías,BAL,30.0,0.9,301,1.04,1.02,1.0,Average,55.3,2026-01-29,2024,v1.0,hitter,0.8594545163866831,0.6319003954246676,0.3940087970553073
605113.0,Nick Ahmed,- - -,34.0,0.49,228,0.71,0.69,0.68,Average,24.2,2026-01-29,2024,v1.0,hitter,0.7830410344987149,0.476531487207788,0.2222447330562446
605131.0,Austin Barnes,LAD,34.0,0.5,156,0.58,0.57,0.56,Average,8.6,2026-01-29,2024,v1.0,hitter,0.7841541032466972,0.4785873789189949,0.22419456002829066
605137.0,Josh Bell,- - -,31.0,-0.08,603,0.73,0.72,0.71,Average,26.6,2026-01-29,2024,v1.0,hitter,0.7053027397850518,0.3471124617086878,0.11683976083804637
605141.0,Mookie Betts,LAD,31.0,4.3,516,2.78,2.72,2.67,Average,97.3,2026-01-29,2024,v1.0,hitter,0.9904810513749236,0.971428738467608,0.9428794523312624
605170.0,Victor Caratini,HOU,30.0,1.89,274,1.22,1.2,1.18,Average,63.5,2026-01-29,2024,v1.0,hitter,0.9353933658489689,0.8167554998702884,0.6631783366026355
605204.0,J.D. Davis,- - -,31.0,-0.42,157,0.69,0.67,0.66,Average,21.1,2026-01-29,2024,v1.0,hitter,0.6313316884946283,0.24810671392449254,0.059114053526073074
605361.0,Nick Martini,CIN,34.0,-0.51,163,0.51,0.5,0.49,Average,4.4,2026-01-29,2024,v1.0,hitter,0.5766715749677824,0.18855739071844083,0.03387178674189432
606115.0,Orlando Arcia,ATL,29.0,0.81,602,1.33,1.32,1.3,Average,69.3,2026-01-29,2024,v1.0,hitter,0.8553883029375249,0.6228831786136038,0.38268420111512014
606192.0,Teoscar Hernández,LAD,31.0,3.42,652,1.56,1.53,1.5,Average,79.4,2026-01-29,2024,v1.0,hitter,0.9804681321759771,0.9419706320394005,0.8857690228161377
606466.0,Ketel Marte,ARI,30.0,6.31,583,2.88,2.82,2.78,Average,98.0,2026-01-29,2024,v1.0,hitter,0.99824257768795,0.9946832596696363,0.9892415732126999
607043.0,Brandon Nimmo,NYM,31.0,2.77,663,1.32,1.29,1.27,Average,68.6,2026-01-29,2024,v1.0,hitter,0.966868794835549,0.9029282834325939,0.8128645833546639
607208.0,Trea Turner,PHI,31.0,3.84,539,2.52,2.47,2.43,Average,95.6,2026-01-29,2024,v1.0,hitter,0.9861533306184531,0.958621944730493,0.9178285712758456
607680.0,Kevin Pillar,- - -,35.0,0.65,314,0.7,0.69,0.67,Average,22.4,2026-01-29,2024,v1.0,hitter,0.8001415940395356,0.5087761187381158,0.2538211306350983
607732.0,Jacob Stallings,COL,34.0,0.91,281,0.88,0.86,0.85,Average,41.2,2026-01-29,2024,v1.0,hitter,0.8403427767331763,0.5902682345922032,0.3431212417208497
608070.0,José Ramírez,CLE,31.0,6.45,682,3.26,3.19,3.14,Good,99.2,2026-01-29,2024,v1.0,hitter,0.9983775055816184,0.9950907849526999,0.9900641123857772
608324.0,Alex Bregman,HOU,30.0,4.16,634,2.17,2.12,2.09,Average,92.8,2026-01-29,2024,v1.0,hitter,0.9897067243471173,0.9691289445818237,0.9383557111124011
608336.0,Joey Gallo,WSN,30.0,-0.18,260,0.88,0.86,0.84,Average,41.2,2026-01-29,2024,v1.0,hitter,0.6929292979583058,0.3289835651362886,0.10479049304761644
608348.0,Carson Kelly,- - -,29.0,1.77,313,1.18,1.17,1.15,Average,61.7,2026-01-29,2024,v1.0,hitter,0.9313772991022097,0.8061739663508373,0.6458612233756437
608369.0,Corey Seager,TEX,30.0,4.63,533,2.73,2.67,2.63,Average,97.1,2026-01-29,2024,v1.0,hitter,0.9929967221661997,0.9789256535538245,0.9577026523357668
608385.0,Jesse Winker,- - -,30.0,1.39,508,1.26,1.23,1.21,Average,65.7,2026-01-29,2024,v1.0,hitter,0.9040368817093383,0.7365680685492568,0.5377348587578624
608671.0,Travis Jankowski,TEX,33.0,-0.25,207,0.66,0.65,0.64,Average,17.5,2026-01-29,2024,v1.0,hitter,0.6491541251872875,0.26994824961487685,0.0701518650313639
608701.0,Rob Refsnyder,BOS,33.0,1.35,307,1.01,0.99,0.97,Average,53.0,2026-01-29,2024,v1.0,hitter,0.8901469652272878,0.702802140638106,0.4888960348886782
608841.0,Joey Meneses,WSN,32.0,-0.99,313,0.43,0.42,0.42,Average,1.2,2026-01-29,2024,v1.0,hitter,0.47092124631306187,0.10204713947091043,0.009745552102952531
609280.0,Miguel Andujar,OAK,29.0,0.43,319,0.94,0.93,0.91,Average,46.8,2026-01-29,2024,v1.0,hitter,0.8078916100761044,0.5238585468040058,0.2693214748570447
620443.0,Luis Torrens,NYM,28.0,0.79,130,0.92,0.91,0.91,Average,45.2,2026-01-29,2024,v1.0,hitter,0.8577369477055538,0.6280809280052944,0.38919153404127294
621020.0,Dansby Swanson,CHC,30.0,4.23,593,2.56,2.5,2.47,Average,96.1,2026-01-29,2024,v1.0,hitter,0.9903051701047213,0.9709060408019698,0.9418503265115363
621028.0,Kevin Newman,ARI,30.0,1.43,311,1.11,1.08,1.07,Average,58.2,2026-01-29,2024,v1.0,hitter,0.9067416413842311,0.743267201153275,0.5477048458871431
621035.0,Chris Taylor,LAD,33.0,-0.58,246,0.58,0.57,0.56,Average,8.6,2026-01-29,2024,v1.0,hitter,0.570509262228914,0.18251675215672686,0.031706306033497174
621043.0,Carlos Correa,MIN,29.0,4.23,367,2.45,2.42,2.39,Average,95.1,2026-01-29,2024,v1.0,hitter,0.990640096752352,0.9719015642265799,0.9438108776585437
621438.0,Tyrone Taylor,NYM,30.0,1.0,345,1.0,0.98,0.97,Average,52.3,2026-01-29,2024,v1.0,hitter,0.8700665948432666,0.6558448207237392,0.4248935067549895
621439.0,Byron Buxton,MIN,30.0,3.7,388,1.83,1.79,1.72,Average,85.6,2026-01-29,2024,v1.0,hitter,0.9850534998836434,0.9553854017092266,0.9115518411103336
621466.0,DJ Stewart,NYM,30.0,-0.21,194,0.69,0.68,0.67,Average,21.1,2026-01-29,2024,v1.0,hitter,0.687210012478002,0.32082287275900284,0.09958346016480278
621493.0,Taylor Ward,LAA,30.0,2.83,663,1.56,1.53,1.5,Average,79.4,2026-01-29,2024,v1.0,hitter,0.9696689311264209,0.9108767955513928,0.8274495868960522
621512.0,Tomás Nido,- - -,30.0,0.13,140,0.72,0.7,0.69,Average,25.6,2026-01-29,2024,v1.0,hitter,0.7516923244360311,0.4210303859106294,0.1728673002521378
621550.0,Patrick Wisdom,CHC,32.0,-0.22,174,0.8,0.78,0.77,Average,33.7,2026-01-29,2024,v1.0,hitter,0.6668945263259054,0.2929328746790938,0.08280286495331132
621566.0,Matt Olson,ATL,30.0,2.64,685,1.66,1.62,1.59,Average,81.6,2026-01-29,2024,v1.0,hitter,0.9646608842482054,0.8966937444529347,0.8015166527757414
622534.0,Manuel Margot,MIN,29.0,-0.2,343,0.68,0.67,0.66,Average,20.2,2026-01-29,2024,v1.0,hitter,0.7000393126591546,0.33932110726884385,0.11157979953788418
622761.0,Jorge Mateo,BAL,29.0,0.76,208,1.38,1.37,1.35,Average,71.7,2026-01-29,2024,v1.0,hitter,0.8491173352310196,0.6091463744865359,0.3657541808013046
623912.0,Harold Ramírez,- - -,29.0,-0.61,246,0.6,0.59,0.58,Average,11.0,2026-01-29,2024,v1.0,hitter,0.6086812340697798,0.222099806265438,0.04721858834266055
623993.0,Anthony Santander,BAL,29.0,3.22,665,1.7,1.68,1.65,Average,83.0,2026-01-29,2024,v1.0,hitter,0.9786159179518159,0.9365878560760221,0.875528935713462
624413.0,Pete Alonso,NYM,29.0,2.05,695,1.68,1.66,1.63,Average,82.3,2026-01-29,2024,v1.0,hitter,0.9452430730021134,0.8431006648014415,0.7073031539395904
624415.0,Cavan Biggio,- - -,29.0,0.1,224,0.78,0.77,0.76,Average,31.8,2026-01-29,2024,v1.0,hitter,0.7557731102501694,0.42799590343130745,0.17871961293839042
624424.0,Michael Conforto,SFG,31.0,1.32,488,1.08,1.06,1.04,Average,57.0,2026-01-29,2024,v1.0,hitter,0.8949802639934242,0.7144313903417413,0.5054503235339185
624428.0,Adam Frazier,KCR,32.0,-0.52,294,0.51,0.49,0.49,Average,4.4,2026-01-29,2024,v1.0,hitter,0.5967344945893626,0.20914981744411487,0.04179974780706167
624431.0,Jose Trevino,NYY,31.0,1.66,234,0.92,0.9,0.88,Average,45.2,2026-01-29,2024,v1.0,hitter,0.9198808517828939,0.7763917357800898,0.5983682753114579
624503.0,Nick Gordon,MIA,28.0,-0.68,275,0.68,0.67,0.67,Average,20.2,2026-01-29,2024,v1.0,hitter,0.602782198066436,0.2156402391074345,0.04447376161782138
624512.0,Reese McGuire,BOS,29.0,0.18,158,0.74,0.73,0.72,Average,28.1,2026-01-29,2024,v1.0,hitter,0.768469042376078,0.4501597127568239,0.19799911096750475
624585.0,Jorge Soler,- - -,32.0,1.07,574,0.98,0.96,0.94,Average,50.1,2026-01-29,2024,v1.0,hitter,0.8677544390776192,0.6505769169228781,0.41799728291417315
624641.0,Edmundo Sosa,PHI,28.0,1.86,274,1.4,1.38,1.37,Average,72.8,2026-01-29,2024,v1.0,hitter,0.9382993100978293,0.8244698399157586,0.6759496517966862
628451.0,Andy Ibáñez,DET,31.0,0.73,244,0.72,0.71,0.7,Average,25.6,2026-01-29,2024,v1.0,hitter,0.8352249896120523,0.5794406533290739,0.33047082295787705
630105.0,Jake Cronenworth,SDP,30.0,2.07,656,1.48,1.45,1.43,Average,76.4,2026-01-29,2024,v1.0,hitter,0.944110890754758,0.8400438544896917,0.7021094560037009
640492.0,José Azocar,SDP,28.0,0.0,79,0.71,0.71,0.7,Average,24.2,2026-01-29,2024,v1.0,hitter,0.7455526190981753,0.4106942359085691,0.16436509109615888
641313.0,Tim Anderson,MIA,31.0,-1.41,241,0.57,0.56,0.55,Average,7.6,2026-01-29,2024,v1.0,hitter,0.3631007980036704,0.04640552548419306,0.001969708893751404
641343.0,Jake Bauers,MIL,28.0,0.09,346,0.81,0.8,0.8,Average,35.2,2026-01-29,2024,v1.0,hitter,0.7608772448695431,0.4368163291944247,0.18627221973214522
641355.0,Cody Bellinger,CHC,28.0,2.1,569,1.37,1.35,1.35,Average,71.2,2026-01-29,2024,v1.0,hitter,0.9489971712008037,0.853289774256217,0.7247552585012678
641432.0,Willie Calhoun,LAA,29.0,-0.03,254,0.78,0.77,0.76,Average,31.8,2026-01-29,2024,v1.0,hitter,0.7325489809482629,0.38936690224922477,0.14750869714796164
641487.0,J.P. Crawford,SEA,29.0,1.63,451,1.5,1.48,1.46,Average,77.2,2026-01-29,2024,v1.0,hitter,0.9232750611873424,0.7851065583721583,0.6120752130639809
641584.0,Jake Fraley,CIN,29.0,0.99,382,1.04,1.03,1.01,Average,55.3,2026-01-29,2024,v1.0,hitter,0.8733893056286208,0.6634650595310837,0.4349704637615108
641598.0,Mitch Garver,SEA,33.0,-0.39,430,0.67,0.66,0.65,Average,19.1,2026-01-29,2024,v1.0,hitter,0.6175040884137116,0.2320010201541914,0.051587763793504715
641645.0,Luis Guillorme,- - -,29.0,0.13,187,0.57,0.57,0.56,Average,7.6,2026-01-29,2024,v1.0,hitter,0.7596754222893414,0.43472860832487115,0.18447025889276902
641658.0,Garrett Hampson,KCR,29.0,0.49,231,0.73,0.72,0.71,Average,26.6,2026-01-29,2024,v1.0,hitter,0.8151757913168816,0.5383048305905922,0.2846051043533919
641680.0,Jonah Heim,TEX,29.0,-0.08,491,0.93,0.92,0.9,Average,45.9,2026-01-29,2024,v1.0,hitter,0.7231615988552816,0.37444072239674114,0.13626130543961634
641857.0,Ryan McMahon,COL,29.0,1.9,645,1.32,1.3,1.28,Average,68.6,2026-01-29,2024,v1.0,hitter,0.93825836124307,0.8243607962637679,0.6757682659698225
641933.0,Tyler O'Neill,BOS,29.0,2.55,473,1.51,1.5,1.47,Average,77.6,2026-01-29,2024,v1.0,hitter,0.9632450333027951,0.8927109844542311,0.7943096964093606
641943.0,Joshua Palacios,PIT,28.0,0.12,78,0.86,0.85,0.85,Average,39.8,2026-01-29,2024,v1.0,hitter,0.7660181907950504,0.4458226603327706,0.19414764380772023
642020.0,Chuckie Robinson,CHW,29.0,-0.54,76,0.59,0.59,0.58,Average,9.7,2026-01-29,2024,v1.0,hitter,0.6243057391306225,0.23983274095452525,0.055182672273222926
642086.0,Dominic Smith,- - -,29.0,0.2,307,0.8,0.79,0.77,Average,33.7,2026-01-29,2024,v1.0,hitter,0.7728469340379668,0.4579770622662758,0.20503814335592732
642133.0,Rowdy Tellez,PIT,29.0,-0.43,421,0.75,0.74,0.73,Average,29.7,2026-01-29,2024,v1.0,hitter,0.6505096389912577,0.27166024111992815,0.07105753125164545
642136.0,Matt Thaiss,LAA,29.0,-0.15,186,0.7,0.69,0.68,Average,22.4,2026-01-29,2024,v1.0,hitter,0.7094420016237281,0.35332326037535255,0.1211207238219719
642180.0,Tyler Wade,SDP,29.0,-0.32,156,0.63,0.63,0.62,Average,14.0,2026-01-29,2024,v1.0,hitter,0.6745544889823566,0.30324949559166664,0.08882720623277002
642215.0,Weston Wilson,PHI,29.0,0.32,98,1.27,1.26,1.24,Average,66.6,2026-01-29,2024,v1.0,hitter,0.7912850678380571,0.49189978810353,0.23702928770510362
642350.0,Jose Siri,TBR,28.0,1.83,448,1.19,1.17,1.17,Average,62.2,2026-01-29,2024,v1.0,hitter,0.9367278830726464,0.8202921771515884,0.6690180723848502
642708.0,Amed Rosario,- - -,28.0,0.22,346,0.96,0.95,0.95,Average,48.4,2026-01-29,2024,v1.0,hitter,0.7819354446917901,0.47449527585352314,0.22032208480555604
642715.0,Willy Adames,MIL,28.0,4.84,688,2.89,2.85,2.84,Average,98.2,2026-01-29,2024,v1.0,hitter,0.994540190496006,0.9835444556235425,0.9668935167481553
642731.0,Thairo Estrada,SFG,28.0,0.4,381,0.99,0.98,0.97,Average,51.3,2026-01-29,2024,v1.0,hitter,0.8092232010793649,0.5264797633240302,0.2720628565161892
643217.0,Andrew Benintendi,CHW,29.0,-0.15,522,0.9,0.89,0.88,Average,43.1,2026-01-29,2024,v1.0,hitter,0.709283339814473,0.353083833107865,0.12095424410484608
643265.0,Garrett Cooper,- - -,33.0,-0.36,116,0.46,0.45,0.44,Average,1.7,2026-01-29,2024,v1.0,hitter,0.6236034515581007,0.23901601851575766,0.05480204483581119
643289.0,Mauricio Dubón,HOU,29.0,1.11,428,0.86,0.85,0.84,Average,39.8,2026-01-29,2024,v1.0,hitter,0.884974932803885,0.6904990983205921,0.47168685791075043
643376.0,Danny Jansen,- - -,29.0,0.55,324,0.94,0.93,0.91,Average,46.8,2026-01-29,2024,v1.0,hitter,0.823297821761248,0.5547248051286796,0.3024965301472815
643396.0,Isiah Kiner-Falefa,- - -,29.0,2.05,496,1.27,1.25,1.23,Average,66.6,2026-01-29,2024,v1.0,hitter,0.9451786602505309,0.8429265553982498,0.7070068105922972
643446.0,Jeff McNeil,NYM,32.0,1.25,472,0.91,0.89,0.88,Average,44.3,2026-01-29,2024,v1.0,hitter,0.8853695783216589,0.6914327404617151,0.4729818469304401
643565.0,Mike Tauchman,CHC,33.0,1.06,350,0.85,0.84,0.82,Average,38.6,2026-01-29,2024,v1.0,hitter,0.8623688582131127,0.6384167566923089,0.4022968757905294
645277.0,Ozzie Albies,ATL,27.0,1.31,435,1.45,1.41,1.4,Average,75.0,2026-01-29,2024,v1.0,hitter,0.9078120120794735,0.7459295229779989,0.5516928426596532
645302.0,Victor Robles,- - -,27.0,3.13,295,1.8,1.76,1.72,Average,84.8,2026-01-29,2024,v1.0,hitter,0.9787019251752921,0.9368373468124396,0.8760022273909986
645305.0,Ali Sánchez,MIA,27.0,-0.22,96,0.59,0.58,0.57,Average,9.7,2026-01-29,2024,v1.0,hitter,0.7139721650870037,0.36020544842376734,0.1259557342339428
645444.0,Jose Herrera,ARI,27.0,0.17,114,0.69,0.67,0.67,Average,21.1,2026-01-29,2024,v1.0,hitter,0.7815613990751753,0.47380770239528025,0.21967477189872103
646240.0,Rafael Devers,BOS,27.0,4.23,601,2.52,2.46,2.45,Average,95.6,2026-01-29,2024,v1.0,hitter,0.991326133716705,0.9739428496398016,0.9478373845810605
647304.0,Josh Naylor,CLE,27.0,2.27,633,1.85,1.81,1.8,Average,86.2,2026-01-29,2024,v1.0,hitter,0.9571184214757772,0.875613534665257,0.7637461912902194
647351.0,Abraham Toro,OAK,27.0,0.7,364,0.86,0.84,0.84,Average,39.8,2026-01-29,2024,v1.0,hitter,0.8523039337015661,0.6161010943233272,0.3742770192860846
649966.0,Luis Urías,SEA,27.0,0.19,109,1.09,1.07,1.06,Average,57.5,2026-01-29,2024,v1.0,hitter,0.7856378162573584,0.48133709794844565,0.22681592280273985
650333.0,Luis Arraez,- - -,27.0,1.12,672,1.1,1.08,1.07,Average,57.8,2026-01-29,2024,v1.0,hitter,0.8935770805597452,0.7110420554848019,0.5005967230348887
650391.0,Eloy Jiménez,- - -,27.0,-0.93,349,0.64,0.63,0.62,Average,15.4,2026-01-29,2024,v1.0,hitter,0.5505444810846184,0.16383880387253194,0.02546898521725536
650402.0,Gleyber Torres,NYY,27.0,1.82,665,1.52,1.48,1.48,Average,78.3,2026-01-29,2024,v1.0,hitter,0.9384993080817343,0.825002558046477,0.6768361428423617
650489.0,Willi Castro,MIN,27.0,2.94,635,1.6,1.56,1.56,Average,80.3,2026-01-29,2024,v1.0,hitter,0.9751666095785437,0.9266187179788118,0.8567233112064356
650490.0,Yandy Díaz,TBR,32.0,1.93,621,1.29,1.26,1.24,Average,67.6,2026-01-29,2024,v1.0,hitter,0.9325004681429819,0.8091239825683599,0.6506656850368912
650559.0,Bryan De La Cruz,- - -,27.0,-1.08,622,0.7,0.69,0.68,Average,22.4,2026-01-29,2024,v1.0,hitter,0.5106238862696323,0.13041841950014796,0.01603162958488911
650859.0,Luis Rengifo,LAA,27.0,1.49,304,1.37,1.34,1.33,Average,71.2,2026-01-29,2024,v1.0,hitter,0.9200738410102871,0.7768854997531762,0.5991406749906156
655316.0,Andruw Monasterio,MIL,27.0,-0.25,142,0.63,0.62,0.61,Average,14.0,2026-01-29,2024,v1.0,hitter,0.7083910801406075,0.3517394006136879,0.12002158363802544
656180.0,Riley Adams,WSN,28.0,-0.27,130,0.66,0.66,0.65,Average,17.5,2026-01-29,2024,v1.0,hitter,0.6949646960219336,0.33192103746835416,0.10669773252918058
656248.0,Sean Bouchard,COL,28.0,-0.53,108,0.61,0.6,0.6,Average,12.2,2026-01-29,2024,v1.0,hitter,0.6382956991030869,0.25649436124998165,0.06323955801088493
656305.0,Matt Chapman,SFG,31.0,5.46,647,2.53,2.48,2.44,Average,95.9,2026-01-29,2024,v1.0,hitter,0.9963284642876289,0.988914066597331,0.9776343683169109
656413.0,Stuart Fairchild,CIN,28.0,0.25,233,0.91,0.9,0.9,Average,44.3,2026-01-29,2024,v1.0,hitter,0.786626929255045,0.483176058510852,0.22857766546611766
656537.0,Derek Hill,- - -,28.0,0.23,172,0.85,0.84,0.84,Average,38.6,2026-01-29,2024,v1.0,hitter,0.7837242975451322,0.4777928041491503,0.22343995378204184
656541.0,Sam Hilliard,COL,30.0,0.68,158,1.08,1.06,1.04,Average,57.0,2026-01-29,2024,v1.0,hitter,0.8343238485995613,0.5775480182487219,0.32828430262932545
656555.0,Rhys Hoskins,MIL,31.0,0.2,517,0.99,0.97,0.95,Average,51.3,2026-01-29,2024,v1.0,hitter,0.7570528060028207,0.43019602077393654,0.18058865297408636
656577.0,Alex Jackson,TBR,28.0,-0.12,155,0.64,0.63,0.63,Average,15.4,2026-01-29,2024,v1.0,hitter,0.7244350725290518,0.37644269665544705,0.13774359838997188
656582.0,Connor Joe,PIT,31.0,0.53,416,0.75,0.73,0.72,Average,29.7,2026-01-29,2024,v1.0,hitter,0.8085531810154393,0.5251597433501333,0.27068056257018913
656716.0,Zach McKinstry,DET,29.0,1.02,325,0.89,0.88,0.87,Average,42.1,2026-01-29,2024,v1.0,hitter,0.8761875560970734,0.6699283448232076,0.4436113758041157
656775.0,Cedric Mullins,BAL,29.0,2.13,499,1.39,1.37,1.35,Average,72.2,2026-01-29,2024,v1.0,hitter,0.9486114239168694,0.8522390234253563,0.7229455348299038
656811.0,Ryan O'Hearn,BAL,30.0,1.58,494,1.16,1.14,1.12,Average,60.6,2026-01-29,2024,v1.0,hitter,0.9171799704618183,0.7695035638668773,0.5876457346460411
656896.0,Emmanuel Rivera,- - -,28.0,0.33,302,0.9,0.89,0.89,Average,43.1,2026-01-29,2024,v1.0,hitter,0.7986675011742304,0.5059407040588614,0.25095917077140806
656941.0,Kyle Schwarber,PHI,31.0,3.32,692,1.48,1.45,1.43,Average,76.4,2026-01-29,2024,v1.0,hitter,0.9788014978111712,0.9371262438680069,0.8765504361547976
656976.0,Pavin Smith,ARI,28.0,0.92,158,1.51,1.49,1.49,Average,77.6,2026-01-29,2024,v1.0,hitter,0.8716259726625118,0.6594137219749592,0.42959808626528573
657041.0,Lane Thomas,- - -,28.0,1.38,528,1.13,1.12,1.12,Average,59.0,2026-01-29,2024,v1.0,hitter,0.910076739587288,0.7515836029590718,0.5602109879694707
657077.0,Alex Verdugo,NYY,28.0,0.6,621,0.88,0.87,0.87,Average,41.2,2026-01-29,2024,v1.0,hitter,0.8352387120538961,0.5794695061727005,0.3305042129909665
657136.0,Connor Wong,BOS,28.0,1.13,487,1.0,0.99,0.99,Average,52.3,2026-01-29,2024,v1.0,hitter,0.8902141014566157,0.7029628000081121,0.48912282991093375
657557.0,Paul DeJong,- - -,30.0,1.77,482,1.74,1.67,1.65,Average,83.6,2026-01-29,2024,v1.0,hitter,0.9287085695654781,0.7991934416578853,0.6345645017737607
657656.0,Ramón Laureano,- - -,29.0,0.88,309,0.97,0.96,0.95,Average,49.1,2026-01-29,2024,v1.0,hitter,0.8629632568104257,0.6397513144979675,0.40400507920918893
657757.0,Gavin Sheets,CHW,28.0,-0.83,501,0.55,0.54,0.54,Average,6.4,2026-01-29,2024,v1.0,hitter,0.5647887876084449,0.17702655683069238,0.02980105835744632
658668.0,Edward Olivares,PIT,28.0,-0.92,196,0.62,0.61,0.61,Average,13.0,2026-01-29,2024,v1.0,hitter,0.5423391523362125,0.15654965802819168,0.023222457132839654
660271.0,Shohei Ohtani,LAD,29.0,8.95,731,2.97,2.94,2.9,Average,98.6,2026-01-29,2024,v1.0,hitter,0.9998070182787359,0.9994152428088492,0.9988138548816742
660644.0,Vidal Bruján,MIA,26.0,-0.3,278,0.65,0.65,0.64,Average,16.4,2026-01-29,2024,v1.0,hitter,0.7066708028092957,0.3491570237430999,0.11824040549492862
660670.0,Ronald Acuña Jr.,ATL,26.0,0.94,222,1.42,1.42,1.4,Average,73.5,2026-01-29,2024,v1.0,hitter,0.88187686763903,0.6831991025646535,0.4616236228105868
660688.0,Keibert Ruiz,WSN,25.0,-0.3,485,0.71,0.73,0.74,Average,24.2,2026-01-29,2024,v1.0,hitter,0.7159277857659495,0.3632039577283219,0.12809232982216512
660707.0,Elehuris Montero,COL,25.0,-1.88,247,0.54,0.55,0.56,Average,5.7,2026-01-29,2024,v1.0,hitter,0.3049557075974257,0.02734455110352053,0.000673490220834093
660766.0,Juan Yepez,WSN,26.0,0.39,249,1.01,1.02,1.0,Average,53.0,2026-01-29,2024,v1.0,hitter,0.8209048088726273,0.5498525745808792,0.29712996187733204
660821.0,Jesús Sánchez,MIA,26.0,1.6,537,1.36,1.37,1.34,Average,70.6,2026-01-29,2024,v1.0,hitter,0.9294774006792514,0.8012002823877302,0.6378018578973982
660844.0,Leo Rivas,SEA,26.0,0.06,86,0.82,0.82,0.81,Average,36.1,2026-01-29,2024,v1.0,hitter,0.7705683902128534,0.45389714437230066,0.2013488751763265
661388.0,William Contreras,MIL,26.0,5.49,679,2.84,2.85,2.81,Average,97.7,2026-01-29,2024,v1.0,hitter,0.9970281642739915,0.991020375296599,0.9818640585274778
662139.0,Daulton Varsho,TOR,27.0,3.14,513,1.52,1.48,1.47,Average,78.3,2026-01-29,2024,v1.0,hitter,0.9788368802043409,0.9372289156536994,0.8767453072146439
663368.0,Blake Perkins,MIL,27.0,1.57,434,1.13,1.11,1.1,Average,59.0,2026-01-29,2024,v1.0,hitter,0.9248976106535505,0.7892955998541834,0.6187198995370716
663457.0,Lars Nootbaar,STL,26.0,1.71,405,1.42,1.43,1.4,Average,73.5,2026-01-29,2024,v1.0,hitter,0.9352713429103043,0.8164326309562807,0.6626465111787068
663527.0,Tyler Nevin,OAK,27.0,-0.45,278,0.63,0.62,0.62,Average,14.0,2026-01-29,2024,v1.0,hitter,0.666589580754167,0.2925271082275171,0.08257030405621694
663538.0,Nico Hoerner,CHC,27.0,3.91,641,1.99,1.95,1.94,Average,91.2,2026-01-29,2024,v1.0,hitter,0.9886988615362463,0.9661410048549584,0.9324948525117177
663550.0,Trey Cabbage,HOU,27.0,-0.19,91,0.58,0.57,0.56,Average,8.6,2026-01-29,2024,v1.0,hitter,0.7196128912787351,0.3688996122233611,0.13220098559339286
663586.0,Austin Riley,ATL,27.0,2.39,469,1.89,1.84,1.84,Average,87.5,2026-01-29,2024,v1.0,hitter,0.961222953759306,0.8870434936146747,0.7841110653289364
663611.0,Nick Madrigal,CHC,27.0,-0.62,94,0.51,0.5,0.5,Average,4.4,2026-01-29,2024,v1.0,hitter,0.6272347416024728,0.24325917688015902,0.056794100741297406
663616.0,Trevor Larnach,MIN,27.0,1.46,400,1.34,1.31,1.3,Average,69.9,2026-01-29,2024,v1.0,hitter,0.9186283956014355,0.7731924293568098,0.5933758141836334
663624.0,Ryan Mountcastle,BAL,27.0,1.44,507,1.2,1.17,1.16,Average,62.7,2026-01-29,2024,v1.0,hitter,0.9168609591981406,0.7686926901873544,0.5863899488498258
663647.0,Ke'Bryan Hayes,PIT,27.0,0.12,396,0.75,0.74,0.73,Average,29.7,2026-01-29,2024,v1.0,hitter,0.7734267813615933,0.4590192337710335,0.20598597516056383
663656.0,Kyle Tucker,HOU,27.0,4.21,339,2.83,2.76,2.75,Average,97.5,2026-01-29,2024,v1.0,hitter,0.9911872341517457,0.9735293258371148,0.9470209922286514
663662.0,Daz Cameron,OAK,27.0,-0.38,186,0.75,0.73,0.73,Average,29.7,2026-01-29,2024,v1.0,hitter,0.6811750311411613,0.3123599921238584,0.09432571232124808
663697.0,Jonathan India,CIN,27.0,2.9,637,1.94,1.89,1.89,Average,89.8,2026-01-29,2024,v1.0,hitter,0.974239236334483,0.9239506193011622,0.8517253777652137
663698.0,Joey Bart,PIT,27.0,1.33,282,1.44,1.4,1.4,Average,74.2,2026-01-29,2024,v1.0,hitter,0.9097606668167689,0.7507927828486328,0.5590155974992512
663728.0,Cal Raleigh,SEA,27.0,5.41,628,2.6,2.53,2.52,Average,96.3,2026-01-29,2024,v1.0,hitter,0.9967040551517843,0.9900443354364034,0.9799029160678401
663743.0,Nick Fortes,MIA,27.0,0.57,335,0.81,0.8,0.79,Average,35.2,2026-01-29,2024,v1.0,hitter,0.8378739917347702,0.5850283151927668,0.3369690804462473
663757.0,Trent Grisham,NYY,27.0,0.52,209,1.16,1.13,1.13,Average,60.6,2026-01-29,2024,v1.0,hitter,0.8315973241899046,0.5718468283090036,0.3217423220755998
663837.0,Matt Vierling,DET,27.0,2.35,567,1.41,1.38,1.37,Average,73.2,2026-01-29,2024,v1.0,hitter,0.9599749552540247,0.8835576596368834,0.7778715144012566
663853.0,Romy Gonzalez,BOS,27.0,0.23,216,0.96,0.94,0.93,Average,48.4,2026-01-29,2024,v1.0,hitter,0.7912894847515995,0.4919081097549723,0.23703742409249273
663886.0,Tyler Stephenson,CIN,27.0,3.05,515,1.83,1.78,1.78,Average,85.6,2026-01-29,2024,v1.0,hitter,0.9771477134131216,0.9323357355018997,0.8674824756508308
663898.0,Brendan Rodgers,COL,27.0,0.75,539,1.16,1.13,1.13,Average,60.6,2026-01-29,2024,v1.0,hitter,0.8583435576307882,0.6294281132530334,0.390887226459536
663993.0,Nathaniel Lowe,TEX,28.0,2.92,565,1.58,1.57,1.56,Average,79.8,2026-01-29,2024,v1.0,hitter,0.9736723389594176,0.9223221653904649,0.8486822146697665
664023.0,Ian Happ,CHC,29.0,3.58,657,1.94,1.92,1.89,Average,89.8,2026-01-29,2024,v1.0,hitter,0.9840374071860029,0.9524017943209276,0.9057849864171742
664034.0,Ty France,- - -,29.0,-0.85,535,0.66,0.66,0.65,Average,17.5,2026-01-29,2024,v1.0,hitter,0.5470876726025529,0.16074086704271331,0.024501341967124186
664040.0,Brandon Lowe,TBR,29.0,2.24,425,1.85,1.83,1.8,Average,86.2,2026-01-29,2024,v1.0,hitter,0.9528972505049235,0.8639621364364621,0.7432664570623443
664056.0,Harrison Bader,NYM,30.0,1.23,437,1.01,0.99,0.97,Average,53.0,2026-01-29,2024,v1.0,hitter,0.8913507829149692,0.7056866555886535,0.49297608383932123
664238.0,Dylan Moore,SEA,31.0,2.4,441,1.23,1.21,1.19,Average,64.1,2026-01-29,2024,v1.0,hitter,0.9556177003084155,0.8714592169682301,0.756411736878512
664314.0,Estevan Florial,CLE,26.0,0.07,111,1.11,1.11,1.09,Average,58.2,2026-01-29,2024,v1.0,hitter,0.7724225212461902,0.45721526217427033,0.20434670567171367
664728.0,Kyle Isbel,KCR,27.0,1.5,426,1.12,1.1,1.09,Average,58.6,2026-01-29,2024,v1.0,hitter,0.9208345249623223,0.7788337628560208,0.6021932923274002
664761.0,Alec Bohm,PHI,27.0,3.41,606,1.89,1.85,1.84,Average,87.5,2026-01-29,2024,v1.0,hitter,0.9830853809717006,0.9496119799066635,0.9004094954418379
664770.0,Nathan Lukes,TOR,29.0,0.67,91,1.23,1.21,1.2,Average,64.1,2026-01-29,2024,v1.0,hitter,0.8386425493593926,0.5866561994755943,0.3388743261491103
664774.0,LaMonte Wade Jr.,SFG,30.0,1.33,401,0.99,0.97,0.96,Average,51.3,2026-01-29,2024,v1.0,hitter,0.8997203418143842,0.7259608904645225,0.5221386645239962
664901.0,Danny Mendick,CHW,30.0,-0.15,141,0.73,0.72,0.71,Average,26.6,2026-01-29,2024,v1.0,hitter,0.6997020132138316,0.33882584404172844,0.11124959924207399
664913.0,Seth Brown,OAK,31.0,-0.35,400,0.64,0.63,0.62,Average,15.4,2026-01-29,2024,v1.0,hitter,0.6486515842841337,0.2693153902766571,0.06981856552403182
664983.0,Jake McCarthy,ARI,26.0,2.97,495,1.68,1.69,1.66,Average,82.3,2026-01-29,2024,v1.0,hitter,0.97665772575902,0.9309195484921992,0.8648109313677919
665019.0,Kody Clemens,PHI,28.0,0.1,120,0.91,0.9,0.89,Average,44.3,2026-01-29,2024,v1.0,hitter,0.7627101078577949,0.4400131667947359,0.18904870352288847
665052.0,Griffin Conine,MIA,26.0,0.37,89,0.9,0.9,0.89,Average,43.1,2026-01-29,2024,v1.0,hitter,0.8182199174385704,0.5444203004402021,0.2912039604086909
665161.0,Jeremy Peña,HOU,26.0,2.74,650,1.89,1.9,1.86,Average,87.5,2026-01-29,2024,v1.0,hitter,0.9716965066875465,0.91666147687436,0.8381468123979678
665487.0,Fernando Tatis Jr.,SDP,25.0,3.27,438,2.11,2.18,2.2,Average,92.2,2026-01-29,2024,v1.0,hitter,0.9823346322045879,0.94741585377335,0.8961893537760085
665489.0,Vladimir Guerrero Jr.,TOR,25.0,5.27,697,2.95,3.04,3.07,Average,98.4,2026-01-29,2024,v1.0,hitter,0.996565615126227,0.9896276260003617,0.9790662336937273
665506.0,Cristian Pache,- - -,25.0,-0.04,183,0.72,0.74,0.75,Average,25.6,2026-01-29,2024,v1.0,hitter,0.7627981533433256,0.4401671270640577,0.18918294533745905
665742.0,Juan Soto,NYY,25.0,8.29,713,3.65,3.76,3.79,Good,99.8,2026-01-29,2024,v1.0,hitter,0.9997124531977973,0.9991287832134098,0.9982330492069164
665750.0,Leody Taveras,TEX,25.0,1.18,529,0.99,1.02,1.03,Average,51.3,2026-01-29,2024,v1.0,hitter,0.9052206723987163,0.7394950734529843,0.5420795487973825
665804.0,Miguel Amaya,CHC,25.0,0.61,363,0.9,0.93,0.94,Average,43.1,2026-01-29,2024,v1.0,hitter,0.8529899890842807,0.6176053306158003,0.37613352132998
665828.0,Oswaldo Cabrera,NYY,25.0,0.95,326,0.83,0.86,0.87,Average,36.9,2026-01-29,2024,v1.0,hitter,0.8866855337625164,0.6945521061022798,0.4773215572623852
665833.0,Oneil Cruz,PIT,25.0,3.61,599,2.42,2.49,2.51,Average,94.9,2026-01-29,2024,v1.0,hitter,0.9865697695593576,0.9598493414269502,0.9202146134374014
665839.0,Enmanuel Valdez,BOS,25.0,-0.6,223,0.98,1.01,1.02,Average,50.1,2026-01-29,2024,v1.0,hitter,0.6539721508793778,0.276066329555073,0.07341551038736187
665862.0,Jazz Chisholm Jr.,- - -,26.0,4.0,621,2.06,2.06,2.03,Average,91.8,2026-01-29,2024,v1.0,hitter,0.9899019660115136,0.9697084787258715,0.9394946266325985
665877.0,José Fermín,STL,25.0,-0.73,79,0.49,0.5,0.51,Average,2.8,2026-01-29,2024,v1.0,hitter,0.6241123972373186,0.239607708562045,0.055077664240925875
665926.0,Andrés Giménez,CLE,25.0,2.76,633,1.82,1.88,1.9,Average,85.1,2026-01-29,2024,v1.0,hitter,0.9732243105270001,0.9210365325312618,0.8462835983974195
665953.0,Andrés Chaparro,WSN,25.0,0.06,132,0.85,0.88,0.89,Average,38.6,2026-01-29,2024,v1.0,hitter,0.7786680119094435,0.46851159726310293,0.21472114905454193
666018.0,Jonathan Aranda,TBR,26.0,0.4,143,1.09,1.1,1.08,Average,57.5,2026-01-29,2024,v1.0,hitter,0.8213953928149959,0.5508490688101629,0.29822359762731915
666023.0,Freddy Fermin,KCR,29.0,1.93,368,1.27,1.26,1.24,Average,66.6,2026-01-29,2024,v1.0,hitter,0.9397088962327126,0.8282293545319227,0.6822184181604265
666134.0,Nolan Jones,COL,26.0,-0.85,297,0.63,0.63,0.62,Average,14.0,2026-01-29,2024,v1.0,hitter,0.5844837221876467,0.19640595751804674,0.0367938153094574
666135.0,Alex Kirilloff,MIN,26.0,-0.33,178,0.69,0.69,0.68,Average,21.1,2026-01-29,2024,v1.0,hitter,0.7008592179439099,0.3405270119934283,0.11238587198001238
666139.0,Josh Lowe,TBR,26.0,0.98,387,1.22,1.22,1.2,Average,63.5,2026-01-29,2024,v1.0,hitter,0.8855806141298403,0.691932350431709,0.47367556020251705
666149.0,Tyler Fitzgerald,SFG,26.0,2.99,341,1.94,1.94,1.91,Average,89.8,2026-01-29,2024,v1.0,hitter,0.977033649393707,0.9320059331087786,0.8668599516910025
666150.0,Dominic Fletcher,CHW,26.0,-0.81,241,0.51,0.51,0.5,Average,4.4,2026-01-29,2024,v1.0,hitter,0.593512791469135,0.20574633480295876,0.04043113170675647
666152.0,David Hamilton,BOS,26.0,1.7,317,1.53,1.54,1.51,Average,79.0,2026-01-29,2024,v1.0,hitter,0.9348511812512094,0.8153215504476747,0.6608180075406631
666158.0,Gavin Lux,LAD,26.0,1.44,487,1.39,1.4,1.38,Average,72.2,2026-01-29,2024,v1.0,hitter,0.9200240315787865,0.7767580419170568,0.5989412430991085
666160.0,Mickey Moniak,LAA,26.0,0.13,418,0.99,0.99,0.98,Average,51.3,2026-01-29,2024,v1.0,hitter,0.7822595272269351,0.47509154709931833,0.22088422373665234
666163.0,Ben Rortvedt,TBR,26.0,1.36,328,1.01,1.01,0.99,Average,53.0,2026-01-29,2024,v1.0,hitter,0.9150446068803614,0.7640867318767705,0.5792826301857871
666176.0,Jo Adell,LAA,25.0,0.12,451,0.86,0.89,0.9,Average,39.8,2026-01-29,2024,v1.0,hitter,0.7883476109305984,0.48638636022951476,0.23166973617571876
666181.0,Will Benson,CIN,26.0,-0.59,388,0.98,0.99,0.97,Average,50.1,2026-01-29,2024,v1.0,hitter,0.6448809727022596,0.26459866894890455,0.06735982727583231
666182.0,Bo Bichette,TOR,26.0,0.28,336,0.94,0.94,0.93,Average,46.8,2026-01-29,2024,v1.0,hitter,0.8055571976978809,0.519284419612783,0.2645713746511024
666185.0,Dylan Carlson,- - -,25.0,-1.1,265,0.54,0.55,0.56,Average,5.7,2026-01-29,2024,v1.0,hitter,0.5313583158594299,0.1471393644931436,0.020477622414908664
666310.0,Bo Naylor,CLE,24.0,1.59,389,0.98,1.01,1.05,Average,50.1,2026-01-29,2024,v1.0,hitter,0.9339841592697311,0.8130319905270442,0.6570581623390498
666397.0,Edouard Julien,MIN,25.0,-0.02,301,1.06,1.09,1.1,Average,56.0,2026-01-29,2024,v1.0,hitter,0.7652541009564948,0.4444762666936928,0.1929597991971709
666464.0,Jerar Encarnacion,SFG,26.0,-0.09,119,0.9,0.91,0.89,Average,43.1,2026-01-29,2024,v1.0,hitter,0.7451882731233613,0.4100862643448489,0.1638717625223841
666624.0,Christopher Morel,- - -,25.0,-0.99,611,0.8,0.83,0.84,Average,33.7,2026-01-29,2024,v1.0,hitter,0.5590375469652025,0.17161950461553743,0.027983160535071105
666915.0,Bobby Dalbec,BOS,29.0,-0.68,93,0.56,0.55,0.54,Average,7.0,2026-01-29,2024,v1.0,hitter,0.590715364477753,0.20282133888515397,0.039273383805171015
666969.0,Adolis García,TEX,31.0,-0.15,637,0.83,0.81,0.8,Average,36.9,2026-01-29,2024,v1.0,hitter,0.6895499652133927,0.3241450903140335,0.10168700094458182
666971.0,Lourdes Gurriel Jr.,ARI,30.0,2.12,553,1.24,1.22,1.2,Average,64.7,2026-01-29,2024,v1.0,hitter,0.9463242837156152,0.8460268045486836,0.7122930218115442
667452.0,Corey Julks,CHW,28.0,-0.6,189,0.62,0.61,0.61,Average,13.0,2026-01-29,2024,v1.0,hitter,0.6228485797002151,0.23814022376759916,0.0543953716753506
667472.0,Dane Myers,MIA,28.0,0.66,108,1.11,1.1,1.09,Average,58.2,2026-01-29,2024,v1.0,hitter,0.8434722565568281,0.5969555338610915,0.3510547705249988
667670.0,Brent Rooker,OAK,29.0,5.11,614,2.36,2.33,2.29,Average,94.7,2026-01-29,2024,v1.0,hitter,0.9954657061983253,0.9863210359376684,0.9724400065252238
668227.0,Randy Arozarena,- - -,29.0,1.98,648,1.27,1.26,1.24,Average,66.6,2026-01-29,2024,v1.0,hitter,0.9419998935660556,0.8343641627774185,0.6925108711577656
668670.0,Jake Rogers,DET,29.0,2.16,337,1.26,1.24,1.22,Average,65.7,2026-01-29,2024,v1.0,hitter,0.9497382011587533,0.8553107270525766,0.7282424265117774
668709.0,JJ Bleday,OAK,26.0,3.2,642,1.93,1.94,1.9,Average,89.1,2026-01-29,2024,v1.0,hitter,0.9806393767623236,0.9424693353394089,0.8867208028616065
668715.0,Spencer Steer,CIN,26.0,1.59,656,1.43,1.44,1.42,Average,73.8,2026-01-29,2024,v1.0,hitter,0.9286594769395116,0.7990654121996837,0.6343582532200115
668731.0,Akil Baddoo,DET,25.0,-0.28,82,0.59,0.61,0.62,Average,9.7,2026-01-29,2024,v1.0,hitter,0.7194555044334714,0.3686551421270354,0.13202328164804203
668800.0,Andrew Knizner,TEX,29.0,-0.61,93,0.52,0.51,0.5,Average,5.1,2026-01-29,2024,v1.0,hitter,0.6085814142488019,0.2219894372335813,0.04717098976923601
668804.0,Bryan Reynolds,PIT,29.0,2.18,692,1.5,1.48,1.46,Average,77.2,2026-01-29,2024,v1.0,hitter,0.950692680312666,0.8579185256488704,0.7327547459476845
668832.0,Kyle McCann,OAK,26.0,0.17,157,1.03,1.03,1.02,Average,54.7,2026-01-29,2024,v1.0,hitter,0.7893376511960705,0.4882399543871291,0.23346466108561678
668845.0,Aaron Schunk,COL,26.0,0.02,98,0.79,0.8,0.78,Average,32.5,2026-01-29,2024,v1.0,hitter,0.7648955714090316,0.44384544626677047,0.19240453496187826
668885.0,Austin Martin,MIN,25.0,-0.21,257,0.61,0.63,0.64,Average,12.2,2026-01-29,2024,v1.0,hitter,0.7316970991924587,0.38799623106514225,0.14645698349620473
668901.0,Mark Vientos,NYM,24.0,2.87,454,1.82,1.87,1.94,Average,85.1,2026-01-29,2024,v1.0,hitter,0.9764709065693574,0.9303799740275117,0.8637941588180413
668904.0,Royce Lewis,MIN,25.0,1.15,325,1.25,1.29,1.3,Average,65.1,2026-01-29,2024,v1.0,hitter,0.9025642779823726,0.7329378009080895,0.5323709150237449
668930.0,Brice Turang,MIL,24.0,2.56,619,1.75,1.8,1.86,Average,84.1,2026-01-29,2024,v1.0,hitter,0.9695279433063333,0.9104754687783453,0.8267100250213364
668939.0,Adley Rutschman,BAL,26.0,2.73,638,1.74,1.75,1.68,Average,83.6,2026-01-29,2024,v1.0,hitter,0.9714271798421066,0.9158916727186274,0.836719245022804
668942.0,Josh Rojas,SEA,30.0,1.89,476,1.16,1.13,1.12,Average,60.6,2026-01-29,2024,v1.0,hitter,0.9353469783778273,0.8166327499814822,0.6629761191071527
669003.0,Garrett Mitchell,MIL,25.0,1.87,224,1.49,1.53,1.55,Average,76.8,2026-01-29,2024,v1.0,hitter,0.9448960098720716,0.8421628286143036,0.70570765155683
669004.0,MJ Melendez,KCR,25.0,-0.24,451,0.74,0.76,0.77,Average,28.1,2026-01-29,2024,v1.0,hitter,0.7272030616366348,0.380818845628401,0.14101209328712863
669016.0,Brandon Marsh,PHI,26.0,2.28,476,1.58,1.59,1.56,Average,79.8,2026-01-29,2024,v1.0,hitter,0.9591271720364065,0.8811949256956446,0.7736566579226639
669065.0,Kyle Stowers,- - -,26.0,-0.72,209,0.67,0.67,0.66,Average,19.1,2026-01-29,2024,v1.0,hitter,0.61432156599661,0.22839613490238814,0.04997431322392165
669127.0,Shea Langeliers,OAK,26.0,1.96,534,1.45,1.46,1.43,Average,75.0,2026-01-29,2024,v1.0,hitter,0.9469332434097593,0.8476778571614128,0.7151163690296499
669134.0,Luis Campusano,SDP,25.0,-0.46,299,0.8,0.83,0.84,Average,33.7,2026-01-29,2024,v1.0,hitter,0.6830074256804057,0.31491355089190587,0.09589693073929549
669221.0,Sean Murphy,ATL,29.0,0.83,264,1.13,1.11,1.1,Average,59.0,2026-01-29,2024,v1.0,hitter,0.8576604081717126,0.6279110831300428,0.3889780169049842
669222.0,Nick Senzel,- - -,29.0,-0.55,267,0.75,0.74,0.73,Average,29.7,2026-01-29,2024,v1.0,hitter,0.6238192500968691,0.2392667818757319,0.05491876910249545
669224.0,Austin Wells,NYY,24.0,3.47,414,1.86,1.91,1.98,Average,86.5,2026-01-29,2024,v1.0,hitter,0.9855478429039954,0.9568392294850748,0.9143685929241232
669234.0,Justyn-Henry Malloy,DET,24.0,-0.52,230,0.64,0.66,0.68,Average,15.4,2026-01-29,2024,v1.0,hitter,0.6812742252951176,0.3124978690108225,0.09441021251865767
669242.0,Tommy Edman,LAD,29.0,0.82,153,1.46,1.45,1.42,Average,75.7,2026-01-29,2024,v1.0,hitter,0.8565447803129057,0.6254389439681903,0.3858769428174222
669257.0,Will Smith,LAD,29.0,2.61,544,1.7,1.68,1.66,Average,83.0,2026-01-29,2024,v1.0,hitter,0.9650641757408224,0.8978303698793295,0.8035794753486835
669261.0,Jack Suwinski,PIT,25.0,-1.13,277,0.63,0.65,0.65,Average,14.0,2026-01-29,2024,v1.0,hitter,0.5220149365520895,0.13943718516475695,0.0183611824783836
669289.0,Santiago Espinal,CIN,29.0,0.02,391,0.82,0.81,0.8,Average,36.1,2026-01-29,2024,v1.0,hitter,0.7408644186916822,0.4029171797365971,0.1581112368424027
669304.0,Jose Miranda,MIN,26.0,1.05,429,1.07,1.08,1.06,Average,56.5,2026-01-29,2024,v1.0,hitter,0.8913603310627518,0.7057095659324744,0.4930085585841573
669357.0,Nolan Gorman,STL,24.0,0.31,402,1.19,1.22,1.26,Average,62.2,2026-01-29,2024,v1.0,hitter,0.8219131404010711,0.551902050594098,0.29938144184533877
669364.0,Xavier Edwards,MIA,24.0,2.22,303,1.78,1.83,1.9,Average,84.6,2026-01-29,2024,v1.0,hitter,0.9601318301789435,0.88399532792344,0.7786535412540109
669394.0,Jake Burger,MIA,28.0,1.43,579,1.32,1.31,1.3,Average,68.6,2026-01-29,2024,v1.0,hitter,0.9134618007842372,0.7600881165464284,0.5731481253803574
669397.0,Nick Allen,OAK,25.0,-0.59,105,0.83,0.85,0.86,Average,36.9,2026-01-29,2024,v1.0,hitter,0.6558691843269149,0.27850050682225874,0.07473493786545278
669477.0,Casey Schmitt,SFG,25.0,0.4,113,1.17,1.2,1.22,Average,61.2,2026-01-29,2024,v1.0,hitter,0.82738518648943,0.5631135298327923,0.3118505496413088
669701.0,Josh Smith,TEX,26.0,2.9,592,1.66,1.67,1.64,Average,81.6,2026-01-29,2024,v1.0,hitter,0.975176958042415,0.9266485201091663,0.8567792208794978
669707.0,Jared Triolo,PIT,26.0,0.42,446,0.98,0.98,0.97,Average,50.1,2026-01-29,2024,v1.0,hitter,0.8245344435442817,0.5572538945623473,0.3053014313227566
669720.0,Austin Hays,- - -,28.0,0.16,255,0.77,0.76,0.75,Average,30.9,2026-01-29,2024,v1.0,hitter,0.7735184056090856,0.45918405715723865,0.20613608140929557
669743.0,Alex Call,WSN,29.0,1.17,113,1.67,1.65,1.63,Average,82.0,2026-01-29,2024,v1.0,hitter,0.890148200388062,0.7028050961993236,0.488900206629114
669911.0,Michael Toglia,COL,25.0,0.38,458,0.94,0.97,0.98,Average,46.8,2026-01-29,2024,v1.0,hitter,0.8252616655033901,0.558744781310695,0.30696105936538326
670032.0,Nicky Lopez,CHW,29.0,0.88,445,0.89,0.88,0.86,Average,42.1,2026-01-29,2024,v1.0,hitter,0.8630285214733785,0.6398979620530699,0.40419300856481694
670042.0,Luke Raley,SEA,29.0,2.27,455,1.48,1.47,1.44,Average,76.4,2026-01-29,2024,v1.0,hitter,0.9538736846327346,0.8666480242053576,0.7479624211985914
670097.0,Zack Short,- - -,29.0,-0.42,88,0.66,0.66,0.65,Average,17.5,2026-01-29,2024,v1.0,hitter,0.6517842667626175,0.27327669745260935,0.07191806641305482
670156.0,Miles Mastrobuoni,CHC,28.0,-0.39,106,0.68,0.67,0.67,Average,20.2,2026-01-29,2024,v1.0,hitter,0.6699348277461444,0.2969990013108904,0.08515164424332382
670242.0,Matt Wallner,MIN,26.0,2.06,261,1.76,1.77,1.7,Average,84.4,2026-01-29,2024,v1.0,hitter,0.9510757923544665,0.8589667491279971,0.7345724884342489
670541.0,Yordan Alvarez,HOU,27.0,5.21,635,2.69,2.62,2.61,Average,96.9,2026-01-29,2024,v1.0,hitter,0.9961182333997918,0.9882817945412083,0.97636650643857
670623.0,Isaac Paredes,- - -,25.0,3.37,641,2.18,2.24,2.27,Average,93.0,2026-01-29,2024,v1.0,hitter,0.9836780511714612,0.9513480943497002,0.9037527813421862
670764.0,Taylor Walls,TBR,27.0,-0.17,252,0.97,0.95,0.94,Average,49.1,2026-01-29,2024,v1.0,hitter,0.7237741177121881,0.3754027446590863,0.13697258655199102
670770.0,TJ Friedl,CIN,28.0,0.25,341,0.96,0.95,0.94,Average,48.4,2026-01-29,2024,v1.0,hitter,0.7878435360006184,0.4854444245631928,0.2307603064459618
671056.0,Iván Herrera,STL,24.0,2.12,259,1.47,1.51,1.57,Average,76.0,2026-01-29,2024,v1.0,hitter,0.9566954572108396,0.874441339079457,0.7616730429820868
671213.0,Triston Casas,BOS,24.0,0.64,243,1.34,1.38,1.43,Average,69.9,2026-01-29,2024,v1.0,hitter,0.8612821407844949,0.6359816581281252,0.39918946449373327
671218.0,Heliot Ramos,SFG,24.0,2.32,518,1.62,1.67,1.73,Average,81.0,2026-01-29,2024,v1.0,hitter,0.9631482865232387,0.8924392712002718,0.7938192238309063
671277.0,Luis García Jr.,WSN,24.0,3.03,528,2.16,2.22,2.3,Average,92.6,2026-01-29,2024,v1.0,hitter,0.9792421156851655,0.9384053558626937,0.8789797589216884
671289.0,Tyler Freeman,CLE,25.0,0.37,383,0.81,0.83,0.84,Average,35.2,2026-01-29,2024,v1.0,hitter,0.8239924309068427,0.5561444430723815,0.30406937125078093
671732.0,Lawrence Butler,OAK,23.0,3.13,451,2.21,2.28,2.36,Average,93.2,2026-01-29,2024,v1.0,hitter,0.9816077892411268,0.9452929028011726,0.8921193853034121
671739.0,Michael Harris II,ATL,23.0,1.99,470,1.46,1.51,1.56,Average,75.7,2026-01-29,2024,v1.0,hitter,0.9535892053269646,0.8658649272386991,0.7465917176033865
672275.0,Patrick Bailey,SFG,25.0,4.33,448,1.89,1.94,1.96,Average,87.5,2026-01-29,2024,v1.0,hitter,0.9925751474400497,0.9776666303493923,0.9552050679438391
672279.0,Michael Siani,STL,24.0,1.07,334,0.79,0.81,0.84,Average,32.5,2026-01-29,2024,v1.0,hitter,0.9003720990143728,0.727555871099328,0.5244689636015873
672284.0,Jarred Kelenic,ATL,24.0,0.53,449,0.82,0.84,0.87,Average,36.1,2026-01-29,2024,v1.0,hitter,0.8485481292528917,0.6079096519558237,0.3642490336918042
672356.0,Gabriel Arias,CLE,24.0,-0.24,161,0.72,0.74,0.77,Average,25.6,2026-01-29,2024,v1.0,hitter,0.7353446378945965,0.39388788187795254,0.15100469551785836
672386.0,Alejandro Kirk,TOR,25.0,2.75,386,1.66,1.71,1.73,Average,81.6,2026-01-29,2024,v1.0,hitter,0.972931685137648,0.9201974825831272,0.8447200324176429
672515.0,Gabriel Moreno,ARI,24.0,2.53,351,1.52,1.57,1.63,Average,78.3,2026-01-29,2024,v1.0,hitter,0.9687931185248874,0.9083856821203793,0.8228644023849631
672580.0,Maikel Garcia,KCR,24.0,1.25,626,1.03,1.06,1.1,Average,54.7,2026-01-29,2024,v1.0,hitter,0.9130806965734144,0.7591274386262372,0.5716792289724792
672640.0,Otto Lopez,MIA,25.0,2.49,434,1.39,1.43,1.44,Average,72.2,2026-01-29,2024,v1.0,hitter,0.966700983560281,0.9024534133484187,0.8119973915589652
672695.0,Geraldo Perdomo,ARI,24.0,2.02,388,1.93,1.98,2.05,Average,89.1,2026-01-29,2024,v1.0,hitter,0.9529707361897831,0.8641640799387454,0.7436190104373198
672761.0,Wenceel Pérez,DET,24.0,1.04,425,0.8,0.82,0.86,Average,33.7,2026-01-29,2024,v1.0,hitter,0.8981333155249006,0.7220869204274933,0.516500628899898
672820.0,Lenyn Sosa,CHW,24.0,0.09,369,0.74,0.76,0.79,Average,28.1,2026-01-29,2024,v1.0,hitter,0.7903618581036638,0.4901624915570103,0.23533376980350673
673237.0,Yainer Diaz,HOU,25.0,2.96,619,1.74,1.8,1.82,Average,83.6,2026-01-29,2024,v1.0,hitter,0.9772964901771453,0.9327660231236351,0.8682950129186608
673357.0,Luis Robert Jr.,CHW,26.0,0.55,425,1.18,1.18,1.16,Average,61.7,2026-01-29,2024,v1.0,hitter,0.8404304878796495,0.5904549749771125,0.3433415344031943
673490.0,Ha-Seong Kim,SDP,28.0,2.63,470,1.7,1.68,1.68,Average,83.0,2026-01-29,2024,v1.0,hitter,0.9668420509135184,0.9028525926301196,0.8127263279038658
673548.0,Seiya Suzuki,CHC,29.0,3.47,585,1.9,1.88,1.85,Average,88.4,2026-01-29,2024,v1.0,hitter,0.9826002397037004,0.9481924320635309,0.8976805007229363
673962.0,Josh Jung,TEX,26.0,0.34,188,0.98,0.99,0.97,Average,50.1,2026-01-29,2024,v1.0,hitter,0.8134312654782851,0.5348210171834654,0.28088021181771516
675961.0,Alika Williams,PIT,25.0,-0.31,96,0.58,0.6,0.6,Average,8.6,2026-01-29,2024,v1.0,hitter,0.7137761008772034,0.3599057456807045,0.125743182151547
676059.0,Jordan Westburg,BAL,25.0,2.71,447,1.61,1.66,1.68,Average,80.6,2026-01-29,2024,v1.0,hitter,0.9720703759942528,0.9177308082300953,0.8401318875654665
676113.0,Zach DeLoach,CHW,25.0,0.0,75,0.62,0.64,0.64,Average,13.0,2026-01-29,2024,v1.0,hitter,0.7687515575747069,0.4506614642394562,0.19844716172606672
676116.0,Ryan Noda,OAK,28.0,-0.58,111,0.45,0.45,0.44,Average,1.4,2026-01-29,2024,v1.0,hitter,0.6274686939499882,0.24353426731889902,0.05692449397504507
676356.0,Jonny DeLuca,TBR,25.0,0.84,362,0.77,0.8,0.81,Average,30.9,2026-01-29,2024,v1.0,hitter,0.876921033150832,0.6716294508777452,0.4458999537165759
676369.0,Nelson Velázquez,KCR,25.0,-0.47,230,0.71,0.73,0.74,Average,24.2,2026-01-29,2024,v1.0,hitter,0.6813952795088558,0.31266618596381296,0.0945134204462349
676391.0,Ernie Clement,TOR,28.0,2.12,452,1.17,1.15,1.15,Average,61.2,2026-01-29,2024,v1.0,hitter,0.9499694924286647,0.8559421656613788,0.7293337187565334
676475.0,Alec Burleson,STL,25.0,0.65,595,0.93,0.96,0.97,Average,45.9,2026-01-29,2024,v1.0,hitter,0.8573632310635492,0.6272519246653566,0.3881499316593926
676609.0,José Caballero,TBR,27.0,1.92,483,1.37,1.34,1.33,Average,71.2,2026-01-29,2024,v1.0,hitter,0.9431005261526848,0.8373222213837801,0.6975015794626768
676632.0,Bligh Madris,DET,28.0,0.32,75,0.74,0.73,0.73,Average,28.1,2026-01-29,2024,v1.0,hitter,0.798022661850305,0.5047036931205683,0.2497157352869436
676694.0,Jake Meyers,HOU,28.0,1.95,513,1.14,1.13,1.12,Average,59.6,2026-01-29,2024,v1.0,hitter,0.9426874996464965,0.8362113496457784,0.6956252336513624
676801.0,Chas McCormick,HOU,29.0,-0.23,267,0.7,0.69,0.68,Average,22.4,2026-01-29,2024,v1.0,hitter,0.6940038391893256,0.3305321553009861,0.10579378595859139
676914.0,Davis Schneider,TOR,25.0,0.36,454,0.83,0.85,0.86,Average,36.9,2026-01-29,2024,v1.0,hitter,0.8220662494596904,0.5522136980659014,0.2997245614870435
677008.0,Heston Kjerstad,BAL,25.0,0.29,114,0.95,0.98,0.99,Average,47.7,2026-01-29,2024,v1.0,hitter,0.8126093084488459,0.533184820320653,0.2791393791383951
677587.0,Brayan Rocchio,CLE,23.0,1.06,442,1.31,1.35,1.39,Average,68.2,2026-01-29,2024,v1.0,hitter,0.9026338314108387,0.7331089939068794,0.5326232505097735
677588.0,José Tena,- - -,23.0,0.03,168,1.02,1.05,1.09,Average,53.9,2026-01-29,2024,v1.0,hitter,0.7872551879850674,0.4843465594459248,0.22970261772371925
677594.0,Julio Rodríguez,SEA,23.0,3.95,613,2.31,2.38,2.46,Average,94.3,2026-01-29,2024,v1.0,hitter,0.9905670091243864,0.9716842629847074,0.943382755326427
677649.0,Ezequiel Duran,TEX,25.0,0.18,285,0.7,0.72,0.73,Average,22.4,2026-01-29,2024,v1.0,hitter,0.7970996872179873,0.5029366570517979,0.2479449546900437
677800.0,Wilyer Abreu,BOS,25.0,3.07,447,1.45,1.49,1.51,Average,75.0,2026-01-29,2024,v1.0,hitter,0.9791419450378039,0.9381144581796154,0.8784269789176478
677870.0,Leo Jiménez,TOR,23.0,0.52,210,1.21,1.25,1.29,Average,63.1,2026-01-29,2024,v1.0,hitter,0.8527302934774885,0.6170356362279491,0.37542986642740506
677942.0,Blaze Alexander,ARI,25.0,-0.08,185,0.71,0.73,0.74,Average,24.2,2026-01-29,2024,v1.0,hitter,0.7559790696116946,0.42834948887093166,0.1790193251820127
677950.0,Alek Thomas,ARI,24.0,-0.19,103,0.8,0.82,0.85,Average,33.7,2026-01-29,2024,v1.0,hitter,0.7447519434363045,0.4093589699372926,0.16328259931946365
677951.0,Bobby Witt Jr.,KCR,24.0,10.49,709,3.48,3.65,3.78,Good,99.4,2026-01-29,2024,v1.0,hitter,0.9999547248439351,0.9998627904034433,0.9997216144000746
678009.0,Parker Meadows,DET,24.0,2.17,298,1.2,1.24,1.28,Average,62.7,2026-01-29,2024,v1.0,hitter,0.958259200614011,0.8787803178784377,0.7693612629473915
678225.0,Ji Hwan Bae,PIT,24.0,-0.68,81,0.6,0.62,0.64,Average,11.0,2026-01-29,2024,v1.0,hitter,0.6460193318163842,0.26601677937618207,0.06809436197974357
678246.0,Miguel Vargas,- - -,24.0,-1.0,237,0.58,0.59,0.62,Average,8.6,2026-01-29,2024,v1.0,hitter,0.5685496690797365,0.1806233844712312,0.03104249144958595
678554.0,Curtis Mead,TBR,23.0,-0.29,132,0.69,0.7,0.73,Average,21.1,2026-01-29,2024,v1.0,hitter,0.7352827291251338,0.39378738762350957,0.15092653363895667
678662.0,Ezequiel Tovar,COL,22.0,3.65,695,1.98,2.09,2.16,Average,91.0,2026-01-29,2024,v1.0,hitter,0.988400861157746,0.9652587280195861,0.9307678234700311
678877.0,Jhonkensy Noel,CLE,22.0,0.62,198,1.08,1.14,1.18,Average,57.0,2026-01-29,2024,v1.0,hitter,0.867794480433473,0.6506679031013534,0.418115907422158
678882.0,Ceddanne Rafaela,BOS,23.0,1.02,571,1.39,1.43,1.48,Average,72.2,2026-01-29,2024,v1.0,hitter,0.900166610733897,0.7270527468702043,0.5237333206732352
679032.0,Johan Rojas,PHI,23.0,1.11,363,0.85,0.88,0.91,Average,38.6,2026-01-29,2024,v1.0,hitter,0.906407854618945,0.7424382810333962,0.5464661692070175
679529.0,Spencer Torkelson,DET,24.0,0.09,381,0.93,0.96,0.99,Average,45.9,2026-01-29,2024,v1.0,hitter,0.7903682603480618,0.49017452512506116,0.2353454927564497
679845.0,Nick Loftin,KCR,25.0,-0.2,171,0.57,0.58,0.59,Average,7.6,2026-01-29,2024,v1.0,hitter,0.7344010654799074,0.39235807900655495,0.14981707541485947
680118.0,Dairon Blanco,KCR,31.0,0.51,132,0.94,0.92,0.91,Average,46.8,2026-01-29,2024,v1.0,hitter,0.8053245720280898,0.5188300767637328,0.26410189297490516
680474.0,Max Schuemann,OAK,27.0,1.33,459,1.25,1.22,1.22,Average,65.1,2026-01-29,2024,v1.0,hitter,0.9098364690633196,0.7509823906695573,0.5593020874896626
680700.0,Richie Palacios,TBR,27.0,1.3,316,0.88,0.86,0.86,Average,41.2,2026-01-29,2024,v1.0,hitter,0.9075903716583645,0.745377715388298,0.5508650628483147
680718.0,Addison Barger,TOR,24.0,-0.34,225,0.6,0.61,0.64,Average,11.0,2026-01-29,2024,v1.0,hitter,0.7176609227968711,0.365875277161106,0.1300111391406809
680728.0,Adrian Del Castillo,ARI,24.0,0.74,87,1.33,1.36,1.41,Average,69.3,2026-01-29,2024,v1.0,hitter,0.871620030209253,0.6594000970197992,0.4295800756826224
680757.0,Steven Kwan,CLE,26.0,4.19,540,2.0,2.01,1.98,Average,91.4,2026-01-29,2024,v1.0,hitter,0.9913411017726355,0.9739874186993062,0.9479253955893653
680776.0,Jarren Duran,BOS,27.0,6.84,735,2.63,2.57,2.55,Average,96.5,2026-01-29,2024,v1.0,hitter,0.9989801918625826,0.9969124557107528,0.9937451675611703
680777.0,Ryan Jeffers,MIN,27.0,1.58,465,1.3,1.27,1.27,Average,68.0,2026-01-29,2024,v1.0,hitter,0.92555289117018,0.7909916166833669,0.6214204817347749
680779.0,Henry Davis,PIT,24.0,-0.7,122,0.5,0.51,0.53,Average,3.5,2026-01-29,2024,v1.0,hitter,0.6412134224785575,0.26006428299857065,0.065038271768046
680869.0,Zack Gelof,OAK,24.0,1.42,547,1.33,1.37,1.42,Average,69.3,2026-01-29,2024,v1.0,hitter,0.9243417660149101,0.7878588574645443,0.6164368290897543
680977.0,Brendan Donovan,STL,27.0,3.17,652,1.61,1.57,1.56,Average,80.6,2026-01-29,2024,v1.0,hitter,0.9792956333916731,0.9385607971854703,0.8792752094923081
681082.0,Bryson Stott,PHI,26.0,1.76,571,1.52,1.52,1.5,Average,78.3,2026-01-29,2024,v1.0,hitter,0.9377812108534951,0.823090893712991,0.6736576975195745
681146.0,Jonah Bride,MIA,28.0,1.06,272,1.26,1.25,1.24,Average,65.7,2026-01-29,2024,v1.0,hitter,0.8844901098313939,0.6893532734768365,0.4701000261756214
681297.0,Colton Cowser,BAL,24.0,3.84,561,1.9,1.95,2.02,Average,88.4,2026-01-29,2024,v1.0,hitter,0.9892969831924217,0.9679134681157373,0.9359693009585113
681351.0,Logan O'Hoppe,LAA,24.0,2.15,522,1.22,1.26,1.3,Average,63.5,2026-01-29,2024,v1.0,hitter,0.957611633387597,0.876981742450227,0.7661696220691963
681393.0,Connor Norby,- - -,24.0,0.09,194,1.02,1.05,1.09,Average,53.9,2026-01-29,2024,v1.0,hitter,0.7905066590664341,0.49043470579235404,0.2355990299654496
681460.0,Brooks Baldwin,CHW,23.0,0.07,121,0.74,0.76,0.79,Average,28.1,2026-01-29,2024,v1.0,hitter,0.7938894935026617,0.49682302489622526,0.24186766797594364
681481.0,Kerry Carpenter,DET,26.0,2.39,296,1.75,1.75,1.69,Average,84.1,2026-01-29,2024,v1.0,hitter,0.9625423751240048,0.8907388296845807,0.7907532276525361
681546.0,James Outman,LAD,27.0,-0.35,156,0.7,0.68,0.68,Average,22.4,2026-01-29,2024,v1.0,hitter,0.6878053322190969,0.32166592128000426,0.10011514492048729
681624.0,Andy Pages,LAD,23.0,1.26,443,1.15,1.18,1.22,Average,60.0,2026-01-29,2024,v1.0,hitter,0.9170718676218219,0.7692287202225665,0.5872199364931873
681807.0,David Fry,CLE,28.0,1.73,392,1.44,1.43,1.42,Average,74.2,2026-01-29,2024,v1.0,hitter,0.9318135321412999,0.8073188798917654,0.6477237106321065
682177.0,Daniel Schneemann,CLE,27.0,0.3,221,0.95,0.92,0.92,Average,47.7,2026-01-29,2024,v1.0,hitter,0.8009487937057554,0.5103332675546096,0.2553998593289825
682617.0,Marco Luciano,SFG,22.0,-0.69,81,0.64,0.67,0.69,Average,15.4,2026-01-29,2024,v1.0,hitter,0.6645079067761364,0.2897672483746287,0.08099731900779096
682622.0,Noelvi Marte,CIN,22.0,-1.44,242,0.68,0.72,0.74,Average,20.2,2026-01-29,2024,v1.0,hitter,0.4740211817146642,0.1040966459014807,0.010146800704517627
682626.0,Francisco Alvarez,NYM,22.0,1.87,342,1.34,1.41,1.46,Average,69.9,2026-01-29,2024,v1.0,hitter,0.9508803047452452,0.858431773107399,0.7336444918654791
682641.0,Luis Matos,SFG,22.0,-0.82,156,0.64,0.68,0.7,Average,15.4,2026-01-29,2024,v1.0,hitter,0.6362838975592842,0.25405208393377976,0.06202374664510412
682657.0,Angel Martínez,CLE,22.0,-0.04,169,0.74,0.77,0.8,Average,28.1,2026-01-29,2024,v1.0,hitter,0.7848763141205751,0.47992451131142355,0.22546734507361457
682829.0,Elly De La Cruz,CIN,22.0,6.53,696,3.18,3.34,3.46,Good,98.9,2026-01-29,2024,v1.0,hitter,0.9989094461853375,0.9966985052030435,0.9933124781068274
682868.0,Bryan Ramos,CHW,22.0,-0.44,108,0.74,0.77,0.8,Average,28.1,2026-01-29,2024,v1.0,hitter,0.7163355767771326,0.36383131458239465,0.12854166037191003
682928.0,CJ Abrams,WSN,23.0,1.87,602,2.26,2.32,2.41,Average,93.9,2026-01-29,2024,v1.0,hitter,0.9488558178731945,0.8529046361656318,0.7240916630840425
682985.0,Riley Greene,DET,23.0,3.95,584,2.15,2.21,2.29,Average,92.4,2026-01-29,2024,v1.0,hitter,0.9905723900479877,0.971700260223475,0.9434142693902736
682998.0,Corbin Carroll,ARI,23.0,4.34,684,2.24,2.3,2.38,Average,93.6,2026-01-29,2024,v1.0,hitter,0.9931271684225367,0.9793154482605423,0.9584765772479275
683002.0,Gunnar Henderson,BAL,23.0,7.94,719,3.18,3.27,3.38,Good,98.9,2026-01-29,2024,v1.0,hitter,0.9996450193260956,0.9989245439595801,0.997819052440398
683011.0,Anthony Volpe,NYY,23.0,3.48,689,1.96,2.02,2.09,Average,90.7,2026-01-29,2024,v1.0,hitter,0.9861815023547232,0.958704943877312,0.9179898214237742
683021.0,Michael Stefanic,LAA,28.0,-0.36,124,0.55,0.55,0.54,Average,6.4,2026-01-29,2024,v1.0,hitter,0.6755876530617008,0.30465934285369506,0.08966714688751241
683083.0,Nasim Nuñez,WSN,23.0,0.35,78,1.04,1.07,1.11,Average,55.3,2026-01-29,2024,v1.0,hitter,0.8331946837882738,0.5751823254681478,0.32556161963433555
683146.0,Brett Baty,NYM,24.0,0.47,171,0.84,0.86,0.89,Average,37.7,2026-01-29,2024,v1.0,hitter,0.8423738303919511,0.5946025867189094,0.3482528463390477
683734.0,Andrew Vaughn,CHW,26.0,-0.14,619,0.85,0.85,0.84,Average,38.6,2026-01-29,2024,v1.0,hitter,0.7360999158703732,0.39511528110940175,0.15196099164302368
683737.0,Michael Busch,CHC,26.0,2.21,567,1.69,1.69,1.67,Average,82.6,2026-01-29,2024,v1.0,hitter,0.9568127137026704,0.8747661962121156,0.7622472999304828
686217.0,Sal Frelick,MIL,24.0,1.52,524,1.14,1.17,1.21,Average,59.6,2026-01-29,2024,v1.0,hitter,0.9302076221876354,0.8031094662876469,0.6408894331383714
686469.0,Vinnie Pasquantino,KCR,26.0,1.51,554,1.29,1.3,1.28,Average,67.6,2026-01-29,2024,v1.0,hitter,0.9243025833182764,0.7877576445408263,0.6162761570305763
686527.0,Dominic Canzone,SEA,26.0,0.06,188,1.02,1.02,1.01,Average,53.9,2026-01-29,2024,v1.0,hitter,0.770750677831289,0.4542226453064316,0.20164196258043682
686554.0,Oliver Dunn,MIL,26.0,0.14,104,0.85,0.85,0.84,Average,38.6,2026-01-29,2024,v1.0,hitter,0.7843637590988081,0.47897528733388467,0.22456342469050453
686611.0,Dylan Crews,WSN,22.0,0.46,132,0.95,1.0,1.03,Average,47.7,2026-01-29,2024,v1.0,hitter,0.8506474730524163,0.6124792830414401,0.3698261543186149
686668.0,Brenton Doyle,COL,26.0,3.56,603,1.88,1.88,1.85,Average,86.8,2026-01-29,2024,v1.0,hitter,0.9855706521836022,0.9569063457116724,0.9144987352229129
686676.0,Korey Lee,CHW,25.0,-0.38,394,0.74,0.76,0.77,Average,28.1,2026-01-29,2024,v1.0,hitter,0.6993332182846602,0.3382848899600243,0.11088950318264618
686681.0,Michael Massey,KCR,26.0,1.55,356,1.84,1.84,1.81,Average,85.9,2026-01-29,2024,v1.0,hitter,0.9265450581564398,0.7935642182176723,0.6255282442204785
686765.0,Nick Sogard,BOS,26.0,0.32,86,0.88,0.88,0.87,Average,41.2,2026-01-29,2024,v1.0,hitter,0.8110680691765478,0.5301258593817539,0.2758995181142442
686780.0,Pedro Pagés,STL,25.0,0.48,218,0.86,0.89,0.9,Average,39.8,2026-01-29,2024,v1.0,hitter,0.837001367021987,0.5831836784705445,0.33481673569743114
686797.0,Brooks Lee,MIN,23.0,-0.3,185,0.76,0.78,0.81,Average,30.5,2026-01-29,2024,v1.0,hitter,0.7339086137148504,0.39156125616327647,0.14920036767705774
686823.0,Will Brennan,CLE,26.0,0.47,353,1.03,1.04,1.02,Average,54.7,2026-01-29,2024,v1.0,hitter,0.8302762287401285,0.569098018961946,0.3186119884499349
687093.0,Vaughn Grissom,BOS,23.0,-0.66,114,0.67,0.69,0.71,Average,19.1,2026-01-29,2024,v1.0,hitter,0.6603905476314716,0.2843599870425271,0.07795991594860321
687231.0,Darell Hernaiz,OAK,22.0,-0.47,135,0.63,0.66,0.68,Average,14.0,2026-01-29,2024,v1.0,hitter,0.7090473537922561,0.3527279215195449,0.12070698457052693
687263.0,Zach Neto,LAA,23.0,3.54,602,2.64,2.71,2.81,Average,96.7,2026-01-29,2024,v1.0,hitter,0.9868252838730045,0.9606029558454554,0.921681186161657
687363.0,Victor Scott II,STL,23.0,-0.44,155,0.72,0.74,0.77,Average,25.6,2026-01-29,2024,v1.0,hitter,0.7058240585594617,0.34789062079210226,0.11737184759762623
687401.0,Joey Ortiz,MIL,25.0,3.19,511,1.95,2.01,2.03,Average,90.3,2026-01-29,2024,v1.0,hitter,0.9811055585530335,0.9438278593351969,0.8893161885686977
687462.0,Spencer Horwitz,TOR,26.0,1.86,381,1.53,1.54,1.51,Average,79.0,2026-01-29,2024,v1.0,hitter,0.9424675620319569,0.8356202108923889,0.6946278008463422
687529.0,Grant McCray,SFG,23.0,-0.27,130,1.06,1.09,1.13,Average,56.0,2026-01-29,2024,v1.0,hitter,0.7384211189438701,0.3989034950386844,0.15493178925852888
687597.0,Jordan Beck,COL,23.0,-0.98,184,0.71,0.73,0.76,Average,24.2,2026-01-29,2024,v1.0,hitter,0.5848475833306955,0.19677675510456547,0.03693489733110294
687952.0,Christian Encarnacion-Strand,CIN,24.0,-0.65,123,0.5,0.51,0.53,Average,3.5,2026-01-29,2024,v1.0,hitter,0.6528386836618444,0.27461874763587263,0.07263651078470347
689172.0,Brett Wisely,SFG,25.0,0.56,272,0.87,0.9,0.91,Average,40.5,2026-01-29,2024,v1.0,hitter,0.8468891678841173,0.604314800560948,0.35989180938577225
690291.0,Jace Jung,DET,23.0,0.07,94,0.8,0.82,0.85,Average,33.7,2026-01-29,2024,v1.0,hitter,0.7935832385663157,0.4962423953457816,0.2412944669573572
690993.0,Colt Keith,DET,22.0,1.74,556,1.45,1.52,1.57,Average,75.0,2026-01-29,2024,v1.0,hitter,0.9451679616098684,0.8428976390175366,0.7069575994925638
691016.0,Tyler Soderstrom,OAK,22.0,0.3,213,1.36,1.43,1.48,Average,70.6,2026-01-29,2024,v1.0,hitter,0.8320662901226078,0.5728247432374594,0.3228597112547925
691023.0,Jordan Walker,STL,22.0,-0.65,178,0.71,0.74,0.77,Average,24.2,2026-01-29,2024,v1.0,hitter,0.6730360536872861,0.30118539502459724,0.08760471383707687
691026.0,Masyn Winn,STL,22.0,3.6,637,2.02,2.12,2.2,Average,91.6,2026-01-29,2024,v1.0,hitter,0.98785641393243,0.9636482011065495,0.9276194549354476
691406.0,Junior Caminero,TBR,20.0,0.66,177,0.92,0.99,1.05,Average,45.2,2026-01-29,2024,v1.0,hitter,0.8807983022226152,0.6806698575537142,0.4581626628492224
691718.0,Pete Crow-Armstrong,CHC,22.0,2.62,410,1.62,1.7,1.8,Average,81.0,2026-01-29,2024,v1.0,hitter,0.9731972403526876,0.9209588922337452,0.8461388544668027
693304.0,Nick Gonzales,PIT,25.0,1.34,387,1.0,1.03,1.04,Average,52.3,2026-01-29,2024,v1.0,hitter,0.9164368091365893,0.7676154580749359,0.5847237656811634
693307.0,Dillon Dingler,DET,25.0,-0.07,87,0.64,0.66,0.67,Average,15.4,2026-01-29,2024,v1.0,hitter,0.7572973563892353,0.4306173246954567,0.18094768343416232
694192.0,Jackson Chourio,MIL,20.0,3.93,573,1.9,2.03,2.16,Average,88.4,2026-01-29,2024,v1.0,hitter,0.9914181140608567,0.9742167529991018,0.9483783300636448
694359.0,Niko Kavadas,LAA,25.0,-0.2,106,0.65,0.67,0.68,Average,16.4,2026-01-29,2024,v1.0,hitter,0.734166158725203,0.39197784737085023,0.14952263101239047
694384.0,Nolan Schanuel,LAA,22.0,0.71,607,1.07,1.13,1.17,Average,56.5,2026-01-29,2024,v1.0,hitter,0.877427022418195,0.6728046445940328,0.447484485381146
694388.0,Joey Loperfido,- - -,25.0,0.06,262,0.66,0.68,0.68,Average,17.5,2026-01-29,2024,v1.0,hitter,0.7779882638181889,0.46727315573966255,0.21357105895802736
694497.0,Evan Carter,TEX,21.0,0.11,162,0.8,0.85,0.9,Average,33.7,2026-01-29,2024,v1.0,hitter,0.8125618358789303,0.5330904234795231,0.27903911302734347
694671.0,Wyatt Langford,TEX,22.0,3.06,557,1.93,2.03,2.1,Average,89.1,2026-01-29,2024,v1.0,hitter,0.9811824965096407,0.9440521942028317,0.8897451381371387
695238.0,Will Wagner,TOR,25.0,0.6,86,1.23,1.27,1.28,Average,64.1,2026-01-29,2024,v1.0,hitter,0.8511925941905948,0.6136695979125881,0.37128596010640386
695391.0,Brett Harris,OAK,26.0,-0.27,123,0.7,0.71,0.69,Average,22.4,2026-01-29,2024,v1.0,hitter,0.7134865912339281,0.35946350830932705,0.12542987566180464
695578.0,James Wood,WSN,21.0,1.32,336,1.35,1.43,1.51,Average,70.3,2026-01-29,2024,v1.0,hitter,0.9260242108784353,0.7922130092382668,0.6233690104212778
696100.0,Hunter Goodman,COL,24.0,-1.25,224,0.67,0.69,0.72,Average,19.1,2026-01-29,2024,v1.0,hitter,0.5031152708958201,0.12469253943838399,0.01463572685666244
696285.0,Jacob Young,WSN,24.0,2.68,521,1.45,1.49,1.54,Average,75.0,2026-01-29,2024,v1.0,hitter,0.9723688049921124,0.9185849667756941,0.8417192332556072
700242.0,Trey Sweeney,DET,24.0,0.42,119,1.26,1.3,1.34,Average,65.7,2026-01-29,2024,v1.0,hitter,0.8352180164964836,0.5794259920061385,0.3304538567569289
700250.0,Ben Rice,NYY,25.0,-0.33,178,0.58,0.6,0.6,Average,8.6,2026-01-29,2024,v1.0,hitter,0.7093994994662024,0.35325911218824396,0.121076108607559
700932.0,Kyle Manzardo,CLE,23.0,0.03,156,0.89,0.92,0.95,Average,42.1,2026-01-29,2024,v1.0,hitter,0.7874574405710567,0.4847237775687899,0.23006575364682072
701538.0,Jackson Merrill,SDP,21.0,5.35,593,2.34,2.48,2.62,Average,94.5,2026-01-29,2024,v1.0,hitter,0.9972293851075441,0.9916266669500332,0.983083272680595
702358.0,Trey Lipscomb,WSN,24.0,-0.79,211,0.66,0.68,0.71,Average,17.5,2026-01-29,2024,v1.0,hitter,0.6203851957474161,0.23529719189214832,0.05308580315916425
702616.0,Jackson Holliday,BAL,20.0,-0.05,208,0.91,0.97,1.03,Average,44.3,2026-01-29,2024,v1.0,hitter,0.7969734684715538,0.5026953337917628,0.24770361604180446
805779.0,Jacob Wilson,OAK,22.0,0.04,103,0.87,0.91,0.95,Average,40.5,2026-01-29,2024,v1.0,hitter,0.7960426510512899,0.5009180578118687,0.24592989798726458
807799.0,Masataka Yoshida,BOS,30.0,0.87,421,1.02,1.0,0.99,Average,53.9,2026-01-29,2024,v1.0,hitter,0.8565609928348179,0.6254748227976313,0.3859218595270042
808982.0,Jung Hoo Lee,SFG,25.0,0.1,158,0.75,0.78,0.78,Average,29.7,2026-01-29,2024,v1.0,hitter,0.7856154977887491,0.4812956576078121,0.2267763021867993
