playerid,Name,Team,Age,war_2025,IP,war_2026,war_2027,war_2028,war_2026_tier,war_2026_percentile,projection_date,base_year,model_version,player_type,survival_prob_year_1,survival_prob_year_2,survival_prob_year_3
434378.0,Justin Verlander,SFG,42,2.25,152.0,1.01,1.0,1.0,Average,83.6,2026-02-10,2025,v1.0,pitcher,0.9719710741217613,0.920831077074144,0.8463576638071064
445276.0,Kenley Jansen,LAA,37,0.61,59.0,0.46,0.45,0.44,Average,14.8,2026-02-10,2025,v1.0,pitcher,0.8597853452343305,0.6451383982644079,0.4121190472141921
450203.0,Charlie Morton,- - -,41,0.32,142.0,0.56,0.55,0.54,Average,37.2,2026-02-10,2025,v1.0,pitcher,0.8376056524900871,0.5980301595977412,0.3535266086562977
453286.0,Max Scherzer,TOR,40,0.4,85.0,0.53,0.52,0.51,Average,28.9,2026-02-10,2025,v1.0,pitcher,0.8445668495671934,0.6125636511557354,0.371118862048206
455119.0,Chris Martin,TEX,39,0.55,42.1,0.49,0.47,0.47,Average,19.8,2026-02-10,2025,v1.0,pitcher,0.8598414479682578,0.6452605361274101,0.4122768632024122
458677.0,Justin Wilson,BOS,37,1.02,48.1,0.54,0.53,0.53,Average,31.5,2026-02-10,2025,v1.0,pitcher,0.9017706307457833,0.7408411851814934,0.5451535630971813
471911.0,Carlos Carrasco,- - -,38,-0.16,45.2,0.5,0.49,0.48,Average,21.7,2026-02-10,2025,v1.0,pitcher,0.7407678966413956,0.4187192028182494,0.17192477047771187
472610.0,Luis García,- - -,38,0.75,55.1,0.59,0.58,0.57,Average,48.0,2026-02-10,2025,v1.0,pitcher,0.8783658015593443,0.6864225841676016,0.46720361266847893
477132.0,Clayton Kershaw,LAD,37,2.51,112.2,1.23,1.22,1.21,Average,87.6,2026-02-10,2025,v1.0,pitcher,0.9744052350003654,0.9275374213995863,0.8588707029067314
489446.0,Kirby Yates,LAD,38,-0.09,41.1,0.51,0.49,0.49,Average,23.8,2026-02-10,2025,v1.0,pitcher,0.7543120110297754,0.4413183482205579,0.19120989083202408
500779.0,Jose Quintana,MIL,36,0.85,131.2,0.55,0.53,0.52,Average,33.6,2026-02-10,2025,v1.0,pitcher,0.8821462041841541,0.6950286800956037,0.47912659242886535
506433.0,Yu Darvish,SDP,38,0.37,72.0,0.59,0.57,0.56,Average,48.0,2026-02-10,2025,v1.0,pitcher,0.8319045328259091,0.5862972200441667,0.3396393277124448
518489.0,Ryan Brasier,CHC,37,0.3,26.0,0.33,0.33,0.32,Average,4.2,2026-02-10,2025,v1.0,pitcher,0.8164865005826142,0.5553249054442455,0.3043310255232732
518585.0,Fernando Cruz,NYY,35,0.78,48.0,0.51,0.5,0.49,Average,23.8,2026-02-10,2025,v1.0,pitcher,0.8712775653787936,0.6704750112529719,0.4455111110878503
518876.0,Merrill Kelly,- - -,36,3.12,184.0,1.8,1.79,1.8,Average,94.1,2026-02-10,2025,v1.0,pitcher,0.9850469697938871,0.9572322535472546,0.9153928341256375
519141.0,Drew Pomeranz,CHC,36,0.68,49.2,0.53,0.52,0.51,Average,28.9,2026-02-10,2025,v1.0,pitcher,0.8642906756517057,0.6549950025146223,0.4249531484415401
519151.0,Ryan Pressly,CHC,36,-0.35,41.1,0.52,0.51,0.5,Average,26.0,2026-02-10,2025,v1.0,pitcher,0.6864309838738106,0.3356882490430592,0.10995250494047556
519242.0,Chris Sale,ATL,36,3.6,125.2,2.16,2.15,2.16,Average,96.1,2026-02-10,2025,v1.0,pitcher,0.9904051585201902,0.9724166803191209,0.9449992427886852
519326.0,Hunter Strickland,LAA,36,0.05,22.0,0.28,0.28,0.27,Average,0.7,2026-02-10,2025,v1.0,pitcher,0.767810893293082,0.4646228686929023,0.21218292227275848
527048.0,Martín Pérez,CHW,34,0.84,56.0,0.61,0.6,0.59,Average,52.1,2026-02-10,2025,v1.0,pitcher,0.8742705505836906,0.6771788638026629,0.45456643098206156
542881.0,Tyler Anderson,LAA,35,0.11,136.1,0.57,0.55,0.54,Average,41.7,2026-02-10,2025,v1.0,pitcher,0.7739745375185414,0.47552646613838667,0.22237467773922712
542888.0,Shawn Armstrong,TEX,34,1.35,74.0,0.56,0.55,0.55,Average,37.2,2026-02-10,2025,v1.0,pitcher,0.9202546160387766,0.7857604844721152,0.6140789929355364
543056.0,Danny Coulombe,- - -,35,0.66,43.0,0.53,0.52,0.51,Average,28.9,2026-02-10,2025,v1.0,pitcher,0.8573613447307525,0.639875710966226,0.4053480706429046
543101.0,Anthony DeSclafani,ARI,35,-0.68,38.2,0.52,0.51,0.5,Average,26.0,2026-02-10,2025,v1.0,pitcher,0.5921582278745677,0.21867454367389105,0.04621052742031307
543135.0,Nathan Eovaldi,TEX,35,3.73,130.0,2.28,2.27,2.28,Average,97.0,2026-02-10,2025,v1.0,pitcher,0.9912468309958494,0.9748161204638762,0.9497212360953681
543243.0,Sonny Gray,STL,35,3.57,180.2,2.1,2.09,2.1,Average,95.9,2026-02-10,2025,v1.0,pitcher,0.989808230315971,0.9707173051928631,0.9416621446271924
543294.0,Kyle Hendricks,LAA,35,1.82,164.2,0.87,0.85,0.84,Average,76.9,2026-02-10,2025,v1.0,pitcher,0.9490469220075615,0.85922560187388,0.7357524739743871
543859.0,Michael Tonkin,MIN,35,-0.1,24.0,0.32,0.32,0.31,Average,3.2,2026-02-10,2025,v1.0,pitcher,0.7331160855529913,0.40629383328822316,0.16176284572313848
547179.0,Michael Lorenzen,KCR,33,1.24,141.2,0.7,0.69,0.69,Average,64.6,2026-02-10,2025,v1.0,pitcher,0.9092523937476719,0.7588145639965257,0.5722346972683301
547184.0,Michael Kelly,ATH,32,-0.16,39.2,0.49,0.48,0.47,Average,19.8,2026-02-10,2025,v1.0,pitcher,0.6991106004170003,0.35399550018059683,0.12241855647378405
547973.0,Aroldis Chapman,BOS,37,2.64,61.1,1.13,1.12,1.12,Average,86.3,2026-02-10,2025,v1.0,pitcher,0.9774619114544906,0.9360040820648988,0.8748008403710885
548384.0,Brooks Raley,NYM,37,0.76,25.2,0.36,0.36,0.35,Average,7.5,2026-02-10,2025,v1.0,pitcher,0.876450389091818,0.6820889289743336,0.4612572163491762
552640.0,Andrew Kittredge,- - -,35,0.82,53.0,0.57,0.55,0.54,Average,41.7,2026-02-10,2025,v1.0,pitcher,0.8762893406453601,0.6817253733726708,0.4607601166425479
554340.0,Yimi García,TOR,34,0.12,21.0,0.39,0.38,0.37,Average,9.6,2026-02-10,2025,v1.0,pitcher,0.7700108289624525,0.46849557951321896,0.21577512332350832
554430.0,Zack Wheeler,PHI,35,4.04,149.2,2.68,2.68,2.7,Average,98.0,2026-02-10,2025,v1.0,pitcher,0.9934244771136201,0.981042151812078,0.9620292920007901
570632.0,José Ureña,- - -,33,-0.07,55.0,0.51,0.5,0.49,Average,23.8,2026-02-10,2025,v1.0,pitcher,0.724828331605909,0.3931111284766559,0.1513235991061137
571510.0,Matthew Boyd,CHC,34,3.43,179.2,1.98,1.98,1.99,Average,95.0,2026-02-10,2025,v1.0,pitcher,0.9881189069898154,0.9659185766737123,0.9322710026479301
571578.0,Patrick Corbin,TEX,35,1.87,155.1,0.93,0.91,0.91,Average,79.5,2026-02-10,2025,v1.0,pitcher,0.951412387501273,0.8654534953910535,0.7465782994795463
571760.0,Andrew Heaney,- - -,34,-0.29,122.1,0.56,0.55,0.54,Average,37.2,2026-02-10,2025,v1.0,pitcher,0.6843369941487198,0.33272594076898016,0.10799895535268948
571927.0,Steven Matz,- - -,34,1.11,76.2,0.63,0.62,0.61,Average,56.2,2026-02-10,2025,v1.0,pitcher,0.9010047198897468,0.7390171506173551,0.5424423188193179
571945.0,Miles Mikolas,STL,36,0.29,156.1,0.48,0.47,0.46,Average,18.5,2026-02-10,2025,v1.0,pitcher,0.8108435467698627,0.5442631398391653,0.2921952482596835
571946.0,Shelby Miller,- - -,34,0.64,46.0,0.5,0.49,0.48,Average,21.7,2026-02-10,2025,v1.0,pitcher,0.8506187144551479,0.6253851106321257,0.3869974358489341
571948.0,Hoby Milner,TEX,34,0.96,70.1,0.49,0.48,0.47,Average,19.8,2026-02-10,2025,v1.0,pitcher,0.8874541868840763,0.7072312033198686,0.4962925237602467
572955.0,Pierce Johnson,ATL,34,0.29,59.0,0.51,0.5,0.49,Average,23.8,2026-02-10,2025,v1.0,pitcher,0.7996544024833916,0.5227583821153252,0.26931674659442856
573124.0,Taylor Rogers,- - -,34,0.17,50.2,0.52,0.51,0.5,Average,26.0,2026-02-10,2025,v1.0,pitcher,0.7784404443581852,0.4835305917304547,0.230010136905351
573186.0,Marcus Stroman,NYY,34,0.07,39.0,0.53,0.52,0.51,Average,28.9,2026-02-10,2025,v1.0,pitcher,0.7606521257165239,0.4521660928264736,0.20083512502708906
573204.0,Caleb Thielbar,CHC,38,1.11,58.0,0.58,0.57,0.57,Average,45.2,2026-02-10,2025,v1.0,pitcher,0.9117270950551918,0.7648217845324,0.5814340074250096
579328.0,Yusei Kikuchi,LAA,34,2.47,178.1,1.25,1.24,1.24,Average,88.1,2026-02-10,2025,v1.0,pitcher,0.9709833494633633,0.918118891390189,0.8413234948482888
592094.0,Jason Adam,SDP,33,1.25,65.1,0.58,0.57,0.57,Average,45.2,2026-02-10,2025,v1.0,pitcher,0.909840001895595,0.7602381453235099,0.5744080289942165
592155.0,Cam Booser,CHW,33,-0.57,31.0,0.46,0.45,0.45,Average,14.8,2026-02-10,2025,v1.0,pitcher,0.6054143669426376,0.23318094649730664,0.05262089915113086
592332.0,Kevin Gausman,TOR,34,4.1,193.0,2.59,2.6,2.62,Average,97.8,2026-02-10,2025,v1.0,pitcher,0.9936054688712872,0.9815607886036686,0.9630581848941356
592426.0,Luke Jackson,- - -,33,-0.16,51.0,0.46,0.45,0.44,Average,14.8,2026-02-10,2025,v1.0,pitcher,0.7053513636035479,0.36324132371932505,0.12897164261539992
592454.0,Tommy Kahnle,DET,35,-0.25,63.0,0.42,0.41,0.41,Average,11.3,2026-02-10,2025,v1.0,pitcher,0.7015428597435421,0.35758037219599814,0.1249388718942578
592662.0,Robbie Ray,SFG,33,2.18,182.1,1.22,1.21,1.21,Average,87.5,2026-02-10,2025,v1.0,pitcher,0.9613574120359961,0.8919607513670829,0.7935498136187111
592773.0,Ryne Stanek,NYM,33,0.07,56.0,0.5,0.49,0.48,Average,21.7,2026-02-10,2025,v1.0,pitcher,0.7533916005069772,0.43975787908291514,0.18984494120817305
592779.0,Brock Stewart,- - -,33,0.68,37.2,0.49,0.48,0.47,Average,19.8,2026-02-10,2025,v1.0,pitcher,0.8527453237731174,0.6299319382817608,0.39270918692113865
592791.0,Jameson Taillon,CHC,33,1.1,129.2,0.7,0.68,0.68,Average,64.6,2026-02-10,2025,v1.0,pitcher,0.8975115158995791,0.73073532209058,0.5302181605945159
592836.0,Taijuan Walker,PHI,32,0.51,123.2,0.54,0.52,0.52,Average,31.5,2026-02-10,2025,v1.0,pitcher,0.8246506611035381,0.5715881425002933,0.32262679117475135
592866.0,Trevor Williams,WSN,33,1.17,82.2,0.65,0.64,0.63,Average,59.0,2026-02-10,2025,v1.0,pitcher,0.9039771533455631,0.7461125569304599,0.5530273436338254
593423.0,Frankie Montas,NYM,32,-0.02,38.2,0.59,0.57,0.56,Average,48.0,2026-02-10,2025,v1.0,pitcher,0.7296111467327576,0.4006840117961228,0.15727745572479623
593576.0,Héctor Neris,- - -,36,-0.13,26.2,0.37,0.36,0.35,Average,8.5,2026-02-10,2025,v1.0,pitcher,0.7327343745322524,0.4056804051272474,0.16126926776664235
593958.0,Eduardo Rodriguez,ARI,32,1.27,154.1,0.74,0.73,0.72,Average,68.5,2026-02-10,2025,v1.0,pitcher,0.908883360265004,0.7579214108999379,0.5708732780615171
593974.0,Wandy Peralta,SDP,33,0.49,71.2,0.57,0.55,0.54,Average,41.7,2026-02-10,2025,v1.0,pitcher,0.8257876202048622,0.5738774471601148,0.3252455654188236
594798.0,Jacob deGrom,TEX,37,3.39,172.2,2.02,2.02,2.03,Average,95.6,2026-02-10,2025,v1.0,pitcher,0.9886920365649645,0.9675448744202467,0.9354483467290636
594902.0,Ben Lively,CLE,33,0.37,44.2,0.49,0.48,0.47,Average,19.8,2026-02-10,2025,v1.0,pitcher,0.8070762671603597,0.5369592106359251,0.28431898879763606
595014.0,Blake Treinen,LAD,37,-0.05,26.2,0.32,0.32,0.31,Average,3.2,2026-02-10,2025,v1.0,pitcher,0.7555558941707128,0.4434329939997198,0.19306747070671312
595345.0,Steven Okert,HOU,33,1.59,71.2,0.87,0.86,0.85,Average,76.9,2026-02-10,2025,v1.0,pitcher,0.9338734653250893,0.8199736210696872,0.66936057650666
595928.0,John Curtiss,ARI,32,0.01,36.2,0.5,0.49,0.49,Average,21.7,2026-02-10,2025,v1.0,pitcher,0.7353207647788802,0.40984875677123184,0.16463823179070214
596001.0,Jakob Junis,CLE,32,0.59,66.2,0.57,0.56,0.55,Average,41.7,2026-02-10,2025,v1.0,pitcher,0.8356583908618047,0.5940055464842073,0.3487313142646219
596133.0,Luke Weaver,NYY,31,0.46,64.2,0.51,0.5,0.49,Average,23.8,2026-02-10,2025,v1.0,pitcher,0.8124995865064519,0.5474943259888108,0.29571434568030436
596295.0,Austin Gomber,COL,31,-0.36,57.2,0.65,0.63,0.62,Average,59.0,2026-02-10,2025,v1.0,pitcher,0.6417642931254517,0.2761591573469168,0.07408736434807454
601713.0,Nick Pivetta,SDP,32,3.67,181.2,2.21,2.21,2.22,Average,96.3,2026-02-10,2025,v1.0,pitcher,0.9899138584246244,0.97101787252098,0.9422519404707226
605130.0,Scott Barlow,CIN,32,0.11,68.1,0.42,0.41,0.41,Average,11.3,2026-02-10,2025,v1.0,pitcher,0.7563287213746488,0.44475016605341744,0.19422911056638065
605135.0,Chris Bassitt,TOR,36,2.43,170.1,1.26,1.25,1.24,Average,88.7,2026-02-10,2025,v1.0,pitcher,0.9717297014402623,0.9201678095749959,0.8451251506167273
605154.0,John Brebbia,- - -,35,-0.24,23.1,0.33,0.32,0.31,Average,4.2,2026-02-10,2025,v1.0,pitcher,0.7025980696283926,0.3591430002362441,0.1260455915185261
605177.0,Andrew Chafin,- - -,35,0.38,33.2,0.48,0.47,0.46,Average,18.5,2026-02-10,2025,v1.0,pitcher,0.8187008609822605,0.5597055908035431,0.30920606442255005
605280.0,Clay Holmes,NYM,32,1.91,165.2,0.97,0.96,0.95,Average,81.5,2026-02-10,2025,v1.0,pitcher,0.9488928665814066,0.8588210203857454,0.7350519631955555
605288.0,Adrian Houser,- - -,32,2.28,125.0,1.21,1.2,1.19,Average,87.3,2026-02-10,2025,v1.0,pitcher,0.9636770032071134,0.8982188802335733,0.8048508147301007
605347.0,Jorge López,WSN,32,0.29,24.2,0.35,0.34,0.34,Average,6.5,2026-02-10,2025,v1.0,pitcher,0.7893440926083377,0.5034426148866562,0.24957057248562592
605400.0,Aaron Nola,PHI,32,0.93,94.1,0.68,0.66,0.65,Average,62.5,2026-02-10,2025,v1.0,pitcher,0.8772365962426019,0.6838655607489275,0.4636903524732916
605447.0,Jordan Romano,PHI,32,-0.37,42.2,0.52,0.51,0.5,Average,26.0,2026-02-10,2025,v1.0,pitcher,0.6486796365373853,0.28488112199804294,0.07889626699698199
605452.0,Joe Ross,PHI,32,-0.15,51.0,0.58,0.56,0.55,Average,45.2,2026-02-10,2025,v1.0,pitcher,0.701679800092655,0.3577829108769419,0.125082040067573
605463.0,Tayler Scott,- - -,33,-0.57,27.1,0.35,0.34,0.34,Average,6.5,2026-02-10,2025,v1.0,pitcher,0.6060221789764824,0.23386077682271894,0.0529316422215757
605483.0,Blake Snell,LAD,32,1.89,61.1,1.04,1.02,1.01,Average,84.8,2026-02-10,2025,v1.0,pitcher,0.9481427125198855,0.8568527442292626,0.7316488130736456
605488.0,Jeffrey Springs,ATH,32,1.73,171.0,0.84,0.82,0.82,Average,75.4,2026-02-10,2025,v1.0,pitcher,0.9400841677324081,0.835894661545189,0.695907306180956
605540.0,Brandon Woodruff,MIL,32,1.77,64.2,0.97,0.95,0.94,Average,81.5,2026-02-10,2025,v1.0,pitcher,0.9419359596062704,0.8406805924337696,0.7039894127795296
606160.0,Rafael Montero,- - -,34,0.08,60.1,0.47,0.46,0.46,Average,16.8,2026-02-10,2025,v1.0,pitcher,0.7617269183417245,0.4540221710660534,0.20250597439933113
606303.0,Joel Payamps,- - -,31,-0.08,26.1,0.33,0.32,0.32,Average,4.2,2026-02-10,2025,v1.0,pitcher,0.709791159366582,0.36991438268652876,0.13380861114651318
606996.0,Kyle Hart,SDP,32,-0.16,43.0,0.53,0.52,0.51,Average,28.9,2026-02-10,2025,v1.0,pitcher,0.698520393908859,0.3531291693530334,0.12181338503481036
607067.0,Colin Rea,CHC,35,1.86,159.1,0.86,0.84,0.83,Average,75.9,2026-02-10,2025,v1.0,pitcher,0.9510040989022448,0.8643764313933876,0.7447003427530112
607074.0,Carlos Rodón,NYY,32,3.23,195.1,2.01,2.0,2.01,Average,95.4,2026-02-10,2025,v1.0,pitcher,0.9847466330945971,0.9563857682706016,0.9137563866962395
607192.0,Tyler Glasnow,LAD,31,1.63,90.1,0.91,0.9,0.89,Average,78.7,2026-02-10,2025,v1.0,pitcher,0.932284279611141,0.8159319566081975,0.6627045719511462
607200.0,Erick Fedde,- - -,32,-0.18,141.0,0.57,0.56,0.55,Average,41.7,2026-02-10,2025,v1.0,pitcher,0.695107881954563,0.34814736575242666,0.11836279390605733
607259.0,Nick Martinez,CIN,34,2.09,165.2,1.04,1.03,1.03,Average,84.8,2026-02-10,2025,v1.0,pitcher,0.9590809097627521,0.8858467230746749,0.7825870461193352
607455.0,Anthony Banda,LAD,31,0.06,65.0,0.5,0.49,0.48,Average,21.7,2026-02-10,2025,v1.0,pitcher,0.7386999328416476,0.4153369419970914,0.1691276291237913
607481.0,Aaron Bummer,ATL,31,0.42,54.1,0.55,0.53,0.53,Average,33.6,2026-02-10,2025,v1.0,pitcher,0.8063151532940134,0.535491422198266,0.2827493145243147
607536.0,Kyle Freeland,COL,32,2.45,162.2,1.25,1.24,1.24,Average,88.1,2026-02-10,2025,v1.0,pitcher,0.9688225976237671,0.9122039632104297,0.8303972810645165
607625.0,Seth Lugo,KCR,35,0.5,145.1,0.6,0.59,0.58,Average,50.1,2026-02-10,2025,v1.0,pitcher,0.8362069848015335,0.5951375824306655,0.35007677943836824
608032.0,Carlos Estévez,KCR,32,1.09,66.0,0.57,0.56,0.56,Average,41.7,2026-02-10,2025,v1.0,pitcher,0.8939131097848815,0.7222679160433927,0.5178656994277315
608331.0,Max Fried,NYY,31,4.77,195.1,3.14,3.14,3.17,Good,98.7,2026-02-10,2025,v1.0,pitcher,0.9962564713913475,0.9891779092497779,0.9782333956123231
608334.0,Carson Fulmer,LAA,31,-0.0,29.1,0.38,0.37,0.36,Average,9.0,2026-02-10,2025,v1.0,pitcher,0.7260785782145742,0.39508157316492254,0.1528615978180075
608337.0,Lucas Giolito,BOS,30,1.95,145.0,1.01,1.0,0.99,Average,83.6,2026-02-10,2025,v1.0,pitcher,0.9479046485161549,0.8562287234489591,0.7305715478103275
608372.0,Tomoyuki Sugano,BAL,35,0.06,157.0,0.53,0.52,0.51,Average,28.9,2026-02-10,2025,v1.0,pitcher,0.764012021096318,0.4579849314803952,0.20609669156405463
608379.0,Michael Wacha,KCR,34,3.64,172.2,1.99,1.99,2.0,Average,95.2,2026-02-10,2025,v1.0,pitcher,0.9901621212857387,0.9717245505808707,0.9436393728903155
608566.0,Germán Márquez,COL,30,0.3,126.1,0.55,0.53,0.53,Average,33.6,2026-02-10,2025,v1.0,pitcher,0.7792828409741644,0.48505022345198173,0.23147449564469832
608650.0,Dietrich Enns,- - -,34,0.53,46.1,0.53,0.52,0.51,Average,28.9,2026-02-10,2025,v1.0,pitcher,0.8365321322149075,0.5958091982314139,0.35087625682170887
608717.0,Chris Stratton,- - -,34,-0.06,21.0,0.34,0.33,0.32,Average,5.4,2026-02-10,2025,v1.0,pitcher,0.7349884910958718,0.409311684573709,0.16420218053191715
608718.0,Brent Suter,CIN,35,0.08,67.2,0.62,0.6,0.59,Average,54.2,2026-02-10,2025,v1.0,pitcher,0.7677602010190906,0.46453387948731745,0.21210073709489963
615698.0,Cal Quantrill,- - -,30,0.37,117.2,0.52,0.51,0.5,Average,26.0,2026-02-10,2025,v1.0,pitcher,0.7912283131039646,0.5069370493435564,0.25308656268454105
620454.0,José Castillo,- - -,29,-0.07,32.0,0.53,0.52,0.52,Average,28.9,2026-02-10,2025,v1.0,pitcher,0.6963894921367709,0.3500129045207131,0.11964906765809818
621051.0,Steven Wilson,CHW,30,0.42,55.1,0.47,0.46,0.46,Average,16.8,2026-02-10,2025,v1.0,pitcher,0.799682665788828,0.5228119880306825,0.26937260476287733
621053.0,Tyler Ferguson,ATH,31,0.29,58.0,0.47,0.46,0.45,Average,16.8,2026-02-10,2025,v1.0,pitcher,0.78420322572149,0.4939888530451907,0.24018311528677297
621107.0,Zach Eflin,BAL,31,-0.26,71.1,0.62,0.6,0.59,Average,54.2,2026-02-10,2025,v1.0,pitcher,0.6689437572672813,0.31147391767843996,0.09450278275420294
621111.0,Walker Buehler,- - -,30,-0.32,126.0,0.45,0.44,0.43,Average,13.6,2026-02-10,2025,v1.0,pitcher,0.6443573089656064,0.2794087763369994,0.07586119070875316
621112.0,Paul Blackburn,- - -,31,0.17,39.0,0.62,0.6,0.59,Average,54.2,2026-02-10,2025,v1.0,pitcher,0.7615422743026187,0.4537029515220117,0.20221811330755907
621121.0,Lance McCullers Jr.,HOU,31,-0.19,55.1,0.61,0.59,0.58,Average,52.1,2026-02-10,2025,v1.0,pitcher,0.6841966277562933,0.3325279834329479,0.10786903977546083
621199.0,Matt Bowman,BAL,34,-0.01,24.2,0.32,0.31,0.3,Average,3.2,2026-02-10,2025,v1.0,pitcher,0.7443010502170541,0.42453952689878993,0.1767925099936436
621237.0,José Alvarado,PHI,30,0.35,26.0,0.4,0.39,0.38,Average,10.2,2026-02-10,2025,v1.0,pitcher,0.7883587499486797,0.501621522678928,0.24774810280618154
621242.0,Edwin Díaz,NYM,31,2.01,66.1,1.08,1.07,1.07,Average,85.6,2026-02-10,2025,v1.0,pitcher,0.9521435420074617,0.8673844755758621,0.7499511214494855
621244.0,José Berríos,TOR,31,1.3,166.0,0.78,0.77,0.76,Average,70.6,2026-02-10,2025,v1.0,pitcher,0.9089109313589626,0.7579881160008375,0.5709748989477917
621366.0,Ryan Borucki,- - -,31,0.01,35.0,0.58,0.57,0.56,Average,45.2,2026-02-10,2025,v1.0,pitcher,0.7291905428423865,0.40001424699028587,0.1567461991194421
621381.0,Matt Strahm,PHI,33,1.54,62.1,0.64,0.63,0.62,Average,57.7,2026-02-10,2025,v1.0,pitcher,0.9305736304278683,0.8115959965246272,0.6556012960765965
621383.0,Tanner Banks,PHI,33,0.78,67.1,0.47,0.46,0.46,Average,16.8,2026-02-10,2025,v1.0,pitcher,0.8639999278459942,0.654355956372202,0.4241150260257279
622491.0,Luis Castillo,SEA,32,2.63,180.2,1.37,1.36,1.35,Average,90.9,2026-02-10,2025,v1.0,pitcher,0.9735789470574304,0.925257343884493,0.8546060010364054
622503.0,Nabil Crismatt,ARI,30,0.11,34.0,0.46,0.45,0.44,Average,14.8,2026-02-10,2025,v1.0,pitcher,0.7437178018277967,0.4235750851636057,0.17598116437878222
622554.0,Seranthony Domínguez,- - -,30,0.87,62.2,0.63,0.61,0.6,Average,56.2,2026-02-10,2025,v1.0,pitcher,0.8633781675423343,0.6529907361371787,0.4223273134783322
622608.0,Antonio Senzatela,COL,30,-0.09,130.0,0.48,0.47,0.46,Average,18.5,2026-02-10,2025,v1.0,pitcher,0.7001873938829929,0.3555796507681227,0.12352907891523232
622663.0,Luis Severino,ATH,31,2.54,162.2,1.27,1.26,1.26,Average,89.0,2026-02-10,2025,v1.0,pitcher,0.9704393472645975,0.9166273580103296,0.8385614859508163
623167.0,Chris Flexen,CHC,31,-0.26,43.2,0.56,0.55,0.54,Average,37.2,2026-02-10,2025,v1.0,pitcher,0.6667915437327229,0.3085754734196565,0.09273265022235043
623211.0,Huascar Brazobán,NYM,35,0.37,63.0,0.5,0.49,0.48,Average,21.7,2026-02-10,2025,v1.0,pitcher,0.8174021773139434,0.5571336603518002,0.3063391482779834
623352.0,Josh Hader,HOU,31,1.1,52.2,0.66,0.65,0.64,Average,60.3,2026-02-10,2025,v1.0,pitcher,0.8915297432139705,0.7166951715674063,0.5098163571814465
623437.0,Justin Topa,MIN,34,0.92,60.0,0.63,0.61,0.6,Average,56.2,2026-02-10,2025,v1.0,pitcher,0.8832258049331545,0.6974993058921464,0.4825774890053307
623474.0,Jimmy Herget,COL,31,1.25,83.1,0.65,0.64,0.64,Average,59.0,2026-02-10,2025,v1.0,pitcher,0.9050472862994174,0.7486779253988505,0.5568798523590881
624133.0,Ranger Suárez,PHI,29,4.04,157.1,2.71,2.72,2.74,Average,98.3,2026-02-10,2025,v1.0,pitcher,0.9921327589434726,0.977345911855737,0.9547126415448696
628452.0,Raisel Iglesias,ATL,35,1.0,67.1,0.46,0.45,0.44,Average,14.8,2026-02-10,2025,v1.0,pitcher,0.8940076664760038,0.7224895903977128,0.5181872070462975
640448.0,Kyle Finnegan,- - -,33,1.23,57.0,0.58,0.57,0.57,Average,45.2,2026-02-10,2025,v1.0,pitcher,0.9082725486825658,0.7564446087763242,0.5686258082802171
640455.0,Sean Manaea,NYM,33,0.44,60.2,0.63,0.62,0.61,Average,56.2,2026-02-10,2025,v1.0,pitcher,0.8193174286279612,0.5609293684034056,0.3105749429660169
641154.0,Pablo López,MIN,29,1.81,75.2,1.1,1.1,1.09,Average,85.8,2026-02-10,2025,v1.0,pitcher,0.9389440920497979,0.832957050959613,0.6909698649190252
641302.0,Tyler Alexander,- - -,30,1.26,97.2,0.72,0.71,0.7,Average,67.4,2026-02-10,2025,v1.0,pitcher,0.903586453919347,0.745177393046848,0.5516263361487146
641329.0,Bryan Baker,- - -,30,0.48,68.2,0.59,0.57,0.56,Average,48.0,2026-02-10,2025,v1.0,pitcher,0.8106022084487248,0.5437932979191235,0.29168531524801017
641401.0,Connor Brogdon,LAA,30,-0.3,47.0,0.56,0.54,0.53,Average,37.2,2026-02-10,2025,v1.0,pitcher,0.650261162851823,0.28690084787378245,0.08003165802224292
641482.0,Nestor Cortes,- - -,30,-0.94,34.1,0.51,0.5,0.49,Average,23.8,2026-02-10,2025,v1.0,pitcher,0.4634126717533006,0.10737636399574596,0.010965069176401476
641540.0,Dane Dunning,- - -,30,-0.1,20.2,0.31,0.3,0.3,Average,2.2,2026-02-10,2025,v1.0,pitcher,0.6985302419799656,0.35314361337030425,0.12182346240825662
641656.0,Ian Hamilton,NYY,30,0.04,40.0,0.51,0.5,0.49,Average,23.8,2026-02-10,2025,v1.0,pitcher,0.7281047265950211,0.3982885983952011,0.15538160371987997
641672.0,Thomas Hatch,- - -,30,-0.32,34.0,0.39,0.38,0.38,Average,9.6,2026-02-10,2025,v1.0,pitcher,0.6459184692266853,0.28137728387168975,0.07694603423330021
641745.0,Brad Keller,CHC,29,1.28,69.2,0.72,0.72,0.71,Average,67.4,2026-02-10,2025,v1.0,pitcher,0.9024420561084161,0.7424426249833627,0.5475395766697905
641755.0,Tyler Kinley,- - -,34,0.93,72.2,0.43,0.42,0.42,Average,12.4,2026-02-10,2025,v1.0,pitcher,0.8837474128746206,0.6986950452142269,0.48425215853785725
641778.0,Eric Lauer,TOR,30,1.37,104.2,0.78,0.77,0.76,Average,70.6,2026-02-10,2025,v1.0,pitcher,0.9124179446071369,0.7665043351965491,0.5840239216080194
641793.0,Zack Littell,- - -,29,1.46,186.2,0.81,0.81,0.8,Average,73.5,2026-02-10,2025,v1.0,pitcher,0.9167887933987976,0.7772056979693702,0.6006325258231578
641816.0,Tyler Mahle,TEX,30,1.93,86.2,1.02,1.0,0.99,Average,84.2,2026-02-10,2025,v1.0,pitcher,0.9468277907198296,0.8534097505397826,0.7257150732737958
641927.0,Bailey Ober,MIN,29,1.17,146.1,0.77,0.77,0.76,Average,69.6,2026-02-10,2025,v1.0,pitcher,0.8917984907946548,0.7173221377947006,0.5107187725447967
641941.0,Emilio Pagán,CIN,34,1.03,68.2,0.53,0.52,0.52,Average,28.9,2026-02-10,2025,v1.0,pitcher,0.8944216606790708,0.7234606642762602,0.519596802680525
642100.0,Gabe Speier,SEA,30,1.7,62.0,0.87,0.86,0.85,Average,76.9,2026-02-10,2025,v1.0,pitcher,0.9348160596478589,0.8223770417059268,0.6733345888884041
642121.0,Cole Sulser,TBR,35,0.36,22.2,0.36,0.35,0.35,Average,7.5,2026-02-10,2025,v1.0,pitcher,0.8169214545178294,0.5561835982254737,0.30528353419743676
642152.0,Lou Trivino,- - -,33,-0.0,47.2,0.52,0.51,0.5,Average,26.0,2026-02-10,2025,v1.0,pitcher,0.7394232475278293,0.4165179163221404,0.17010166330250742
642207.0,Devin Williams,NYY,30,1.35,62.0,0.89,0.87,0.86,Average,77.9,2026-02-10,2025,v1.0,pitcher,0.9109823690313277,0.7630107315684106,0.5786527953039167
642232.0,Ryan Yarbrough,NYY,33,0.09,64.0,0.54,0.53,0.52,Average,31.5,2026-02-10,2025,v1.0,pitcher,0.758137013364299,0.4478421499270572,0.19696983414129726
642239.0,Rob Zastryzny,MIL,33,-0.02,22.0,0.34,0.33,0.32,Average,5.4,2026-02-10,2025,v1.0,pitcher,0.7360973952456609,0.41110586788787024,0.16566117166216354
642397.0,Gregory Soto,- - -,30,0.74,60.1,0.69,0.68,0.67,Average,63.7,2026-02-10,2025,v1.0,pitcher,0.8472070947607677,0.6181358658881704,0.37797838154242375
642528.0,Jonathan Loáisiga,NYY,30,-0.54,29.2,0.31,0.31,0.3,Average,2.2,2026-02-10,2025,v1.0,pitcher,0.5869029026924447,0.21309155202985836,0.04385551302360517
642547.0,Freddy Peralta,MIL,29,3.62,176.2,2.31,2.32,2.32,Average,97.2,2026-02-10,2025,v1.0,pitcher,0.9884265673142146,0.9667913628067829,0.9339755101950931
642585.0,Félix Bautista,BAL,30,0.61,34.2,0.65,0.63,0.62,Average,59.0,2026-02-10,2025,v1.0,pitcher,0.8298241258767862,0.58205360215225,0.3346857920681381
642701.0,Dennis Santana,PIT,29,1.17,70.1,0.67,0.67,0.66,Average,61.3,2026-02-10,2025,v1.0,pitcher,0.8921261974311334,0.7180871369098007,0.511820956543223
643338.0,Chad Green,TOR,34,-0.94,43.2,0.52,0.51,0.5,Average,26.0,2026-02-10,2025,v1.0,pitcher,0.5071650058915,0.1395023077450997,0.01861720921634144
643377.0,Griffin Jax,- - -,30,1.7,66.0,0.93,0.91,0.9,Average,79.5,2026-02-10,2025,v1.0,pitcher,0.9345063803242845,0.8215869149786927,0.6720268164634954
643410.0,Mark Leiter Jr.,NYY,34,0.6,48.1,0.48,0.47,0.46,Average,18.5,2026-02-10,2025,v1.0,pitcher,0.8454590040682827,0.614442837219153,0.3734250837999623
643511.0,Tyler Rogers,- - -,34,1.3,77.1,0.59,0.58,0.58,Average,48.0,2026-02-10,2025,v1.0,pitcher,0.9168740592635976,0.7774154261439666,0.6009603782572039
645261.0,Sandy Alcantara,MIA,29,1.74,174.2,0.96,0.96,0.95,Average,80.8,2026-02-10,2025,v1.0,pitcher,0.9352858185199708,0.8235765513489847,0.6753224053460902
647336.0,Michael Soroka,- - -,27,1.1,89.2,0.79,0.78,0.78,Average,71.8,2026-02-10,2025,v1.0,pitcher,0.8786855386762036,0.6871477477229251,0.46820240213689934
650556.0,Bryan Abreu,HOU,28,2.23,71.0,1.28,1.28,1.28,Average,89.3,2026-02-10,2025,v1.0,pitcher,0.9573028693512357,0.8810905696651763,0.7741123315367733
650633.0,Michael King,SDP,30,0.84,73.1,0.65,0.63,0.62,Average,59.0,2026-02-10,2025,v1.0,pitcher,0.8599314500061945,0.645456505762742,0.41253014205139105
650644.0,Aaron Civale,- - -,30,0.91,102.0,0.65,0.63,0.62,Average,59.0,2026-02-10,2025,v1.0,pitcher,0.8680910193235424,0.6633855715455172,0.43603516017820493
650893.0,Génesis Cabrera,- - -,28,-0.92,42.2,0.47,0.46,0.46,Average,16.8,2026-02-10,2025,v1.0,pitcher,0.44872769509783966,0.09779922929987171,0.00907719977879922
650911.0,Cristopher Sánchez,PHI,28,6.4,202.0,4.67,4.7,4.75,Good,99.8,2026-02-10,2025,v1.0,pitcher,0.9991003938951522,0.9973923011005607,0.994732956250967
655889.0,Manuel Rodríguez,TBR,28,0.67,30.1,0.68,0.68,0.68,Average,62.5,2026-02-10,2025,v1.0,pitcher,0.8300018391008207,0.5824153130383964,0.3351065794291888
656186.0,Dan Altavilla,CHW,32,-0.2,29.0,0.34,0.33,0.32,Average,5.4,2026-02-10,2025,v1.0,pitcher,0.6885875255024186,0.33875705831861236,0.11199496204500065
656222.0,Jalen Beeks,ARI,31,0.16,57.1,0.53,0.52,0.51,Average,28.9,2026-02-10,2025,v1.0,pitcher,0.7594588789585914,0.45011128662258193,0.19899354218158186
656234.0,Jake Bird,- - -,29,0.45,55.1,0.65,0.64,0.63,Average,59.0,2026-02-10,2025,v1.0,pitcher,0.8004860316348897,0.5243372076641734,0.27096436043772965
656240.0,Scott Blewett,- - -,29,-0.46,44.1,0.52,0.52,0.51,Average,26.0,2026-02-10,2025,v1.0,pitcher,0.599949650147124,0.22712681063402854,0.04989440823776125
656271.0,Brock Burke,LAA,28,0.27,61.2,0.51,0.5,0.5,Average,23.8,2026-02-10,2025,v1.0,pitcher,0.762849661530335,0.4559663804349004,0.20426366505733481
656288.0,Griffin Canning,NYM,29,0.95,76.1,0.71,0.7,0.69,Average,66.1,2026-02-10,2025,v1.0,pitcher,0.868962096366968,0.6653186434683985,0.4386087473416917
656302.0,Dylan Cease,SDP,29,3.4,168.0,2.22,2.22,2.23,Average,96.6,2026-02-10,2025,v1.0,pitcher,0.985780432625862,0.9593015482873911,0.9193994814344723
656427.0,Jack Flaherty,DET,29,2.54,161.0,1.62,1.62,1.54,Average,92.9,2026-02-10,2025,v1.0,pitcher,0.9687218804117119,0.9119288667694471,0.8298908727537821
656457.0,Tyler Gilbert,CHW,31,0.41,51.0,0.56,0.55,0.54,Average,37.2,2026-02-10,2025,v1.0,pitcher,0.8034602088182701,0.5300091675080697,0.27692535730973583
656464.0,Kevin Ginkel,ARI,31,0.19,25.2,0.37,0.36,0.36,Average,8.5,2026-02-10,2025,v1.0,pitcher,0.7656333964342613,0.46081037646616996,0.20867635612224394
656546.0,Jeff Hoffman,TOR,32,-0.38,68.0,0.51,0.5,0.49,Average,23.8,2026-02-10,2025,v1.0,pitcher,0.646866843351962,0.2825775388737651,0.07761131612122593
656550.0,Grant Holmes,ATL,29,0.87,115.0,0.71,0.7,0.69,Average,66.1,2026-02-10,2025,v1.0,pitcher,0.8602199450924776,0.646084935263804,0.4133428794514688
656557.0,Tanner Houck,BOS,29,-0.35,43.2,0.47,0.46,0.46,Average,16.8,2026-02-10,2025,v1.0,pitcher,0.6292157655441121,0.2607828081315639,0.06598167160832341
656605.0,Mitch Keller,PIT,29,2.49,176.1,1.43,1.43,1.42,Average,91.6,2026-02-10,2025,v1.0,pitcher,0.9672799801015555,0.9079964554509967,0.8226690081958173
656641.0,Jacob Latz,TEX,29,1.26,85.2,0.78,0.78,0.77,Average,70.6,2026-02-10,2025,v1.0,pitcher,0.900462093759456,0.7377266565905798,0.5405282567858954
656730.0,Trevor Megill,MIL,31,1.55,47.0,0.72,0.71,0.71,Average,67.4,2026-02-10,2025,v1.0,pitcher,0.9274366123897366,0.803683926054817,0.6427392784599222
656731.0,Tylor Megill,NYM,29,1.5,68.1,0.91,0.91,0.9,Average,78.7,2026-02-10,2025,v1.0,pitcher,0.9192918429440574,0.7833778872370849,0.610318889584724
656794.0,Sean Newcomb,- - -,32,1.72,92.1,0.83,0.82,0.81,Average,74.9,2026-02-10,2025,v1.0,pitcher,0.9393214312741217,0.833928583220021,0.692600818026995
656849.0,David Peterson,NYM,29,3.14,168.2,1.97,1.98,1.98,Average,94.8,2026-02-10,2025,v1.0,pitcher,0.9819731948322942,0.9485921287815154,0.8987590736739607
656876.0,Drew Rasmussen,TBR,29,2.55,150.0,1.59,1.52,1.51,Average,92.5,2026-02-10,2025,v1.0,pitcher,0.9688379578593245,0.9122459225473301,0.8304745351838431
656945.0,Tanner Scott,LAD,30,-0.02,57.0,0.52,0.51,0.5,Average,26.0,2026-02-10,2025,v1.0,pitcher,0.7144260968399756,0.3769659193919069,0.1390177761240282
656986.0,Bennett Sousa,HOU,30,1.09,50.2,0.71,0.69,0.69,Average,66.1,2026-02-10,2025,v1.0,pitcher,0.88771393299926,0.7078319091658329,0.49714545806346194
657006.0,Justin Steele,CHC,29,0.05,22.2,0.33,0.32,0.32,Average,4.2,2026-02-10,2025,v1.0,pitcher,0.7232240772868975,0.39059220014815355,0.14936894010819113
657044.0,Ryan Thompson,ARI,33,0.22,41.1,0.52,0.51,0.5,Average,26.0,2026-02-10,2025,v1.0,pitcher,0.7828335208394112,0.4914898272650874,0.23773201961267265
657097.0,Jacob Webb,TEX,31,0.22,66.0,0.56,0.54,0.53,Average,37.2,2026-02-10,2025,v1.0,pitcher,0.7709425088144813,0.4701420398762886,0.21731156342519364
657277.0,Logan Webb,SFG,28,5.53,207.0,3.91,3.93,3.98,Good,99.3,2026-02-10,2025,v1.0,pitcher,0.9979749055375867,0.9941361148847097,0.9881758364014422
657376.0,Clarke Schmidt,NYY,29,1.28,78.2,0.81,0.81,0.8,Average,73.5,2026-02-10,2025,v1.0,pitcher,0.9019301084160205,0.7412213556883996,0.5457195090211645
657424.0,Matt Gage,- - -,32,0.53,31.0,0.6,0.59,0.58,Average,50.1,2026-02-10,2025,v1.0,pitcher,0.8268818313279727,0.5760863434266186,0.3277825054885216
657514.0,Brennan Bernardino,BOS,33,0.6,51.2,0.56,0.55,0.54,Average,37.2,2026-02-10,2025,v1.0,pitcher,0.8419717931143719,0.6071189842867368,0.3644776996506568
657571.0,Caleb Ferguson,- - -,28,0.8,65.1,0.61,0.61,0.6,Average,52.1,2026-02-10,2025,v1.0,pitcher,0.8475750540946557,0.618915067736744,0.37894265818190803
657585.0,Reed Garrett,NYM,32,0.77,55.1,0.47,0.46,0.45,Average,16.8,2026-02-10,2025,v1.0,pitcher,0.859783605437297,0.6451346108999076,0.41211415399749207
657612.0,Tim Hill,NYY,35,-0.02,67.0,0.41,0.4,0.39,Average,10.5,2026-02-10,2025,v1.0,pitcher,0.7487761038954233,0.4319872547878015,0.18312153299215086
657649.0,Jared Koenig,MIL,31,0.89,66.0,0.56,0.55,0.54,Average,37.2,2026-02-10,2025,v1.0,pitcher,0.8699832643103063,0.6675894889528134,0.44164180893320026
657746.0,Joe Ryan,MIN,29,3.12,171.0,2.05,2.05,2.06,Average,95.8,2026-02-10,2025,v1.0,pitcher,0.9816692085668539,0.9477404368401223,0.8971277664261619
660271.0,Shohei Ohtani,LAD,30,1.93,47.0,1.29,1.27,1.26,Average,89.6,2026-02-10,2025,v1.0,pitcher,0.9468122046026636,0.853368994287205,0.7256449792426134
660787.0,Yerry De los Santos,NYY,27,0.32,35.2,0.62,0.61,0.61,Average,54.2,2026-02-10,2025,v1.0,pitcher,0.7662599989286264,0.46190536059400306,0.20968045148129985
660825.0,Eduard Bazardo,SEA,29,0.51,78.2,0.57,0.56,0.56,Average,41.7,2026-02-10,2025,v1.0,pitcher,0.8095506098102659,0.5417491285125079,0.2894719604900946
660853.0,Enyel De Los Santos,- - -,29,0.42,66.0,0.58,0.58,0.57,Average,45.2,2026-02-10,2025,v1.0,pitcher,0.7951637914007251,0.5142868889383121,0.260562908815011
660896.0,Jorge Alcala,- - -,29,-0.51,55.0,0.58,0.57,0.56,Average,45.2,2026-02-10,2025,v1.0,pitcher,0.5857747974018958,0.21190542196544074,0.043363199781626866
661395.0,Jhoan Duran,- - -,27,2.12,70.0,1.25,1.24,1.24,Average,88.1,2026-02-10,2025,v1.0,pitcher,0.9512504924783993,0.8650263116836343,0.7458331806272227
661403.0,Emmanuel Clase,CLE,27,1.1,47.1,0.72,0.71,0.71,Average,67.4,2026-02-10,2025,v1.0,pitcher,0.8785003781093763,0.6867277425377682,0.46762378501420837
661563.0,Luis Gil,NYY,27,0.56,57.0,0.62,0.6,0.6,Average,54.2,2026-02-10,2025,v1.0,pitcher,0.80804517336342,0.5388315323362021,0.2863276534264603
662253.0,Andrés Muñoz,SEA,26,1.91,62.1,1.11,1.12,1.11,Average,86.0,2026-02-10,2025,v1.0,pitcher,0.9390901287516104,0.8333329624490471,0.6916006931823568
663158.0,Robert Suarez,SDP,34,1.91,69.2,0.77,0.76,0.75,Average,69.6,2026-02-10,2025,v1.0,pitcher,0.9519026183878425,0.8667478843739431,0.7488383452845343
663372.0,Ryan Feltner,COL,28,0.4,30.1,0.56,0.56,0.56,Average,37.2,2026-02-10,2025,v1.0,pitcher,0.7853773074438317,0.4961375802281835,0.24230079464807272
663399.0,Brandon Waddell,NYM,31,-0.07,31.1,0.53,0.51,0.51,Average,28.9,2026-02-10,2025,v1.0,pitcher,0.7121610711394741,0.37350903530133306,0.13645151311700657
663423.0,Trent Thornton,SEA,31,-0.29,42.1,0.57,0.56,0.55,Average,41.7,2026-02-10,2025,v1.0,pitcher,0.661073298168976,0.30096056114916386,0.08816269502440102
663436.0,Davis Martin,CHW,28,1.27,142.2,0.78,0.78,0.78,Average,70.6,2026-02-10,2025,v1.0,pitcher,0.8988465881374346,0.7338933450645574,0.5348628552841843
663455.0,Konnor Pilkington,WSN,27,-0.46,28.1,0.32,0.32,0.32,Average,3.2,2026-02-10,2025,v1.0,pitcher,0.5791291767012331,0.20500571763624786,0.04055511592146021
663460.0,Kris Bubic,KCR,27,3.34,116.1,2.23,2.23,2.24,Average,96.9,2026-02-10,2025,v1.0,pitcher,0.9841150681016304,0.9546073318353288,0.9103230890898412
663465.0,Kolby Allard,CLE,27,0.71,65.0,0.58,0.57,0.57,Average,45.2,2026-02-10,2025,v1.0,pitcher,0.8299814833962149,0.5823738743266245,0.3350583591777335
663485.0,Cole Sands,MIN,27,0.8,72.0,0.67,0.66,0.66,Average,61.3,2026-02-10,2025,v1.0,pitcher,0.8425452389226962,0.608319385136582,0.36593668552319236
663554.0,Casey Mize,DET,28,2.38,149.0,1.46,1.45,1.46,Average,92.2,2026-02-10,2025,v1.0,pitcher,0.9625734642745944,0.8952380173868368,0.7994578621699441
663559.0,Bailey Falter,- - -,28,0.54,125.1,0.58,0.57,0.57,Average,45.2,2026-02-10,2025,v1.0,pitcher,0.8093770079840448,0.5414121544501345,0.28910791514755513
663568.0,Stephen Kolek,- - -,28,1.7,112.2,0.87,0.87,0.87,Average,76.9,2026-02-10,2025,v1.0,pitcher,0.9311114451051562,0.8129575568130405,0.6578276693114007
663574.0,Tony Santillan,CIN,28,1.05,73.2,0.63,0.63,0.63,Average,56.2,2026-02-10,2025,v1.0,pitcher,0.8772015789353432,0.6837863659318949,0.4635817556237236
663623.0,Jake Irvin,WSN,28,-0.39,180.0,0.58,0.57,0.57,Average,45.2,2026-02-10,2025,v1.0,pitcher,0.6088598072796458,0.23705181766713432,0.054402594693316
663671.0,Nic Enright,CLE,28,0.23,31.0,0.62,0.61,0.61,Average,54.2,2026-02-10,2025,v1.0,pitcher,0.7542800084299599,0.4412640300409536,0.19116229541894886
663687.0,Hogan Harris,ATH,28,0.55,64.2,0.56,0.56,0.56,Average,37.2,2026-02-10,2025,v1.0,pitcher,0.8118807100475715,0.5462853367403536,0.2943951370167936
663738.0,Daniel Lynch IV,KCR,28,-0.17,67.2,0.42,0.42,0.42,Average,11.3,2026-02-10,2025,v1.0,pitcher,0.6661835338031111,0.3077598644593917,0.09223759361859325
663765.0,Jake Woodford,ARI,28,-0.01,36.1,0.43,0.42,0.42,Average,12.4,2026-02-10,2025,v1.0,pitcher,0.7039948608403251,0.3612183385398352,0.12752306335723965
663767.0,Chase Shugart,PIT,28,-0.07,45.0,0.43,0.42,0.42,Average,12.4,2026-02-10,2025,v1.0,pitcher,0.6903839913226391,0.34132746138370107,0.11372033023499718
663795.0,Justin Hagenman,NYM,28,0.17,23.2,0.29,0.29,0.29,Average,1.2,2026-02-10,2025,v1.0,pitcher,0.7424189637174414,0.42143252736481757,0.17418546900971035
663855.0,Jordan Hicks,- - -,28,0.26,67.1,0.62,0.62,0.62,Average,54.2,2026-02-10,2025,v1.0,pitcher,0.7598745462692752,0.4508263819570521,0.19963346041456254
663893.0,Brendon Little,TOR,28,1.26,68.1,0.76,0.76,0.76,Average,69.1,2026-02-10,2025,v1.0,pitcher,0.8977637182076118,0.7313312059620427,0.5310929953012696
663903.0,Brady Singer,CIN,28,2.88,169.2,1.72,1.71,1.72,Average,93.5,2026-02-10,2025,v1.0,pitcher,0.9763405109488307,0.9328920689388895,0.868928342081592
663941.0,Tristan Beck,SFG,29,-0.03,56.2,0.49,0.49,0.48,Average,19.8,2026-02-10,2025,v1.0,pitcher,0.7066944941358386,0.36525166748397897,0.13041936507446394
663947.0,Tyler Holton,DET,29,-0.16,78.2,0.47,0.47,0.46,Average,16.8,2026-02-10,2025,v1.0,pitcher,0.6761583227036211,0.3213199857087189,0.10064236546262752
663969.0,Tyler Phillips,MIA,27,0.15,77.2,0.49,0.48,0.48,Average,19.8,2026-02-10,2025,v1.0,pitcher,0.7309632148421161,0.4028420067295554,0.15899535605258902
663978.0,Chris Paddack,- - -,29,0.7,158.0,0.59,0.58,0.57,Average,48.0,2026-02-10,2025,v1.0,pitcher,0.8382122211791226,0.5992874595623311,0.35503145908745504
664062.0,Tony Gonsolin,LAD,31,-0.14,36.0,0.57,0.56,0.55,Average,41.7,2026-02-10,2025,v1.0,pitcher,0.6962194461737493,0.34976500604218064,0.11947773873196346
664076.0,Garrett Cleavinger,TBR,31,0.72,61.1,0.7,0.68,0.67,Average,64.6,2026-02-10,2025,v1.0,pitcher,0.8497756851373872,0.6235886299304676,0.3847523461782612
664126.0,Pete Fairbanks,TBR,31,0.97,60.1,0.56,0.55,0.54,Average,37.2,2026-02-10,2025,v1.0,pitcher,0.87807808436563,0.6857704706174957,0.4663063580125771
664139.0,Ian Gibaut,CIN,31,0.12,25.1,0.32,0.31,0.31,Average,3.2,2026-02-10,2025,v1.0,pitcher,0.7514565145551428,0.43648892542708845,0.18700159676919653
664141.0,JT Brubaker,- - -,31,0.38,28.2,0.36,0.35,0.35,Average,7.5,2026-02-10,2025,v1.0,pitcher,0.7987769738536957,0.5210959883718885,0.2675874142279707
664192.0,Joey Lucchesi,SFG,32,0.05,38.1,0.52,0.51,0.5,Average,26.0,2026-02-10,2025,v1.0,pitcher,0.7437335031905261,0.42360102963297463,0.17600296571062632
664199.0,Taylor Clarke,KCR,32,0.33,55.1,0.56,0.55,0.54,Average,37.2,2026-02-10,2025,v1.0,pitcher,0.7958077814955087,0.5154962022923273,0.26180357982986135
664208.0,Phil Maton,- - -,32,1.54,61.1,0.71,0.7,0.69,Average,66.1,2026-02-10,2025,v1.0,pitcher,0.9284773065677249,0.806303096939129,0.6469827887398849
664285.0,Framber Valdez,HOU,31,4.02,192.0,2.69,2.7,2.71,Average,98.2,2026-02-10,2025,v1.0,pitcher,0.9924459641925701,0.9782413062366115,0.956482469129084
664299.0,Cristian Javier,HOU,28,0.85,37.0,0.63,0.63,0.63,Average,56.2,2026-02-10,2025,v1.0,pitcher,0.8539719823989773,0.6325644372556402,0.3960354869389273
664854.0,Ryan Helsley,- - -,30,0.25,56.0,0.53,0.52,0.51,Average,28.9,2026-02-10,2025,v1.0,pitcher,0.7701992097955095,0.4688281799946048,0.21608505445637374
664991.0,Grant Wolfram,BAL,28,0.22,26.2,0.34,0.34,0.34,Average,5.4,2026-02-10,2025,v1.0,pitcher,0.7526269532372908,0.43846424509585646,0.1887171413440866
665152.0,Dean Kremer,BAL,29,2.57,171.2,1.45,1.45,1.45,Average,91.9,2026-02-10,2025,v1.0,pitcher,0.9696137460950226,0.9143667776855003,0.8343841155937876
665660.0,Elvis Alvarado,ATH,26,0.11,42.1,0.63,0.64,0.63,Average,56.2,2026-02-10,2025,v1.0,pitcher,0.7145934156884316,0.37722210977817083,0.13920892458295317
665795.0,Edward Cabrera,MIA,27,2.02,137.2,1.38,1.36,1.37,Average,91.1,2026-02-10,2025,v1.0,pitcher,0.946513988432317,0.8525894322843452,0.7243049200718735
665871.0,Javier Assad,CHC,27,0.34,37.0,0.57,0.56,0.56,Average,41.7,2026-02-10,2025,v1.0,pitcher,0.7689080019866154,0.4665515577584372,0.21396810077128073
666142.0,Cole Ragans,KCR,27,2.08,61.2,1.46,1.44,1.45,Average,92.2,2026-02-10,2025,v1.0,pitcher,0.9495973891125884,0.8606722630499776,0.7382600486714088
666157.0,Nick Lodolo,CIN,27,2.81,156.2,1.89,1.88,1.88,Average,94.6,2026-02-10,2025,v1.0,pitcher,0.9740063282688354,0.9264362100593395,0.8568096355180553
666171.0,Ryan Zeferjahn,LAA,27,-0.61,57.0,0.63,0.62,0.62,Average,56.2,2026-02-10,2025,v1.0,pitcher,0.5367781543876922,0.16446855540767322,0.025973258734419222
666200.0,Jesús Luzardo,PHI,27,5.34,183.2,3.78,3.79,3.83,Good,99.1,2026-02-10,2025,v1.0,pitcher,0.997502986082606,0.9927728653000489,0.9854371138990264
666214.0,Joey Wentz,- - -,27,1.14,98.0,0.78,0.77,0.77,Average,70.6,2026-02-10,2025,v1.0,pitcher,0.8826864821428443,0.6962643678030632,0.4808509991509126
666277.0,George Soriano,MIA,26,-0.69,36.2,0.57,0.57,0.56,Average,41.7,2026-02-10,2025,v1.0,pitcher,0.5032298328221004,0.1363851066407981,0.017785449697762978
666374.0,Matt Brash,SEA,27,0.77,47.1,0.7,0.69,0.69,Average,64.6,2026-02-10,2025,v1.0,pitcher,0.838372153841696,0.5996192574654277,0.3554291237958722
666661.0,Juan Morillo,ARI,26,0.27,34.1,0.63,0.63,0.63,Average,56.2,2026-02-10,2025,v1.0,pitcher,0.7491720156930295,0.4326502527103483,0.18369039920642855
666711.0,Joel Peguero,SFG,28,0.02,22.1,0.31,0.3,0.3,Average,2.2,2026-02-10,2025,v1.0,pitcher,0.7096672369452754,0.36972704509054305,0.13367159107751503
666808.0,Camilo Doval,- - -,27,0.62,65.1,0.64,0.63,0.63,Average,57.7,2026-02-10,2025,v1.0,pitcher,0.8174243848395986,0.5571775752112164,0.30638798662466615
666974.0,Yennier Cano,BAL,31,0.06,58.0,0.56,0.55,0.54,Average,37.2,2026-02-10,2025,v1.0,pitcher,0.7388783364599929,0.41562802199341936,0.16936744105918933
667297.0,Tommy Nance,TOR,34,0.76,31.2,0.58,0.57,0.56,Average,45.2,2026-02-10,2025,v1.0,pitcher,0.865327582262323,0.6572773905873213,0.42795337764376007
667463.0,John King,STL,30,-0.43,48.1,0.4,0.39,0.38,Average,10.2,2026-02-10,2025,v1.0,pitcher,0.6156546201187189,0.2448085397598122,0.058063178397343776
667755.0,José Soriano,LAA,26,2.96,169.0,1.76,1.78,1.77,Average,93.7,2026-02-10,2025,v1.0,pitcher,0.9768297570628586,0.934248947037254,0.8714863687954126
668390.0,Cole Winn,TEX,25,0.21,41.2,0.67,0.7,0.71,Average,61.3,2026-02-10,2025,v1.0,pitcher,0.730665596967175,0.40236633577013153,0.15861588126317133
668674.0,Lucas Erceg,KCR,30,0.86,61.1,0.54,0.52,0.52,Average,31.5,2026-02-10,2025,v1.0,pitcher,0.8625235794944452,0.6511173359193851,0.41988036901900266
668678.0,Zac Gallen,ARI,29,1.06,192.0,0.74,0.73,0.72,Average,68.5,2026-02-10,2025,v1.0,pitcher,0.8816281393881044,0.6938451473931369,0.47747790466387624
668820.0,Max Kranick,NYM,27,0.29,37.0,0.54,0.53,0.53,Average,31.5,2026-02-10,2025,v1.0,pitcher,0.7605501291391856,0.4519902119388976,0.20067715932322933
668881.0,Hunter Greene,CIN,25,2.9,107.2,1.84,1.89,1.92,Average,94.3,2026-02-10,2025,v1.0,pitcher,0.9748063781425319,0.9286456711679684,0.8609474712945664
668909.0,Gavin Williams,CLE,25,1.44,167.2,0.95,0.98,0.99,Average,80.4,2026-02-10,2025,v1.0,pitcher,0.9050777242218315,0.7487509769005414,0.5569897544974762
668933.0,Graham Ashcraft,CIN,27,1.61,65.1,0.92,0.91,0.91,Average,79.2,2026-02-10,2025,v1.0,pitcher,0.9230800275198673,0.7927800013582483,0.6252247420458752
668941.0,JoJo Romero,STL,28,0.88,61.0,0.57,0.57,0.57,Average,41.7,2026-02-10,2025,v1.0,pitcher,0.857920239943707,0.6410866093687237,0.4069009904255886
668964.0,Tobias Myers,MIL,26,0.38,50.2,0.6,0.6,0.6,Average,50.1,2026-02-10,2025,v1.0,pitcher,0.770819827202893,0.4699250210703471,0.21710873096010808
668984.0,Casey Legumina,SEA,28,-0.1,49.2,0.57,0.56,0.56,Average,41.7,2026-02-10,2025,v1.0,pitcher,0.6817530932151414,0.3290942472703785,0.10562812291813387
669020.0,Ryan Rolison,COL,27,-0.68,42.1,0.5,0.49,0.49,Average,21.7,2026-02-10,2025,v1.0,pitcher,0.5163081088001753,0.14692431499169697,0.020675008867294
669022.0,MacKenzie Gore,WSN,26,2.89,159.2,1.85,1.87,1.86,Average,94.5,2026-02-10,2025,v1.0,pitcher,0.975179541277184,0.9296773985018376,0.8628831221217586
669060.0,Bryse Wilson,CHW,27,-0.51,47.1,0.55,0.54,0.54,Average,33.6,2026-02-10,2025,v1.0,pitcher,0.5675669624847147,0.19335542105025746,0.036029202605071434
669062.0,Erik Miller,SFG,27,0.07,30.0,0.46,0.45,0.45,Average,14.8,2026-02-10,2025,v1.0,pitcher,0.7142615812045645,0.37671413234350826,0.13883004245808941
669084.0,DL Hall,MIL,26,0.37,38.2,0.63,0.64,0.63,Average,56.2,2026-02-10,2025,v1.0,pitcher,0.768690242100267,0.466168324916027,0.2136127816801864
669093.0,Jeremiah Estrada,SDP,26,1.04,73.0,0.84,0.85,0.84,Average,75.4,2026-02-10,2025,v1.0,pitcher,0.869322582187698,0.6661197030135332,0.4396774785754379
669160.0,Dustin May,- - -,27,0.8,132.1,0.75,0.74,0.74,Average,68.8,2026-02-10,2025,v1.0,pitcher,0.8428051220406649,0.6088639132785246,0.3665994850389201
669194.0,Ryne Nelson,ARI,27,2.04,154.0,1.29,1.27,1.28,Average,89.6,2026-02-10,2025,v1.0,pitcher,0.9473839726454324,0.8548649497784105,0.7282200188645783
669199.0,Lake Bachar,MIA,30,0.14,71.0,0.48,0.47,0.46,Average,18.5,2026-02-10,2025,v1.0,pitcher,0.7480799752942677,0.43082312591229827,0.18212484401407875
669203.0,Corbin Burnes,ARI,30,0.75,64.1,0.68,0.67,0.65,Average,62.5,2026-02-10,2025,v1.0,pitcher,0.8486550464566122,0.6212058088053745,0.38178468608259297
669211.0,Keegan Akin,BAL,30,-0.53,63.1,0.44,0.43,0.42,Average,13.0,2026-02-10,2025,v1.0,pitcher,0.5877050072747815,0.21393755434906392,0.0442083702412858
669276.0,Dylan Lee,ATL,30,0.32,68.1,0.56,0.55,0.54,Average,37.2,2026-02-10,2025,v1.0,pitcher,0.782484357994731,0.4908541078245827,0.2371105209334981
669302.0,Logan Gilbert,SEA,28,2.55,131.0,1.79,1.79,1.8,Average,93.9,2026-02-10,2025,v1.0,pitcher,0.9680524481218551,0.9101017778418905,0.8265314590541527
669308.0,Sean Reynolds,SDP,27,-0.26,27.0,0.34,0.33,0.33,Average,5.4,2026-02-10,2025,v1.0,pitcher,0.6358340750286143,0.2688206106048548,0.07015961162366996
669330.0,Tyler Wells,BAL,30,0.32,21.2,0.34,0.33,0.33,Average,5.4,2026-02-10,2025,v1.0,pitcher,0.7825476592542732,0.49096932016906947,0.23722309500522099
669358.0,Shane Baz,TBR,26,1.96,166.1,1.37,1.38,1.37,Average,90.9,2026-02-10,2025,v1.0,pitcher,0.9420419864764502,0.8409551595712248,0.70445451137264
669371.0,Cole Henry,WSN,25,-0.27,52.2,0.5,0.51,0.52,Average,21.7,2026-02-10,2025,v1.0,pitcher,0.6157331314493292,0.2448991236368403,0.05810663904051409
669372.0,J.T. Ginn,ATH,26,0.75,90.1,0.83,0.84,0.83,Average,74.9,2026-02-10,2025,v1.0,pitcher,0.8322299218191166,0.586962776910711,0.340419563986982
669373.0,Tarik Skubal,DET,28,6.64,195.1,4.83,4.86,4.92,Good,100.0,2026-02-10,2025,v1.0,pitcher,0.9992777484083575,0.9979060476391186,0.9957695118683466
669387.0,Carmen Mlodzinski,PIT,26,1.65,99.0,0.97,0.98,0.97,Average,81.5,2026-02-10,2025,v1.0,pitcher,0.9232055129291702,0.7930927094969162,0.6257236254753383
669422.0,Matt Sauer,LAD,26,-0.12,29.2,0.31,0.32,0.31,Average,2.2,2026-02-10,2025,v1.0,pitcher,0.6626803884275938,0.3030881119485287,0.08942775441024706
669432.0,Trevor Rogers,BAL,27,3.33,109.2,2.22,2.22,2.24,Average,96.6,2026-02-10,2025,v1.0,pitcher,0.9839971683359658,0.9542755757741751,0.9096833522781723
669438.0,Mason Englert,TBR,25,0.56,44.2,0.77,0.8,0.81,Average,69.6,2026-02-10,2025,v1.0,pitcher,0.7968130598932319,0.5173876813147196,0.2637500799980324
669456.0,Shane Bieber,TOR,30,0.3,40.1,0.6,0.59,0.58,Average,50.1,2026-02-10,2025,v1.0,pitcher,0.7786846078324318,0.4839707260591936,0.23043377906889115
669461.0,Matthew Liberatore,STL,25,1.79,151.2,1.07,1.1,1.11,Average,85.3,2026-02-10,2025,v1.0,pitcher,0.9302199369990705,0.8107013824566994,0.6541405333736475
669467.0,Andre Pallante,STL,26,0.72,162.2,0.68,0.68,0.67,Average,62.5,2026-02-10,2025,v1.0,pitcher,0.8279754862604704,0.5782996768968252,0.3303345376250586
669622.0,Anthony Bender,MIA,30,0.45,50.0,0.47,0.46,0.45,Average,16.8,2026-02-10,2025,v1.0,pitcher,0.8045475673701297,0.5320928275520932,0.27913167020959806
669674.0,Sam Long,KCR,29,-0.36,40.1,0.46,0.45,0.44,Average,14.8,2026-02-10,2025,v1.0,pitcher,0.624954314374706,0.2556916796346251,0.06340243317221181
669684.0,Chris Murphy,BOS,27,-0.2,34.2,0.45,0.44,0.44,Average,13.6,2026-02-10,2025,v1.0,pitcher,0.6494564224285044,0.2858719664939998,0.07945224643008182
669704.0,Kade Strowd,BAL,27,0.23,26.1,0.36,0.35,0.35,Average,7.5,2026-02-10,2025,v1.0,pitcher,0.7476607369303712,0.4301230306957825,0.18152676963919023
669711.0,Greg Weissert,BOS,30,0.68,67.0,0.53,0.52,0.51,Average,28.9,2026-02-10,2025,v1.0,pitcher,0.8397421322618542,0.6024663617701239,0.3588506721792828
669713.0,Hayden Wesneski,HOU,27,0.18,32.0,0.61,0.6,0.6,Average,52.1,2026-02-10,2025,v1.0,pitcher,0.7377812824765589,0.4138402041717561,0.16789722512018795
669724.0,Brenan Hanifee,DET,27,0.64,60.0,0.61,0.6,0.6,Average,52.1,2026-02-10,2025,v1.0,pitcher,0.8199672464710481,0.5622210381976754,0.3120230797446593
669854.0,Ronel Blanco,HOU,31,0.59,48.1,0.58,0.57,0.56,Average,45.2,2026-02-10,2025,v1.0,pitcher,0.8318691454013668,0.5862248677611337,0.33955456324664823
669920.0,Jason Alexander,- - -,32,0.24,77.1,0.59,0.58,0.57,Average,48.0,2026-02-10,2025,v1.0,pitcher,0.7808328651938168,0.48785454265957806,0.2341891502822953
669923.0,George Kirby,SEA,27,2.4,126.0,1.71,1.69,1.7,Average,93.4,2026-02-10,2025,v1.0,pitcher,0.9621925073756878,0.8942104896009043,0.7976031156153409
670036.0,Matt Festa,CLE,32,0.81,54.2,0.6,0.58,0.57,Average,50.1,2026-02-10,2025,v1.0,pitcher,0.8638086322534583,0.6539357231248847,0.42356433722140274
670059.0,Colin Holderman,PIT,29,-0.46,25.2,0.3,0.3,0.29,Average,1.6,2026-02-10,2025,v1.0,pitcher,0.6002305352175565,0.22743545050026825,0.05003163093946273
670102.0,Bowden Francis,TOR,29,-0.84,64.0,0.55,0.54,0.54,Average,33.6,2026-02-10,2025,v1.0,pitcher,0.4849777457830214,0.12252326739337165,0.014319263686205449
670167.0,John Schreiber,KCR,31,0.31,64.0,0.51,0.49,0.49,Average,23.8,2026-02-10,2025,v1.0,pitcher,0.7877182512228702,0.5004400829153851,0.24656938087471
670280.0,David Bednar,- - -,30,2.05,62.2,1.16,1.15,1.14,Average,86.7,2026-02-10,2025,v1.0,pitcher,0.952380137920722,0.8680099298126155,0.751045243526455
670329.0,Rico Garcia,- - -,31,0.26,34.1,0.54,0.53,0.52,Average,31.5,2026-02-10,2025,v1.0,pitcher,0.7779879998597012,0.48271569907778494,0.2292268192289353
670912.0,Johan Oviedo,PIT,27,0.23,40.1,0.54,0.53,0.53,Average,31.5,2026-02-10,2025,v1.0,pitcher,0.7473461027090071,0.42959810620608985,0.18107899177860204
670955.0,Edwin Uceta,TBR,27,0.86,76.0,0.78,0.77,0.76,Average,70.6,2026-02-10,2025,v1.0,pitcher,0.8510637181940331,0.6263347718923663,0.3881869104178066
670970.0,Adrian Morejon,SDP,26,2.24,73.2,1.36,1.37,1.37,Average,90.5,2026-02-10,2025,v1.0,pitcher,0.9551696156285981,0.8754063627757084,0.7640451603413672
670990.0,Yohan Ramírez,PIT,30,0.17,33.1,0.61,0.6,0.59,Average,52.1,2026-02-10,2025,v1.0,pitcher,0.755036794332601,0.4425497003103088,0.1922904500094482
671096.0,Andrew Abbott,CIN,26,3.93,166.1,2.38,2.4,2.41,Average,97.4,2026-02-10,2025,v1.0,pitcher,0.990516579963392,0.9727340980844037,0.9456232241455327
671106.0,Logan Allen,CLE,26,1.72,156.2,0.91,0.91,0.91,Average,78.7,2026-02-10,2025,v1.0,pitcher,0.9279578069293006,0.8049949462591515,0.6448615934659789
671131.0,Jackson Rutledge,WSN,26,-0.49,73.1,0.58,0.59,0.58,Average,45.2,2026-02-10,2025,v1.0,pitcher,0.5622335753713711,0.18813106150144665,0.03408751031539412
671212.0,Joe Boyle,TBR,25,0.47,52.0,0.68,0.7,0.71,Average,62.5,2026-02-10,2025,v1.0,pitcher,0.7819247175467688,0.48983629701746934,0.2361171906603608
671737.0,Taj Bradley,- - -,24,1.77,142.2,1.02,1.05,1.09,Average,84.2,2026-02-10,2025,v1.0,pitcher,0.9273996745009817,0.8035910650940733,0.6425890867613666
671922.0,Cade Smith,CLE,26,2.71,73.2,1.59,1.6,1.52,Average,92.5,2026-02-10,2025,v1.0,pitcher,0.9708343208104585,0.9177101298263063,0.8405660968814087
672282.0,Reid Detmers,LAA,25,1.21,63.2,0.87,0.9,0.91,Average,76.9,2026-02-10,2025,v1.0,pitcher,0.8835314983342389,0.6981999177342644,0.4835583615422481
672335.0,Cionel Pérez,BAL,29,-0.22,21.2,0.37,0.36,0.36,Average,8.5,2026-02-10,2025,v1.0,pitcher,0.6616332725366664,0.3017007699961685,0.08860179574483455
672391.0,Kaleb Ort,HOU,33,-0.32,46.0,0.5,0.49,0.48,Average,21.7,2026-02-10,2025,v1.0,pitcher,0.6698837367331099,0.31274539000647755,0.09528463398922375
672456.0,Keider Montero,DET,24,0.13,90.2,0.63,0.65,0.67,Average,56.2,2026-02-10,2025,v1.0,pitcher,0.7060927285733904,0.3643500699044914,0.12976908109453697
672578.0,Carlos Hernández,- - -,28,0.15,43.1,0.56,0.55,0.55,Average,37.2,2026-02-10,2025,v1.0,pitcher,0.7373103152595452,0.41307423964442347,0.1672693154007087
672582.0,Angel Zerpa,KCR,25,0.32,64.2,0.66,0.68,0.69,Average,60.3,2026-02-10,2025,v1.0,pitcher,0.7531044598649366,0.43927180029757334,0.18942077562045165
672782.0,Yoendrys Gómez,- - -,25,0.13,62.2,0.62,0.64,0.65,Average,54.2,2026-02-10,2025,v1.0,pitcher,0.7122484309118422,0.3736419770898372,0.13654975725237867
672841.0,Carlos Vargas,SEA,25,-0.59,77.0,0.56,0.58,0.58,Average,37.2,2026-02-10,2025,v1.0,pitcher,0.5243082757997721,0.15362686205129913,0.022627084961799142
673513.0,Yuki Matsui,SDP,29,-0.32,63.1,0.5,0.5,0.49,Average,21.7,2026-02-10,2025,v1.0,pitcher,0.6373283859054714,0.2706575975087547,0.07113265953702168
673540.0,Kodai Senga,NYM,32,1.4,113.1,0.8,0.79,0.78,Average,72.6,2026-02-10,2025,v1.0,pitcher,0.9195274957050228,0.7839606244567772,0.6112374595673005
673929.0,Jordan Leasure,CHW,26,0.52,64.1,0.83,0.84,0.83,Average,74.9,2026-02-10,2025,v1.0,pitcher,0.795817241871802,0.515513981283239,0.26182184205654624
674285.0,Eduardo Salazar,WSN,27,-0.49,29.0,0.32,0.31,0.31,Average,3.2,2026-02-10,2025,v1.0,pitcher,0.5729496285669604,0.1987235378115378,0.038080985123112907
674370.0,Osvaldo Bido,ATH,29,-0.56,79.2,0.53,0.53,0.52,Average,28.9,2026-02-10,2025,v1.0,pitcher,0.569344371474631,0.19511737789537503,0.03669631827589437
674444.0,Steven Cruz,KCR,26,0.15,45.2,0.56,0.56,0.56,Average,37.2,2026-02-10,2025,v1.0,pitcher,0.7248823936247645,0.39319619912241593,0.15138983721925295
674841.0,Andrew Alvarez,WSN,26,0.58,23.1,0.42,0.42,0.41,Average,11.3,2026-02-10,2025,v1.0,pitcher,0.8057491121404847,0.5344015329906723,0.2815866133445094
675512.0,Troy Melton,DET,24,0.15,45.2,0.61,0.63,0.65,Average,52.1,2026-02-10,2025,v1.0,pitcher,0.7095776243927164,0.3695916135930241,0.13357257970225314
675848.0,Juan Mejia,COL,24,0.69,61.1,0.66,0.68,0.71,Average,60.3,2026-02-10,2025,v1.0,pitcher,0.8135273387319063,0.5495059346425938,0.297915954586766
675911.0,Spencer Strider,ATL,26,0.92,125.1,0.88,0.89,0.88,Average,77.7,2026-02-10,2025,v1.0,pitcher,0.8547733574008914,0.6342881337132605,0.3982211519021343
676083.0,Janson Junk,MIA,29,2.54,110.0,1.31,1.31,1.3,Average,90.0,2026-02-10,2025,v1.0,pitcher,0.9686604478303543,0.9117610980699238,0.8295821142224802
676092.0,Collin Snider,SEA,29,0.23,26.1,0.35,0.35,0.34,Average,6.5,2026-02-10,2025,v1.0,pitcher,0.7599428786460288,0.4509440091076897,0.19973882104733803
676106.0,Emerson Hancock,SEA,26,-0.04,90.0,0.57,0.57,0.57,Average,41.7,2026-02-10,2025,v1.0,pitcher,0.6817223266668234,0.32905116190118566,0.10560015572551512
676130.0,José Buttó,- - -,27,0.46,67.0,0.6,0.59,0.59,Average,50.1,2026-02-10,2025,v1.0,pitcher,0.7902821508889617,0.5051803374876409,0.2513159060313134
676254.0,Ryan Walker,SFG,29,0.62,61.1,0.56,0.56,0.55,Average,37.2,2026-02-10,2025,v1.0,pitcher,0.8266305788292171,0.5755786452886358,0.327198526937709
676263.0,Jack Dreyer,LAD,26,1.69,76.1,0.95,0.96,0.95,Average,80.4,2026-02-10,2025,v1.0,pitcher,0.9261196880841519,0.8003775518898015,0.6374025386885077
676282.0,Joey Cantillo,CLE,25,1.5,95.1,1.01,1.04,1.05,Average,83.6,2026-02-10,2025,v1.0,pitcher,0.910036704470869,0.7607150816760649,0.5751370824878781
676395.0,Robert Garcia,TEX,29,0.53,64.0,0.55,0.55,0.54,Average,33.6,2026-02-10,2025,v1.0,pitcher,0.8129262538543678,0.5483288506142553,0.29662669066610486
676428.0,Brant Hurter,DET,26,0.61,63.0,0.71,0.71,0.7,Average,66.1,2026-02-10,2025,v1.0,pitcher,0.8098738247639508,0.5423768788836071,0.29015075968572024
676440.0,Tanner Bibee,CLE,26,1.87,182.1,1.12,1.13,1.12,Average,86.2,2026-02-10,2025,v1.0,pitcher,0.9370223237807744,0.8280205966609709,0.6827128575921805
676467.0,Colton Gordon,HOU,26,0.04,86.0,0.55,0.55,0.54,Average,33.6,2026-02-10,2025,v1.0,pitcher,0.7007697573941539,0.3564383411255725,0.12413315773862495
676477.0,Garrett Whitlock,BOS,29,2.25,72.0,1.27,1.26,1.26,Average,89.0,2026-02-10,2025,v1.0,pitcher,0.9589715022511935,0.8855535798362228,0.7820633620949885
676508.0,Ben Casparius,LAD,26,1.27,77.2,0.81,0.82,0.81,Average,73.5,2026-02-10,2025,v1.0,pitcher,0.892283979482458,0.7184556542819821,0.5123523322151361
676534.0,Calvin Faucher,MIA,29,-0.02,60.1,0.47,0.47,0.46,Average,16.8,2026-02-10,2025,v1.0,pitcher,0.7086254387665643,0.3681545823931407,0.132524278410644
676571.0,PJ Poulin,WSN,28,0.16,24.2,0.34,0.34,0.34,Average,5.4,2026-02-10,2025,v1.0,pitcher,0.739923155730198,0.417335413811799,0.17077756840605895
676617.0,Riley O'Brien,STL,30,0.31,48.0,0.53,0.52,0.51,Average,28.9,2026-02-10,2025,v1.0,pitcher,0.7821588827751552,0.49026200182587965,0.23653239986719132
676661.0,Max Lazar,PHI,26,-0.2,41.1,0.47,0.47,0.46,Average,16.8,2026-02-10,2025,v1.0,pitcher,0.6410624705634749,0.2752838991931151,0.07361322560003519
676664.0,JP Sears,- - -,29,0.47,135.2,0.62,0.62,0.61,Average,54.2,2026-02-10,2025,v1.0,pitcher,0.8041812598649962,0.53139028923329,0.2783867884729466
676684.0,Will Vest,DET,30,1.77,68.2,0.87,0.86,0.85,Average,76.9,2026-02-10,2025,v1.0,pitcher,0.9384118904419412,0.8315880569930368,0.6886749752179376
676755.0,Isaac Mattson,PIT,29,0.64,47.2,0.59,0.59,0.58,Average,48.0,2026-02-10,2025,v1.0,pitcher,0.8297422837674191,0.5818870732874906,0.3344921547138969
676879.0,Aaron Ashby,MIL,27,1.24,66.2,0.81,0.8,0.8,Average,73.5,2026-02-10,2025,v1.0,pitcher,0.8929086866678069,0.7199159434874847,0.5144607056839134
676917.0,Cade Cavalli,WSN,26,0.46,48.2,0.68,0.69,0.68,Average,62.5,2026-02-10,2025,v1.0,pitcher,0.785026916444882,0.49549567780166776,0.24166718289291841
676961.0,Caleb Boushley,TEX,31,0.21,43.1,0.59,0.58,0.57,Average,48.0,2026-02-10,2025,v1.0,pitcher,0.7696333226398978,0.4678295292894227,0.21515514581255335
676962.0,Ben Brown,CHC,25,1.07,106.1,0.94,0.97,0.99,Average,80.0,2026-02-10,2025,v1.0,pitcher,0.8687373987857332,0.6648196475414617,0.4379436780572079
676974.0,Max Meyer,MIA,26,0.52,64.2,0.8,0.8,0.79,Average,72.6,2026-02-10,2025,v1.0,pitcher,0.7954298751460903,0.5147863272356774,0.261074936456278
676979.0,Garrett Crochet,BOS,26,5.78,205.1,4.17,4.2,4.24,Good,99.4,2026-02-10,2025,v1.0,pitcher,0.9983004101516092,0.9950771255061958,0.9900685368120848
677161.0,Zack Kelly,BOS,30,0.37,35.1,0.56,0.55,0.54,Average,37.2,2026-02-10,2025,v1.0,pitcher,0.7917241251980106,0.5078592055651462,0.2540185545497365
677944.0,Slade Cecconi,CLE,26,0.72,132.0,0.78,0.78,0.77,Average,70.6,2026-02-10,2025,v1.0,pitcher,0.8277295275715875,0.5778014220912626,0.32975916387968834
677952.0,Braxton Ashcraft,PIT,25,1.58,69.2,1.0,1.03,1.05,Average,83.2,2026-02-10,2025,v1.0,pitcher,0.9161505048987452,0.7756368793399233,0.5981829772565899
677955.0,Jaden Hill,COL,25,0.29,29.1,0.46,0.48,0.49,Average,14.8,2026-02-10,2025,v1.0,pitcher,0.7481387539930755,0.4309213413787195,0.18220882665673935
677958.0,Kumar Rocker,TEX,25,0.28,64.1,0.69,0.71,0.72,Average,63.7,2026-02-10,2025,v1.0,pitcher,0.7446551181778046,0.4251257042080556,0.1772865590236349
677960.0,Ryan Weathers,MIA,25,0.19,38.1,0.73,0.76,0.77,Average,68.0,2026-02-10,2025,v1.0,pitcher,0.7272402140937027,0.39691815368838357,0.1543021911693329
678020.0,Seth Halvorsen,COL,25,-0.26,39.2,0.53,0.54,0.55,Average,28.9,2026-02-10,2025,v1.0,pitcher,0.6185143329345812,0.24812217285010468,0.05966370472442148
678022.0,Jack Perkins,ATH,25,0.36,38.2,0.7,0.72,0.73,Average,64.6,2026-02-10,2025,v1.0,pitcher,0.7612426708437451,0.45318529882345426,0.2017517521364713
678024.0,Mike Vasil,CHW,25,0.43,101.0,0.56,0.58,0.59,Average,37.2,2026-02-10,2025,v1.0,pitcher,0.7749955815652135,0.47734873937903055,0.22410156123691596
678226.0,Daysbel Hernández,ATL,28,-0.35,37.0,0.42,0.42,0.42,Average,11.3,2026-02-10,2025,v1.0,pitcher,0.61947131872775,0.24923758760028014,0.060207414198048384
678368.0,Valente Bellozo,MIA,25,-0.18,81.1,0.58,0.6,0.61,Average,45.2,2026-02-10,2025,v1.0,pitcher,0.6382783990004268,0.2718297342431202,0.07175707907287049
678394.0,Brayan Bello,BOS,26,1.92,166.2,1.07,1.08,1.07,Average,85.3,2026-02-10,2025,v1.0,pitcher,0.9400249441680192,0.8357418944407854,0.6956501020353946
678495.0,Randy Rodríguez,SFG,25,1.44,50.2,0.93,0.96,0.98,Average,79.5,2026-02-10,2025,v1.0,pitcher,0.9050260230614438,0.7486268960580043,0.5568030879068777
678606.0,Jose A. Ferrer,WSN,25,1.38,76.1,0.96,0.99,1.0,Average,80.8,2026-02-10,2025,v1.0,pitcher,0.8998035073238048,0.7361623663366623,0.5382126859735837
678692.0,Ronny Henriquez,MIA,25,1.34,73.0,0.91,0.94,0.95,Average,78.7,2026-02-10,2025,v1.0,pitcher,0.8966390590431177,0.7286764036224811,0.5272010136528094
678906.0,Kai-Wei Teng,SFG,26,0.34,29.2,0.45,0.45,0.44,Average,13.6,2026-02-10,2025,v1.0,pitcher,0.7626837124423522,0.45567867012621277,0.204003072233988
679358.0,Eric Orze,TBR,27,0.34,41.2,0.67,0.66,0.66,Average,61.3,2026-02-10,2025,v1.0,pitcher,0.7693402396338115,0.46731285876918527,0.21467483610789814
679775.0,Kyle Backhus,ARI,27,-0.04,25.1,0.28,0.27,0.27,Average,0.7,2026-02-10,2025,v1.0,pitcher,0.6878218264811097,0.33766535498907146,0.11126619704276153
680573.0,Simeon Woods Richardson,MIN,24,1.16,111.1,0.8,0.83,0.86,Average,72.6,2026-02-10,2025,v1.0,pitcher,0.8746274486763463,0.677981182273679,0.45565634589988746
680684.0,Gunnar Hoglund,ATH,25,-0.42,32.1,0.58,0.6,0.6,Average,45.2,2026-02-10,2025,v1.0,pitcher,0.5734159256112822,0.19919311606185633,0.038263198410018975
680689.0,Lyon Richardson,CIN,25,0.13,37.2,0.55,0.57,0.58,Average,33.6,2026-02-10,2025,v1.0,pitcher,0.712599520485643,0.3741765686237416,0.13694518192555907
680694.0,Kyle Bradish,BAL,28,1.12,32.0,0.87,0.87,0.87,Average,76.9,2026-02-10,2025,v1.0,pitcher,0.8846293549054763,0.7007198724418016,0.4870946797898364
680730.0,Mitchell Parker,WSN,25,0.87,164.2,0.69,0.72,0.73,Average,63.7,2026-02-10,2025,v1.0,pitcher,0.8440251199056588,0.6114244210029013,0.36972426414823256
680732.0,Sean Burke,CHW,25,0.71,134.1,0.66,0.69,0.7,Average,60.3,2026-02-10,2025,v1.0,pitcher,0.8216994794285014,0.5656737888116217,0.3159108015794171
680735.0,Austin Cox,ATL,28,-0.57,21.1,0.31,0.31,0.31,Average,2.2,2026-02-10,2025,v1.0,pitcher,0.5581334656852629,0.18417829444348022,0.032654546305509034
680736.0,Justin Wrobleski,LAD,24,1.52,66.2,0.98,1.0,1.04,Average,82.3,2026-02-10,2025,v1.0,pitcher,0.9088950589884217,0.75794971415017,0.5709163951070392
680742.0,Jonathan Bowlan,KCR,28,0.21,44.1,0.6,0.59,0.59,Average,50.1,2026-02-10,2025,v1.0,pitcher,0.7502747039556388,0.4345003397389418,0.1852825307789317
680755.0,Braydon Fisher,TOR,24,0.81,50.0,0.86,0.89,0.93,Average,75.9,2026-02-10,2025,v1.0,pitcher,0.8314846326502097,0.5854390793364791,0.3386346601162763
680767.0,Victor Vodnik,COL,25,0.53,50.2,0.61,0.63,0.64,Average,52.1,2026-02-10,2025,v1.0,pitcher,0.7923671488917727,0.5090567956138662,0.25523150320452076
680880.0,Grant Holman,ATH,25,0.01,23.0,0.39,0.4,0.41,Average,9.6,2026-02-10,2025,v1.0,pitcher,0.6851501755799548,0.3338742822730862,0.10875414922794159
680885.0,Spencer Schwellenbach,ATL,25,2.4,110.2,1.68,1.72,1.74,Average,93.2,2026-02-10,2025,v1.0,pitcher,0.9598664496155811,0.8879533428118007,0.7863556177723854
681006.0,Josh Simpson,MIA,27,-0.42,30.2,0.53,0.52,0.52,Average,28.9,2026-02-10,2025,v1.0,pitcher,0.5922455066849065,0.21876806413216027,0.046250506530397625
681190.0,Randy Vásquez,SDP,26,0.8,133.2,0.61,0.62,0.61,Average,52.1,2026-02-10,2025,v1.0,pitcher,0.8392607479808522,0.6014649364208563,0.35764530551601853
681293.0,Spencer Arrighetti,HOU,25,-0.09,35.1,0.61,0.64,0.65,Average,52.1,2026-02-10,2025,v1.0,pitcher,0.6606808453934856,0.3004425026938829,0.08785603262561059
681343.0,Shane Smith,CHW,25,2.19,146.1,1.4,1.44,1.46,Average,91.3,2026-02-10,2025,v1.0,pitcher,0.9513977656871939,0.8654149079172522,0.7465109774923364
681347.0,Mike Burrows,PIT,25,1.31,96.0,0.94,0.97,0.99,Average,80.0,2026-02-10,2025,v1.0,pitcher,0.8934961180667271,0.7212908715294046,0.5164498353232649
681517.0,Kyle Leahy,STL,28,1.38,88.0,0.76,0.75,0.75,Average,69.1,2026-02-10,2025,v1.0,pitcher,0.9080359803606344,0.7558731479030798,0.5677573338810706
681676.0,Ryan Fernandez,STL,27,-0.3,30.1,0.59,0.58,0.58,Average,48.0,2026-02-10,2025,v1.0,pitcher,0.6235328199191986,0.2540080343547322,0.06256091331413743
681857.0,Reese Olson,DET,25,1.38,68.2,0.99,1.02,1.03,Average,82.8,2026-02-10,2025,v1.0,pitcher,0.8997698738401896,0.7360825376744733,0.5380946528378964
681869.0,Shawn Dubin,- - -,29,-0.14,33.2,0.5,0.5,0.49,Average,21.7,2026-02-10,2025,v1.0,pitcher,0.6801876768105213,0.32690673131713205,0.10421291242393138
681870.0,Erik Sabrowski,CLE,27,0.32,29.1,0.47,0.46,0.46,Average,16.8,2026-02-10,2025,v1.0,pitcher,0.7656975914523898,0.4609224785850665,0.20877904128136385
681892.0,Kody Funderburk,MIN,28,0.43,41.0,0.61,0.6,0.6,Average,52.1,2026-02-10,2025,v1.0,pitcher,0.7906598364218984,0.5058810960286246,0.2520214737086431
681911.0,Alex Vesia,LAD,29,0.97,59.2,0.69,0.68,0.67,Average,63.7,2026-02-10,2025,v1.0,pitcher,0.8718033730279777,0.6716495803833664,0.4470910204725106
681982.0,Grant Anderson,MIL,28,0.4,69.2,0.65,0.64,0.64,Average,59.0,2026-02-10,2025,v1.0,pitcher,0.7862879548686856,0.4978083981701933,0.24395396574755915
682052.0,Jacob Lopez,ATH,27,1.25,92.2,0.97,0.95,0.95,Average,81.5,2026-02-10,2025,v1.0,pitcher,0.8934227723168828,0.7211191062700852,0.5162011277484415
682120.0,Tim Herrin,CLE,28,-0.44,42.2,0.46,0.46,0.46,Average,14.8,2026-02-10,2025,v1.0,pitcher,0.5947862383965196,0.2215019929695842,0.04742696010939071
682243.0,Bryce Miller,SEA,26,0.03,90.1,0.6,0.61,0.6,Average,50.1,2026-02-10,2025,v1.0,pitcher,0.6964574289307823,0.3501119771456697,0.11971757397644914
682254.0,Mason Montgomery,TBR,25,0.27,46.0,0.79,0.81,0.83,Average,71.8,2026-02-10,2025,v1.0,pitcher,0.7439894203015812,0.42402404635403546,0.1763586224468277
682790.0,Wikelman González,CHW,23,0.28,20.1,0.47,0.48,0.5,Average,16.8,2026-02-10,2025,v1.0,pitcher,0.7325593585924058,0.4053993490643622,0.1610433785274622
682825.0,Luis Mey,CIN,24,-0.18,21.0,0.43,0.44,0.46,Average,12.4,2026-02-10,2025,v1.0,pitcher,0.6304408518676433,0.26225860328237677,0.06673905196283808
682842.0,Abner Uribe,MIL,25,1.69,75.1,0.98,1.01,1.02,Average,82.3,2026-02-10,2025,v1.0,pitcher,0.9238455038637159,0.7946888166620754,0.6282731319377068
682847.0,Luis L. Ortiz,CLE,26,0.93,88.2,0.86,0.87,0.86,Average,75.9,2026-02-10,2025,v1.0,pitcher,0.8551868113248765,0.6351786439191978,0.3993527106531552
682990.0,Quinn Priester,MIL,24,1.88,157.1,1.15,1.18,1.23,Average,86.5,2026-02-10,2025,v1.0,pitcher,0.9340381782538123,0.8203932726353474,0.6700536057633985
683004.0,Jack Leiter,TEX,25,2.26,151.2,1.34,1.37,1.39,Average,90.2,2026-02-10,2025,v1.0,pitcher,0.9544848517656579,0.873586869180099,0.760836771554203
683175.0,Connor Phillips,CIN,24,0.19,25.0,0.45,0.47,0.49,Average,13.6,2026-02-10,2025,v1.0,pitcher,0.718430759077455,0.3831290169039868,0.14365300907486853
683232.0,Nick Mears,MIL,28,0.46,56.2,0.56,0.56,0.56,Average,37.2,2026-02-10,2025,v1.0,pitcher,0.79586762997113,0.5156086829712921,0.2619191286027498
683409.0,Angel Chivilli,COL,22,-0.7,58.2,0.54,0.58,0.6,Average,31.5,2026-02-10,2025,v1.0,pitcher,0.4570350921402651,0.1031450239911365,0.010108754871550484
683627.0,Anthony Molina,COL,23,-0.55,34.2,0.55,0.57,0.59,Average,33.6,2026-02-10,2025,v1.0,pitcher,0.5136848586699931,0.14476904578648858,0.020066210566540274
683769.0,Hunter Gaddis,CLE,27,0.84,66.2,0.66,0.65,0.65,Average,60.3,2026-02-10,2025,v1.0,pitcher,0.8488742542136642,0.6216714413856221,0.3823636901391902
684007.0,Shota Imanaga,CHC,31,0.89,144.2,0.68,0.66,0.65,Average,62.5,2026-02-10,2025,v1.0,pitcher,0.8695435558865967,0.6666110557049516,0.44033366596899587
684320.0,Yariel Rodríguez,TOR,28,0.1,73.0,0.48,0.47,0.47,Average,18.5,2026-02-10,2025,v1.0,pitcher,0.7269733973155559,0.3964958146403289,0.15397030824773053
685107.0,Anthony Veneziano,- - -,27,-0.2,25.0,0.37,0.37,0.37,Average,8.5,2026-02-10,2025,v1.0,pitcher,0.6513183044272466,0.2882561141679923,0.08079812083778666
685126.0,Brandon Eisert,CHW,27,0.08,69.2,0.6,0.59,0.59,Average,50.1,2026-02-10,2025,v1.0,pitcher,0.7158253430717019,0.3791118897396043,0.14062302736862087
685299.0,Tanner Gordon,COL,27,0.56,75.1,0.71,0.7,0.7,Average,66.1,2026-02-10,2025,v1.0,pitcher,0.8081421531150114,0.5390191719268382,0.28652935112108174
685314.0,Andrew Saalfrank,ARI,27,0.45,29.0,0.33,0.32,0.32,Average,4.2,2026-02-10,2025,v1.0,pitcher,0.7893477051126895,0.5034492994090115,0.24957727450350436
685326.0,McCade Brown,COL,24,-0.34,25.2,0.39,0.41,0.42,Average,9.6,2026-02-10,2025,v1.0,pitcher,0.5866340428962893,0.21280846941130444,0.04373776192658239
686218.0,Emmet Sheehan,LAD,25,2.08,73.1,1.43,1.47,1.49,Average,91.6,2026-02-10,2025,v1.0,pitcher,0.9465432519997908,0.8526659090375515,0.7244363274350338
686563.0,Jonathan Cannon,CHW,24,0.39,103.2,0.63,0.65,0.68,Average,56.2,2026-02-10,2025,v1.0,pitcher,0.760181769081714,0.4513553924523866,0.20010752511371108
686580.0,Justin Slaten,BOS,27,0.4,34.0,0.52,0.51,0.51,Average,26.0,2026-02-10,2025,v1.0,pitcher,0.7799672251153665,0.4862871119238487,0.23266986375148718
686613.0,Hunter Brown,HOU,26,4.58,185.1,3.06,3.08,3.1,Good,98.5,2026-02-10,2025,v1.0,pitcher,0.9947908717446404,0.9849620352803506,0.9698194976524472
686701.0,Ryan Bergert,- - -,25,1.0,76.1,0.79,0.82,0.83,Average,71.8,2026-02-10,2025,v1.0,pitcher,0.8606851203101982,0.6470990717398993,0.41465615084626617
686752.0,Ryan Pepiot,TBR,27,2.04,167.2,1.3,1.28,1.29,Average,89.9,2026-02-10,2025,v1.0,pitcher,0.9473746073929719,0.854840433000881,0.7281777801226686
686799.0,Jack Kochanowicz,LAA,24,-0.59,111.0,0.53,0.55,0.57,Average,28.9,2026-02-10,2025,v1.0,pitcher,0.5130162703212918,0.14422306570678164,0.019913447929822695
686826.0,Bryce Jarvis,ARI,27,-0.03,22.0,0.29,0.29,0.29,Average,1.2,2026-02-10,2025,v1.0,pitcher,0.691658140461812,0.34315825318469256,0.11495737108303036
686930.0,Mason Barnett,ATH,24,0.16,22.1,0.37,0.38,0.4,Average,8.5,2026-02-10,2025,v1.0,pitcher,0.7136341261007276,0.3757548398238302,0.13811596438925935
686973.0,Louis Varland,- - -,27,1.24,72.2,0.78,0.77,0.77,Average,70.6,2026-02-10,2025,v1.0,pitcher,0.8929825164710267,0.7200886533306582,0.5147103545648484
686993.0,Justin Sterner,ATH,28,0.34,65.0,0.57,0.57,0.57,Average,41.7,2026-02-10,2025,v1.0,pitcher,0.7756420441600326,0.47850485368179874,0.22520065858491617
687064.0,Brandon Young,BAL,26,-0.07,57.2,0.58,0.59,0.58,Average,45.2,2026-02-10,2025,v1.0,pitcher,0.6749612773969416,0.31967241019383963,0.09960139753998805
687075.0,Brandon Sproat,NYM,24,0.63,20.2,0.5,0.52,0.54,Average,21.7,2026-02-10,2025,v1.0,pitcher,0.8030146457781477,0.5291569004484376,0.27602547291194257
687134.0,Bradley Blalock,COL,24,-0.98,58.2,0.54,0.56,0.58,Average,31.5,2026-02-10,2025,v1.0,pitcher,0.38619998920079457,0.06327948645649663,0.0037631584583507228
687223.0,Carson Palmquist,COL,24,-0.6,34.1,0.56,0.58,0.6,Average,37.2,2026-02-10,2025,v1.0,pitcher,0.5097380619085988,0.14156555129161977,0.019178314584367643
687330.0,Kevin Kelly,TBR,27,-0.52,39.2,0.64,0.63,0.63,Average,57.7,2026-02-10,2025,v1.0,pitcher,0.5642828538753009,0.19012735781694276,0.034823037102139444
687362.0,Connor Gillispie,MIA,27,-0.05,26.0,0.3,0.29,0.29,Average,1.6,2026-02-10,2025,v1.0,pitcher,0.6866902872015718,0.33605627613759004,0.11019644380183115
687377.0,Orlando Ribalta,WSN,27,-0.32,24.1,0.34,0.33,0.33,Average,5.4,2026-02-10,2025,v1.0,pitcher,0.6178661098904485,0.24736849799446234,0.05929773717156267
687396.0,Brent Headrick,NYY,27,0.12,23.0,0.43,0.42,0.42,Average,12.4,2026-02-10,2025,v1.0,pitcher,0.7238517916315941,0.391576545530888,0.15013125130576208
687473.0,Ryan Gusto,- - -,26,0.83,101.2,0.82,0.83,0.82,Average,74.4,2026-02-10,2025,v1.0,pitcher,0.8425857936370521,0.6084043376330441,0.3660400497592044
687606.0,Paxton Schultz,TOR,27,0.13,24.2,0.35,0.35,0.35,Average,6.5,2026-02-10,2025,v1.0,pitcher,0.7275895979163088,0.3974716321052307,0.15473767313949569
687765.0,Mitch Spence,ATH,27,-0.05,84.2,0.6,0.58,0.58,Average,50.1,2026-02-10,2025,v1.0,pitcher,0.6872940855480049,0.3369142666269646,0.110766205713952
687830.0,Sawyer Gipson-Long,DET,27,-0.27,31.1,0.67,0.66,0.66,Average,61.3,2026-02-10,2025,v1.0,pitcher,0.6324092908006159,0.2646413185869143,0.06797108971917785
687863.0,Porter Hodge,CHC,24,-0.64,33.0,0.65,0.68,0.7,Average,59.0,2026-02-10,2025,v1.0,pitcher,0.49695361870475996,0.13150853380878266,0.016522775823636145
687888.0,Brandon Walter,HOU,28,0.83,53.2,0.79,0.78,0.78,Average,71.8,2026-02-10,2025,v1.0,pitcher,0.8506365253654335,0.6254231019067488,0.38704498543668536
687911.0,Bryan King,HOU,28,0.7,68.0,0.62,0.61,0.61,Average,54.2,2026-02-10,2025,v1.0,pitcher,0.834029192073313,0.590651978179112,0.3447608511474117
687922.0,Easton Lucas,TOR,28,-0.04,24.1,0.28,0.28,0.27,Average,0.7,2026-02-10,2025,v1.0,pitcher,0.6953807413487131,0.34854399830673494,0.1186356804921166
687931.0,Carson Whisenhunt,SFG,24,-0.42,23.1,0.36,0.37,0.39,Average,7.5,2026-02-10,2025,v1.0,pitcher,0.5650520070404856,0.19088019260897643,0.03510247729721893
688138.0,Logan Evans,SEA,24,-0.05,81.1,0.57,0.59,0.62,Average,41.7,2026-02-10,2025,v1.0,pitcher,0.6627529076679748,0.30318434842379843,0.08948519282946049
688158.0,David Morgan,SDP,25,0.29,47.1,0.71,0.74,0.75,Average,66.1,2026-02-10,2025,v1.0,pitcher,0.7476339728055411,0.4300783620391806,0.18148864404090492
688297.0,Chris Roycroft,STL,28,-0.11,20.2,0.23,0.23,0.23,Average,0.2,2026-02-10,2025,v1.0,pitcher,0.6802688093008088,0.32701987118124365,0.10428587144755251
688642.0,Zach Agnos,COL,24,-0.37,31.1,0.54,0.56,0.58,Average,31.5,2026-02-10,2025,v1.0,pitcher,0.5772541695233343,0.20308602107575155,0.03979072218095004
689017.0,Landon Knack,LAD,27,-0.12,42.1,0.59,0.57,0.57,Average,48.0,2026-02-10,2025,v1.0,pitcher,0.6689613771584092,0.3114977201839996,0.0945173894305826
689147.0,Orion Kerkering,PHI,24,0.71,60.0,0.71,0.73,0.76,Average,66.1,2026-02-10,2025,v1.0,pitcher,0.8158722572530761,0.5541137372090962,0.3029900900351348
689225.0,Beau Brieske,DET,27,-0.46,22.0,0.26,0.26,0.26,Average,0.4,2026-02-10,2025,v1.0,pitcher,0.5800433018886026,0.20594592612633428,0.04093217538013753
689254.0,Mason Fluharty,TOR,23,0.19,52.2,0.69,0.71,0.74,Average,63.7,2026-02-10,2025,v1.0,pitcher,0.7122627786979412,0.3736638141349064,0.1365658982722004
689266.0,Dylan Dodd,ATL,27,0.15,35.0,0.71,0.7,0.69,Average,66.1,2026-02-10,2025,v1.0,pitcher,0.7321997712050067,0.4048222923328017,0.16058009054962033
689690.0,Alek Jacob,SDP,27,-0.43,33.1,0.51,0.5,0.5,Average,23.8,2026-02-10,2025,v1.0,pitcher,0.5882634477873707,0.21452785501018953,0.04445542420183054
690916.0,Richard Fitts,BOS,25,-0.32,45.0,0.64,0.66,0.67,Average,57.7,2026-02-10,2025,v1.0,pitcher,0.601424544078409,0.22875050901603294,0.05061844757455809
690925.0,Clayton Beeter,- - -,26,0.18,25.1,0.44,0.44,0.43,Average,13.0,2026-02-10,2025,v1.0,pitcher,0.7311134906952795,0.4030823266669476,0.1591872497810209
690928.0,Hunter Dobbins,BOS,25,0.96,61.0,0.73,0.75,0.76,Average,68.0,2026-02-10,2025,v1.0,pitcher,0.8550072546764447,0.6347918085280926,0.39886096496616164
690953.0,Mick Abel,- - -,23,0.06,39.0,0.57,0.59,0.61,Average,41.7,2026-02-10,2025,v1.0,pitcher,0.6814993990639603,0.3287390852701837,0.10539769508662118
690986.0,Kyle Harrison,- - -,23,0.47,35.2,0.68,0.7,0.73,Average,62.5,2026-02-10,2025,v1.0,pitcher,0.769182330225155,0.46703463831764586,0.21441642028447364
690990.0,Cade Horton,CHC,23,2.15,118.0,1.26,1.29,1.32,Average,88.7,2026-02-10,2025,v1.0,pitcher,0.946937517222511,0.8536967112798617,0.7262086953028203
690997.0,Nolan McLean,NYM,23,1.21,48.0,0.98,1.01,1.05,Average,82.3,2026-02-10,2025,v1.0,pitcher,0.8766943715847969,0.6826399443858302,0.46201115169225443
691587.0,Eury Pérez,MIA,22,1.87,95.1,1.18,1.23,1.28,Average,87.1,2026-02-10,2025,v1.0,pitcher,0.9295725578008587,0.8090656089714998,0.6514738347453085
691799.0,Grant Taylor,CHW,23,1.71,36.2,1.06,1.09,1.12,Average,85.1,2026-02-10,2025,v1.0,pitcher,0.9207397237363707,0.7869627889154407,0.6159808460381081
693312.0,Kyle Nicolas,PIT,26,0.17,38.0,0.57,0.57,0.56,Average,41.7,2026-02-10,2025,v1.0,pitcher,0.7289801019433088,0.3996794188646281,0.15648095457848454
693313.0,Carson Seymour,SFG,26,-0.64,36.0,0.52,0.53,0.52,Average,26.0,2026-02-10,2025,v1.0,pitcher,0.517813320630703,0.14817044054568096,0.021031199004300883
693433.0,Bryan Woo,SEA,25,3.61,186.2,2.4,2.45,2.48,Average,97.6,2026-02-10,2025,v1.0,pitcher,0.9868975657145782,0.9624589084390314,0.9255299302473987
693645.0,Cam Schlittler,NYY,24,1.31,73.0,0.97,0.99,1.03,Average,81.5,2026-02-10,2025,v1.0,pitcher,0.8901870737960158,0.7135682115463823,0.5053276561433157
693821.0,Bryce Elder,ATL,26,0.88,156.1,0.8,0.8,0.79,Average,72.6,2026-02-10,2025,v1.0,pitcher,0.8493892455235977,0.622766265586245,0.3837268281270698
693855.0,Ian Seymour,TBR,26,1.08,57.0,0.9,0.91,0.9,Average,78.1,2026-02-10,2025,v1.0,pitcher,0.8732460687979141,0.6748792525892361,0.4514498199430909
694037.0,Daniel Palencia,CHC,25,0.95,52.2,0.81,0.84,0.85,Average,73.5,2026-02-10,2025,v1.0,pitcher,0.8543982102817758,0.6334808382292034,0.3971967357210301
694297.0,Brandon Pfaadt,ARI,26,1.65,176.2,1.02,1.03,1.02,Average,84.2,2026-02-10,2025,v1.0,pitcher,0.9236926216615012,0.7943073444903905,0.627663319179401
694335.0,Matt Svanson,STL,26,0.99,60.1,0.82,0.83,0.82,Average,74.4,2026-02-10,2025,v1.0,pitcher,0.8631228497971369,0.6524306673529393,0.4215950255204373
694350.0,Zach Brzykcy,WSN,25,-0.34,23.0,0.42,0.44,0.45,Average,11.3,2026-02-10,2025,v1.0,pitcher,0.5969713949819334,0.22387113732574082,0.04845852505403508
694462.0,Hurston Waldrep,ATL,23,1.2,56.1,0.82,0.85,0.88,Average,74.4,2026-02-10,2025,v1.0,pitcher,0.8760027626479157,0.681078757661394,0.45987665056404714
694477.0,Chad Patrick,MIL,26,2.56,119.2,1.62,1.64,1.63,Average,92.9,2026-02-10,2025,v1.0,pitcher,0.9663321014645935,0.9054174244519271,0.8179499503514045
694738.0,Landen Roupp,SFG,26,1.12,106.2,0.86,0.87,0.86,Average,75.9,2026-02-10,2025,v1.0,pitcher,0.8779314356246091,0.6854382462133737,0.4658495798186709
694819.0,Jacob Misiorowski,MIL,23,1.23,66.0,0.99,1.02,1.05,Average,82.8,2026-02-10,2025,v1.0,pitcher,0.8794791252003991,0.6889497703107176,0.4706890511554789
694973.0,Paul Skenes,PIT,23,6.5,187.2,4.65,4.71,4.79,Good,99.6,2026-02-10,2025,v1.0,pitcher,0.9990519485037733,0.9972519984640363,0.99444997090541
695243.0,Mason Miller,- - -,26,2.04,61.2,1.25,1.26,1.25,Average,88.1,2026-02-10,2025,v1.0,pitcher,0.9463177145955255,0.8520766108019072,0.723424067994791
695418.0,Brad Lord,WSN,25,1.25,130.2,0.79,0.82,0.83,Average,71.8,2026-02-10,2025,v1.0,pitcher,0.8876410527473984,0.7076633277986636,0.49690601686362773
695445.0,Chase Lee,DET,26,-0.09,37.1,0.55,0.55,0.54,Average,33.6,2026-02-10,2025,v1.0,pitcher,0.6691309903895638,0.31172690968842953,0.0946580925607106
695505.0,Chase Burns,CIN,22,1.37,43.1,1.02,1.07,1.11,Average,84.2,2026-02-10,2025,v1.0,pitcher,0.8904486776769708,0.7141767614676857,0.506199647042908
695549.0,Jackson Jobe,DET,22,0.07,49.0,0.54,0.57,0.59,Average,31.5,2026-02-10,2025,v1.0,pitcher,0.6757761284534828,0.3207933423487876,0.10030902771079851
696147.0,Sam Bachman,LAA,25,0.19,20.1,0.42,0.44,0.44,Average,11.3,2026-02-10,2025,v1.0,pitcher,0.7257596422097646,0.3945783022365446,0.15246803016859745
696149.0,Bubba Chandler,PIT,22,0.95,31.1,0.81,0.86,0.89,Average,73.5,2026-02-10,2025,v1.0,pitcher,0.841458423670361,0.6060456597866315,0.36317565961144527
700241.0,Michael McGreevy,STL,24,0.89,95.2,0.64,0.66,0.68,Average,57.7,2026-02-10,2025,v1.0,pitcher,0.842911529728821,0.6090869594113432,0.3668711517952614
700249.0,Cade Povich,BAL,25,1.38,112.1,0.96,0.98,1.0,Average,80.8,2026-02-10,2025,v1.0,pitcher,0.8999534359451702,0.7365182891002701,0.5387391058427932
700363.0,AJ Smith-Shawver,ATL,22,0.56,44.1,0.58,0.61,0.63,Average,45.2,2026-02-10,2025,v1.0,pitcher,0.7812200410399268,0.48855667942378483,0.23487134197741566
700669.0,Gordon Graceffo,STL,25,0.47,43.0,0.71,0.73,0.74,Average,66.1,2026-02-10,2025,v1.0,pitcher,0.781748626619151,0.48951632903173653,0.2358053541472517
701487.0,Pierson Ohl,MIN,25,0.12,30.0,0.56,0.58,0.59,Average,37.2,2026-02-10,2025,v1.0,pitcher,0.7107162435902514,0.3713148286121662,0.13483515579386085
701519.0,Travis Adams,MIN,25,-0.29,33.2,0.57,0.59,0.6,Average,41.7,2026-02-10,2025,v1.0,pitcher,0.6086447405797295,0.23680897230152279,0.0542899352815813
701542.0,Will Warren,NYY,26,2.09,162.1,1.36,1.37,1.37,Average,90.5,2026-02-10,2025,v1.0,pitcher,0.9483074172830727,0.8572846478582886,0.7323948908272658
701552.0,Andre Granillo,STL,25,0.02,21.0,0.39,0.4,0.41,Average,9.6,2026-02-10,2025,v1.0,pitcher,0.6868195578033595,0.336239847567974,0.11031822234761839
701581.0,David Festa,MIN,25,0.33,53.1,0.74,0.77,0.78,Average,68.5,2026-02-10,2025,v1.0,pitcher,0.7553369676620172,0.4430603306963039,0.19273945099035183
701656.0,Logan Henderson,MIL,23,0.81,25.1,0.55,0.56,0.59,Average,33.6,2026-02-10,2025,v1.0,pitcher,0.8269413069490469,0.5762065669110332,0.3279208693545943
702070.0,Noah Cameron,KCR,25,1.82,138.1,1.17,1.21,1.23,Average,86.9,2026-02-10,2025,v1.0,pitcher,0.9321504283012146,0.815592139348224,0.6621464773397521
702352.0,Spencer Bivens,SFG,31,0.43,81.0,0.57,0.56,0.55,Average,41.7,2026-02-10,2025,v1.0,pitcher,0.8070144494865064,0.5368398985997728,0.28419123072789154
702674.0,Caden Dana,LAA,21,-0.37,32.1,0.56,0.59,0.63,Average,37.2,2026-02-10,2025,v1.0,pitcher,0.548988268824002,0.17555871556961752,0.02963760853330619
800048.0,Parker Messick,CLE,24,0.99,39.2,0.9,0.93,0.97,Average,78.1,2026-02-10,2025,v1.0,pitcher,0.8552566458914481,0.6353291366585354,0.39954409999665447
800049.0,Adam Mazur,MIA,24,0.13,30.0,0.61,0.63,0.65,Average,52.1,2026-02-10,2025,v1.0,pitcher,0.7051882062072757,0.36299761138653386,0.12879669164892443
801403.0,Chase Dollander,COL,23,0.1,98.0,0.59,0.61,0.64,Average,48.0,2026-02-10,2025,v1.0,pitcher,0.6915702066035258,0.34303169708035164,0.1148716411601318
805123.0,AJ Blubaugh,HOU,24,0.14,32.0,0.71,0.74,0.77,Average,66.1,2026-02-10,2025,v1.0,pitcher,0.7070610813912273,0.36580162418329026,0.1308168323824476
805673.0,Zebby Matthews,MIN,25,1.36,79.1,0.99,1.02,1.04,Average,82.8,2026-02-10,2025,v1.0,pitcher,0.8980929323563025,0.7321095263866951,0.5322367686842163
806185.0,Hayden Birdsong,SFG,23,-0.02,65.2,0.56,0.58,0.6,Average,37.2,2026-02-10,2025,v1.0,pitcher,0.6633380531803152,0.3039615970342953,0.08994977448261993
806188.0,Cade Gibson,MIA,27,0.31,54.2,0.57,0.56,0.56,Average,41.7,2026-02-10,2025,v1.0,pitcher,0.7646069218817508,0.4590202964201314,0.20704010880213244
806960.0,Luis Morales,ATH,22,0.46,48.2,0.56,0.6,0.62,Average,37.2,2026-02-10,2025,v1.0,pitcher,0.7615781728910094,0.45376500282715004,0.20227405280867944
808963.0,Roki Sasaki,LAD,23,-0.07,36.1,0.56,0.58,0.61,Average,37.2,2026-02-10,2025,v1.0,pitcher,0.6509544506727161,0.28778917752815947,0.08053363054943793
808967.0,Yoshinobu Yamamoto,LAD,26,5.0,173.2,3.51,3.54,3.57,Good,98.9,2026-02-10,2025,v1.0,pitcher,0.996476123607606,0.9898107673767896,0.9794996043938663
815083.0,Mitch Farris,LAA,24,0.15,24.1,0.36,0.37,0.39,Average,7.5,2026-02-10,2025,v1.0,pitcher,0.7102819361366133,0.3706569170346441,0.13435240427518227
820862.0,José Fermin,LAA,23,-0.53,34.1,0.59,0.61,0.63,Average,48.0,2026-02-10,2025,v1.0,pitcher,0.5202069380026823,0.15016628368965615,0.02160809634781851
829272.0,Shinnosuke Ogasawara,WSN,27,-0.52,38.2,0.49,0.48,0.48,Average,19.8,2026-02-10,2025,v1.0,pitcher,0.5641787386456605,0.19002560127360887,0.03478535332880161
