Team,playerid,Name,role,position,player_type,rate_war,age,allocated_pa_ip,playing_time_factor,adjusted_war,projection_source,projection_year
ARI,672695.0,Geraldo Perdomo,starter_hitter,SS,hitter,5.45,25.0,613.4,1.058,5.76,projected,2026
ARI,682998.0,Corbin Carroll,starter_hitter,RF,hitter,4.78,24.0,609.1,1.05,5.02,projected,2026
ARI,606466.0,Ketel Marte,starter_hitter,2B,hitter,3.0,31.0,604.8,1.043,3.13,projected,2026
ARI,518876.0,Merrill Kelly,starter_pitcher,SP,pitcher,1.8,36.0,220.0,1.294,2.33,projected,2026
ARI,672515.0,Gabriel Moreno,starter_hitter,C,hitter,1.68,25.0,600.5,1.035,1.74,projected,2026
ARI,669194.0,Ryne Nelson,starter_pitcher,SP,pitcher,1.29,27.0,196.2,1.154,1.49,projected,2026
ARI,694297.0,Brandon Pfaadt,starter_pitcher,SP,pitcher,1.02,26.0,155.2,0.913,0.93,projected,2026
ARI,666661.0,Juan Morillo,reliever,RP,pitcher,0.63,26.0,80.0,1.455,0.92,projected,2026
ARI,677942.0,Blaze Alexander,starter_hitter,3B,hitter,0.85,26.0,596.2,1.028,0.87,projected,2026
ARI,677950.0,Alek Thomas,starter_hitter,CF,hitter,0.77,25.0,591.9,1.021,0.79,projected,2026
ARI,656976.0,Pavin Smith,starter_hitter,DH,hitter,0.77,29.0,591.9,1.021,0.79,projected,2026
ARI,666971.0,Lourdes Gurriel Jr.,starter_hitter,LF,hitter,0.72,31.0,583.4,1.006,0.72,projected,2026
ARI,656222.0,Jalen Beeks,reliever,RP,pitcher,0.53,31.0,74.8,1.36,0.72,projected,2026
ARI,657044.0,Ryan Thompson,reliever,RP,pitcher,0.52,33.0,73.4,1.334,0.69,projected,2026
ARI,543101.0,Anthony DeSclafani,reliever,RP,pitcher,0.52,35.0,73.4,1.334,0.69,projected,2026
ARI,595928.0,John Curtiss,reliever,RP,pitcher,0.5,32.0,70.6,1.283,0.64,projected,2026
ARI,622503.0,Nabil Crismatt,reliever,RP,pitcher,0.46,30.0,64.9,1.18,0.54,projected,2026
ARI,593958.0,Eduardo Rodriguez,starter_pitcher,SP,pitcher,0.74,32.0,112.6,0.662,0.49,projected,2026
ARI,668678.0,Zac Gallen,starter_pitcher,SP,pitcher,0.74,29.0,112.6,0.662,0.49,projected,2026
ARI,663765.0,Jake Woodford,reliever,RP,pitcher,0.43,28.0,60.7,1.103,0.47,projected,2026
ARI,669203.0,Corbin Burnes,starter_pitcher,SP,pitcher,0.68,30.0,103.4,0.609,0.41,projected,2026
ARI,656464.0,Kevin Ginkel,reliever,RP,pitcher,0.37,31.0,52.2,0.949,0.35,projected,2026
ARI,694374.0,Tim Tawa,bench_hitter,1B,hitter,0.75,26.0,238.3,0.411,0.31,projected,2026
ARI,680728.0,Adrian Del Castillo,bench_hitter,C,hitter,0.74,25.0,235.1,0.405,0.3,projected,2026
ARI,678489.0,Jorge Barrosa,bench_hitter,CF,hitter,0.69,24.0,219.2,0.378,0.26,projected,2026
ARI,543510.0,James McCann,bench_hitter,DH,hitter,0.68,35.0,216.1,0.373,0.25,projected,2026
ATH,669127.0,Shea Langeliers,starter_hitter,C,hitter,2.49,27.0,700.0,1.207,3.01,projected,2026
ATH,701762.0,Nick Kurtz,starter_hitter,1B,hitter,2.98,22.0,536.5,0.925,2.76,projected,2026
ATH,805779.0,Jacob Wilson,starter_hitter,SS,hitter,2.18,23.0,700.0,1.207,2.63,projected,2026
ATH,667670.0,Brent Rooker,starter_hitter,DH,hitter,1.38,30.0,700.0,1.207,1.67,projected,2026
ATH,622663.0,Luis Severino,starter_pitcher,SP,pitcher,1.27,31.0,220.0,1.294,1.64,projected,2026
ATH,671732.0,Lawrence Butler,starter_hitter,CF,hitter,1.28,24.0,700.0,1.207,1.54,projected,2026
ATH,691016.0,Tyler Soderstrom,starter_hitter,1B,hitter,2.06,23.0,433.0,0.747,1.54,projected,2026
ATH,678022.0,Jack Perkins,reliever,RP,pitcher,0.7,25.0,80.0,1.455,1.02,projected,2026
ATH,682052.0,Jacob Lopez,starter_pitcher,SP,pitcher,0.97,27.0,177.2,1.042,1.01,projected,2026
ATH,665660.0,Elvis Alvarado,reliever,RP,pitcher,0.63,26.0,80.0,1.455,0.92,projected,2026
ATH,691777.0,Max Muncy,starter_hitter,2B,hitter,0.66,22.0,700.0,1.207,0.8,projected,2026
ATH,686993.0,Justin Sterner,reliever,RP,pitcher,0.57,28.0,76.7,1.394,0.79,projected,2026
ATH,663687.0,Hogan Harris,reliever,RP,pitcher,0.56,28.0,75.3,1.369,0.77,projected,2026
ATH,605488.0,Jeffrey Springs,starter_pitcher,SP,pitcher,0.84,32.0,153.4,0.902,0.76,projected,2026
ATH,669372.0,J.T. Ginn,starter_pitcher,SP,pitcher,0.83,26.0,151.6,0.892,0.74,projected,2026
ATH,672016.0,Denzel Clarke,bench_hitter,CF,hitter,1.08,25.0,339.0,0.585,0.63,projected,2026
ATH,547184.0,Michael Kelly,reliever,RP,pitcher,0.49,32.0,65.9,1.198,0.59,projected,2026
ATH,621053.0,Tyler Ferguson,reliever,RP,pitcher,0.47,31.0,63.2,1.149,0.54,projected,2026
ATH,605130.0,Scott Barlow,reliever,RP,pitcher,0.42,32.0,56.5,1.027,0.43,projected,2026
ATH,687765.0,Mitch Spence,starter_pitcher,SP,pitcher,0.6,27.0,109.6,0.645,0.39,projected,2026
ATH,680880.0,Grant Holman,reliever,RP,pitcher,0.39,25.0,52.4,0.954,0.37,projected,2026
ATH,687231.0,Darell Hernaiz,bench_hitter,SS,hitter,0.75,23.0,235.4,0.406,0.3,projected,2026
ATH,680862.0,Willie MacIver,bench_hitter,C,hitter,0.72,28.0,226.0,0.39,0.28,projected,2026
ATH,687515.0,Colby Thomas,bench_hitter,CF,hitter,0.7,24.0,219.7,0.379,0.27,projected,2026
ATH,680684.0,Gunnar Hoglund,starter_pitcher,SP,pitcher,0.48,25.0,88.2,0.519,0.25,projected+fv,2026
ATH,680474.0,Max Schuemann,bench_hitter,DH,hitter,0.67,28.0,210.3,0.363,0.24,projected,2026
ATL,621566.0,Matt Olson,starter_hitter,1B,hitter,3.03,31.0,700.0,1.207,3.66,projected,2026
ATL,519242.0,Chris Sale,starter_pitcher,SP,pitcher,2.16,36.0,220.0,1.294,2.8,projected,2026
ATL,686948.0,Drake Baldwin,starter_hitter,C,hitter,2.04,24.0,700.0,1.207,2.46,projected,2026
ATL,680885.0,Spencer Schwellenbach,starter_pitcher,SP,pitcher,1.68,25.0,220.0,1.294,2.17,projected,2026
ATL,573262.0,Mike Yastrzemski,starter_hitter,RF,hitter,1.1,34.0,700.0,1.207,1.33,projected,2026
ATL,660670.0,Ronald Acuña Jr.,bench_hitter,RF,hitter,2.19,27.0,350.0,0.603,1.32,projected,2026
ATL,645277.0,Ozzie Albies,starter_hitter,2B,hitter,1.05,28.0,700.0,1.207,1.27,projected,2026
ATL,671739.0,Michael Harris II,starter_hitter,CF,hitter,1.0,24.0,700.0,1.207,1.21,projected,2026
ATL,694462.0,Hurston Waldrep,reliever,RP,pitcher,0.82,23.0,80.0,1.455,1.19,projected,2026
ATL,689266.0,Dylan Dodd,reliever,RP,pitcher,0.71,27.0,80.0,1.455,1.03,projected,2026
ATL,669221.0,Sean Murphy,starter_hitter,DH,hitter,1.24,30.0,439.1,0.757,0.94,projected,2026
ATL,669276.0,Dylan Lee,reliever,RP,pitcher,0.56,30.0,80.0,1.455,0.81,projected,2026
ATL,607481.0,Aaron Bummer,reliever,RP,pitcher,0.55,31.0,80.0,1.455,0.8,projected,2026
ATL,675911.0,Spencer Strider,starter_pitcher,SP,pitcher,0.88,26.0,136.3,0.802,0.71,projected,2026
ATL,628452.0,Raisel Iglesias,reliever,RP,pitcher,0.46,35.0,80.0,1.455,0.67,projected,2026
ATL,663586.0,Austin Riley,starter_hitter,DH,hitter,0.97,28.0,378.9,0.653,0.63,projected,2026
ATL,693821.0,Bryce Elder,starter_pitcher,SP,pitcher,0.8,26.0,123.9,0.729,0.58,projected,2026
ATL,678226.0,Daysbel Hernández,reliever,RP,pitcher,0.42,28.0,74.8,1.361,0.57,projected,2026
ATL,595777.0,Jurickson Profar,starter_hitter,DH,hitter,0.83,32.0,352.3,0.607,0.5,projected,2026
ATL,656550.0,Grant Holmes,starter_pitcher,SP,pitcher,0.71,29.0,110.0,0.647,0.46,projected,2026
ATL,700363.0,AJ Smith-Shawver,starter_pitcher,SP,pitcher,0.58,22.0,89.8,0.528,0.31,projected,2026
ATL,680735.0,Austin Cox,reliever,RP,pitcher,0.31,28.0,55.2,1.004,0.31,projected,2026
ATL,642201.0,Eli White,bench_hitter,LF,hitter,0.74,31.0,197.6,0.341,0.25,projected,2026
ATL,805373.0,Nacho Alvarez Jr.,bench_hitter,3B,hitter,0.65,22.0,177.7,0.306,0.2,projected,2026
ATL,622761.0,Jorge Mateo,bench_hitter,SS,hitter,0.59,30.0,164.4,0.283,0.17,projected,2026
ATL,657077.0,Alex Verdugo,bench_hitter,LF,hitter,0.48,29.0,140.0,0.241,0.12,projected,2026
BAL,683002.0,Gunnar Henderson,starter_hitter,SS,hitter,3.53,24.0,700.0,1.207,4.26,projected,2026
BAL,669432.0,Trevor Rogers,starter_pitcher,SP,pitcher,2.22,27.0,220.0,1.294,2.87,projected,2026
BAL,624413.0,Pete Alonso,starter_hitter,1B,hitter,2.15,30.0,700.0,1.207,2.59,projected,2026
BAL,621493.0,Taylor Ward,starter_hitter,LF,hitter,1.38,31.0,700.0,1.207,1.67,projected,2026
BAL,665152.0,Dean Kremer,starter_pitcher,SP,pitcher,1.45,29.0,168.5,0.991,1.44,projected,2026
BAL,669358.0,Shane Baz,starter_pitcher,SP,pitcher,1.37,26.0,159.2,0.937,1.28,projected,2026
BAL,668939.0,Adley Rutschman,starter_hitter,C,hitter,0.95,27.0,700.0,1.207,1.15,projected,2026
BAL,676059.0,Jordan Westburg,starter_hitter,2B,hitter,1.09,26.0,572.1,0.986,1.08,projected,2026
BAL,642585.0,Félix Bautista,reliever,RP,pitcher,0.65,30.0,80.0,1.455,0.95,projected,2026
BAL,552640.0,Andrew Kittredge,reliever,RP,pitcher,0.57,35.0,80.0,1.455,0.83,projected,2026
BAL,666974.0,Yennier Cano,reliever,RP,pitcher,0.56,31.0,80.0,1.455,0.81,projected,2026
BAL,664854.0,Ryan Helsley,reliever,RP,pitcher,0.53,30.0,80.0,1.455,0.77,projected,2026
BAL,608372.0,Tomoyuki Sugano,reliever,RP,pitcher,0.53,35.0,80.0,1.455,0.77,projected,2026
BAL,702616.0,Jackson Holliday,starter_hitter,2B,hitter,0.79,21.0,469.3,0.809,0.64,projected,2026
BAL,669211.0,Keegan Akin,reliever,RP,pitcher,0.44,30.0,80.0,1.455,0.64,projected,2026
BAL,700249.0,Cade Povich,starter_pitcher,SP,pitcher,0.96,25.0,111.6,0.656,0.63,projected,2026
BAL,680694.0,Kyle Bradish,starter_pitcher,SP,pitcher,0.87,28.0,101.1,0.595,0.52,projected,2026
BAL,681297.0,Colton Cowser,bench_hitter,CF,hitter,0.75,25.0,350.0,0.603,0.45,projected,2026
BAL,669704.0,Kade Strowd,reliever,RP,pitcher,0.36,27.0,67.5,1.227,0.44,projected,2026
BAL,691723.0,Coby Mayo,bench_hitter,1B,hitter,0.7,23.0,336.3,0.58,0.41,projected,2026
BAL,687637.0,Dylan Beavers,bench_hitter,RF,hitter,0.66,23.0,315.8,0.544,0.36,projected+fv,2026
BAL,641933.0,Tyler O'Neill,bench_hitter,RF,hitter,0.64,30.0,307.7,0.53,0.34,projected,2026
BAL,663624.0,Ryan Mountcastle,starter_hitter,1B,hitter,0.54,28.0,336.7,0.581,0.31,projected,2026
BAL,621107.0,Zach Eflin,starter_pitcher,SP,pitcher,0.62,31.0,72.1,0.424,0.26,projected,2026
BAL,687064.0,Brandon Young,starter_pitcher,SP,pitcher,0.58,26.0,67.4,0.397,0.23,projected,2026
BAL,677008.0,Heston Kjerstad,bench_hitter,LF,hitter,0.44,26.0,212.2,0.366,0.16,projected,2026
BOS,676979.0,Garrett Crochet,starter_pitcher,SP,pitcher,4.17,26.0,220.0,1.294,5.4,projected,2026
BOS,624133.0,Ranger Suárez,starter_pitcher,SP,pitcher,2.71,29.0,220.0,1.294,3.51,projected,2026
BOS,543243.0,Sonny Gray,starter_pitcher,SP,pitcher,2.1,35.0,265.4,1.561,3.28,projected,2026
BOS,680776.0,Jarren Duran,starter_hitter,CF,hitter,2.33,28.0,665.3,1.147,2.67,projected,2026
BOS,678882.0,Ceddanne Rafaela,starter_hitter,2B,hitter,2.31,24.0,568.2,0.98,2.26,projected,2026
BOS,596115.0,Trevor Story,starter_hitter,SS,hitter,1.86,32.0,657.8,1.134,2.11,projected,2026
BOS,676477.0,Garrett Whitlock,reliever,RP,pitcher,1.27,29.0,80.0,1.455,1.85,projected,2026
BOS,665966.0,Carlos Narváez,starter_hitter,C,hitter,1.6,26.0,654.0,1.128,1.8,projected,2026
BOS,677800.0,Wilyer Abreu,starter_hitter,RF,hitter,1.35,26.0,646.5,1.115,1.5,projected,2026
BOS,547973.0,Aroldis Chapman,reliever,RP,pitcher,1.13,37.0,65.0,1.182,1.34,projected,2026
BOS,575929.0,Willson Contreras,starter_hitter,1B,hitter,1.37,33.0,482.4,0.832,1.14,projected,2026
BOS,643396.0,Isiah Kiner-Falefa,starter_hitter,3B,hitter,0.79,30.0,639.0,1.102,0.87,projected,2026
BOS,678394.0,Brayan Bello,starter_pitcher,SP,pitcher,1.07,26.0,135.2,0.795,0.85,projected,2026
BOS,677161.0,Zack Kelly,reliever,RP,pitcher,0.56,30.0,80.0,1.455,0.81,projected,2026
BOS,669711.0,Greg Weissert,reliever,RP,pitcher,0.53,30.0,80.0,1.455,0.77,projected,2026
BOS,686580.0,Justin Slaten,reliever,RP,pitcher,0.52,27.0,80.0,1.455,0.76,projected,2026
BOS,458677.0,Justin Wilson,reliever,RP,pitcher,0.54,37.0,65.0,1.182,0.64,projected,2026
BOS,663853.0,Romy Gonzalez,starter_hitter,1B,hitter,0.93,28.0,395.4,0.682,0.63,projected,2026
BOS,701350.0,Roman Anthony,bench_hitter,LF,hitter,1.41,21.0,199.6,0.344,0.49,projected,2026
BOS,692225.0,Kristian Campbell,starter_hitter,2B,hitter,0.67,23.0,313.4,0.54,0.36,projected,2026
BOS,666152.0,David Hamilton,bench_hitter,2B,hitter,0.99,27.0,140.1,0.242,0.24,projected,2026
BOS,656557.0,Tanner Houck,starter_pitcher,SP,pitcher,0.47,29.0,59.4,0.349,0.16,projected,2026
BOS,691785.0,Marcelo Mayer,bench_hitter,DH,hitter,0.74,22.0,104.7,0.181,0.13,projected,2026
BOS,807799.0,Masataka Yoshida,bench_hitter,DH,hitter,0.66,31.0,93.4,0.161,0.11,projected,2026
BOS,671213.0,Triston Casas,bench_hitter,DH,hitter,0.53,25.0,75.0,0.129,0.07,projected,2026
BOS,657136.0,Connor Wong,bench_hitter,C,hitter,0.46,29.0,65.1,0.112,0.05,projected,2026
CHC,691718.0,Pete Crow-Armstrong,starter_hitter,CF,hitter,3.84,23.0,613.4,1.058,4.06,projected,2026
CHC,663538.0,Nico Hoerner,starter_hitter,2B,hitter,3.27,28.0,609.6,1.051,3.44,projected,2026
CHC,571510.0,Matthew Boyd,starter_pitcher,SP,pitcher,1.98,34.0,220.0,1.294,2.56,projected,2026
CHC,621020.0,Dansby Swanson,starter_hitter,SS,hitter,2.19,31.0,605.9,1.045,2.29,projected,2026
CHC,683737.0,Michael Busch,starter_hitter,1B,hitter,2.13,27.0,602.1,1.038,2.21,projected,2026
CHC,608324.0,Alex Bregman,starter_hitter,3B,hitter,2.04,31.0,462.4,0.797,1.63,projected,2026
CHC,608348.0,Carson Kelly,starter_hitter,C,hitter,1.44,30.0,594.6,1.025,1.48,projected,2026
CHC,664023.0,Ian Happ,starter_hitter,LF,hitter,1.42,30.0,590.9,1.019,1.45,projected,2026
CHC,690990.0,Cade Horton,starter_pitcher,SP,pitcher,1.26,23.0,193.0,1.135,1.43,projected,2026
CHC,673548.0,Seiya Suzuki,starter_hitter,DH,hitter,1.38,30.0,587.1,1.012,1.4,projected,2026
CHC,694037.0,Daniel Palencia,reliever,RP,pitcher,0.81,25.0,80.0,1.455,1.18,projected,2026
CHC,641745.0,Brad Keller,reliever,RP,pitcher,0.72,29.0,80.0,1.455,1.05,projected,2026
CHC,687863.0,Porter Hodge,reliever,RP,pitcher,0.65,24.0,80.0,1.455,0.95,projected,2026
CHC,623167.0,Chris Flexen,reliever,RP,pitcher,0.56,31.0,80.0,1.455,0.81,projected,2026
CHC,676962.0,Ben Brown,starter_pitcher,SP,pitcher,0.94,25.0,144.0,0.847,0.8,projected,2026
CHC,519141.0,Drew Pomeranz,reliever,RP,pitcher,0.53,36.0,80.0,1.455,0.77,projected,2026
CHC,807713.0,Matt Shaw,starter_hitter,3B,hitter,1.22,23.0,356.0,0.614,0.75,projected,2026
CHC,607067.0,Colin Rea,starter_pitcher,SP,pitcher,0.86,35.0,131.7,0.775,0.67,projected,2026
CHC,665804.0,Miguel Amaya,bench_hitter,C,hitter,1.11,26.0,298.6,0.515,0.57,projected,2026
CHC,573204.0,Caleb Thielbar,reliever,RP,pitcher,0.58,38.0,50.0,0.909,0.53,projected,2026
CHC,592791.0,Jameson Taillon,starter_pitcher,SP,pitcher,0.7,33.0,107.2,0.631,0.44,projected,2026
CHC,684007.0,Shota Imanaga,starter_pitcher,SP,pitcher,0.68,31.0,104.1,0.613,0.42,projected,2026
CHC,657006.0,Justin Steele,reliever,RP,pitcher,0.33,29.0,51.2,0.93,0.31,projected,2026
CHC,666185.0,Dylan Carlson,bench_hitter,CF,hitter,0.59,26.0,158.7,0.274,0.16,projected,2026
CHC,542932.0,Jon Berti,bench_hitter,DH,hitter,0.49,35.0,131.8,0.227,0.11,projected,2026
CHC,457759.0,Justin Turner,bench_hitter,DH,hitter,0.33,40.0,88.8,0.153,0.05,projected,2026
CHW,,Munetaka Murakami,starter_hitter,3B,hitter,2.5,,613.4,1.058,2.64,manual,2026
CHW,695657.0,Colson Montgomery,starter_hitter,SS,hitter,1.87,23.0,609.6,1.051,1.97,projected,2026
CHW,681343.0,Shane Smith,starter_pitcher,SP,pitcher,1.4,25.0,196.9,1.158,1.62,projected,2026
CHW,805367.0,Chase Meidroth,starter_hitter,2B,hitter,1.28,23.0,605.9,1.045,1.34,projected,2026
CHW,673929.0,Jordan Leasure,reliever,RP,pitcher,0.83,26.0,80.0,1.455,1.21,projected,2026
CHW,605288.0,Adrian Houser,starter_pitcher,SP,pitcher,1.21,32.0,170.2,1.001,1.21,projected,2026
CHW,673357.0,Luis Robert Jr.,starter_hitter,CF,hitter,1.11,27.0,602.1,1.038,1.15,projected,2026
CHW,622554.0,Seranthony Domínguez,reliever,RP,pitcher,0.63,30.0,80.0,1.455,0.92,projected,2026
CHW,685126.0,Brandon Eisert,reliever,RP,pitcher,0.6,27.0,80.0,1.455,0.87,projected,2026
CHW,678024.0,Mike Vasil,reliever,RP,pitcher,0.56,25.0,80.0,1.455,0.81,projected,2026
CHW,643217.0,Andrew Benintendi,starter_hitter,LF,hitter,0.78,30.0,590.9,1.019,0.79,projected,2026
CHW,672820.0,Lenyn Sosa,starter_hitter,1B,hitter,1.0,25.0,417.6,0.72,0.72,projected,2026
CHW,700337.0,Edgar Quero,starter_hitter,C,hitter,0.69,22.0,587.1,1.012,0.7,projected,2026
CHW,678246.0,Miguel Vargas,starter_hitter,1B,hitter,0.99,25.0,412.0,0.71,0.7,projected,2026
CHW,691019.0,Kyle Teel,bench_hitter,C,hitter,1.14,23.0,350.0,0.603,0.69,projected,2026
CHW,621051.0,Steven Wilson,reliever,RP,pitcher,0.47,30.0,79.6,1.448,0.68,projected,2026
CHW,592155.0,Cam Booser,reliever,RP,pitcher,0.46,33.0,77.9,1.417,0.65,projected,2026
CHW,663436.0,Davis Martin,starter_pitcher,SP,pitcher,0.78,28.0,109.7,0.645,0.5,projected,2026
CHW,668942.0,Josh Rojas,starter_hitter,DH,hitter,0.47,31.0,583.4,1.006,0.47,projected,2026
CHW,681460.0,Brooks Baldwin,bench_hitter,3B,hitter,0.8,24.0,328.0,0.566,0.45,projected,2026
CHW,656186.0,Dan Altavilla,reliever,RP,pitcher,0.34,32.0,57.6,1.047,0.36,projected,2026
CHW,680732.0,Sean Burke,starter_pitcher,SP,pitcher,0.66,25.0,92.8,0.546,0.36,projected,2026
CHW,686563.0,Jonathan Cannon,starter_pitcher,SP,pitcher,0.63,24.0,88.6,0.521,0.33,projected,2026
CHW,527048.0,Martín Pérez,starter_pitcher,SP,pitcher,0.61,34.0,85.8,0.505,0.31,projected,2026
CHW,656457.0,Tyler Gilbert,starter_pitcher,SP,pitcher,0.56,31.0,78.8,0.463,0.26,projected,2026
CHW,669060.0,Bryse Wilson,starter_pitcher,SP,pitcher,0.55,27.0,77.3,0.455,0.25,projected,2026
CIN,682829.0,Elly De La Cruz,starter_hitter,SS,hitter,3.04,23.0,665.3,1.147,3.49,projected,2026
CIN,671096.0,Andrew Abbott,starter_pitcher,SP,pitcher,2.38,26.0,220.0,1.294,3.08,projected,2026
CIN,553993.0,Eugenio Suárez,starter_hitter,3B,hitter,2.11,33.0,662.0,1.141,2.41,projected,2026
CIN,666157.0,Nick Lodolo,starter_pitcher,SP,pitcher,1.89,27.0,198.0,1.165,2.2,projected,2026
CIN,668881.0,Hunter Greene,starter_pitcher,SP,pitcher,1.84,25.0,192.8,1.134,2.09,projected,2026
CIN,663903.0,Brady Singer,starter_pitcher,SP,pitcher,1.72,28.0,180.2,1.06,1.82,projected,2026
CIN,668933.0,Graham Ashcraft,reliever,RP,pitcher,0.92,27.0,80.0,1.455,1.34,projected,2026
CIN,680574.0,Matt McLain,starter_hitter,2B,hitter,1.39,25.0,540.6,0.932,1.3,projected,2026
CIN,670770.0,TJ Friedl,starter_hitter,CF,hitter,1.4,29.0,516.3,0.89,1.25,projected,2026
CIN,669720.0,Austin Hays,starter_hitter,LF,hitter,0.87,29.0,648.6,1.118,0.97,projected,2026
CIN,668715.0,Spencer Steer,starter_hitter,1B,hitter,0.84,27.0,645.3,1.113,0.93,projected,2026
CIN,663574.0,Tony Santillan,reliever,RP,pitcher,0.63,28.0,80.0,1.455,0.92,projected,2026
CIN,608718.0,Brent Suter,reliever,RP,pitcher,0.62,35.0,80.0,1.455,0.9,projected,2026
CIN,680689.0,Lyon Richardson,reliever,RP,pitcher,0.55,25.0,80.0,1.455,0.8,projected,2026
CIN,663886.0,Tyler Stephenson,starter_hitter,C,hitter,0.93,28.0,485.8,0.838,0.78,projected,2026
CIN,641941.0,Emilio Pagán,reliever,RP,pitcher,0.53,34.0,80.0,1.455,0.77,projected,2026
CIN,572955.0,Pierce Johnson,reliever,RP,pitcher,0.51,34.0,80.0,1.455,0.74,projected,2026
CIN,607259.0,Nick Martinez,starter_pitcher,SP,pitcher,1.04,34.0,109.0,0.641,0.67,projected,2026
CIN,668709.0,JJ Bleday,starter_hitter,CF,hitter,0.73,27.0,369.0,0.636,0.46,projected,2026
CIN,624431.0,Jose Trevino,starter_hitter,C,hitter,0.62,32.0,389.4,0.671,0.42,projected,2026
CIN,669289.0,Santiago Espinal,starter_hitter,2B,hitter,0.53,30.0,334.6,0.577,0.31,projected,2026
CIN,664139.0,Ian Gibaut,reliever,RP,pitcher,0.32,31.0,51.9,0.944,0.3,projected,2026
CIN,682622.0,Noelvi Marte,bench_hitter,3B,hitter,0.9,23.0,122.2,0.211,0.19,projected,2026
CIN,666181.0,Will Benson,bench_hitter,CF,hitter,0.78,27.0,105.9,0.183,0.14,projected,2026
CIN,641584.0,Jake Fraley,bench_hitter,DH,hitter,0.7,30.0,95.0,0.164,0.11,projected,2026
CIN,687952.0,Christian Encarnacion-Strand,bench_hitter,1B,hitter,0.53,25.0,72.0,0.124,0.07,projected,2026
CIN,694362.0,Blake Dunn,bench_hitter,DH,hitter,0.35,26.0,47.9,0.083,0.03,projected+fv,2026
CLE,608070.0,José Ramírez,starter_hitter,3B,hitter,4.59,32.0,665.3,1.147,5.26,projected,2026
CLE,671922.0,Cade Smith,reliever,RP,pitcher,1.59,26.0,80.0,1.455,2.31,projected,2026
CLE,680757.0,Steven Kwan,starter_hitter,LF,hitter,1.92,27.0,661.5,1.141,2.19,projected,2026
CLE,666310.0,Bo Naylor,starter_hitter,C,hitter,1.12,25.0,657.8,1.134,1.27,projected,2026
CLE,700932.0,Kyle Manzardo,starter_hitter,DH,hitter,0.98,24.0,650.3,1.121,1.1,projected,2026
CLE,676440.0,Tanner Bibee,starter_pitcher,SP,pitcher,1.12,26.0,164.7,0.969,1.09,projected,2026
CLE,661403.0,Emmanuel Clase,reliever,RP,pitcher,0.72,27.0,80.0,1.455,1.05,projected,2026
CLE,683769.0,Hunter Gaddis,reliever,RP,pitcher,0.66,27.0,80.0,1.455,0.96,projected,2026
CLE,676282.0,Joey Cantillo,starter_pitcher,SP,pitcher,1.01,25.0,148.5,0.874,0.88,projected,2026
CLE,670036.0,Matt Festa,reliever,RP,pitcher,0.6,32.0,78.6,1.428,0.86,projected,2026
CLE,663465.0,Kolby Allard,reliever,RP,pitcher,0.58,27.0,75.9,1.381,0.8,projected,2026
CLE,668909.0,Gavin Williams,starter_pitcher,SP,pitcher,0.95,25.0,139.7,0.822,0.78,projected,2026
CLE,596001.0,Jakob Junis,reliever,RP,pitcher,0.57,32.0,74.6,1.357,0.77,projected,2026
CLE,672356.0,Gabriel Arias,starter_hitter,2B,hitter,1.09,25.0,405.8,0.7,0.76,projected,2026
CLE,671106.0,Logan Allen,starter_pitcher,SP,pitcher,0.91,26.0,133.8,0.787,0.72,projected,2026
CLE,677587.0,Brayan Rocchio,bench_hitter,2B,hitter,1.17,24.0,318.3,0.549,0.64,projected,2026
CLE,682847.0,Luis L. Ortiz,starter_pitcher,SP,pitcher,0.86,26.0,126.5,0.744,0.64,projected,2026
CLE,682177.0,Daniel Schneemann,starter_hitter,2B,hitter,0.93,28.0,373.8,0.644,0.6,projected,2026
CLE,666134.0,Nolan Jones,starter_hitter,CF,hitter,0.54,27.0,639.0,1.102,0.59,projected,2026
CLE,677944.0,Slade Cecconi,starter_pitcher,SP,pitcher,0.78,26.0,114.7,0.675,0.53,projected,2026
CLE,682120.0,Tim Herrin,reliever,RP,pitcher,0.46,28.0,60.2,1.095,0.5,projected,2026
CLE,467793.0,Carlos Santana,starter_hitter,1B,hitter,0.51,39.0,535.3,0.923,0.47,projected,2026
CLE,682657.0,Angel Martínez,starter_hitter,2B,hitter,0.69,23.0,333.2,0.575,0.4,projected,2026
CLE,595978.0,Austin Hedges,bench_hitter,C,hitter,0.69,32.0,187.7,0.324,0.22,projected,2026
CLE,594902.0,Ben Lively,starter_pitcher,SP,pitcher,0.49,33.0,72.1,0.424,0.21,projected,2026
CLE,678877.0,Jhonkensy Noel,bench_hitter,1B,hitter,0.51,23.0,138.7,0.239,0.12,projected,2026
CLE,657041.0,Lane Thomas,bench_hitter,CF,hitter,0.49,29.0,133.3,0.23,0.11,projected,2026
COL,696100.0,Hunter Goodman,starter_hitter,C,hitter,2.09,25.0,665.3,1.147,2.4,projected,2026
COL,607536.0,Kyle Freeland,starter_pitcher,SP,pitcher,1.25,32.0,220.0,1.294,1.62,projected,2026
COL,678662.0,Ezequiel Tovar,starter_hitter,SS,hitter,1.37,23.0,661.0,1.14,1.56,projected,2026
COL,641857.0,Ryan McMahon,starter_hitter,3B,hitter,1.07,30.0,656.7,1.132,1.21,projected,2026
COL,687597.0,Jordan Beck,starter_hitter,LF,hitter,0.91,24.0,648.1,1.117,1.02,projected,2026
COL,675848.0,Juan Mejia,reliever,RP,pitcher,0.66,24.0,64.0,1.164,0.77,projected,2026
COL,656234.0,Jake Bird,reliever,RP,pitcher,0.65,29.0,63.1,1.146,0.75,projected,2026
COL,623474.0,Jimmy Herget,reliever,RP,pitcher,0.65,31.0,63.1,1.146,0.75,projected,2026
COL,686668.0,Brenton Doyle,starter_hitter,CF,hitter,0.93,27.0,452.9,0.781,0.73,projected,2026
COL,680767.0,Victor Vodnik,reliever,RP,pitcher,0.61,25.0,59.2,1.076,0.66,projected,2026
COL,666160.0,Mickey Moniak,starter_hitter,CF,hitter,0.86,27.0,428.1,0.738,0.63,projected,2026
COL,671289.0,Tyler Freeman,starter_hitter,2B,hitter,0.53,26.0,639.6,1.103,0.58,projected,2026
COL,657514.0,Brennan Bernardino,reliever,RP,pitcher,0.56,33.0,54.3,0.988,0.55,projected,2026
COL,683409.0,Angel Chivilli,reliever,RP,pitcher,0.54,22.0,52.4,0.952,0.51,projected,2026
COL,688642.0,Zach Agnos,reliever,RP,pitcher,0.54,24.0,52.4,0.952,0.51,projected,2026
COL,678020.0,Seth Halvorsen,reliever,RP,pitcher,0.53,25.0,51.4,0.935,0.5,projected,2026
COL,690022.0,Ryan Ritter,bench_hitter,2B,hitter,1.0,24.0,275.0,0.474,0.47,projected,2026
COL,571657.0,Kyle Farmer,starter_hitter,1B,hitter,0.43,34.0,635.3,1.095,0.47,projected,2026
COL,669020.0,Ryan Rolison,reliever,RP,pitcher,0.5,27.0,48.5,0.882,0.44,projected,2026
COL,596295.0,Austin Gomber,starter_pitcher,SP,pitcher,0.65,31.0,114.8,0.675,0.44,projected,2026
COL,801403.0,Chase Dollander,starter_pitcher,SP,pitcher,0.59,23.0,104.2,0.613,0.36,projected,2026
COL,641755.0,Tyler Kinley,reliever,RP,pitcher,0.43,34.0,41.7,0.758,0.33,projected,2026
COL,663372.0,Ryan Feltner,starter_pitcher,SP,pitcher,0.56,28.0,98.9,0.582,0.33,projected,2026
COL,608566.0,Germán Márquez,starter_pitcher,SP,pitcher,0.55,30.0,97.2,0.571,0.31,projected,2026
COL,687134.0,Bradley Blalock,starter_pitcher,SP,pitcher,0.54,24.0,95.4,0.561,0.3,projected,2026
COL,622608.0,Antonio Senzatela,starter_pitcher,SP,pitcher,0.48,30.0,84.8,0.499,0.24,projected,2026
COL,687223.0,Carson Palmquist,starter_pitcher,SP,pitcher,0.48,24.0,83.9,0.494,0.23,projected+fv,2026
COL,664983.0,Jake McCarthy,bench_hitter,CF,hitter,0.67,27.0,184.2,0.318,0.21,projected,2026
COL,691182.0,Adael Amador,bench_hitter,2B,hitter,0.65,22.0,178.8,0.308,0.2,projected,2026
COL,642731.0,Thairo Estrada,bench_hitter,DH,hitter,0.55,29.0,151.2,0.261,0.14,projected,2026
COL,605361.0,Nick Martini,bench_hitter,DH,hitter,0.45,35.0,123.8,0.213,0.1,projected,2026
DET,669373.0,Tarik Skubal,starter_pitcher,SP,pitcher,4.83,28.0,220.0,1.294,6.25,projected,2026
DET,664285.0,Framber Valdez,starter_pitcher,SP,pitcher,2.69,31.0,218.4,1.285,3.46,projected,2026
DET,693307.0,Dillon Dingler,starter_hitter,C,hitter,2.62,26.0,613.4,1.058,2.77,projected,2026
DET,682985.0,Riley Greene,starter_hitter,CF,hitter,1.58,24.0,605.9,1.045,1.65,projected,2026
DET,656716.0,Zach McKinstry,starter_hitter,3B,hitter,1.87,30.0,479.8,0.827,1.55,projected,2026
DET,650402.0,Gleyber Torres,starter_hitter,2B,hitter,1.45,28.0,602.1,1.038,1.51,projected,2026
DET,679529.0,Spencer Torkelson,starter_hitter,1B,hitter,1.36,25.0,598.4,1.032,1.4,projected,2026
DET,676684.0,Will Vest,reliever,RP,pitcher,0.87,30.0,80.0,1.455,1.27,projected,2026
DET,656427.0,Jack Flaherty,starter_pitcher,SP,pitcher,1.62,29.0,131.5,0.774,1.25,projected,2026
DET,690993.0,Colt Keith,starter_hitter,DH,hitter,1.15,23.0,594.6,1.025,1.18,projected,2026
DET,663554.0,Casey Mize,starter_pitcher,SP,pitcher,1.46,28.0,118.5,0.697,1.02,projected,2026
DET,676428.0,Brant Hurter,reliever,RP,pitcher,0.71,26.0,78.3,1.424,1.01,projected,2026
DET,681481.0,Kerry Carpenter,starter_hitter,LF,hitter,0.98,27.0,587.1,1.012,0.99,projected,2026
DET,687830.0,Sawyer Gipson-Long,reliever,RP,pitcher,0.67,27.0,73.9,1.344,0.9,projected,2026
DET,700242.0,Trey Sweeney,starter_hitter,SS,hitter,0.87,25.0,583.4,1.006,0.88,projected,2026
DET,669724.0,Brenan Hanifee,reliever,RP,pitcher,0.61,27.0,67.3,1.224,0.75,projected,2026
DET,640448.0,Kyle Finnegan,reliever,RP,pitcher,0.58,33.0,64.0,1.163,0.67,projected,2026
DET,595879.0,Javier Báez,starter_hitter,3B,hitter,1.04,32.0,357.4,0.616,0.64,projected,2026
DET,695445.0,Chase Lee,reliever,RP,pitcher,0.55,26.0,60.7,1.103,0.61,projected,2026
DET,681857.0,Reese Olson,starter_pitcher,SP,pitcher,0.99,25.0,80.4,0.473,0.47,projected,2026
DET,592454.0,Tommy Kahnle,reliever,RP,pitcher,0.42,35.0,46.3,0.843,0.35,projected,2026
DET,672761.0,Wenceel Pérez,bench_hitter,CF,hitter,1.05,25.0,180.7,0.312,0.33,projected,2026
DET,445276.0,Kenley Jansen,reliever,RP,pitcher,0.46,37.0,35.8,0.65,0.3,projected,2026
DET,672456.0,Keider Montero,starter_pitcher,SP,pitcher,0.63,24.0,51.2,0.301,0.19,projected,2026
DET,668670.0,Jake Rogers,bench_hitter,C,hitter,0.77,30.0,132.5,0.228,0.18,projected,2026
DET,678009.0,Parker Meadows,bench_hitter,CF,hitter,0.78,25.0,134.2,0.231,0.18,projected,2026
DET,669234.0,Justyn-Henry Malloy,bench_hitter,DH,hitter,0.7,25.0,120.5,0.208,0.15,projected,2026
DET,689225.0,Beau Brieske,reliever,RP,pitcher,0.26,27.0,28.7,0.522,0.14,projected,2026
DET,695549.0,Jackson Jobe,starter_pitcher,SP,pitcher,0.54,22.0,40.0,0.235,0.13,projected,2026
DET,628451.0,Andy Ibáñez,bench_hitter,DH,hitter,0.64,32.0,110.1,0.19,0.12,projected,2026
DET,663947.0,Tyler Holton,starter_pitcher,SP,pitcher,0.47,29.0,40.0,0.235,0.11,projected,2026
HOU,665161.0,Jeremy Peña,starter_hitter,SS,hitter,4.11,27.0,596.9,1.029,4.23,projected,2026
HOU,686613.0,Hunter Brown,starter_pitcher,SP,pitcher,3.06,26.0,220.0,1.294,3.96,projected,2026
HOU,650556.0,Bryan Abreu,reliever,RP,pitcher,1.28,28.0,80.0,1.455,1.86,projected,2026
HOU,,Tatsuya Imai,starter_pitcher,SP,pitcher,1.5,,186.8,1.099,1.65,manual,2026
HOU,670623.0,Isaac Paredes,starter_hitter,3B,hitter,1.42,26.0,662.0,1.141,1.62,projected,2026
HOU,676694.0,Jake Meyers,starter_hitter,CF,hitter,1.24,29.0,658.6,1.136,1.41,projected,2026
HOU,595345.0,Steven Okert,reliever,RP,pitcher,0.87,33.0,80.0,1.455,1.27,projected,2026
HOU,673237.0,Yainer Diaz,starter_hitter,C,hitter,0.99,26.0,648.6,1.118,1.11,projected,2026
HOU,656986.0,Bennett Sousa,reliever,RP,pitcher,0.71,30.0,77.6,1.41,1.0,projected,2026
HOU,701358.0,Cam Smith,starter_hitter,RF,hitter,0.86,22.0,645.3,1.113,0.96,projected,2026
HOU,643289.0,Mauricio Dubón,starter_hitter,2B,hitter,1.14,30.0,449.5,0.775,0.88,projected,2026
HOU,623352.0,Josh Hader,reliever,RP,pitcher,0.66,31.0,72.1,1.311,0.87,projected,2026
HOU,514888.0,Jose Altuve,starter_hitter,2B,hitter,1.12,35.0,442.5,0.763,0.85,projected,2026
HOU,687911.0,Bryan King,reliever,RP,pitcher,0.62,28.0,67.7,1.231,0.76,projected,2026
HOU,660853.0,Enyel De Los Santos,reliever,RP,pitcher,0.58,29.0,63.4,1.152,0.67,projected,2026
HOU,605170.0,Victor Caratini,starter_hitter,1B,hitter,0.77,31.0,442.4,0.763,0.59,projected,2026
HOU,572233.0,Christian Walker,starter_hitter,1B,hitter,0.69,34.0,416.3,0.718,0.5,projected,2026
HOU,672391.0,Kaleb Ort,reliever,RP,pitcher,0.5,33.0,54.6,0.993,0.5,projected,2026
HOU,681869.0,Shawn Dubin,reliever,RP,pitcher,0.5,29.0,54.6,0.993,0.5,projected,2026
HOU,687473.0,Ryan Gusto,starter_pitcher,SP,pitcher,0.82,26.0,102.1,0.601,0.49,projected,2026
HOU,687888.0,Brandon Walter,starter_pitcher,SP,pitcher,0.79,28.0,98.4,0.579,0.46,projected,2026
HOU,669397.0,Nick Allen,starter_hitter,SS,hitter,0.81,26.0,295.0,0.509,0.41,projected,2026
HOU,670541.0,Yordan Alvarez,bench_hitter,DH,hitter,0.87,28.0,185.3,0.319,0.28,projected,2026
HOU,669713.0,Hayden Wesneski,starter_pitcher,SP,pitcher,0.61,27.0,76.0,0.447,0.27,projected,2026
HOU,621121.0,Lance McCullers Jr.,starter_pitcher,SP,pitcher,0.61,31.0,76.0,0.447,0.27,projected,2026
HOU,669854.0,Ronel Blanco,starter_pitcher,SP,pitcher,0.58,31.0,72.2,0.425,0.25,projected,2026
HOU,676467.0,Colton Gordon,starter_pitcher,SP,pitcher,0.55,26.0,68.5,0.403,0.22,projected,2026
HOU,701305.0,Zach Dezenzo,bench_hitter,DH,hitter,0.74,25.0,157.6,0.272,0.2,projected,2026
HOU,663898.0,Brendan Rodgers,bench_hitter,DH,hitter,0.47,28.0,100.1,0.173,0.08,projected,2026
KCR,677951.0,Bobby Witt Jr.,starter_hitter,SS,hitter,6.14,25.0,700.0,1.207,7.41,projected,2026
KCR,672580.0,Maikel Garcia,starter_hitter,2B,hitter,4.14,25.0,619.5,1.068,4.42,projected,2026
KCR,663460.0,Kris Bubic,starter_pitcher,SP,pitcher,2.23,27.0,220.0,1.294,2.89,projected,2026
KCR,608379.0,Michael Wacha,starter_pitcher,SP,pitcher,1.99,34.0,228.6,1.345,2.68,projected,2026
KCR,666142.0,Cole Ragans,starter_pitcher,SP,pitcher,1.46,27.0,167.7,0.986,1.44,projected,2026
KCR,686469.0,Vinnie Pasquantino,starter_hitter,1B,hitter,1.06,27.0,536.8,0.926,0.98,projected,2026
KCR,672582.0,Angel Zerpa,reliever,RP,pitcher,0.66,25.0,80.0,1.455,0.96,projected,2026
KCR,702070.0,Noah Cameron,starter_pitcher,SP,pitcher,1.17,25.0,134.4,0.791,0.92,projected,2026
KCR,666023.0,Freddy Fermin,starter_hitter,C,hitter,0.72,30.0,700.0,1.207,0.87,projected,2026
KCR,608032.0,Carlos Estévez,reliever,RP,pitcher,0.57,32.0,80.0,1.455,0.83,projected,2026
KCR,674444.0,Steven Cruz,reliever,RP,pitcher,0.56,26.0,80.0,1.455,0.81,projected,2026
KCR,664199.0,Taylor Clarke,reliever,RP,pitcher,0.56,32.0,80.0,1.455,0.81,projected,2026
KCR,668674.0,Lucas Erceg,reliever,RP,pitcher,0.54,30.0,80.0,1.455,0.79,projected,2026
KCR,670167.0,John Schreiber,reliever,RP,pitcher,0.51,31.0,79.8,1.451,0.74,projected,2026
KCR,664728.0,Kyle Isbel,starter_hitter,CF,hitter,0.78,28.0,533.0,0.919,0.72,projected,2026
KCR,647351.0,Abraham Toro,starter_hitter,DH,hitter,0.58,28.0,700.0,1.207,0.7,projected,2026
KCR,521692.0,Salvador Perez,starter_hitter,1B,hitter,0.69,35.0,424.4,0.732,0.5,projected,2026
KCR,663738.0,Daniel Lynch IV,reliever,RP,pitcher,0.42,28.0,65.7,1.195,0.5,projected,2026
KCR,671221.0,Drew Waters,starter_hitter,CF,hitter,0.51,26.0,411.5,0.71,0.36,projected,2026
KCR,547179.0,Michael Lorenzen,starter_pitcher,SP,pitcher,0.7,33.0,80.4,0.473,0.33,projected,2026
KCR,663697.0,Jonathan India,starter_hitter,2B,hitter,0.62,28.0,285.8,0.493,0.31,projected,2026
KCR,686681.0,Michael Massey,starter_hitter,2B,hitter,0.62,27.0,285.8,0.493,0.31,projected,2026
KCR,607625.0,Seth Lugo,starter_pitcher,SP,pitcher,0.6,35.0,68.9,0.405,0.24,projected,2026
KCR,670231.0,John Rave,bench_hitter,CF,hitter,0.73,27.0,110.3,0.19,0.14,projected,2026
KCR,679845.0,Nick Loftin,bench_hitter,2B,hitter,0.7,26.0,105.8,0.182,0.13,projected,2026
KCR,624415.0,Cavan Biggio,bench_hitter,DH,hitter,0.5,30.0,75.6,0.13,0.07,projected,2026
KCR,695506.0,Jac Caglianone,bench_hitter,RF,hitter,0.5,22.0,75.6,0.13,0.07,projected,2026
KCR,592669.0,Hunter Renfroe,bench_hitter,DH,hitter,0.49,33.0,74.0,0.128,0.06,projected,2026
KCR,592192.0,Mark Canha,bench_hitter,DH,hitter,0.41,36.0,62.0,0.107,0.04,projected,2026
LAA,687263.0,Zach Neto,starter_hitter,SS,hitter,2.25,24.0,700.0,1.207,2.72,projected,2026
LAA,667755.0,José Soriano,starter_pitcher,SP,pitcher,1.76,26.0,220.0,1.294,2.28,projected,2026
LAA,579328.0,Yusei Kikuchi,starter_pitcher,SP,pitcher,1.25,34.0,220.0,1.294,1.62,projected,2026
LAA,672282.0,Reid Detmers,reliever,RP,pitcher,0.87,25.0,80.0,1.455,1.27,projected,2026
LAA,694384.0,Nolan Schanuel,starter_hitter,1B,hitter,1.0,23.0,700.0,1.207,1.21,projected,2026
LAA,666176.0,Jo Adell,starter_hitter,CF,hitter,0.9,26.0,700.0,1.207,1.09,projected,2026
LAA,543294.0,Kyle Hendricks,starter_pitcher,SP,pitcher,0.87,35.0,185.5,1.091,0.95,projected,2026
LAA,666171.0,Ryan Zeferjahn,reliever,RP,pitcher,0.63,27.0,80.0,1.455,0.92,projected,2026
LAA,545361.0,Mike Trout,starter_hitter,DH,hitter,0.94,33.0,555.5,0.958,0.9,projected,2026
LAA,650859.0,Luis Rengifo,starter_hitter,2B,hitter,0.67,28.0,700.0,1.207,0.81,projected,2026
LAA,641401.0,Connor Brogdon,reliever,RP,pitcher,0.56,30.0,80.0,1.455,0.81,projected,2026
LAA,702674.0,Caden Dana,reliever,RP,pitcher,0.56,21.0,80.0,1.455,0.81,projected,2026
LAA,656271.0,Brock Burke,reliever,RP,pitcher,0.51,28.0,80.0,1.455,0.74,projected,2026
LAA,681351.0,Logan O'Hoppe,starter_hitter,C,hitter,0.67,25.0,525.3,0.906,0.61,projected,2026
LAA,519326.0,Hunter Strickland,reliever,RP,pitcher,0.28,36.0,80.0,1.455,0.41,projected,2026
LAA,542881.0,Tyler Anderson,starter_pitcher,SP,pitcher,0.57,35.0,121.5,0.715,0.41,projected,2026
LAA,624585.0,Jorge Soler,starter_hitter,DH,hitter,0.51,33.0,394.7,0.681,0.35,projected,2026
LAA,686799.0,Jack Kochanowicz,starter_pitcher,SP,pitcher,0.53,24.0,113.0,0.665,0.35,projected,2026
LAA,660162.0,Yoán Moncada,bench_hitter,3B,hitter,0.9,30.0,215.6,0.372,0.33,projected,2026
LAA,518595.0,Travis d'Arnaud,starter_hitter,C,hitter,0.44,36.0,387.1,0.667,0.29,projected,2026
LAA,677347.0,Kyren Paris,bench_hitter,2B,hitter,0.81,23.0,194.1,0.335,0.27,projected,2026
LAA,695681.0,Christian Moore,bench_hitter,2B,hitter,0.81,22.0,194.1,0.335,0.27,projected,2026
LAA,666139.0,Josh Lowe,bench_hitter,RF,hitter,0.77,27.0,184.5,0.318,0.24,projected,2026
LAA,621028.0,Kevin Newman,bench_hitter,DH,hitter,0.55,31.0,131.8,0.227,0.12,projected,2026
LAA,641313.0,Tim Anderson,bench_hitter,DH,hitter,0.49,32.0,117.4,0.202,0.1,projected,2026
LAA,680570.0,Grayson Rodriguez,starter_pitcher,SP,pitcher,0.0,,40.0,0.235,0.0,not_found,2026
LAD,660271.0,Shohei Ohtani,starter_hitter,DH,hitter,6.85,30.0,573.0,0.988,6.77,projected,2026
LAD,808967.0,Yoshinobu Yamamoto,starter_pitcher,SP,pitcher,3.51,26.0,220.0,1.294,4.54,projected,2026
LAD,669257.0,Will Smith,starter_hitter,C,hitter,2.69,30.0,566.3,0.976,2.63,projected,2026
LAD,663656.0,Kyle Tucker,starter_hitter,RF,hitter,3.0,28.0,503.7,0.868,2.61,projected,2026
LAD,681624.0,Andy Pages,starter_hitter,CF,hitter,2.68,24.0,563.0,0.971,2.6,projected,2026
LAD,518692.0,Freddie Freeman,starter_hitter,1B,hitter,2.19,35.0,559.7,0.965,2.11,projected,2026
LAD,605141.0,Mookie Betts,starter_hitter,SS,hitter,2.06,32.0,556.3,0.959,1.98,projected,2026
LAD,621242.0,Edwin Díaz,reliever,RP,pitcher,1.08,31.0,80.0,1.455,1.57,projected,2026
LAD,680736.0,Justin Wrobleski,reliever,RP,pitcher,0.98,24.0,80.0,1.455,1.43,projected,2026
LAD,571970.0,Max Muncy,starter_hitter,3B,hitter,1.32,34.0,553.0,0.953,1.26,projected,2026
LAD,681911.0,Alex Vesia,reliever,RP,pitcher,0.69,29.0,80.0,1.455,1.0,projected,2026
LAD,669242.0,Tommy Edman,starter_hitter,2B,hitter,0.88,30.0,549.7,0.948,0.83,projected,2026
LAD,656945.0,Tanner Scott,reliever,RP,pitcher,0.52,30.0,80.0,1.455,0.76,projected,2026
LAD,607455.0,Anthony Banda,reliever,RP,pitcher,0.5,31.0,80.0,1.455,0.73,projected,2026
LAD,676263.0,Jack Dreyer,starter_pitcher,SP,pitcher,0.95,26.0,117.4,0.69,0.66,projected,2026
LAD,808963.0,Roki Sasaki,starter_pitcher,SP,pitcher,0.92,23.0,114.2,0.672,0.62,projected+fv,2026
LAD,607192.0,Tyler Glasnow,starter_pitcher,SP,pitcher,0.91,31.0,112.4,0.661,0.6,projected,2026
LAD,624424.0,Michael Conforto,starter_hitter,LF,hitter,0.58,32.0,543.0,0.936,0.54,projected,2026
LAD,676508.0,Ben Casparius,starter_pitcher,SP,pitcher,0.81,26.0,100.1,0.589,0.48,projected,2026
LAD,489446.0,Kirby Yates,reliever,RP,pitcher,0.51,38.0,50.0,0.909,0.46,projected,2026
LAD,669160.0,Dustin May,starter_pitcher,SP,pitcher,0.75,27.0,92.7,0.545,0.41,projected,2026
LAD,606192.0,Teoscar Hernández,starter_hitter,RF,hitter,0.77,32.0,289.3,0.499,0.38,projected,2026
LAD,669422.0,Matt Sauer,reliever,RP,pitcher,0.31,26.0,52.2,0.95,0.29,projected,2026
LAD,689017.0,Landon Knack,starter_pitcher,SP,pitcher,0.59,27.0,72.9,0.429,0.25,projected,2026
LAD,664062.0,Tony Gonsolin,starter_pitcher,SP,pitcher,0.57,31.0,70.4,0.414,0.24,projected,2026
LAD,500743.0,Miguel Rojas,bench_hitter,2B,hitter,0.88,36.0,131.6,0.227,0.2,projected,2026
LAD,687221.0,Dalton Rushing,bench_hitter,C,hitter,0.8,24.0,119.6,0.206,0.16,projected,2026
LAD,808975.0,Hyeseong Kim,bench_hitter,2B,hitter,0.67,26.0,100.6,0.173,0.12,projected+fv,2026
LAD,571771.0,Enrique Hernández,bench_hitter,1B,hitter,0.61,33.0,91.2,0.157,0.1,projected,2026
MIA,669065.0,Kyle Stowers,starter_hitter,CF,hitter,2.37,27.0,607.0,1.047,2.48,projected,2026
MIA,669364.0,Xavier Edwards,starter_hitter,2B,hitter,1.85,25.0,513.8,0.886,1.64,projected,2026
MIA,678692.0,Ronny Henriquez,reliever,RP,pitcher,0.91,25.0,80.0,1.455,1.32,projected,2026
MIA,665795.0,Edward Cabrera,starter_pitcher,SP,pitcher,1.38,27.0,159.1,0.936,1.29,projected,2026
MIA,682663.0,Agustín Ramírez,starter_hitter,DH,hitter,1.02,23.0,700.0,1.207,1.23,projected,2026
MIA,676083.0,Janson Junk,starter_pitcher,SP,pitcher,1.31,29.0,151.0,0.888,1.16,projected,2026
MIA,672640.0,Otto Lopez,starter_hitter,2B,hitter,1.41,26.0,446.4,0.77,1.09,projected,2026
MIA,681393.0,Connor Norby,starter_hitter,3B,hitter,0.82,25.0,700.0,1.207,0.99,projected,2026
MIA,691587.0,Eury Pérez,starter_pitcher,SP,pitcher,1.18,22.0,136.0,0.8,0.94,projected,2026
MIA,676572.0,Eric Wagaman,starter_hitter,1B,hitter,0.58,27.0,700.0,1.207,0.7,projected,2026
MIA,806188.0,Cade Gibson,reliever,RP,pitcher,0.57,27.0,67.3,1.224,0.7,projected,2026
MIA,666277.0,George Soriano,reliever,RP,pitcher,0.57,26.0,67.3,1.224,0.7,projected,2026
MIA,664126.0,Pete Fairbanks,reliever,RP,pitcher,0.56,31.0,66.1,1.202,0.67,projected,2026
MIA,645261.0,Sandy Alcantara,starter_pitcher,SP,pitcher,0.96,29.0,110.7,0.651,0.62,projected,2026
MIA,660821.0,Jesús Sánchez,starter_hitter,CF,hitter,0.85,27.0,363.0,0.626,0.53,projected,2026
MIA,663969.0,Tyler Phillips,reliever,RP,pitcher,0.49,27.0,57.9,1.052,0.52,projected,2026
MIA,669199.0,Lake Bachar,reliever,RP,pitcher,0.48,30.0,56.7,1.031,0.49,projected,2026
MIA,669622.0,Anthony Bender,reliever,RP,pitcher,0.47,30.0,55.5,1.009,0.47,projected,2026
MIA,676534.0,Calvin Faucher,reliever,RP,pitcher,0.47,29.0,55.5,1.009,0.47,projected,2026
MIA,691594.0,Javier Sanoja,starter_hitter,2B,hitter,0.76,22.0,337.4,0.582,0.44,projected,2026
MIA,676974.0,Max Meyer,starter_pitcher,SP,pitcher,0.8,26.0,92.2,0.543,0.43,projected,2026
MIA,677960.0,Ryan Weathers,starter_pitcher,SP,pitcher,0.73,25.0,84.2,0.495,0.36,projected,2026
MIA,667472.0,Dane Myers,starter_hitter,CF,hitter,0.64,29.0,320.1,0.552,0.35,projected,2026
MIA,688363.0,Graham Pauley,bench_hitter,3B,hitter,0.95,24.0,205.0,0.353,0.34,projected,2026
MIA,681715.0,Heriberto Hernández,bench_hitter,DH,hitter,0.9,25.0,194.2,0.335,0.3,projected,2026
MIA,685107.0,Anthony Veneziano,reliever,RP,pitcher,0.37,27.0,43.7,0.794,0.29,projected,2026
MIA,689414.0,Liam Hicks,bench_hitter,1B,hitter,0.81,26.0,174.8,0.301,0.24,projected,2026
MIA,663743.0,Nick Fortes,bench_hitter,C,hitter,0.79,28.0,170.5,0.294,0.23,projected,2026
MIA,678368.0,Valente Bellozo,starter_pitcher,SP,pitcher,0.58,25.0,66.9,0.393,0.23,projected,2026
MIA,615698.0,Cal Quantrill,starter_pitcher,SP,pitcher,0.52,30.0,59.9,0.353,0.18,projected,2026
MIA,656537.0,Derek Hill,bench_hitter,CF,hitter,0.67,29.0,144.6,0.249,0.17,projected,2026
MIA,670223.0,Matt Mervis,bench_hitter,DH,hitter,0.57,27.0,123.0,0.212,0.12,projected,2026
MIA,687362.0,Connor Gillispie,starter_pitcher,SP,pitcher,0.3,27.0,40.0,0.235,0.07,projected,2026
MIL,668930.0,Brice Turang,starter_hitter,2B,hitter,3.05,25.0,613.4,1.058,3.23,projected,2026
MIL,642547.0,Freddy Peralta,starter_pitcher,SP,pitcher,2.31,29.0,220.0,1.294,2.99,projected,2026
MIL,661388.0,William Contreras,starter_hitter,C,hitter,2.23,27.0,605.9,1.045,2.33,projected,2026
MIL,694477.0,Chad Patrick,starter_pitcher,SP,pitcher,1.62,26.0,196.6,1.156,1.87,projected,2026
MIL,686217.0,Sal Frelick,starter_hitter,CF,hitter,2.28,25.0,460.9,0.795,1.81,projected,2026
MIL,702332.0,Caleb Durbin,starter_hitter,3B,hitter,1.7,25.0,602.1,1.038,1.76,projected,2026
MIL,682842.0,Abner Uribe,reliever,RP,pitcher,0.98,25.0,80.0,1.455,1.43,projected,2026
MIL,686555.0,Isaac Collins,starter_hitter,LF,hitter,1.37,27.0,594.6,1.025,1.4,projected,2026
MIL,592885.0,Christian Yelich,starter_hitter,DH,hitter,1.32,33.0,590.9,1.019,1.34,projected,2026
MIL,676879.0,Aaron Ashby,reliever,RP,pitcher,0.81,27.0,80.0,1.455,1.18,projected,2026
MIL,694192.0,Jackson Chourio,starter_hitter,CF,hitter,1.58,21.0,383.7,0.662,1.05,projected,2026
MIL,656730.0,Trevor Megill,reliever,RP,pitcher,0.72,31.0,80.0,1.455,1.05,projected,2026
MIL,687401.0,Joey Ortiz,starter_hitter,SS,hitter,0.94,26.0,587.1,1.012,0.95,projected,2026
MIL,681982.0,Grant Anderson,reliever,RP,pitcher,0.65,28.0,80.0,1.455,0.95,projected,2026
MIL,682990.0,Quinn Priester,starter_pitcher,SP,pitcher,1.15,24.0,139.5,0.821,0.94,projected,2026
MIL,669084.0,DL Hall,reliever,RP,pitcher,0.63,26.0,80.0,1.455,0.92,projected,2026
MIL,657649.0,Jared Koenig,reliever,RP,pitcher,0.56,31.0,72.3,1.315,0.74,projected,2026
MIL,683232.0,Nick Mears,reliever,RP,pitcher,0.56,28.0,72.3,1.315,0.74,projected,2026
MIL,694819.0,Jacob Misiorowski,starter_pitcher,SP,pitcher,0.99,23.0,120.1,0.707,0.7,projected,2026
MIL,656555.0,Rhys Hoskins,starter_hitter,1B,hitter,0.63,32.0,583.4,1.006,0.63,projected,2026
MIL,701656.0,Logan Henderson,starter_pitcher,SP,pitcher,0.69,23.0,84.2,0.495,0.34,projected+fv,2026
MIL,663368.0,Blake Perkins,bench_hitter,CF,hitter,0.78,28.0,244.8,0.422,0.33,projected,2026
MIL,641343.0,Jake Bauers,bench_hitter,DH,hitter,0.73,29.0,229.1,0.395,0.29,projected,2026
MIL,668964.0,Tobias Myers,starter_pitcher,SP,pitcher,0.6,26.0,72.8,0.428,0.26,projected,2026
MIL,669003.0,Garrett Mitchell,bench_hitter,DH,hitter,0.65,26.0,204.0,0.352,0.23,projected,2026
MIL,500779.0,Jose Quintana,starter_pitcher,SP,pitcher,0.55,36.0,66.7,0.393,0.22,projected,2026
MIN,621439.0,Byron Buxton,starter_hitter,CF,hitter,3.46,31.0,523.7,0.903,3.12,projected,2026
MIN,657746.0,Joe Ryan,starter_pitcher,SP,pitcher,2.05,29.0,220.0,1.294,2.65,projected,2026
MIN,661395.0,Jhoan Duran,reliever,RP,pitcher,1.25,27.0,80.0,1.455,1.82,projected,2026
MIN,621043.0,Carlos Correa,starter_hitter,3B,hitter,1.59,30.0,657.8,1.134,1.8,projected,2026
MIN,643377.0,Griffin Jax,reliever,RP,pitcher,0.93,30.0,80.0,1.455,1.35,projected,2026
MIN,680777.0,Ryan Jeffers,starter_hitter,C,hitter,1.18,28.0,654.0,1.128,1.33,projected,2026
MIN,641154.0,Pablo López,starter_pitcher,SP,pitcher,1.1,29.0,187.0,1.1,1.21,projected,2026
MIN,664056.0,Harrison Bader,starter_hitter,CF,hitter,1.79,31.0,387.8,0.669,1.2,projected,2026
MIN,686973.0,Louis Varland,reliever,RP,pitcher,0.78,27.0,77.2,1.404,1.09,projected,2026
MIN,670242.0,Matt Wallner,starter_hitter,RF,hitter,0.92,27.0,646.5,1.115,1.03,projected,2026
MIN,663485.0,Cole Sands,reliever,RP,pitcher,0.67,27.0,66.3,1.206,0.81,projected,2026
MIN,686797.0,Brooks Lee,starter_hitter,2B,hitter,0.98,24.0,468.9,0.808,0.79,projected,2026
MIN,664034.0,Ty France,starter_hitter,1B,hitter,0.7,30.0,639.0,1.102,0.77,projected,2026
MIN,623437.0,Justin Topa,reliever,RP,pitcher,0.63,34.0,62.4,1.134,0.71,projected,2026
MIN,663616.0,Trevor Larnach,starter_hitter,DH,hitter,0.62,28.0,635.3,1.095,0.68,projected,2026
MIN,680573.0,Simeon Woods Richardson,starter_pitcher,SP,pitcher,0.8,24.0,136.0,0.8,0.64,projected,2026
MIN,641927.0,Bailey Ober,starter_pitcher,SP,pitcher,0.77,29.0,130.9,0.77,0.59,projected,2026
MIN,701581.0,David Festa,starter_pitcher,SP,pitcher,0.74,25.0,125.8,0.74,0.55,projected,2026
MIN,650489.0,Willi Castro,starter_hitter,2B,hitter,0.76,28.0,408.9,0.705,0.54,projected,2026
MIN,543056.0,Danny Coulombe,reliever,RP,pitcher,0.53,35.0,52.5,0.954,0.51,projected,2026
MIN,573124.0,Taylor Rogers,reliever,RP,pitcher,0.52,34.0,51.5,0.936,0.49,projected,2026
MIN,668904.0,Royce Lewis,bench_hitter,3B,hitter,0.87,26.0,307.2,0.53,0.46,projected,2026
MIN,592779.0,Brock Stewart,reliever,RP,pitcher,0.49,33.0,48.5,0.882,0.43,projected,2026
MIN,663978.0,Chris Paddack,starter_pitcher,SP,pitcher,0.59,29.0,100.3,0.59,0.35,projected,2026
MIN,666397.0,Edouard Julien,bench_hitter,1B,hitter,0.57,26.0,201.3,0.347,0.2,projected,2026
MIN,621199.0,Matt Bowman,reliever,RP,pitcher,0.32,34.0,31.7,0.576,0.18,projected,2026
MIN,543877.0,Christian Vázquez,bench_hitter,C,hitter,0.48,34.0,169.5,0.292,0.14,projected,2026
NYM,665742.0,Juan Soto,starter_hitter,RF,hitter,4.18,26.0,610.4,1.052,4.4,projected,2026
NYM,596019.0,Francisco Lindor,starter_hitter,SS,hitter,4.62,31.0,490.2,0.845,3.9,projected,2026
NYM,656849.0,David Peterson,starter_pitcher,SP,pitcher,1.97,29.0,220.0,1.294,2.55,projected,2026
NYM,666182.0,Bo Bichette,starter_hitter,SS,hitter,2.37,27.0,367.2,0.633,1.5,projected,2026
NYM,607043.0,Brandon Nimmo,starter_hitter,LF,hitter,1.41,32.0,601.4,1.037,1.46,projected,2026
NYM,593871.0,Jorge Polanco,starter_hitter,DH,hitter,1.44,31.0,445.4,0.768,1.11,projected,2026
NYM,605280.0,Clay Holmes,starter_pitcher,SP,pitcher,0.97,32.0,194.6,1.145,1.11,projected,2026
NYM,683146.0,Brett Baty,starter_hitter,2B,hitter,1.4,25.0,441.0,0.76,1.06,projected,2026
NYM,656731.0,Tylor Megill,starter_pitcher,SP,pitcher,0.91,29.0,182.5,1.074,0.98,projected,2026
NYM,620443.0,Luis Torrens,starter_hitter,C,hitter,0.95,29.0,589.4,1.016,0.97,projected,2026
NYM,676130.0,José Buttó,reliever,RP,pitcher,0.6,27.0,80.0,1.455,0.87,projected,2026
NYM,668901.0,Mark Vientos,starter_hitter,3B,hitter,0.81,25.0,586.4,1.011,0.82,projected,2026
NYM,668820.0,Max Kranick,reliever,RP,pitcher,0.54,27.0,80.0,1.455,0.79,projected,2026
NYM,663399.0,Brandon Waddell,reliever,RP,pitcher,0.53,31.0,80.0,1.455,0.77,projected,2026
NYM,673540.0,Kodai Senga,starter_pitcher,SP,pitcher,0.8,32.0,160.5,0.944,0.76,projected,2026
NYM,543760.0,Marcus Semien,starter_hitter,DH,hitter,1.12,34.0,391.0,0.674,0.75,projected,2026
NYM,623211.0,Huascar Brazobán,reliever,RP,pitcher,0.5,35.0,80.0,1.455,0.73,projected,2026
NYM,592773.0,Ryne Stanek,reliever,RP,pitcher,0.5,33.0,80.0,1.455,0.73,projected,2026
NYM,643446.0,Jeff McNeil,starter_hitter,2B,hitter,1.07,33.0,386.4,0.666,0.71,projected,2026
NYM,621438.0,Tyrone Taylor,starter_hitter,CF,hitter,0.71,31.0,583.4,1.006,0.71,projected,2026
NYM,657585.0,Reed Garrett,reliever,RP,pitcher,0.47,32.0,80.0,1.455,0.68,projected,2026
NYM,656288.0,Griffin Canning,starter_pitcher,SP,pitcher,0.71,29.0,142.4,0.838,0.59,projected,2026
NYM,682626.0,Francisco Alvarez,bench_hitter,C,hitter,1.21,23.0,57.1,0.098,0.12,projected,2026
NYM,677595.0,Ronny Mauricio,bench_hitter,3B,hitter,0.98,24.0,46.2,0.08,0.08,projected,2026
NYM,682668.0,Luisangel Acuña,bench_hitter,2B,hitter,0.96,23.0,45.3,0.078,0.07,projected,2026
NYM,516782.0,Starling Marte,bench_hitter,DH,hitter,0.68,36.0,32.1,0.055,0.04,projected,2026
NYM,608385.0,Jesse Winker,bench_hitter,DH,hitter,0.58,31.0,27.4,0.047,0.03,projected,2026
NYY,592450.0,Aaron Judge,starter_hitter,RF,hitter,7.35,33.0,613.4,1.058,7.77,projected,2026
NYY,608331.0,Max Fried,starter_pitcher,SP,pitcher,3.14,31.0,220.0,1.294,4.06,projected,2026
NYY,665862.0,Jazz Chisholm Jr.,starter_hitter,2B,hitter,2.83,27.0,605.9,1.045,2.96,projected,2026
NYY,641355.0,Cody Bellinger,starter_hitter,CF,hitter,3.37,29.0,476.9,0.822,2.77,projected,2026
NYY,607074.0,Carlos Rodón,starter_pitcher,SP,pitcher,2.01,32.0,217.6,1.28,2.57,projected,2026
NYY,700250.0,Ben Rice,starter_hitter,DH,hitter,1.93,26.0,598.4,1.032,1.99,projected,2026
NYY,669224.0,Austin Wells,starter_hitter,C,hitter,1.91,25.0,594.6,1.025,1.96,projected,2026
NYY,683011.0,Anthony Volpe,starter_hitter,SS,hitter,1.6,24.0,590.9,1.019,1.63,projected,2026
NYY,642207.0,Devin Williams,reliever,RP,pitcher,0.89,30.0,80.0,1.455,1.29,projected,2026
NYY,663757.0,Trent Grisham,starter_hitter,CF,hitter,1.94,28.0,371.5,0.641,1.24,projected,2026
NYY,701542.0,Will Warren,starter_pitcher,SP,pitcher,1.36,26.0,147.3,0.866,1.18,projected,2026
NYY,660787.0,Yerry De los Santos,reliever,RP,pitcher,0.62,27.0,80.0,1.455,0.9,projected,2026
NYY,691176.0,Jasson Domínguez,starter_hitter,LF,hitter,0.76,22.0,587.1,1.012,0.77,projected,2026
NYY,518585.0,Fernando Cruz,reliever,RP,pitcher,0.51,35.0,72.9,1.325,0.68,projected,2026
NYY,641656.0,Ian Hamilton,reliever,RP,pitcher,0.51,30.0,72.9,1.325,0.68,projected,2026
NYY,596133.0,Luke Weaver,reliever,RP,pitcher,0.51,31.0,72.9,1.325,0.68,projected,2026
NYY,502671.0,Paul Goldschmidt,starter_hitter,1B,hitter,0.67,37.0,533.4,0.92,0.62,projected,2026
NYY,643410.0,Mark Leiter Jr.,reliever,RP,pitcher,0.48,34.0,68.6,1.247,0.6,projected,2026
NYY,657612.0,Tim Hill,reliever,RP,pitcher,0.41,35.0,58.6,1.065,0.44,projected,2026
NYY,657376.0,Clarke Schmidt,starter_pitcher,SP,pitcher,0.81,29.0,87.7,0.516,0.42,projected,2026
NYY,519317.0,Giancarlo Stanton,bench_hitter,DH,hitter,0.99,35.0,175.4,0.302,0.3,projected,2026
NYY,642528.0,Jonathan Loáisiga,reliever,RP,pitcher,0.31,30.0,44.3,0.805,0.25,projected,2026
NYY,642232.0,Ryan Yarbrough,starter_pitcher,SP,pitcher,0.54,33.0,58.5,0.344,0.19,projected,2026
NYY,641555.0,J.C. Escarra,bench_hitter,C,hitter,0.76,30.0,134.6,0.232,0.18,projected,2026
NYY,674370.0,Osvaldo Bido,starter_pitcher,SP,pitcher,0.53,29.0,57.4,0.338,0.18,projected,2026
NYY,573186.0,Marcus Stroman,starter_pitcher,SP,pitcher,0.53,34.0,57.4,0.338,0.18,projected,2026
NYY,665828.0,Oswaldo Cabrera,bench_hitter,DH,hitter,0.65,26.0,115.1,0.199,0.13,projected,2026
NYY,672724.0,Oswald Peraza,bench_hitter,1B,hitter,0.62,25.0,109.8,0.189,0.12,projected,2026
NYY,664913.0,Seth Brown,bench_hitter,DH,hitter,0.54,32.0,95.6,0.165,0.09,projected,2026
NYY,518934.0,DJ LeMahieu,bench_hitter,DH,hitter,0.55,36.0,97.4,0.168,0.09,projected,2026
NYY,471911.0,Carlos Carrasco,starter_pitcher,SP,pitcher,0.5,38.0,24.1,0.142,0.07,projected,2026
PHI,650911.0,Cristopher Sánchez,starter_pitcher,SP,pitcher,4.67,28.0,220.0,1.294,6.04,projected,2026
PHI,607208.0,Trea Turner,starter_hitter,SS,hitter,4.79,32.0,613.4,1.058,5.07,projected,2026
PHI,666200.0,Jesús Luzardo,starter_pitcher,SP,pitcher,3.78,27.0,220.0,1.294,4.89,projected,2026
PHI,554430.0,Zack Wheeler,starter_pitcher,SP,pitcher,2.68,35.0,303.1,1.783,4.78,projected,2026
PHI,656941.0,Kyle Schwarber,starter_hitter,DH,hitter,3.06,32.0,609.6,1.051,3.22,projected,2026
PHI,681082.0,Bryson Stott,starter_hitter,2B,hitter,1.97,27.0,602.1,1.038,2.05,projected,2026
PHI,547180.0,Bryce Harper,starter_hitter,1B,hitter,1.98,32.0,479.2,0.826,1.64,projected,2026
PHI,669016.0,Brandon Marsh,starter_hitter,CF,hitter,1.35,27.0,598.4,1.032,1.39,projected,2026
PHI,592663.0,J.T. Realmuto,starter_hitter,C,hitter,1.01,34.0,590.9,1.019,1.03,projected,2026
PHI,689147.0,Orion Kerkering,reliever,RP,pitcher,0.71,24.0,80.0,1.455,1.03,projected,2026
PHI,621381.0,Matt Strahm,reliever,RP,pitcher,0.64,33.0,80.0,1.455,0.93,projected,2026
PHI,605452.0,Joe Ross,reliever,RP,pitcher,0.58,32.0,80.0,1.455,0.84,projected,2026
PHI,605447.0,Jordan Romano,reliever,RP,pitcher,0.52,32.0,80.0,1.455,0.76,projected,2026
PHI,596146.0,Max Kepler,starter_hitter,LF,hitter,0.73,32.0,587.1,1.012,0.74,projected,2026
PHI,676661.0,Max Lazar,reliever,RP,pitcher,0.47,26.0,78.3,1.424,0.67,projected,2026
PHI,621383.0,Tanner Banks,reliever,RP,pitcher,0.47,33.0,78.3,1.424,0.67,projected,2026
PHI,664761.0,Alec Bohm,starter_hitter,1B,hitter,1.06,28.0,358.0,0.617,0.65,projected,2026
PHI,592206.0,Nick Castellanos,starter_hitter,RF,hitter,0.54,33.0,583.4,1.006,0.54,projected,2026
PHI,621237.0,José Alvarado,reliever,RP,pitcher,0.4,30.0,66.7,1.212,0.48,projected,2026
PHI,624641.0,Edmundo Sosa,bench_hitter,2B,hitter,1.04,29.0,215.6,0.372,0.39,projected,2026
PHI,679032.0,Johan Rojas,bench_hitter,CF,hitter,0.99,24.0,205.3,0.354,0.35,projected,2026
PHI,605400.0,Aaron Nola,starter_pitcher,SP,pitcher,0.68,32.0,76.9,0.452,0.31,projected,2026
PHI,665561.0,Rafael Marchan,bench_hitter,C,hitter,0.64,26.0,132.7,0.229,0.15,projected,2026
PHI,805249.0,Otto Kemp,bench_hitter,1B,hitter,0.6,25.0,124.4,0.214,0.13,projected,2026
PHI,592836.0,Taijuan Walker,starter_pitcher,SP,pitcher,0.54,32.0,40.0,0.235,0.13,projected,2026
PHI,690953.0,Mick Abel,starter_pitcher,SP,pitcher,0.42,23.0,40.0,0.235,0.1,projected+fv,2026
PIT,694973.0,Paul Skenes,starter_pitcher,SP,pitcher,4.65,23.0,220.0,1.294,6.02,projected,2026
PIT,670280.0,David Bednar,reliever,RP,pitcher,1.16,30.0,80.0,1.455,1.69,projected,2026
PIT,656605.0,Mitch Keller,starter_pitcher,SP,pitcher,1.43,29.0,197.6,1.163,1.66,projected,2026
PIT,656811.0,Ryan O'Hearn,starter_hitter,1B,hitter,1.69,31.0,474.9,0.819,1.38,projected,2026
PIT,642397.0,Gregory Soto,reliever,RP,pitcher,0.69,30.0,80.0,1.455,1.0,projected,2026
PIT,665833.0,Oneil Cruz,starter_hitter,CF,hitter,1.26,26.0,449.0,0.774,0.98,projected,2026
PIT,642701.0,Dennis Santana,reliever,RP,pitcher,0.67,29.0,80.0,1.455,0.97,projected,2026
PIT,664040.0,Brandon Lowe,starter_hitter,2B,hitter,1.1,30.0,475.6,0.82,0.9,projected,2026
PIT,663647.0,Ke'Bryan Hayes,starter_hitter,3B,hitter,0.86,28.0,599.7,1.034,0.89,projected,2026
PIT,657571.0,Caleb Ferguson,reliever,RP,pitcher,0.61,28.0,80.0,1.455,0.89,projected,2026
PIT,621366.0,Ryan Borucki,reliever,RP,pitcher,0.58,31.0,80.0,1.455,0.84,projected,2026
PIT,668804.0,Bryan Reynolds,starter_hitter,RF,hitter,0.8,30.0,597.0,1.029,0.82,projected,2026
PIT,663698.0,Joey Bart,starter_hitter,C,hitter,0.79,28.0,594.3,1.025,0.81,projected,2026
PIT,677952.0,Braxton Ashcraft,starter_pitcher,SP,pitcher,1.0,25.0,138.2,0.813,0.81,projected,2026
PIT,669387.0,Carmen Mlodzinski,starter_pitcher,SP,pitcher,0.97,26.0,134.1,0.789,0.76,projected,2026
PIT,681347.0,Mike Burrows,starter_pitcher,SP,pitcher,0.94,25.0,129.9,0.764,0.72,projected,2026
PIT,663968.0,Jake Mangum,starter_hitter,CF,hitter,1.01,29.0,400.8,0.691,0.7,projected,2026
PIT,687462.0,Spencer Horwitz,starter_hitter,1B,hitter,1.04,27.0,380.2,0.656,0.68,projected,2026
PIT,663767.0,Chase Shugart,reliever,RP,pitcher,0.43,28.0,80.0,1.455,0.63,projected,2026
PIT,542303.0,Marcell Ozuna,starter_hitter,DH,hitter,0.73,34.0,449.2,0.775,0.57,projected,2026
PIT,502054.0,Tommy Pham,starter_hitter,LF,hitter,0.54,37.0,536.1,0.924,0.5,projected,2026
PIT,624428.0,Adam Frazier,starter_hitter,2B,hitter,0.63,33.0,357.8,0.617,0.39,projected,2026
PIT,663559.0,Bailey Falter,starter_pitcher,SP,pitcher,0.58,28.0,80.2,0.472,0.27,projected,2026
PIT,457705.0,Andrew McCutchen,starter_hitter,DH,hitter,0.47,38.0,300.0,0.517,0.24,projected,2026
PIT,669707.0,Jared Triolo,bench_hitter,1B,hitter,1.05,27.0,23.7,0.041,0.04,projected,2026
PIT,665839.0,Enmanuel Valdez,bench_hitter,DH,hitter,0.69,26.0,15.6,0.027,0.02,projected,2026
PIT,680779.0,Henry Davis,bench_hitter,C,hitter,0.75,25.0,16.9,0.029,0.02,projected,2026
PIT,693304.0,Nick Gonzales,bench_hitter,2B,hitter,0.76,26.0,17.2,0.03,0.02,projected,2026
PIT,672744.0,Alexander Canario,bench_hitter,CF,hitter,0.53,25.0,12.0,0.021,0.01,projected,2026
SDP,665487.0,Fernando Tatis Jr.,starter_hitter,RF,hitter,4.38,26.0,613.4,1.058,4.63,projected,2026
SDP,601713.0,Nick Pivetta,starter_pitcher,SP,pitcher,2.21,32.0,220.0,1.294,2.86,projected,2026
SDP,592518.0,Manny Machado,starter_hitter,3B,hitter,2.13,32.0,609.6,1.051,2.24,projected,2026
SDP,593428.0,Xander Bogaerts,starter_hitter,SS,hitter,1.97,32.0,605.9,1.045,2.06,projected,2026
SDP,670970.0,Adrian Morejon,reliever,RP,pitcher,1.36,26.0,80.0,1.455,1.98,projected,2026
SDP,695243.0,Mason Miller,reliever,RP,pitcher,1.25,26.0,80.0,1.455,1.82,projected,2026
SDP,701538.0,Jackson Merrill,starter_hitter,CF,hitter,1.83,22.0,434.3,0.749,1.37,projected,2026
SDP,630105.0,Jake Cronenworth,starter_hitter,1B,hitter,1.31,31.0,594.6,1.025,1.34,projected,2026
SDP,657656.0,Ramón Laureano,starter_hitter,CF,hitter,1.57,30.0,402.8,0.694,1.09,projected,2026
SDP,669093.0,Jeremiah Estrada,reliever,RP,pitcher,0.84,26.0,68.0,1.236,1.04,projected,2026
SDP,663158.0,Robert Suarez,reliever,RP,pitcher,0.77,34.0,62.3,1.133,0.87,projected,2026
SDP,657757.0,Gavin Sheets,starter_hitter,DH,hitter,0.84,29.0,590.9,1.019,0.86,projected,2026
SDP,688158.0,David Morgan,reliever,RP,pitcher,0.71,25.0,57.4,1.045,0.74,projected,2026
SDP,663568.0,Stephen Kolek,starter_pitcher,SP,pitcher,0.87,28.0,145.4,0.855,0.74,projected,2026
SDP,686701.0,Ryan Bergert,starter_pitcher,SP,pitcher,0.79,25.0,132.0,0.776,0.61,projected,2026
SDP,553869.0,Elias Díaz,starter_hitter,C,hitter,0.56,34.0,587.1,1.012,0.57,projected,2026
SDP,592094.0,Jason Adam,reliever,RP,pitcher,0.58,33.0,46.9,0.853,0.49,projected,2026
SDP,578428.0,Jose Iglesias,starter_hitter,2B,hitter,0.48,35.0,583.4,1.006,0.48,projected,2026
SDP,593974.0,Wandy Peralta,reliever,RP,pitcher,0.57,33.0,46.1,0.839,0.48,projected,2026
SDP,650633.0,Michael King,starter_pitcher,SP,pitcher,0.65,30.0,108.6,0.639,0.42,projected,2026
SDP,676664.0,JP Sears,starter_pitcher,SP,pitcher,0.62,29.0,103.6,0.609,0.38,projected,2026
SDP,689690.0,Alek Jacob,reliever,RP,pitcher,0.51,27.0,41.3,0.75,0.38,projected,2026
SDP,673513.0,Yuki Matsui,reliever,RP,pitcher,0.5,29.0,40.5,0.736,0.37,projected,2026
SDP,681190.0,Randy Vásquez,starter_pitcher,SP,pitcher,0.61,26.0,101.9,0.6,0.37,projected,2026
SDP,609280.0,Miguel Andujar,bench_hitter,3B,hitter,0.81,30.0,221.4,0.382,0.31,projected,2026
SDP,606996.0,Kyle Hart,starter_pitcher,SP,pitcher,0.53,32.0,88.6,0.521,0.28,projected,2026
SDP,663604.0,Brandon Lockridge,bench_hitter,CF,hitter,0.71,28.0,194.1,0.335,0.24,projected,2026
SDP,669308.0,Sean Reynolds,reliever,RP,pitcher,0.34,27.0,27.5,0.5,0.17,projected,2026
SDP,518792.0,Jason Heyward,bench_hitter,DH,hitter,0.49,35.0,134.0,0.231,0.11,projected,2026
SDP,642180.0,Tyler Wade,bench_hitter,DH,hitter,0.47,30.0,128.5,0.222,0.1,projected,2026
SEA,663728.0,Cal Raleigh,starter_hitter,C,hitter,6.66,28.0,613.4,1.058,7.04,projected,2026
SEA,677594.0,Julio Rodríguez,starter_hitter,CF,hitter,4.17,24.0,610.0,1.052,4.39,projected,2026
SEA,693433.0,Bryan Woo,starter_pitcher,SP,pitcher,2.4,25.0,220.0,1.294,3.11,projected,2026
SEA,669302.0,Logan Gilbert,starter_pitcher,SP,pitcher,1.79,28.0,184.1,1.083,1.94,projected,2026
SEA,669923.0,George Kirby,starter_pitcher,SP,pitcher,1.71,27.0,175.9,1.035,1.77,projected,2026
SEA,647304.0,Josh Naylor,starter_hitter,1B,hitter,1.95,28.0,520.1,0.897,1.75,projected,2026
SEA,641487.0,J.P. Crawford,starter_hitter,SS,hitter,1.68,30.0,603.4,1.04,1.75,projected,2026
SEA,662253.0,Andrés Muñoz,reliever,RP,pitcher,1.11,26.0,80.0,1.455,1.61,projected,2026
SEA,668227.0,Randy Arozarena,starter_hitter,LF,hitter,1.46,30.0,600.0,1.035,1.51,projected,2026
SEA,680977.0,Brendan Donovan,starter_hitter,2B,hitter,1.42,28.0,596.7,1.029,1.46,projected,2026
SEA,642100.0,Gabe Speier,reliever,RP,pitcher,0.87,30.0,80.0,1.455,1.27,projected,2026
SEA,622491.0,Luis Castillo,starter_pitcher,SP,pitcher,1.37,32.0,140.9,0.829,1.14,projected,2026
SEA,666374.0,Matt Brash,reliever,RP,pitcher,0.7,27.0,80.0,1.455,1.02,projected,2026
SEA,810938.0,Ben Williamson,starter_hitter,3B,hitter,0.88,24.0,593.4,1.023,0.9,projected,2026
SEA,668984.0,Casey Legumina,reliever,RP,pitcher,0.57,28.0,67.0,1.217,0.69,projected,2026
SEA,660825.0,Eduard Bazardo,reliever,RP,pitcher,0.57,29.0,67.0,1.217,0.69,projected,2026
SEA,663423.0,Trent Thornton,reliever,RP,pitcher,0.57,31.0,67.0,1.217,0.69,projected,2026
SEA,672841.0,Carlos Vargas,reliever,RP,pitcher,0.56,25.0,65.8,1.196,0.67,projected,2026
SEA,664238.0,Dylan Moore,starter_hitter,DH,hitter,0.72,32.0,432.7,0.746,0.54,projected,2026
SEA,641598.0,Mitch Garver,starter_hitter,DH,hitter,0.55,34.0,377.4,0.651,0.36,projected,2026
SEA,642133.0,Rowdy Tellez,starter_hitter,1B,hitter,0.61,30.0,309.9,0.534,0.33,projected,2026
SEA,676092.0,Collin Snider,reliever,RP,pitcher,0.35,29.0,41.1,0.748,0.26,projected,2026
SEA,682243.0,Bryce Miller,starter_pitcher,SP,pitcher,0.6,26.0,61.7,0.363,0.22,projected,2026
SEA,676106.0,Emerson Hancock,starter_pitcher,SP,pitcher,0.57,26.0,58.6,0.345,0.2,projected,2026
SEA,688138.0,Logan Evans,starter_pitcher,SP,pitcher,0.57,24.0,58.6,0.345,0.2,projected,2026
SEA,686527.0,Dominic Canzone,bench_hitter,RF,hitter,0.98,27.0,99.8,0.172,0.17,projected,2026
SEA,702284.0,Cole Young,bench_hitter,2B,hitter,0.77,21.0,78.4,0.135,0.1,projected,2026
SEA,608701.0,Rob Refsnyder,bench_hitter,DH,hitter,0.72,34.0,73.3,0.126,0.09,projected,2026
SEA,670156.0,Miles Mastrobuoni,bench_hitter,DH,hitter,0.7,29.0,71.3,0.123,0.09,projected,2026
SEA,670042.0,Luke Raley,bench_hitter,1B,hitter,0.69,30.0,70.3,0.121,0.08,projected,2026
SEA,456781.0,Donovan Solano,bench_hitter,1B,hitter,0.49,37.0,49.9,0.086,0.04,projected,2026
SFG,657277.0,Logan Webb,starter_pitcher,SP,pitcher,3.91,28.0,220.0,1.294,5.06,projected,2026
SFG,642715.0,Willy Adames,starter_hitter,SS,hitter,2.68,29.0,613.4,1.058,2.83,projected,2026
SFG,656305.0,Matt Chapman,starter_hitter,3B,hitter,2.12,32.0,609.6,1.051,2.23,projected,2026
SFG,672275.0,Patrick Bailey,starter_hitter,C,hitter,1.93,26.0,605.9,1.045,2.02,projected,2026
SFG,808982.0,Jung Hoo Lee,starter_hitter,CF,hitter,1.33,26.0,602.1,1.038,1.38,projected,2026
SFG,592662.0,Robbie Ray,starter_pitcher,SP,pitcher,1.22,33.0,191.6,1.127,1.37,projected,2026
SFG,678495.0,Randy Rodríguez,reliever,RP,pitcher,0.93,25.0,80.0,1.455,1.35,projected,2026
SFG,666808.0,Camilo Doval,reliever,RP,pitcher,0.64,27.0,80.0,1.455,0.93,projected,2026
SFG,666149.0,Tyler Fitzgerald,starter_hitter,2B,hitter,0.85,27.0,594.6,1.025,0.87,projected,2026
SFG,671218.0,Heliot Ramos,starter_hitter,LF,hitter,0.82,25.0,590.9,1.019,0.84,projected,2026
SFG,702352.0,Spencer Bivens,reliever,RP,pitcher,0.57,31.0,80.0,1.455,0.83,projected,2026
SFG,676254.0,Ryan Walker,reliever,RP,pitcher,0.56,29.0,80.0,1.455,0.81,projected,2026
SFG,693313.0,Carson Seymour,reliever,RP,pitcher,0.52,26.0,78.0,1.418,0.74,projected,2026
SFG,694738.0,Landen Roupp,starter_pitcher,SP,pitcher,0.86,26.0,135.1,0.794,0.68,projected,2026
SFG,663941.0,Tristan Beck,reliever,RP,pitcher,0.49,29.0,73.5,1.336,0.65,projected,2026
SFG,669477.0,Casey Schmitt,starter_hitter,1B,hitter,0.86,26.0,421.0,0.726,0.62,projected,2026
SFG,669062.0,Erik Miller,reliever,RP,pitcher,0.46,27.0,69.0,1.255,0.58,projected,2026
SFG,650333.0,Luis Arraez,starter_hitter,1B,hitter,0.82,28.0,404.9,0.698,0.57,projected,2026
SFG,527038.0,Wilmer Flores,starter_hitter,DH,hitter,0.54,33.0,583.4,1.006,0.54,projected,2026
SFG,690986.0,Kyle Harrison,starter_pitcher,SP,pitcher,0.68,23.0,106.8,0.628,0.43,projected,2026
SFG,434378.0,Justin Verlander,starter_pitcher,SP,pitcher,1.01,42.0,68.6,0.404,0.41,projected,2026
SFG,806185.0,Hayden Birdsong,starter_pitcher,SP,pitcher,0.56,23.0,87.9,0.517,0.29,projected,2026
SFG,683766.0,Christian Koss,bench_hitter,2B,hitter,0.77,27.0,183.2,0.316,0.24,projected,2026
SFG,642086.0,Dominic Smith,bench_hitter,1B,hitter,0.73,30.0,173.7,0.299,0.22,projected,2026
SFG,682641.0,Luis Matos,bench_hitter,CF,hitter,0.71,23.0,168.9,0.291,0.21,projected,2026
SFG,687551.0,Drew Gilbert,bench_hitter,CF,hitter,0.62,24.0,148.5,0.256,0.16,projected+fv,2026
STL,691026.0,Masyn Winn,starter_hitter,SS,hitter,2.22,23.0,700.0,1.207,2.68,projected,2026
STL,676475.0,Alec Burleson,starter_hitter,1B,hitter,1.22,26.0,700.0,1.207,1.47,projected,2026
STL,669461.0,Matthew Liberatore,starter_pitcher,SP,pitcher,1.07,25.0,200.2,1.178,1.26,projected,2026
STL,694335.0,Matt Svanson,reliever,RP,pitcher,0.82,26.0,80.0,1.455,1.19,projected,2026
STL,686780.0,Pedro Pagés,starter_hitter,C,hitter,0.96,26.0,700.0,1.207,1.16,projected,2026
STL,687363.0,Victor Scott II,starter_hitter,CF,hitter,1.23,24.0,541.5,0.934,1.15,projected,2026
STL,681517.0,Kyle Leahy,reliever,RP,pitcher,0.76,28.0,80.0,1.455,1.11,projected,2026
STL,671056.0,Iván Herrera,bench_hitter,DH,hitter,1.76,25.0,350.0,0.603,1.06,projected,2026
STL,700669.0,Gordon Graceffo,reliever,RP,pitcher,0.71,25.0,78.9,1.434,1.02,projected,2026
STL,664208.0,Phil Maton,reliever,RP,pitcher,0.71,32.0,78.9,1.434,1.02,projected,2026
STL,571448.0,Nolan Arenado,starter_hitter,3B,hitter,0.69,34.0,700.0,1.207,0.83,projected,2026
STL,669357.0,Nolan Gorman,starter_hitter,2B,hitter,0.63,25.0,700.0,1.207,0.76,projected,2026
STL,681676.0,Ryan Fernandez,reliever,RP,pitcher,0.59,27.0,65.6,1.192,0.7,projected,2026
STL,668941.0,JoJo Romero,reliever,RP,pitcher,0.57,28.0,63.3,1.152,0.66,projected,2026
STL,690928.0,Hunter Dobbins,starter_pitcher,SP,pitcher,0.73,25.0,136.6,0.803,0.59,projected,2026
STL,676617.0,Riley O'Brien,reliever,RP,pitcher,0.53,30.0,58.9,1.071,0.57,projected,2026
STL,663457.0,Lars Nootbaar,starter_hitter,CF,hitter,0.78,27.0,418.0,0.721,0.56,projected,2026
STL,669467.0,Andre Pallante,starter_pitcher,SP,pitcher,0.68,26.0,127.2,0.748,0.51,projected,2026
STL,690916.0,Richard Fitts,starter_pitcher,SP,pitcher,0.64,25.0,119.8,0.704,0.45,projected,2026
STL,700241.0,Michael McGreevy,starter_pitcher,SP,pitcher,0.64,24.0,119.8,0.704,0.45,projected,2026
STL,695336.0,Thomas Saggese,bench_hitter,2B,hitter,0.76,23.0,325.3,0.561,0.43,projected,2026
STL,650968.0,Yohel Pozo,bench_hitter,C,hitter,0.71,28.0,308.9,0.533,0.38,projected,2026
STL,607200.0,Erick Fedde,starter_pitcher,SP,pitcher,0.57,32.0,106.7,0.627,0.36,projected,2026
STL,667463.0,John King,reliever,RP,pitcher,0.4,30.0,44.4,0.808,0.32,projected,2026
STL,571945.0,Miles Mikolas,starter_pitcher,SP,pitcher,0.48,36.0,89.8,0.528,0.25,projected,2026
STL,691023.0,Jordan Walker,bench_hitter,RF,hitter,0.55,23.0,256.4,0.442,0.24,projected,2026
TBR,691406.0,Junior Caminero,starter_hitter,3B,hitter,2.98,21.0,700.0,1.207,3.6,projected,2026
TBR,656876.0,Drew Rasmussen,starter_pitcher,SP,pitcher,1.59,29.0,220.0,1.294,2.06,projected,2026
TBR,686752.0,Ryan Pepiot,starter_pitcher,SP,pitcher,1.3,27.0,219.4,1.29,1.68,projected,2026
TBR,666018.0,Jonathan Aranda,starter_hitter,1B,hitter,1.38,27.0,700.0,1.207,1.67,projected,2026
TBR,676609.0,José Caballero,starter_hitter,2B,hitter,1.38,28.0,700.0,1.207,1.67,projected,2026
TBR,650490.0,Yandy Díaz,starter_hitter,DH,hitter,1.74,33.0,508.9,0.877,1.53,projected,2026
TBR,682254.0,Mason Montgomery,reliever,RP,pitcher,0.79,25.0,76.8,1.396,1.1,projected,2026
TBR,643376.0,Danny Jansen,starter_hitter,C,hitter,0.9,30.0,700.0,1.207,1.09,projected,2026
TBR,670955.0,Edwin Uceta,reliever,RP,pitcher,0.78,27.0,75.8,1.378,1.07,projected,2026
TBR,669438.0,Mason Englert,reliever,RP,pitcher,0.77,25.0,74.8,1.36,1.05,projected,2026
TBR,671737.0,Taj Bradley,starter_pitcher,SP,pitcher,1.02,24.0,172.1,1.012,1.03,projected,2026
TBR,656775.0,Cedric Mullins,starter_hitter,CF,hitter,1.01,30.0,506.9,0.874,0.88,projected,2026
TBR,664076.0,Garrett Cleavinger,reliever,RP,pitcher,0.7,31.0,68.0,1.237,0.87,projected,2026
TBR,655889.0,Manuel Rodríguez,reliever,RP,pitcher,0.68,28.0,66.1,1.201,0.82,projected,2026
TBR,693855.0,Ian Seymour,starter_pitcher,SP,pitcher,0.9,26.0,151.9,0.893,0.8,projected,2026
TBR,679358.0,Eric Orze,reliever,RP,pitcher,0.67,27.0,65.1,1.184,0.79,projected,2026
TBR,687330.0,Kevin Kelly,reliever,RP,pitcher,0.64,27.0,62.2,1.131,0.72,projected,2026
TBR,571927.0,Steven Matz,reliever,RP,pitcher,0.63,34.0,61.2,1.113,0.7,projected,2026
TBR,641793.0,Zack Littell,starter_pitcher,SP,pitcher,0.81,29.0,136.7,0.804,0.65,projected,2026
TBR,670224.0,Kameron Misner,starter_hitter,CF,hitter,0.79,27.0,440.1,0.759,0.6,projected,2026
TBR,802415.0,Chandler Simpson,bench_hitter,CF,hitter,1.18,24.0,262.6,0.453,0.53,projected,2026
TBR,666158.0,Gavin Lux,starter_hitter,DH,hitter,0.76,27.0,338.5,0.584,0.44,projected,2026
TBR,670764.0,Taylor Walls,starter_hitter,DH,hitter,0.71,28.0,327.2,0.564,0.4,projected,2026
TBR,700246.0,Carson Williams,bench_hitter,SS,hitter,0.89,22.0,197.6,0.341,0.3,projected+fv,2026
TBR,678554.0,Curtis Mead,bench_hitter,1B,hitter,0.8,24.0,178.0,0.307,0.25,projected,2026
TBR,666624.0,Christopher Morel,bench_hitter,DH,hitter,0.63,26.0,140.2,0.242,0.15,projected,2026
TEX,694671.0,Wyatt Langford,starter_hitter,CF,hitter,2.69,23.0,700.0,1.207,3.25,projected,2026
TEX,608369.0,Corey Seager,starter_hitter,SS,hitter,2.66,31.0,700.0,1.207,3.21,projected,2026
TEX,543135.0,Nathan Eovaldi,starter_pitcher,SP,pitcher,2.28,35.0,188.1,1.106,2.52,projected,2026
TEX,594798.0,Jacob deGrom,starter_pitcher,SP,pitcher,2.02,37.0,151.6,0.892,1.8,projected,2026
TEX,669022.0,MacKenzie Gore,starter_pitcher,SP,pitcher,1.85,26.0,152.6,0.898,1.66,projected,2026
TEX,673962.0,Josh Jung,starter_hitter,3B,hitter,1.04,27.0,700.0,1.207,1.26,projected,2026
TEX,669701.0,Josh Smith,starter_hitter,1B,hitter,1.15,27.0,545.9,0.941,1.08,projected,2026
TEX,666969.0,Adolis García,starter_hitter,RF,hitter,0.74,32.0,700.0,1.207,0.89,projected,2026
TEX,683004.0,Jack Leiter,starter_pitcher,SP,pitcher,1.34,25.0,110.5,0.65,0.87,projected,2026
TEX,676961.0,Caleb Boushley,reliever,RP,pitcher,0.59,31.0,80.0,1.455,0.86,projected,2026
TEX,657097.0,Jacob Webb,reliever,RP,pitcher,0.56,31.0,80.0,1.455,0.81,projected,2026
TEX,542888.0,Shawn Armstrong,reliever,RP,pitcher,0.56,34.0,80.0,1.455,0.81,projected,2026
TEX,676395.0,Robert Garcia,reliever,RP,pitcher,0.55,29.0,80.0,1.455,0.8,projected,2026
TEX,571948.0,Hoby Milner,reliever,RP,pitcher,0.49,34.0,78.3,1.423,0.7,projected,2026
TEX,592426.0,Luke Jackson,reliever,RP,pitcher,0.46,33.0,73.5,1.336,0.61,projected,2026
TEX,543309.0,Kyle Higashioka,starter_hitter,C,hitter,0.66,35.0,484.3,0.835,0.55,projected,2026
TEX,694497.0,Evan Carter,bench_hitter,DH,hitter,1.06,22.0,272.8,0.47,0.5,projected,2026
TEX,641816.0,Tyler Mahle,starter_pitcher,SP,pitcher,1.02,30.0,84.1,0.495,0.5,projected,2026
TEX,669394.0,Jake Burger,starter_hitter,1B,hitter,0.68,29.0,408.6,0.704,0.48,projected,2026
TEX,641680.0,Jonah Heim,starter_hitter,C,hitter,0.57,30.0,444.5,0.766,0.44,projected,2026
TEX,571578.0,Patrick Corbin,starter_pitcher,SP,pitcher,0.93,35.0,76.7,0.451,0.42,projected,2026
TEX,455119.0,Chris Martin,reliever,RP,pitcher,0.49,39.0,33.3,0.605,0.3,projected,2026
TEX,656641.0,Jacob Latz,starter_pitcher,SP,pitcher,0.78,29.0,64.3,0.378,0.3,projected,2026
TEX,677958.0,Kumar Rocker,starter_pitcher,SP,pitcher,0.69,25.0,56.9,0.335,0.23,projected,2026
TEX,664059.0,Sam Haggerty,bench_hitter,DH,hitter,0.71,31.0,182.8,0.315,0.22,projected,2026
TEX,696030.0,Alejandro Osuna,bench_hitter,LF,hitter,0.59,22.0,151.9,0.262,0.15,projected,2026
TEX,677649.0,Ezequiel Duran,bench_hitter,1B,hitter,0.57,26.0,146.7,0.253,0.14,projected,2026
TEX,592626.0,Joc Pederson,bench_hitter,DH,hitter,0.53,33.0,136.4,0.235,0.12,projected,2026
TEX,645444.0,Jose Herrera,bench_hitter,DH,hitter,0.49,28.0,126.1,0.217,0.11,projected,2026
TOR,543807.0,George Springer,starter_hitter,DH,hitter,3.58,35.0,675.1,1.164,4.17,projected,2026
TOR,672386.0,Alejandro Kirk,starter_hitter,C,hitter,3.29,26.0,700.0,1.207,3.97,projected,2026
TOR,592332.0,Kevin Gausman,starter_pitcher,SP,pitcher,2.59,34.0,220.0,1.294,3.35,projected,2026
TOR,656302.0,Dylan Cease,starter_pitcher,SP,pitcher,2.22,29.0,220.0,1.294,2.87,projected,2026
TOR,665489.0,Vladimir Guerrero Jr.,starter_hitter,1B,hitter,2.4,26.0,516.1,0.89,2.14,projected,2026
TOR,676391.0,Ernie Clement,starter_hitter,1B,hitter,1.85,29.0,449.6,0.775,1.43,projected,2026
TOR,,Kazuma Okamoto,starter_hitter,3B,hitter,1.5,,499.3,0.861,1.29,manual,2026
TOR,680755.0,Braydon Fisher,reliever,RP,pitcher,0.86,24.0,80.0,1.455,1.25,projected,2026
TOR,664770.0,Nathan Lukes,starter_hitter,CF,hitter,1.02,30.0,700.0,1.207,1.23,projected,2026
TOR,665926.0,Andrés Giménez,starter_hitter,2B,hitter,1.0,26.0,700.0,1.207,1.21,projected,2026
TOR,663893.0,Brendon Little,reliever,RP,pitcher,0.76,28.0,80.0,1.455,1.11,projected,2026
TOR,605135.0,Chris Bassitt,starter_pitcher,SP,pitcher,1.26,36.0,135.7,0.798,1.01,projected,2026
TOR,680718.0,Addison Barger,starter_hitter,3B,hitter,1.25,25.0,451.5,0.778,0.97,projected,2026
TOR,689254.0,Mason Fluharty,reliever,RP,pitcher,0.69,23.0,72.3,1.315,0.91,projected,2026
TOR,643511.0,Tyler Rogers,reliever,RP,pitcher,0.59,34.0,61.8,1.124,0.66,projected,2026
TOR,643338.0,Chad Green,reliever,RP,pitcher,0.52,34.0,54.5,0.991,0.52,projected,2026
TOR,656546.0,Jeff Hoffman,reliever,RP,pitcher,0.51,32.0,53.5,0.972,0.5,projected,2026
TOR,684320.0,Yariel Rodríguez,reliever,RP,pitcher,0.48,28.0,50.3,0.915,0.44,projected,2026
TOR,641778.0,Eric Lauer,starter_pitcher,SP,pitcher,0.78,30.0,84.0,0.494,0.39,projected,2026
TOR,621244.0,José Berríos,starter_pitcher,SP,pitcher,0.78,31.0,84.0,0.494,0.39,projected,2026
TOR,662139.0,Daulton Varsho,bench_hitter,CF,hitter,1.28,28.0,152.2,0.262,0.34,projected,2026
TOR,554340.0,Yimi García,reliever,RP,pitcher,0.39,34.0,40.9,0.743,0.29,projected,2026
TOR,623993.0,Anthony Santander,starter_hitter,DH,hitter,0.5,30.0,279.4,0.482,0.24,projected,2026
TOR,687606.0,Paxton Schultz,reliever,RP,pitcher,0.35,27.0,36.7,0.667,0.23,projected,2026
TOR,623168.0,Tyler Heineman,bench_hitter,C,hitter,1.04,34.0,123.7,0.213,0.22,projected,2026
TOR,664702.0,Myles Straw,bench_hitter,CF,hitter,0.98,30.0,116.5,0.201,0.2,projected,2026
TOR,670102.0,Bowden Francis,starter_pitcher,SP,pitcher,0.55,29.0,59.2,0.348,0.19,projected,2026
TOR,676914.0,Davis Schneider,bench_hitter,2B,hitter,0.88,26.0,104.7,0.18,0.16,projected,2026
TOR,682729.0,Jonatan Clase,bench_hitter,CF,hitter,0.7,23.0,83.2,0.144,0.1,projected,2026
TOR,702176.0,Alan Roden,bench_hitter,DH,hitter,0.68,25.0,80.9,0.139,0.09,projected,2026
TOR,695238.0,Will Wagner,bench_hitter,DH,hitter,0.57,26.0,67.8,0.117,0.07,projected,2026
TOR,687922.0,Easton Lucas,starter_pitcher,SP,pitcher,0.28,28.0,40.0,0.235,0.07,projected,2026
TOR,453286.0,Max Scherzer,starter_pitcher,SP,pitcher,0.53,40.0,20.0,0.118,0.06,projected,2026
TOR,664074.0,Cody Ponce,reliever,RP,pitcher,0.0,,20.0,0.364,0.0,not_found,2026
WSN,682928.0,CJ Abrams,starter_hitter,SS,hitter,2.32,24.0,665.3,1.147,2.66,projected,2026
WSN,695578.0,James Wood,starter_hitter,LF,hitter,1.88,22.0,542.0,0.934,1.76,projected,2026
WSN,678606.0,Jose A. Ferrer,reliever,RP,pitcher,0.96,25.0,80.0,1.455,1.4,projected,2026
WSN,671277.0,Luis García Jr.,starter_hitter,2B,hitter,1.11,25.0,657.8,1.134,1.26,projected,2026
WSN,695418.0,Brad Lord,starter_pitcher,SP,pitcher,0.79,25.0,203.1,1.195,0.94,projected,2026
WSN,647336.0,Michael Soroka,starter_pitcher,SP,pitcher,0.79,27.0,203.1,1.195,0.94,projected,2026
WSN,671131.0,Jackson Rutledge,reliever,RP,pitcher,0.58,26.0,80.0,1.455,0.84,projected,2026
WSN,696285.0,Jacob Young,starter_hitter,CF,hitter,0.91,25.0,473.5,0.816,0.74,projected,2026
WSN,669371.0,Cole Henry,reliever,RP,pitcher,0.5,25.0,80.0,1.455,0.73,projected,2026
WSN,680730.0,Mitchell Parker,starter_pitcher,SP,pitcher,0.69,25.0,177.4,1.044,0.72,projected,2026
WSN,605137.0,Josh Bell,starter_hitter,DH,hitter,0.63,32.0,642.8,1.108,0.7,projected,2026
WSN,592866.0,Trevor Williams,starter_pitcher,SP,pitcher,0.65,33.0,167.1,0.983,0.64,projected,2026
WSN,694350.0,Zach Brzykcy,reliever,RP,pitcher,0.42,25.0,80.0,1.455,0.61,projected,2026
WSN,660688.0,Keibert Ruiz,starter_hitter,C,hitter,0.53,26.0,639.0,1.102,0.58,projected,2026
WSN,663993.0,Nathaniel Lowe,starter_hitter,1B,hitter,0.49,29.0,635.3,1.095,0.54,projected,2026
WSN,605347.0,Jorge López,reliever,RP,pitcher,0.35,32.0,80.0,1.455,0.51,projected,2026
WSN,663623.0,Jake Irvin,starter_pitcher,SP,pitcher,0.58,28.0,149.1,0.877,0.51,projected,2026
WSN,686611.0,Dylan Crews,starter_hitter,CF,hitter,0.7,23.0,411.8,0.71,0.5,projected,2026
WSN,674285.0,Eduardo Salazar,reliever,RP,pitcher,0.32,27.0,80.0,1.455,0.47,projected,2026
WSN,669743.0,Alex Call,starter_hitter,LF,hitter,0.76,30.0,354.6,0.611,0.46,projected,2026
WSN,695734.0,Daylen Lile,bench_hitter,LF,hitter,0.95,22.0,143.5,0.247,0.23,projected,2026
WSN,642708.0,Amed Rosario,bench_hitter,2B,hitter,0.84,29.0,126.8,0.219,0.18,projected,2026
WSN,677588.0,José Tena,bench_hitter,3B,hitter,0.82,24.0,123.8,0.213,0.18,projected,2026
WSN,691781.0,Brady House,bench_hitter,3B,hitter,0.73,22.0,110.2,0.19,0.14,projected,2026
WSN,690987.0,Robert Hassell III,bench_hitter,CF,hitter,0.62,23.0,93.6,0.161,0.1,projected,2026
WSN,656180.0,Riley Adams,bench_hitter,C,hitter,0.53,29.0,80.0,0.138,0.07,projected,2026
