Name,Team,WPA,-WPA,+WPA,RE24,REW,pLI,inLI,gmLI,exLI,Pulls,WPA/LI,Clutch,SD,MD,NameASCII,PlayerId,MLBAMID
"Tarik Skubal","DET",2.5840602489188313,-5.23201195243746,7.816072195768356,28.864199310541153,3.0183485001325607,0.8671201756583774,0.8888959363708652,0.8742105333428634,1.2527777971699834,18,3.6056125386967324,-0.6255639578217287,0,0,"Tarik Skubal",22267,669373
"Garrett Crochet","BOS",4.0532879633829,-6.47923006862402,10.532518059015274,33.51590037345886,3.3838315904140472,1.0172510332730205,1.0123348597324255,0.8619800060987473,1.190421052669224,19,3.217755924910307,0.7667944277606407,0,0,"Garrett Crochet",27463,676979
"Zack Wheeler","PHI",3.1847123354673386,-5.6083557568490505,8.793068051338196,28.053899884223938,2.86527531594038,0.9249148999122863,0.9861500123816151,0.875263163917943,1.246988909939925,18,3.0390638671815395,0.4041851666153633,0,0,"Zack Wheeler",10310,554430
"Paul Skenes","PIT",3.1884321849793196,-6.248115800321102,9.436547964811325,31.498800039291382,3.2557549700140953,1.005424789395653,0.9949225807382215,0.8727100044488907,1.0562315844979726,19,3.0311152301728725,0.1401137057039148,0,0,"Paul Skenes",33677,694973
"Nathan Eovaldi","TEX",2.619978152215481,-4.061860106885433,6.681838154792786,23.921199902892113,2.413686933927238,0.9645614475844293,0.952647312354016,0.8762500062584877,0.7638399923841158,15,2.627359469886869,0.08887821385712158,0,0,"Nathan Eovaldi",9132,543135
"Nick Pivetta","SDP",2.017264176160097,-5.6259598061442375,7.643223941326141,16.33260015398264,1.801359761506319,0.9487626999951481,0.9507097433098649,0.8745579029384413,1.2355052742518877,19,2.4139124043285847,-0.2877072150115789,0,0,"Nick Pivetta",15454,601713
"Jacob deGrom","TEX",2.7682223450392485,-5.070739961229265,7.838962331414223,25.385999590158463,2.6360981669276953,0.920397744356375,0.9537775876193211,0.8812105373332375,1.1381263092748428,19,2.3972176001407206,0.6104194372305942,0,0,"Jacob deGrom",10954,594798
"Max Fried","NYY",1.8692501783370972,-6.400875985622406,8.270126178860664,21.663000017404556,2.173248945735395,0.8961338667953551,0.8574793648625177,0.8820100098848342,0.9930100065656007,20,1.9693874111399055,0.11651766130388275,0,0,"Max Fried",13743,608331
"Hunter Brown","HOU",2.3803961547091603,-5.8826058600097895,8.263002067804337,22.962200045585632,2.3745144344866276,0.9340930776549624,0.9231396630920213,0.8765579022859272,1.141566668688837,18,1.9683242067694664,0.5800258577499462,0,0,"Hunter Brown",25880,686613
"Robbie Ray","SFG",1.9468544302508235,-7.165570050477982,9.11242438852787,19.782800167798996,2.1018393132835627,0.9893310806784497,0.9645400126775105,0.85348000228405,1.2535263260728435,19,1.9097057194449008,0.05814353574653319,0,0,"Robbie Ray",11486,592662
"Bryan Woo","SEA",1.22134231030941,-6.121829870156944,7.343172177672386,17.1918997913599,1.9020821321755648,0.8818743381880026,0.8468187970992846,0.8780666722191705,0.7954333414220147,18,1.8979397742077708,-0.5130006083636709,0,0,"Bryan Woo",30279,693433
"Yoshinobu Yamamoto","LAD",2.0137303387746215,-5.643732290714979,7.657462693750858,15.3116996884346,1.5411179214715958,0.9769522396965384,0.9482245287805233,0.8755894773884824,1.0151052804369676,19,1.8929406125098467,0.16829662811527113,0,0,"Yoshinobu Yamamoto",33825,808967
"Carlos Rodón","NYY",1.239782264456153,-6.630353586748242,7.870135761797428,13.879700347781181,1.4058163911104202,0.8906734246027639,0.8663777855653612,0.8559000045061111,1.0518099892884494,20,1.8901646938174963,-0.49820415001987506,0,0,"Carlos Rodon",16137,607074
"Ranger Suárez","PHI",2.1572141274809837,-4.710529923439026,6.867744028568268,21.29099988937378,2.131034754216671,1.0589941498820732,1.055027917374012,0.87384615953152,1.2542461661192088,13,1.8885724493302405,0.14846819694831126,0,0,"Ranger Suarez",17277,624133
"Andrew Abbott","CIN",2.180830143392086,-5.276535823941231,7.457365781068802,21.211699962615967,2.15962453186512,1.0128299224720851,0.9378795751961329,0.8787375092506409,0.8522666697700818,15,1.8783841140102595,0.27482058008999033,0,0,"Andrew Abbott",29911,671096
"Freddy Peralta","MIL",2.218369928188622,-6.181923747062683,8.40029376745224,20.648099780082703,2.1088236747309566,0.9863163492861827,0.9434752219762558,0.8827600091695785,1.2391899980604648,20,1.8427555356174707,0.4063909271721826,0,0,"Freddy Peralta",18679,642547
"Matthew Boyd","CHC",1.3473084578290582,-6.697709895670414,8.04501836001873,18.7958997040987,1.9877969222143292,0.9693669605885308,0.9132955897170886,0.8782315850257874,0.8944842132102502,19,1.7930603632703424,-0.4031755078889827,0,0,"Matthew Boyd",15440,571510
"Cristopher Sánchez","PHI",2.5292480411008,-6.902779910713434,9.432027786970139,24.931600034236908,2.5741384737193584,1.049619368794038,0.9748550156752268,0.8543579013724076,1.3846210511891466,19,1.7924254573881626,0.6172557244737762,0,0,"Cristopher Sanchez",20778,650911
"Tyler Rogers","SFG",1.5866121225990355,-2.983353899908252,4.569965993519872,14.564999639987946,1.5020288825035095,1.29471045897104,1.248343754094094,1.3318166675356526,1.5089499985799193,40,1.7911560032516718,-0.5656989046352123,19,3,"Tyler Rogers",15541,643511
"Kris Bubic","KCR",1.7786801680922508,-6.435927510261536,8.214607790112495,20.298200219869614,2.0815451238304377,0.9442964257406337,0.8892500091876302,0.8685444460974799,0.9932777681905363,18,1.774011792615056,0.10959182972968651,0,0,"Kris Bubic",21455,663460
"Joe Ryan","MIN",2.5642845202237368,-6.065009795129299,8.629294320940971,21.188599601387978,2.181193619966507,0.9906623828991324,0.9837946043358193,0.889589482232144,1.2218736970895214,19,1.688848728314042,0.8996057890760949,1,0,"Joe Ryan",21390,657746
"Kodai Senga","NYM",2.3138580936938524,-4.650343894958496,6.964202061295509,23.118799924850464,2.399913754314184,1.0496387662337376,0.915082509815693,0.8700000047683716,1.2228571474552155,14,1.6215536082163453,0.5828791624942151,0,0,"Kodai Senga",31838,673540
"Merrill Kelly","ARI",1.0623580049723387,-7.759784139692783,8.822142213582993,8.24609949439764,0.8573191557079554,0.9859798773029815,1.006327874347812,0.8723300069570541,1.2519299943000077,20,1.5920590478926897,-0.51459486284433,0,0,"Merrill Kelly",11156,518876
"Ryne Nelson","ARI",0.6668360957410187,-4.262194169976283,4.929030187893659,8.468599766492844,0.8846251163631678,0.82883280053535,0.7845819313303534,0.7300800070166588,1.0183999899309129,16,1.5826033353805542,-0.7780549447880202,1,3,"Ryne Nelson",26253,669194
"Sonny Gray","STL",1.0510282702744007,-6.510507745668292,7.561536073684692,10.909799173474312,1.158855153247714,0.9540009150677676,0.9020482173987797,0.87264210926859,1.0460333414375782,18,1.557405719999224,-0.45569999448664333,0,0,"Sonny Gray",12768,543243
"Tyler Mahle","TEX",1.9643100639805198,-4.162118285894394,6.1264283657073975,18.242100059986115,1.9098372422158718,1.0351621860112898,0.9462202840213534,0.8779142882142749,1.407328569463321,14,1.5406442154198885,0.35694254975112627,0,0,"Tyler Mahle",16358,641816
"Aroldis Chapman","BOS",2.631995929405093,-3.5254458280978724,6.157441835850477,16.32700015604496,1.6369188465178013,2.0574550224630626,1.7286585503961982,1.7767122089862823,2.6871999467120453,17,1.501223023980856,-0.22197468043542834,26,3,"Aroldis Chapman",10233,547973
"Noah Cameron","KCR",1.5831161420792341,-3.7913338989019394,5.374449968338013,16.332799822092056,1.7004494834691286,0.9902086245070258,0.9916266743342081,0.8875666757424673,1.5188499862949054,12,1.4832564983516932,0.11551380408572154,0,0,"Noah Cameron",30184,702070
"Trevor Rogers","BAL",1.4489379897713661,-1.0850860178470612,2.5340239629149437,11.349400043487549,1.1613575667142868,0.9015881304387693,0.9755421131849289,0.8700000047683716,1.401533368974924,6,1.3984854370355606,0.2086097995290801,0,0,"Trevor Rogers",22286,669432
"Drew Rasmussen","TBR",1.3167340364307165,-5.176985822618008,6.493719816207886,15.07719936966896,1.5482724346220493,0.932639465490977,0.8954042952547792,0.8726315843431574,0.9830736831614846,19,1.3959359712898731,0.015900097364521137,0,0,"Drew Rasmussen",25385,656876
"Chris Sale","ATL",1.507610373198986,-5.843897715210915,7.351508125662804,16.521599978208542,1.6335385227575898,1.0466576445163513,0.959104263402046,0.8738666733105978,1.2720533428092797,15,1.3847638331353664,0.05564065929600126,0,0,"Chris Sale",10603,519242
"Spencer Schwellenbach","ATL",1.0332861859351397,-6.483693774789572,7.516980022192001,11.87260015308857,1.2252302430570126,0.8974553279054949,0.9228839347405093,0.8755294189733618,0.9051500021014363,16,1.3653990514576435,-0.21404794371320524,0,0,"Spencer Schwellenbach",31846,680885
"Adrian Houser","CHW",1.7608902845531702,-3.755315840244293,5.51620614528656,15.899000376462936,1.6012990651652217,1.159994966843549,1.1026566624641418,0.8700000047683716,1.8796000050173864,9,1.3550789467990398,0.16293650575478602,0,0,"Adrian Houser",12718,605288
"Yariel Rodríguez","TOR",2.105818166572135,-2.432214236992877,4.538032390119042,13.839699946343899,1.437802841886878,1.1349000189443457,1.0974371517840467,1.1511025573962774,1.172933332187434,30,1.3248830465599895,0.5306268057800536,18,1,"Yariel Rodriguez",33838,684320
"MacKenzie Gore","WSN",1.4890201091766357,-6.944969646632671,8.433989703655243,17.10549981892109,1.7770461030304432,1.0219710061029226,0.9363398209082342,0.8722842147475794,1.266326310995378,19,1.3110322216525674,0.14597595204769198,0,0,"MacKenzie Gore",22201,669022
"Adrian Morejon","SDP",2.4127721786499023,-2.510966907022521,4.923739059828222,14.192000016570091,1.5150368362665176,1.4644393293040523,1.304920219251367,1.607527661196729,1.3210871940813003,39,1.30223554559052,0.34533846472817853,23,6,"Adrian Morejon",20039,670970
"Randy Rodríguez","SFG",1.5536340456455946,-3.441271895542741,4.9949059300124645,15.393000304698944,1.644702872261405,1.5443097572864555,1.1952775341013204,1.5161560962839824,1.2253999987786466,33,1.2796766515821218,-0.27363881602798856,17,3,"Randy Rodriguez",23974,678495
"Logan Webb","SFG",1.5184503868222237,-7.466913878917694,8.985364317893982,14.431000277400017,1.5205697156488895,0.9646432979810283,0.8744484456256032,0.8747100055217742,1.0082100123167037,20,1.2615605760365725,0.3125449923121615,0,0,"Logan Webb",17995,657277
"Framber Valdez","HOU",2.5151764303445816,-7.250791639089584,9.765968099236488,19.92479908466339,2.098522026091814,1.0380174514166145,0.9419788815141693,0.8700000047683716,1.361164696952876,17,1.2585545033216476,1.1645034394056566,0,0,"Framber Valdez",17295,664285
"Josh Hader","HOU",3.4729201442096382,-3.5422735832398757,7.015193751780316,10.386999785900116,1.1130296811461449,2.049809311451607,1.8449629293961658,1.770389972673729,2.5699200209230186,5,1.248106712475419,0.44615827344672576,25,2,"Josh Hader",14212,623352
"David Peterson","NYM",1.2623983342200518,-7.066363774240017,8.328762158751488,11.418999940156937,1.2577238343656063,1.0306694045149047,0.9608487103296363,0.8727777832084231,1.6198823631686323,17,1.2429027892649174,-0.018069366743548754,0,0,"David Peterson",20302,656849
"Edwin Díaz","NYM",2.924338327953592,-3.4786728107137606,6.4030111415777355,9.955000028014183,1.0321382358670235,2.0189188063144683,1.600728470650388,1.7056594731638561,2.348999972558684,9,1.237973667535698,0.2104938581554241,22,2,"Edwin Diaz",14710,621242
"Janson Junk","MIA",1.3760220557451248,-2.158073928207159,3.5340959951281548,10.160300016403198,1.0239093825221062,0.9158067963655713,0.8949626988055659,0.9420000106096268,0.9978000024067504,7,1.2251196131110191,0.2774047852729442,3,1,"Janson Junk",23301,676083
"Caleb Ferguson","PIT",1.5388141478179023,-2.811672092822846,4.350486293900758,12.008000135421753,1.1714288089424372,1.5011317414527168,1.216217652620638,1.3100048859217546,1.2787435732017725,39,1.1811671881005168,-0.15606452367432966,16,6,"Caleb Ferguson",19349,657571
"Andrés Muñoz","SEA",2.466596130281687,-4.485043176682666,6.951639326522127,10.534999907016754,1.1013403832912445,2.8451733262836933,2.247003497506835,2.322767554354426,2.6866181655363603,11,1.1809945199638605,-0.3140539692792019,25,7,"Andres Munoz",20373,662253
"Hunter Greene","CIN",1.4365537855774164,-3.1974698901176453,4.6340237110853195,14.218699991703033,1.3648194447159767,0.9587722503409094,0.9843733350435893,0.878527278249914,1.2150727212429047,11,1.1663542874157429,0.3319721243745679,0,0,"Hunter Greene",22182,668881
"Steven Okert","HOU",0.15972413285635412,-2.167091974290088,2.3268160930019803,10.458000011742115,1.056998984888196,0.8208839479132475,0.7366044825981729,0.9526358951504031,0.7825117615215919,34,1.1607651179656386,-0.9661893399127414,6,4,"Steven Okert",13580,595345
"Michael Wacha","KCR",1.4690241422504187,-6.788967922329903,8.257992014288902,16.614599645137787,1.6151949157938361,1.0312568179048631,0.9324803591838905,0.8721052690556175,1.326284194071042,19,1.1378844543360174,0.28661438702431297,0,0,"Michael Wacha",14078,608379
"Dennis Santana","PIT",2.3556267722160555,-1.6714442073134705,4.027070939540863,13.230000302195549,1.3542974656447768,1.3543860857150978,1.4386347231314478,1.449574993198621,2.0072615321439047,26,1.1328592915087938,0.6063986623798243,17,4,"Dennis Santana",17878,642701
"Mitch Keller","PIT",0.3355540409684181,-8.566584020853043,8.90213805437088,9.66950024664402,0.9805002650246024,0.9755567981343325,0.9743170786679276,0.8745300054550171,1.0431900039315223,20,1.1234718402847648,-0.779510277400742,0,0,"Mitch Keller",17594,656605
"Garrett Whitlock","BOS",1.0197160027964856,-4.203554380321293,5.223270403628703,7.141000173985958,0.6844724025577307,1.4657316599883625,1.2969265346016203,1.443622857757977,1.594565540873285,29,1.0957643325673416,-0.4000599068305176,16,6,"Garrett Whitlock",20191,676477
"Lucas Erceg","KCR",1.898920017061755,-3.1943120000651106,5.093231996521354,11.57799994200468,1.1773299491032958,1.6973289539057173,1.5045515175231479,1.6907947508520202,1.533737495308742,32,1.0668188123963773,0.051950777135550075,19,5,"Lucas Erceg",19360,668674
"Chad Patrick","MIL",0.9322182089090347,-6.255534139869269,7.187752378580626,11.240699663758278,1.1417298298329115,0.928902443371168,0.8599272761682067,0.8157894768212971,1.0515999905765057,19,1.0619245674461126,-0.05835501548559341,0,0,"Chad Patrick",30113,694477
"Emilio Pagán","CIN",1.2157266994472593,-3.3396011544391513,4.555327821522951,9.254999957978725,0.9084219159558415,1.4262567861580555,1.5445793732291175,1.503085010498762,1.8490285389125347,7,1.0332919238135219,-0.1809021499340976,14,5,"Emilio Pagan",14771,641941
"Dylan Lee","ATL",1.167452226713067,-3.121503853910326,4.288956142088864,12.574999660253525,1.2912642136216164,1.2898254292301101,1.2837253019938037,1.3820909115443514,1.0464000108798868,38,1.0051264935173094,-0.10000228038258085,16,9,"Dylan Lee",19996,669276
"Clay Holmes","NYM",0.7150943395681679,-7.103453904390335,7.818548262119293,11.270499989390373,1.1386098442599177,1.0246977704976286,0.9357869207301986,0.8726315843431574,1.0913158027749312,19,1.000997725284833,-0.3031389417911464,0,0,"Clay Holmes",13649,605280
"Mike Vasil","CHW",1.492954205488786,-3.7873442086856812,5.280298410449177,13.389500200748444,1.3856324292719364,1.0196346256704245,0.8992626862183436,1.0636240055412054,0.837826665242513,15,0.9997967750532553,0.46440831165331575,12,3,"Mike Vasil",30105,678024
"Chris Flexen","CHC",0.7551480166148394,-1.1642786635202356,1.9194267245475203,11.90799967199564,1.2406866401433945,0.5984013695976343,0.621573684271425,0.8597555588930845,1.015800001365798,7,0.9966480769217014,0.26529424971869653,3,1,"Chris Flexen",13896,623167
"Clarke Schmidt","NYY",0.7932242387905717,-4.507839970290661,5.301064148545265,10.99369964003563,1.0961821912787855,0.9198530434471804,0.8977951302034098,0.8769571483135223,1.2212285749348146,14,0.9917195802554488,-0.12938157480847334,0,0,"Clarke Schmidt",19899,657376
"Kevin Gausman","TOR",0.46856207214295864,-7.6677398681640625,8.136302024126053,1.0643996819853783,0.0935503477230668,1.0060332685258424,0.935888500340217,0.8828842200730976,0.8763473669165059,19,0.9395055077038705,-0.473753442834733,0,0,"Kevin Gausman",14107,592332
"Jhoan Duran","MIN",1.0778839534577855,-4.899702929658815,5.977586834454996,11.652999877929688,1.2121025240048766,2.0073642640241554,1.4726088894738092,1.486227268522436,1.3415384627878666,13,0.91773228533566,-0.3807674838915236,16,8,"Jhoan Duran",21029,661395
"Robert Suarez","SDP",2.038213956169784,-4.815200038254261,6.853414063341916,5.373000085353851,0.6073355711996555,2.2654036396160357,2.214648116959466,2.2074139333048532,3.3393111096488104,9,0.9150341467466205,-0.015320770937247374,29,6,"Robert Suarez",30115,663158
"Daniel Palencia","CHC",0.8194900110829622,-2.591557990759611,3.4110479747178033,9.77400028705597,1.0494846682995558,1.3304817559075182,1.229281585957659,1.2712484892796387,0.9554461597536619,13,0.908326089149341,-0.2923912915135852,13,2,"Daniel Palencia",27914,694037
"Bennett Sousa","HOU",1.4668739833578002,-1.2067577368579805,2.6736317234754097,9.424999862909317,0.9879137706011534,0.7454129975385867,0.839190485088953,0.9564066737269362,1.0086736963375618,19,0.9071599300950766,1.0607075315691759,11,2,"Bennett Sousa",21345,656986
"Eric Orze","TBR",0.27617206182912923,-2.0313160506193526,2.3074881166103296,4.6190003007650375,0.4981895796954632,0.7282616245576592,0.577714727801639,0.7249999941597062,0.5436842187650894,19,0.9004509521182626,-0.521230006627864,4,5,"Eric Orze",27626,679358
"Nick Mears","MIL",0.5387639870750718,-2.815902027003176,3.354666021070443,10.978000044822693,1.1275915056467056,1.3386136845953456,1.151335503663058,1.624273164515815,1.160624988609925,40,0.8793320431141183,-0.4768529759455074,14,6,"Nick Mears",25376,683232
"Louis Varland","MIN",1.6424761730258979,-2.781992085278034,4.424468270411126,13.372000008821487,1.4035409409552813,1.3787461375960937,1.29168532833457,1.3679913034581621,1.3430900239385664,40,0.876439633051632,0.31484288679616945,20,5,"Louis Varland",27691,686973
"Caleb Thielbar","CHC",0.8086630468606018,-2.0727238922845572,2.881386962835677,9.879999928176403,1.0506400959566236,1.0909434680867454,0.9268985896153336,1.1579650082625448,1.0210055542799334,36,0.8627189850667492,-0.12146788405525144,11,5,"Caleb Thielbar",10078,573204
"Jack Dreyer","LAD",0.21401014924049377,-2.666975811123848,2.8809859277680516,6.282100036740303,0.6429690513759851,0.920376243641471,0.8754350635512121,0.9504000121677244,1.1466969585779943,33,0.8621228998526931,-0.6295982658032938,10,3,"Jack Dreyer",30249,676263
"Bryan King","HOU",1.2956299833022058,-2.7435420281253755,4.039172048913315,9.572999820113182,1.0026697907596827,1.3619987803660794,1.2209496534568198,1.2247600080445409,1.2746722239794002,36,0.8538665929809213,0.09740443749236971,14,4,"Bryan King",25890,687911
"Brent Suter","CIN",0.2965601349133067,-1.068439979586401,1.3650000855559483,5.989300101995468,0.5665687713772058,0.3706148112163184,0.39530052569713076,0.4163666705911358,0.4517263109354596,19,0.8498370964080095,-0.049652845972826265,2,1,"Brent Suter",13942,608718
"Shota Imanaga","CHC",1.45947808586061,-3.688143976032734,5.14762207865715,12.918299615383148,1.330683410167694,0.9786488774575686,0.9906140800932763,0.8744500031073889,1.1393166407942772,12,0.8464509919285774,0.6448684378266454,0,0,"Shota Imanaga",33829,684007
"Scott Barlow","CIN",1.5939780401240569,-2.2118360830463644,3.8058141175861238,9.700999602675438,0.9100221395492554,1.0596676987619735,0.9143060634420677,1.016586954381479,1.108636356763203,44,0.8344974341598572,0.6697269958065619,17,5,"Scott Barlow",14993,605130
"Eury Pérez","MIA",0.3168781753629446,-1.7839919179677963,2.100870117545128,6.959699772298336,0.7103811195120215,0.872355711885861,0.7839714356831142,0.8774285742214748,0.7523428576865366,7,0.8228930663317442,-0.4596488403291237,0,0,"Eury Perez",27768,691587
"Pablo López","MIN",0.6687761582434177,-3.3169939257204533,3.985770121216774,8.211999744176865,0.8298786245286465,0.8746830800404916,0.8477580624241983,0.8791818239472129,0.8639454516497526,11,0.8217707014409825,-0.05717816100627082,0,0,"Pablo Lopez",17085,641154
"Jason Adam","SDP",1.699719961732626,-4.73349601496011,6.433215983211994,9.42300010472536,0.9895109953358769,1.8086543811081741,1.5364410309837415,1.5744297903902986,1.9700772628103467,44,0.8113732994534075,0.1283971616621079,26,5,"Jason Adam",11861,592094
"Jesús Luzardo","PHI",1.08023620583117,-6.800393745303154,7.880629986524582,1.056100070476532,0.0637557115405798,0.9713758505501989,0.9159581856294112,0.8727473742083499,1.1031684234346215,19,0.8091763956472278,0.3028918168982162,0,0,"Jesus Luzardo",19959,666200
"Yusei Kikuchi","LAA",0.3426801338791847,-8.145919911563396,8.488600015640259,8.04930054396391,0.807876362465322,0.9858535454432814,0.9082728917315855,0.8749900043010712,1.2385799899697303,20,0.8038562294095755,-0.4562588246397815,0,0,"Yusei Kikuchi",20633,579328
"Lake Bachar","MIA",0.8691841518739238,-1.8507373719476163,2.719921544310637,8.472000196576118,0.8775754347443581,0.7953902716672904,0.8170138427741686,0.8855032298954264,0.9056666584607834,24,0.8035974288359284,0.2891795170675553,12,3,"Lake Bachar",19222,669199
"Alex Vesia","LAD",1.5850781751796603,-2.3731079284334555,3.9581860713660717,8.97800000011921,0.9239738993346691,1.2843697035628738,1.166049668679432,1.4275000155296014,1.5472700180485846,40,0.7936117918579839,0.4405174240388203,19,6,"Alex Vesia",25007,681911
"Carlos Estévez","KCR",1.3169419780606404,-5.886791964992881,7.203733840608038,8.239999920129776,0.8495974391698837,2.230026660311139,1.7989718296461634,1.8275024358455727,2.2180000181709016,7,0.7907000575214624,-0.20015017688600079,20,7,"Carlos Estevez",14542,608032
"Bryan Abreu","HOU",1.200322131626308,-4.667353986296803,5.867676061578095,12.030000060796738,1.2079049572348595,1.7721546158597277,1.560700706073216,1.667080968618393,1.615319983075772,35,0.7834779791301116,-0.10615438620873774,23,4,"Bryan Abreu",16609,650556
"Tony Santillan","CIN",1.3180860548163764,-3.7024884286220185,5.020574488095008,4.464999981224537,0.40416430681943893,1.4671133551248574,1.2650506346343229,1.384127654491904,1.348125007096678,40,0.781595743726939,0.116825670141386,17,6,"Tony Santillan",19926,663574
"Nick Lodolo","CIN",1.164642095565796,-7.293739713728428,8.458381742238998,13.55769956111908,1.3181653320789337,1.0188734747793364,0.9487549651850451,0.8722947428100988,1.064433317217562,18,0.78107177070342,0.361996651818846,0,0,"Nick Lodolo",26378,666157
"Seth Lugo","KCR",1.4308380670845509,-6.226817771792412,7.657655715942383,17.684599950909615,1.8050864078104496,0.9768004764993506,0.9694019184922272,0.8674117677352008,1.191258817911148,17,0.7646234482526779,0.7001977731828155,0,0,"Seth Lugo",12447,607625
"Brendon Little","TOR",1.1452744154375978,-4.016068050957983,5.1613424809183925,12.239999815821648,1.2748180152848363,1.5420101470677985,1.2349953341640925,1.2856000143620703,1.4607674406278273,43,0.7485773549415171,-0.005862128575861547,15,7,"Brendon Little",21574,663893
"Tanner Banks","PHI",0.2688361802138388,-1.7679619921837002,2.0367981496965513,2.263999819755554,0.1946235280483961,0.6867926833730917,0.783313044913761,0.9737000046763569,0.9412266676624615,30,0.742735441745026,-0.35129827777658457,7,8,"Tanner Banks",16990,621383
"Luke Weaver","NYY",0.48976427409797907,-2.812196140177548,3.301960339595098,2.314000189304352,0.24574898928403854,1.3404397096087717,1.3017463381970074,1.4750121172065989,1.045844440555407,18,0.7335338889388368,-0.3681580569732764,14,6,"Luke Weaver",16918,596133
"Brayan Bello","BOS",1.1255240887403488,-6.120545908808708,7.246070057153702,10.134800121188164,0.979605408385396,1.004054183296382,0.936553692817688,0.8864375054836273,1.3220133135716121,15,0.7330011026933789,0.3879783299555368,1,0,"Brayan Bello",23920,678394
"Félix Bautista","BAL",1.8750720345415175,-2.8832920440472662,4.758364036679268,8.053999781608582,0.8524794913828373,1.8184260215661296,1.586773516062428,1.6090646925217964,2.2627714159233228,7,0.7294811526953708,0.3016699704757555,18,3,"Felix Bautista",20666,642585
"Abner Uribe","MIL",0.6451983824372292,-4.744840124621987,5.390038594370708,7.168999917805195,0.7305417321622372,1.5221132771016992,1.3325358623603605,1.36803043147792,1.5239142705464648,42,0.7269345298409462,-0.30305124063807526,17,6,"Abner Uribe",25327,682842
"Will Vest","DET",1.7312180148946936,-4.2045047134160995,5.935722778602212,9.109000235795975,0.9258331321179867,1.7693083790331225,1.6635578221128302,1.6728949925396592,1.730746677517891,15,0.7247189884074032,0.25375261971370666,18,5,"Will Vest",19769,676684
"Daysbel Hernández","ATL",0.5880842451006174,-3.1667018961161375,3.7547861132770777,7.98799991607666,0.8016593223437667,1.7065984828566962,1.390406304920042,1.500766672194004,1.7110640022158623,25,0.7102663228288293,-0.3656719434196692,12,6,"Daysbel Hernandez",20271,678226
"Corbin Burnes","ARI",0.6429562773555517,-4.137905865907669,4.7808621525764465,9.915699608623981,1.0109817581251264,1.0005867314074752,0.8744666522199457,0.8747090968218717,0.9772181822495027,11,0.7085054330527782,-0.06592617712846938,0,0,"Corbin Burnes",19361,669203
"Steven Cruz","KCR",0.2982079708017409,-1.9467280695680529,2.2449360424652696,6.0220001339912415,0.6088615404441953,0.8875602637098668,0.8114000042981427,0.9049243137643144,0.8349793083195028,29,0.7047156095504761,-0.3687294427573876,10,6,"Steven Cruz",23165,674444
"Erik Miller","SFG",1.0556868048151955,-2.76864901377121,3.8243358220206574,9.802999675273895,1.0047924220561981,1.744439111840456,1.1825640458907736,1.4522444600135915,1.5499411875053364,34,0.6573395424056798,-0.05216691261901918,9,3,"Erik Miller",26252,669062
"José Berríos","TOR",0.5661202855408192,-7.759989749174565,8.326110072433949,7.305499702692032,0.7331263143569231,0.9340995927550355,0.8488694274228467,0.8751900047063828,0.9390499972738325,20,0.6540335947647691,-0.04797371642663317,0,0,"Jose Berrios",14168,621244
"Jake Bird","COL",0.10976521275006235,-4.215559026401024,4.325324272504076,1.8779996261000633,0.06201913207769394,1.1881999848617448,0.9672463066326301,1.3088649906683714,1.1806111094645328,36,0.642763125244528,-0.5503837159291557,16,10,"Jake Bird",21267,656234
"Fernando Cruz","NYY",0.909636081662029,-2.5344440018525347,3.4440800974844024,7.8979998379945755,0.8248583916574717,1.3885664237581574,1.1525968228067671,1.2979125014971942,1.2619214422468628,28,0.6252020184474532,0.029888055817843706,12,4,"Fernando Cruz",7048,518585
"Jacob Latz","TEX",0.6700042290613055,-2.165727999061346,2.8357322328956798,2.920999988913536,0.30464414320886135,0.7757772190293463,0.7915871387411808,1.1211333473523457,0.8905375034664758,16,0.6155069954693317,0.24814846208537178,5,4,"Jacob Latz",21306,656641
"Enyel De Los Santos","ATL",-0.43638575734803453,-2.678225898562232,2.241840090486221,0.5349993705749512,0.04743768274784088,0.8381211806198253,0.6663459094838714,0.8385736867295284,0.7028235310469481,34,0.6122256994713098,-1.1328971339115053,8,5,"Enyel De Los Santos",18403,660853
"Jalen Beeks","ARI",-0.24754789262078702,-4.039633929904085,3.7920860992744565,1.1370001211762428,0.10349725279957056,1.2740517247511052,0.9496769678651118,1.1364523912114757,1.0676756785628763,37,0.6121634419541806,-0.8064631613546211,11,6,"Jalen Beeks",17192,656222
"Eric Lauer","TOR",0.6472861059010029,-3.0524759078398347,3.6997620314359665,9.731599912047386,1.0403420254588127,0.8639166547361303,0.8117944759775012,0.6993571494572929,1.141538466541813,13,0.6104259602725506,0.13882004899521405,3,1,"Eric Lauer",19316,641778
"Ian Hamilton","NYY",0.28510983439628035,-1.3411840454791673,1.6262938513536938,8.04200018197298,0.8341988471802324,0.6665093328555425,0.6101998163022749,0.6815741994688588,1.031461544549809,26,0.6089192847721279,-0.18115358016484623,5,5,"Ian Hamilton",19261,641656
"Brad Lord","WSN",0.4101702366024256,-4.297670292377006,4.707840456627309,6.0136998295784,0.6319930627942085,0.9779703993256127,0.9143245708393423,1.019411429975714,1.015630303966728,33,0.6071368512348272,-0.18772718721506737,8,5,"Brad Lord",31972,695418
"Hoby Milner","TEX",0.539922202937305,-3.788106986321509,4.328029217198491,6.582000181078911,0.7259191311895847,1.3614138981954937,1.2276590931596179,1.5625772713260218,1.2759736866052998,38,0.6048949093092233,-0.2083055960570574,19,9,"Hoby Milner",13346,571948
"Juan Mejia","COL",0.41139404237037525,-1.411398077296326,1.8227921138168313,0.4980001747608185,0.06320825684815645,0.6581645441383572,0.6203764886655009,0.7669930932240496,1.1124800072051584,20,0.600578872486949,0.024483729311140734,7,4,"Juan Mejia",23237,675848
"Chris Martin","TEX",0.3121460662514437,-3.6624759478727356,3.9746220418601297,3.7599998340010643,0.3640786735340953,1.7298900085368327,1.460671553388238,1.6833388985962503,1.7245466480652492,30,0.593515636632219,-0.41307291211734554,16,8,"Chris Martin",11847,455119
"Reed Garrett","NYM",1.1575100221671164,-5.143805714789778,6.301315662451088,4.341000184416771,0.4662620574235916,2.161986844134545,1.5409400118721857,1.9072307753257263,1.4146562560927123,32,0.5853766072541475,-0.04998480997867716,20,8,"Reed Garrett",16866,657585
"Anthony Bender","MIA",0.8637001506140223,-4.348713733677869,5.212413937144447,9.989000052213669,1.0173304164782166,1.7202183766900723,1.3912907751633765,1.4921600019559265,1.6480838587627775,31,0.5790608110837638,-0.07697330735886143,19,9,"Anthony Bender",19742,669622
"Brad Keller","CHC",0.20001009164843708,-3.635455765586812,3.8354658643947914,4.589000165462494,0.45601915568113327,1.3366759946288842,1.075448614351141,1.1105250181164592,1.1936444573414822,36,0.5751442140899599,-0.4255117732799728,16,4,"Brad Keller",15734,641745
"Rafael Montero","- - -",0.11070407053921372,-2.1978668896772433,2.3085709653096274,6.4959999322891235,0.6570313656702638,1.007204136507714,0.8103538604978567,0.9176353104960393,1.6142000233415852,22,0.5746750727994367,-0.4647628250965443,5,4,"Rafael Montero",12760,606160
"Phil Maton","STL",0.54118019528687,-4.328995165415108,4.8701753644272685,8.261000037193298,0.8719821935519576,1.76978711312817,1.412529359970774,1.597243252638224,1.5875586220544988,29,0.5703758334275335,-0.2645875319575831,17,8,"Phil Maton",18064,664208
"Ben Lively","CLE",0.5087860450148582,-3.1566758900880814,3.6654618829488754,4.995099902153015,0.506999596953392,1.002767736232409,0.9677702366037572,0.8700000047683716,1.1966000099976857,9,0.5611765086650848,-0.05379476249277071,0,0,"Ben Lively",14932,594902
"Shelby Miller","ARI",-0.3521579192019999,-5.303787604614627,4.951629539951682,8.114999532699585,0.8139284625649452,2.137224827144368,1.563677497766912,1.7601297352765057,1.4642000186722726,16,0.5546552580781281,-0.7194287132286245,16,5,"Shelby Miller",10197,571946
"Robert Garcia","TEX",0.14451281540095806,-5.271737288683653,5.416250118985772,4.593999400734901,0.45496931578963995,1.994175805787372,1.5031746612489223,1.5708095232645671,2.0262074139383106,27,0.5478035456035286,-0.4753361056809491,16,6,"Robert Garcia",23363,676395
"Eduard Bazardo","SEA",1.022055690191337,-2.349839770133258,3.3718954806536203,10.315999880433083,1.1858499683439732,0.9442657116645327,0.7708860614421693,0.7352238014961282,1.1283571438730828,28,0.5414882749319077,0.5408931750835522,11,5,"Eduard Bazardo",20997,660825
"Tim Hill","NYY",0.4512282943178434,-3.1705119446851313,3.621740272064926,7.929999969899654,0.8267645034939051,1.2000164736719692,1.1163600564057774,1.4987777911954456,1.0515878790368636,33,0.5382825350388885,-0.16226411844406008,13,11,"Tim Hill",16814,657612
"Steven Matz","STL",-0.6663078423589468,-4.8968440825119615,4.230536171235144,2.113799661397934,0.20673874765634537,1.1318610370019233,1.0328701633599497,1.4493285827338696,0.9884846061468124,26,0.5321769616566598,-1.1208603959092116,8,8,"Steven Matz",13361,571927
"Camilo Doval","SFG",1.6284678081865422,-4.8322427263483405,6.460710473067593,7.821000255644321,0.7997481524944305,2.075023913218225,1.561631889730368,1.6237999938515038,1.4379176848074968,17,0.5312319883378223,0.25356273032202026,18,5,"Camilo Doval",21992,666808
"José Soriano","LAA",-0.13988163322210312,-9.462053909897804,9.32217213511467,0.7290998920798302,0.14895656425505877,1.1003515182119428,0.9255661146115448,0.873920002579689,1.1246999991126359,20,0.5281932428479195,-0.6553177397990474,0,0,"Jose Soriano",22100,667755
"Lucas Giolito","BOS",0.9287540018558502,-4.169965781271458,5.098719738423824,5.545100003480911,0.5995189528912306,0.9163320119624877,0.8787756860256195,0.882153854920314,0.8171384669840336,13,0.5153689831495285,0.49818722762472856,0,0,"Lucas Giolito",15474,608337
"Ben Casparius","LAD",0.37434208672493696,-4.325843935715966,4.700186011148617,-0.29799965023994446,0.004840642213821411,0.9926260148476269,1.028903349315467,1.4150714428563202,1.2186480075493455,25,0.5075564784929156,-0.1304334924684154,15,4,"Ben Casparius",30085,676508
"Jeremiah Estrada","SDP",0.7805181131698191,-4.499075978063047,5.279594094958156,3.3739997893571854,0.359099387191236,1.6217195689678192,1.4883293070155998,1.6465695639667304,1.58275498598814,40,0.49113347160164267,-0.009843038837981877,22,8,"Jeremiah Estrada",22210,669093
"Kyle Leahy","STL",0.38879817882479983,-4.097699884150643,4.486498111928086,5.600999668240547,0.5434415265917778,1.232444763072722,1.0790617412536359,1.1701315736005966,1.5359562314115465,32,0.49111830489709973,-0.17564925470173753,13,8,"Kyle Leahy",24763,681517
"Jose Quintana","MIL",0.7062921300530434,-4.411385968327522,5.117678135633469,5.170499742031097,0.5350317098200321,0.9474617332890869,0.8819270367557938,0.8736615456067599,0.935138450219081,13,0.4744759085588157,0.27098124842964655,0,0,"Jose Quintana",11423,500779
"Ryan Walker","SFG",-0.7227119739400223,-5.019549971679226,4.2968380086822435,-2.0070002004504204,-0.19916645716875792,1.6998437339476369,1.4423878777200694,1.6639414642392316,2.0728105310546723,19,0.4648338779807091,-0.8899976501008852,17,10,"Ryan Walker",20423,676254
"Mason Miller","ATH",1.6310599903517868,-3.8267820839955675,5.457842083662399,2.3610002398490906,0.2599715068936348,2.041073338612914,1.746750859837783,1.8093714203153337,2.200333345681429,6,0.46360812429338694,0.3355106332228095,17,5,"Mason Miller",31757,695243
"José Buttó","NYM",0.3418683393392712,-2.8919019394088537,3.2337702680379152,4.655000127851963,0.44610006595030427,0.9882127790057913,0.9427349183638141,1.3911419393074127,0.9492249999505779,24,0.46040971181355417,-0.11446362955056849,7,9,"Jose Butto",23313,676130
"Reese Olson","DET",0.9715301766991615,-3.4398718029260635,4.41140204668045,10.470000147819519,1.1012013293802738,0.9683975893330862,0.9157377119924202,0.878490913997997,1.295345439152284,11,0.45578466542065144,0.5474501499078674,0,0,"Reese Olson",24968,681857
"Casey Mize","DET",0.5947822313755751,-5.965089812874794,6.5598719865083694,7.687099531292915,0.8164962250739336,0.9733116848128183,0.8970903209460679,0.8772500082850456,1.1681374981999397,16,0.4479247061535716,0.16316652048670055,0,0,"Casey Mize",20492,663554
"Emmanuel Clase","CLE",1.0074859684100375,-5.427724012173712,6.435209984803805,5.730999678373337,0.5912389308214188,2.0401527089430385,1.4859999912997914,1.3998464995367064,2.4735713601112366,7,0.4474094014149159,0.046419302678512186,20,5,"Emmanuel Clase",21032,661403
"Devin Williams","NYY",0.6943380433949642,-3.687082158168778,4.3814202241483144,4.156999722123146,0.4211603933945298,1.6188463271885156,1.2626399986154866,1.259328198296806,1.565764696939903,17,0.4401488050352782,-0.011239629572752596,13,5,"Devin Williams",15816,642207
"Ronny Henriquez","MIA",-0.17942591733299196,-3.9554500395897776,3.77602411294356,1.3909998536109924,0.09232718031853437,1.172947258257599,1.1772943417418678,1.3941714279353619,1.0900400102138519,35,0.4162876137997955,-0.5692577631989486,15,10,"Ronny Henriquez",24094,678692
"David Bednar","PIT",0.3366599366454466,-4.165423972932331,4.502083840579871,3.7729999870061874,0.4046607967466116,1.7108840564724759,1.5194756698769492,1.545294440868828,1.1518000151429857,7,0.4002163470722735,-0.203440922477122,11,7,"David Bednar",19569,670280
"Pete Fairbanks","TBR",0.24861001642420888,-4.4740420472298865,4.722652132331859,5.448999881744385,0.5849089398980141,1.7310768180504077,1.538476070965258,1.575048649284007,2.5420200392603873,10,0.39786500856280327,-0.25424918872633806,18,6,"Pete Fairbanks",17998,664126
"Ryan Yarbrough","NYY",0.08084405116096605,-3.103513928115717,3.184358030965086,3.519199848175049,0.3583986423909664,0.7687152633680252,0.740630226333936,0.7525249915197492,0.8625692306802824,13,0.3962924927473068,-0.29112474727187754,0,2,"Ryan Yarbrough",16502,642232
"Brennan Bernardino","BOS",-0.3743179271286863,-2.3733861345099285,1.9990681854806098,-0.9590998291969299,-0.09656182769685984,0.8371300068257066,0.7442653632777578,1.0776146376823508,0.8977882244678981,34,0.393670289311558,-0.8408146086844277,5,7,"Brennan Bernardino",16835,657514
"Ryan Bergert","SDP",0.20884802281943848,-1.9178460286930203,2.1266940394052654,4.73640002310276,0.49112709425389767,0.8964272607682329,0.86745293920531,0.6079800024628639,1.5620250180363655,8,0.3902325052767992,-0.15725429057987336,0,0,"Ryan Bergert",29863,686701
"Zack Littell","TBR",0.5629705335013568,-6.960537917912006,7.523508384823799,9.876399479806423,1.0341229354962707,0.8474350708511528,0.8698588246557893,0.8651263211902819,1.003255562753313,18,0.3845518045127392,0.2797711069003046,0,0,"Zack Littell",15823,641793
"Tommy Kahnle","DET",1.6318480188492686,-3.80765191023238,5.43950002361089,2.1849994137883186,0.2409654101356864,1.72505858773069,1.5339063891070954,1.6861899990588427,1.6966137848473315,29,0.38122277233560453,0.5647439504502924,17,5,"Tommy Kahnle",11384,592454
"Michael King","SDP",0.40349226258695126,-3.5215999698266387,3.9250922203063965,6.25450012087822,0.6711478419601917,0.9749596464006525,0.919403456408402,0.8655600011348724,1.2867777877383761,9,0.3605643194168806,0.05329102739317504,0,0,"Michael King",19853,650633
"Jeff Hoffman","TOR",0.7998538549873047,-4.600928181316704,5.400782042939682,-6.693000189960003,-0.6864600414410233,1.8529648093111588,1.6359204461544075,1.7102829207461783,1.652133353985846,6,0.35449355095624924,0.0771681033655352,19,6,"Jeff Hoffman",17432,656546
"Gabe Speier","SEA",0.34852599605801515,-3.359584075249586,3.7081100848154165,4.256999835371971,0.4784025400876999,1.4151157896573607,1.21752652252207,1.491019046377568,1.4443692372490962,39,0.35107373261416797,-0.10478576197227224,15,8,"Gabe Speier",17170,642100
"Chase Shugart","PIT",-0.03137406235327944,-2.3042211097563268,2.2728470267611556,3.728000432252884,0.3708590595051646,0.7471402406965088,0.8160076587088406,1.1961374884122051,1.1240190397948027,21,0.3507341544609517,-0.3927263543778394,10,5,"Chase Shugart",21544,663767
"Huascar Brazobán","NYM",0.5616322462446988,-4.571089417207986,5.13272170163691,6.51309984177351,0.6933953054249287,1.4692388024014325,1.2988876233498254,1.7793025521513743,1.2247818271544846,33,0.3485447373241186,0.03371595802828126,15,12,"Huascar Brazoban",6107,623211
"Quinn Priester","MIL",0.6601825430989265,-5.370191790163517,6.030374221503735,5.918899685144424,0.5705069918185472,0.8980244844375799,0.8579615674993043,0.927988243453643,1.220946670944492,15,0.3445383869111538,0.39061143866669734,3,1,"Quinn Priester",25977,682990
"Seranthony Domínguez","BAL",1.4643580969423056,-2.720527029596269,4.184885105176363,10.572999969124794,1.1185186095535755,1.2760303309605865,1.0943999952093388,1.274292308741655,0.992719998024404,30,0.34229154302738607,0.805297241825359,13,6,"Seranthony Dominguez",19249,622554
"Brady Singer","CIN",0.49578998051583767,-6.755801893770695,7.251591771841049,2.0916001722216606,0.1567116640508175,0.9167499990625815,0.8308098143806645,0.8345578999111527,0.9234842075231043,19,0.3329634938854724,0.20784913880916134,0,0,"Brady Singer",25377,663903
"Grant Anderson","MIL",0.4908203821396455,-2.1090447593014687,2.599865182535723,6.599000193178654,0.6641283482313156,0.6216097551307118,0.704037572651849,0.8502380962794026,0.8536733369653423,30,0.33078978676348925,0.458805901026893,6,5,"Grant Anderson",20546,681982
"Pierce Johnson","ATL",-0.3054079581052065,-3.350388123653829,3.0449801553040743,6.434000112116337,0.6397158456966281,1.0903696560654146,1.1543785128328534,1.301105564667119,1.3468814795767818,27,0.3298149437760003,-0.6099107410189897,9,6,"Pierce Johnson",13435,572955
"Wandy Peralta","SDP",-0.3441380047297571,-2.360457540489733,2.016319510352332,-0.02800031006336212,0.06848804373294115,0.6950943586488183,0.6401146974461942,0.8825571554646429,0.6997930992009311,29,0.32763167296070606,-0.822727051663996,4,5,"Wandy Peralta",14295,593974
"Jacob Webb","TEX",-0.22285981476306915,-3.939202036941424,3.7163421725854278,3.4010002836585045,0.3574614552780986,1.2460182875555048,1.1043815085833724,1.25294871819325,1.147212132077777,33,0.3183112156111747,-0.49716879498128624,9,7,"Jacob Webb",19274,657097
"Edward Cabrera","MIA",0.820550262928009,-5.347837880253792,6.168388158082962,5.439500585198402,0.5103370589204133,0.9750478445522247,0.9480229801145094,0.8732375055551529,1.3971375059336424,16,0.3103206530213356,0.5312280643186158,0,0,"Edward Cabrera",21690,665795
"Trevor Megill","MIL",0.7062498775558197,-5.226242860604543,5.932492759289744,6.631999634206295,0.6795344557613134,2.300878926180303,1.875085063376709,1.9892555372789502,1.9922500252723694,4,0.3097923817113042,-0.0028445151722040762,20,6,"Trevor Megill",17722,656730
"Anthony Banda","LAD",0.5816671281354502,-2.8010650160722435,3.382732171448879,3.723000131547451,0.4162685675546527,1.0440627020506843,0.8070943397381958,0.877037210888121,1.1896157825463696,38,0.30954095255583525,0.24757800877950897,10,5,"Anthony Banda",14706,607455
"Will Warren","NYY",0.13507596030831337,-6.5522957891225815,6.687371727079153,-3.8977003395557404,-0.4384313113987446,0.9497794488740858,0.8577019712504219,0.8804900050163269,1.2894699970260262,20,0.30648015812039375,-0.16426191948779448,0,0,"Will Warren",30182,701542
"Kyle Finnegan","WSN",-0.4825839193217689,-5.8881439552642405,5.405560079016141,1.8960000872612,0.18344643991440535,2.3998875867307574,1.7222916482947768,1.793051409402064,2.2506800532341003,5,0.2963834934635088,-0.4974695451561083,17,6,"Kyle Finnegan",15009,640448
"Kolby Allard","CLE",0.1590200699865818,-1.6277856836095452,1.7868057524901815,1.856699824333191,0.17667324468493462,0.6764170685555877,0.6267435886921027,0.7958588144358467,0.967250004876405,8,0.2937533026561141,-0.05866155618946858,4,3,"Kolby Allard",18694,663465
"Manuel Rodríguez","TBR",0.5727080332580954,-2.3960860543884337,2.968794090906158,4.029999673366547,0.4216398820281029,1.2504640688421205,1.2649124008204256,1.41627743732064,1.0697333356710497,27,0.28718978716642596,0.17080660595536923,13,6,"Manuel Rodriguez",20794,655889
"Seth Halvorsen","COL",1.3931219830701593,-3.4210382275632583,4.814160247020482,-2.8079997897148132,-0.3154623322188854,1.3790560825827258,1.516468240302943,1.4913729406591203,1.421777783246297,18,0.28510704124346375,0.7250926168161929,18,3,"Seth Halvorsen",33294,678020
"Bailey Falter","PIT",0.5357981147244573,-6.548570118844509,7.0843683034181595,4.83669975399971,0.4862940087914467,0.9739975550023888,0.9239204005130286,0.8777579006395841,1.2547263240343647,19,0.2761886194348335,0.27391349527031394,0,0,"Bailey Falter",20070,663559
"Hunter Dobbins","BOS",-0.08014600723981857,-4.422045797109604,4.341899834573269,4.345800369977951,0.3765478264540434,0.9655930194281792,0.9125877008988307,0.8783538501996261,1.172584634560805,13,0.27034775679931045,-0.35334960708948837,0,1,"Hunter Dobbins",30240,690928
"Mason Fluharty","TOR",-0.2071859183779452,-1.8028099265357014,1.5956240265222732,-4.153000101447105,-0.4287168039008975,0.7541959192096984,0.7551539380823806,0.8710972995975533,0.7312705901396626,34,0.2549103819183074,-0.5296213861823582,5,6,"Mason Fluharty",31553,689254
"Tyler Phillips","MIA",1.3896021396594733,-1.7377880329731852,3.1273901879267214,4.345999091863632,0.44680597074329853,0.6597346791894592,0.5963120131008327,0.6034848545254632,0.6880499989725649,20,0.2421573232859373,1.8641472010824334,7,2,"Tyler Phillips",20629,663969
"Brock Burke","LAA",0.4514459774363786,-3.2250820274930447,3.6765279970131814,1.0160000175237656,0.10554388910531998,1.3587182853825208,1.0125411767877786,1.3415727252987297,1.6713823619134285,34,0.2388842818327248,0.09337442278114788,13,6,"Brock Burke",17968,656271
"Brandon Walter","HOU",0.16467611957341433,-2.1680700480937958,2.332746148109436,2.11549973487854,0.28119519352912903,0.741377516611088,0.7601073297058664,0.875714293548039,0.7354285682418517,7,0.2334364503622055,-0.011314635384371247,0,0,"Brandon Walter",26056,687888
"Garrett Cleavinger","TBR",-0.3277619963264442,-3.580656100064516,3.2528941223645234,0.974000059068203,0.12473849952220917,1.3428042182095454,1.2550224656158167,1.3811736884281824,1.4892187568511872,32,0.22424913535360247,-0.46833683770195533,10,10,"Garrett Cleavinger",17897,664076
"Matthew Liberatore","STL",-0.032063745893538,-7.0286735743284225,6.9966099858284,1.293899618089199,0.1342064468190074,0.9331006880230133,0.8920457224051158,0.8695333401362101,1.0398555435240269,18,0.22300710529088974,-0.25736968406196786,0,0,"Matthew Liberatore",22294,669461
"Calvin Faucher","MIA",0.6749901039001998,-4.166543969709892,4.8415340638312045,0.5439999625086784,0.05363447964191437,1.8376186091383422,1.5143799842335284,1.76791792582625,1.660930757339184,26,0.2213854123838246,0.14593243068955508,18,7,"Calvin Faucher",20116,676534
"Cole Sands","MIN",0.1359181437510415,-3.0674213219899684,3.2033394733734895,-1.8444004356861115,-0.2025090716779232,1.0827559426293842,1.0188177849683497,1.3144600114785134,1.0247999922982578,29,0.21704240306280553,-0.09151259676040335,10,7,"Cole Sands",21461,663485
"Angel Zerpa","KCR",0.08972803311189637,-3.068697962909937,3.1584260203526355,-1.2543998062610626,-0.14335746318101883,1.0322941213736638,0.9989200502760329,1.1492536544072918,1.3064736878670948,38,0.21167083969339728,-0.12474984377365288,9,7,"Angel Zerpa",22717,672582
"Clayton Kershaw","LAD",0.05290819704532623,-3.506739813834429,3.5596479922533035,3.945699989795685,0.36626245826482773,0.9373285617147173,0.8611725551240584,0.875300008058548,1.03172000143677,10,0.21120508946478367,-0.15475935719291334,0,0,"Clayton Kershaw",2036,477132
"Nick Martinez","CIN",0.02392611186951399,-7.196781878359616,7.220708079636097,0.6943994760513306,0.03578808903694153,0.8238042136869933,0.8052034235408163,0.8736571499279567,0.8415809367739019,21,0.20892987214028835,-0.17988642774901606,1,0,"Nick Martinez",12730,607259
"John Schreiber","KCR",0.5505280422512442,-3.6224116873927414,4.172939714160748,2.2150000855326653,0.22937582340091467,1.3907559682738106,1.253269753039435,1.5051627908508445,1.3164526288838763,38,0.20388882444240153,0.19195922856617398,17,8,"John Schreiber",20020,670167
"Jimmy Herget","COL",0.7497101608751109,-1.692001946914388,2.441712099403958,5.319000110030174,0.5765054635703564,0.5737529453311571,0.5480537546177705,0.7269176591516417,0.6344666630029678,30,0.19355368800461292,1.1131239804514423,7,2,"Jimmy Herget",17556,623474
"Spencer Strider","ATL",-0.16768579464405775,-4.450565718114376,4.282879903912544,1.4636999294161797,0.1359818410128355,0.9394555652583086,0.9068307583148663,0.8750181848352606,0.9448000030084089,11,0.19336026534438133,-0.3718527889348415,0,0,"Spencer Strider",27498,675911
"Kenley Jansen","LAA",2.472026016097516,-4.1268880444113165,6.598914034446352,4.68500018119812,0.47314467653632164,2.108409525524448,1.9146210484598811,1.9968864837208309,2.45412008613348,10,0.19031730759888887,0.9821427795763584,20,3,"Kenley Jansen",3096,445276
"Tanner Bibee","CLE",-0.6452577952295542,-8.504353977739811,7.859096169471741,-2.2924006655812263,-0.22396375611424446,0.9602859525060754,0.8939823012436385,0.8752947418313277,0.9463111153907247,18,0.1855408838018775,-0.8574842706082901,0,0,"Tanner Bibee",30134,676440
"David Festa","MIN",-0.5741878300905228,-3.715644173324108,3.1414563357830048,-7.452499866485596,-0.7249076291918755,0.9287631313921669,0.8594500181766657,0.8800000071525573,1.1327199883759023,10,0.18003749917261302,-0.7982659911131205,0,1,"David Festa",30056,701581
"Luis L. Ortiz","CLE",-0.36281176656484604,-6.550192087888718,6.187380239367485,-0.11220019310712814,-0.09584684390574694,0.8990545348085538,0.8516630368388217,0.8772125020623207,0.8527624992420897,16,0.17631132621318102,-0.5798594453960777,0,0,"Luis L. Ortiz",27646,682847
"Shawn Armstrong","TEX",0.4571391923909687,-3.16506755467708,3.6222067712806165,4.364600010216236,0.47039416525512934,1.1782935637305354,1.0186524758184399,1.2679850041866303,1.1406928624824755,28,0.16028884961269796,0.22767829750779,13,6,"Shawn Armstrong",12857,542888
"Reid Detmers","LAA",0.6273821281465644,-4.216297031380236,4.8436791497479135,3.7320002913475037,0.3321610065177083,1.3722368365839908,1.2706124233264549,1.4306650102138518,1.1759235407499706,34,0.15743586467579007,0.299760816990585,19,7,"Reid Detmers",27468,672282
"Jack Leiter","TEX",0.566732260864228,-5.772847775369883,6.339580073952675,4.86889922618866,0.4987901207059622,1.0517774138897247,0.9339770373256727,0.881812509149313,1.4070250075310469,16,0.15330969542264938,0.385523192011505,0,0,"Jack Leiter",30146,683004
"Griffin Jax","MIN",0.07119614200200886,-4.992928064137232,5.064124134427402,3.2780002057552338,0.3338150754570961,1.695340782528816,1.4284341038966721,1.4592500117353417,1.5571238226922495,42,0.15034470992395654,-0.10834952952381849,22,9,"Griffin Jax",20253,643377
"Luis Castillo","SEA",0.8148360103368759,-8.08704585954547,8.901881903409958,6.383999511599541,0.8001258503645658,1.0958801753947447,0.9676450517800477,0.8729052700494465,1.207884222759228,19,0.14089264534413815,0.602652158761261,0,0,"Luis Castillo",15689,622491
"Tanner Scott","LAD",-0.005301141180098057,-6.788843113929033,6.783542047254741,1.2839992940425873,0.10945745185017586,1.9412458110288535,1.8109183390529788,1.7869422028462092,1.5901739111413127,23,0.1388503978960216,-0.14158119126076735,20,9,"Tanner Scott",17586,656945
"Mark Leiter Jr.","NYY",-0.5540679327677935,-4.291278203483671,3.7372102070366964,-7.686999961733818,-0.791597880423069,1.4952678643721378,1.259918760585909,1.4431414678238514,1.374994128011167,34,0.13103449949994683,-0.5015821090417638,13,7,"Mark Leiter Jr.",15551,643410
"Cole Henry","WSN",-0.05074390530353412,-1.8302241157653043,1.7794802105636336,-1.6970002949237823,-0.18911188282072544,0.6766954882130507,0.7090022794013335,0.87230589175049,0.7870000035036355,24,0.13073881808668375,-0.20572661715940038,5,4,"Cole Henry",27570,669371
"Tyler Alexander","- - -",-0.6155580427512177,-4.882257025514264,4.266698948893463,-2.3252998366951942,-0.22509693633764982,1.040913850731785,0.8793133542739919,0.9629333374400935,1.05978094839624,21,0.1305821854621172,-0.7219452865664661,8,6,"Tyler Alexander",17735,641302
"Bryan Baker","- - -",-0.11726383105269633,-3.90386000322178,3.7865961453935597,3.615000084042549,0.3826451329514384,1.3253757610917092,1.1163244984511818,1.348720936711098,1.0602499980272517,36,0.13025246658799006,-0.2187283799818689,16,6,"Bryan Baker",19804,641329
"AJ Smith-Shawver","ATL",0.18547017965465784,-3.045238010585308,3.230708122253418,4.068800330162048,0.367641169577837,0.9334847292876596,0.8459404389908973,0.8744444515970018,1.0207333432303534,9,0.12992754578590393,0.0687582750268155,0,0,"AJ Smith-Shawver",29960,700363
"Michael Soroka","WSN",-0.314693933352828,-4.084173962473869,3.7694800179451704,-3.384799860417843,-0.36097891349345446,0.7564209462521044,0.744645068133381,0.820030774634618,1.0443999824615626,13,0.1280551585368812,-0.5440853265432878,0,0,"Michael Soroka",18383,647336
"Trent Thornton","SEA",0.49513599870260805,-1.9047120301620453,2.3998480353257037,0.09199980646371841,0.01279208529740572,0.8973458020196807,0.8038483683655901,1.0534071447327733,1.2107142722677617,21,0.12502860312815756,0.42674976100771056,7,5,"Trent Thornton",17948,663423
"Tyler Holton","DET",0.40280826669186354,-3.3597922129556537,3.7626004780177027,4.593599796295166,0.4817652450874448,1.0744749942484002,1.1102169207297266,1.2347399992868304,0.9825157824609625,38,0.1239492273889482,0.25093922403902535,14,7,"Tyler Holton",26231,663947
"Ronel Blanco","HOU",-0.28887796588242054,-3.3832260593771935,3.0943481475114822,1.2319000661373138,0.14355935854837298,0.8975629120338254,0.8862600064277649,0.8873555660247803,0.6456888806488779,9,0.10100710019469261,-0.42285413956025625,0,0,"Ronel Blanco",19407,669854
"Logan Gilbert","SEA",0.15270200371742249,-3.9152519404888153,4.067953854799271,1.2691999971866608,0.1811125073581934,0.8983096593135113,0.9149437583982944,0.8777333398660024,1.2214999844630559,12,0.09488980611786246,0.07509835123326458,0,0,"Logan Gilbert",22250,669302
"Jakob Junis","CLE",-0.11065377047634684,-2.4508013372978894,2.3401475809223484,4.187999725341797,0.4455572357401252,0.8040775309782475,0.5795671876209477,0.7296540496518483,0.6765935352492717,31,0.09285120340064168,-0.23046700065059658,4,4,"Jakob Junis",13619,596001
"Chris Bassitt","TOR",0.43033043341711164,-7.683519542217255,8.11384989740327,2.0967004150152206,0.26753095630556345,0.9667552760792568,0.8908743418555344,0.8291000042110681,1.0203157936860072,19,0.08922195341438055,0.3559066577914942,0,0,"Chris Bassitt",12304,605135
"Andre Pallante","STL",-0.3634718678658828,-7.5739379078149796,7.210465967655182,-2.377099961042404,-0.2913622483611107,0.9685676484965207,0.861087864247438,0.878744449880388,1.1485555453432932,18,0.08513730112463236,-0.4604047059673293,0,0,"Andre Pallante",26108,669467
"Ryan Feltner","COL",-0.2011500746011734,-2.6971760988235474,2.4960260540246964,-1.5381000638008118,-0.178178571164608,1.0528363543790538,0.9657749980688095,0.8700000047683716,1.004066636164983,6,0.07444053143262863,-0.2654959350236345,0,0,"Ryan Feltner",21446,663372
"Max Kranick","NYM",-0.18104607751592994,-2.3180640595965087,2.137017980683595,1.5170001089572906,0.1306921299546957,0.7911576192196927,0.8468030244112015,1.3371666638801496,1.0136555704391665,18,0.07182173687033355,-0.30065866280993714,8,5,"Max Kranick",22175,668820
"Aaron Bummer","ATL",-0.31294773425906897,-2.6686259784546564,2.355678250081837,-4.1970003098249435,-0.44078484177589417,0.8422199978674244,0.8024887229419417,1.0246967680511936,0.9056076890287491,26,0.06563028832897544,-0.43720509663497664,9,6,"Aaron Bummer",16258,607481
"Slade Cecconi","CLE",0.8058281000703573,-3.692233979701996,4.49806210398674,7.335599929094315,0.7527599334716797,1.0151974704698168,0.9730103601669443,0.878000009059906,1.2200799942016602,10,0.06436436198782758,0.7294005197326059,0,0,"Slade Cecconi",27500,677944
"Carlos Vargas","SEA",-0.46484986442374066,-6.059685092535801,5.594835228286684,-1.9310000240802765,-0.22297349572181702,1.6880175449590131,1.4061120812306709,1.5713714349216648,1.4204810774708923,37,0.04979950841516256,-0.3251816368841103,17,9,"Carlos Vargas",22915,672841
"Spencer Bivens","SFG",-0.30528260112623684,-3.337309902817651,3.0320273481484037,2.4249997586011887,0.2522898633033037,0.860347469304359,0.7499233126335849,1.1141806673709183,0.6644300003536046,20,0.046186255756765604,-0.401022658510499,5,6,"Spencer Bivens",30226,702352
"Greg Weissert","BOS",0.01650795415025641,-5.159558701608148,5.176066662743324,4.773000001907349,0.5050069261342287,1.5324835114802777,1.293782698335471,1.4613644361495972,1.2292615381570964,39,0.04518819903023541,-0.03441617177735436,17,7,"Greg Weissert",20375,669711
"Valente Bellozo","MIA",0.23452808428555727,-2.9737898868042976,3.2083180053159595,6.059100188314915,0.5977497426792979,0.8281824889545617,0.7946472797204148,0.7292352984933292,1.4075555437140994,9,0.04297561212297296,0.24020845348267483,2,3,"Valente Bellozo",23899,678368
"Tylor Megill","NYM",-0.7661499734967947,-5.49001581966877,4.723865762352943,-6.9100000858306885,-0.7719897767528892,1.028671155564296,0.8993540450527862,0.8564571482794625,1.7107142699616296,14,0.04175705835223198,-0.786552875122762,0,0,"Tylor Megill",21318,656731
"Cade Smith","CLE",1.1973340024705976,-4.3126704497262836,5.51000443729572,3.4109998494386673,0.3634576005861163,1.712942861020565,1.41827073795911,1.619539517216211,1.357405262116931,38,0.03935319388983771,0.6596391833323835,24,6,"Cade Smith",27867,671922
"Ryan Helsley","STL",1.4005259843543172,-4.967619096627459,6.368145053391345,5.306999862194061,0.5562156401574612,2.497562546751672,1.9578120899245595,1.9578120899245595,2.882742847715105,7,0.038521491922438145,0.5222356295261679,19,6,"Ryan Helsley",18138,664854
"Jared Koenig","MIL",0.746300327591598,-3.5255580658558756,4.27185841021128,3.056999944150448,0.2901057479903102,1.4376631542953133,1.1076928046988506,1.2567022149761518,1.3421666769843017,42,0.030056733172386885,0.48904979422373707,15,9,"Jared Koenig",27517,657649
"Sean Newcomb","- - -",0.19507389276986942,-3.3723680116818286,3.567441836115904,-0.8947999030351639,-0.07892457116395235,0.6841233279307684,0.5643015471804473,0.7912592542254262,0.8056199976243079,20,0.019284413196146488,0.2658599238050476,4,2,"Sean Newcomb",16943,656794
"Hunter Gaddis","CLE",0.8151161004789174,-4.585143456235528,5.400259577203542,0.2959998697042465,0.01846708543598652,1.674519537059569,1.31114681088861,1.48525853618616,1.2297243220177856,37,0.00761470478028059,0.4791614017023281,16,9,"Hunter Gaddis",25636,683769
"Lyon Richardson","CIN",-0.5738799713435583,-2.247621966234874,1.6737419972123462,-2.7600002735853195,-0.24797663185745478,0.8159467605237427,0.7665811875739541,0.7313407290450953,0.8905888814479113,18,-0.004983237478882074,-0.6983469295226932,4,6,"Lyon Richardson",24581,680689
"Griffin Canning","NYM",0.3241262249648571,-5.585433732718229,5.909559994935989,2.8569000363349915,0.284648135304451,1.038146573287443,0.9567469911402967,0.8700750060379505,1.4973999969661236,16,-0.009558371268212795,0.32177461635821386,0,0,"Griffin Canning",19867,656288
"Tyler Ferguson","ATH",-0.7301399667048827,-3.6367096517496975,2.9065697508631274,-8.984000198543072,-0.9141832543537021,1.2554156653560609,1.262008520536298,1.386050001355923,1.7175666624990602,30,-0.02189970505423844,-0.5596925012990258,11,9,"Tyler Ferguson",19481,621053
"Raisel Iglesias","ATL",-0.8962978543713689,-5.284785920754075,4.388487996533513,-2.720999851822853,-0.280534029006958,1.590691813436167,1.5591008376795799,1.6002871775283263,2.280740009713918,10,-0.03206407558172941,-0.531400101954466,13,9,"Raisel Iglesias",17130,628452
"Gavin Williams","CLE",-0.03700358420610428,-7.540115639567375,7.503112070262432,2.2865998670458794,0.24587014224380255,1.0361032043690006,0.9144882650351992,0.8726315843431574,1.2269368352074372,19,-0.03733373689465225,0.0016195493020755916,0,0,"Gavin Williams",30122,668909
"Justin Wrobleski","LAD",-0.3912758402293548,-2.8044541209819727,2.4131782685872167,-1.5059999823570251,-0.18140701204538345,0.8213278067314765,0.692599597409731,0.7510250040795654,0.4477600134909153,5,-0.04215100407600403,-0.4342432407340683,2,1,"Justin Wrobleski",31204,680736
"Ryan Thompson","ARI",-0.8083559121441795,-4.358851947195944,3.5504959770769347,-4.099000513553619,-0.4371676268056035,1.4772274418189222,1.0490829589880175,1.3903888815289571,1.3572689554943094,29,-0.04314642632380128,-0.5040651196171841,7,8,"Ryan Thompson",16647,657044
"Jackson Jobe","DET",0.0317160040140152,-3.6194579154253006,3.6511739790439606,-0.8695003688335419,-0.03756716102361679,0.9827115039909835,0.7962588387377122,0.8304400116205215,0.7574600066989661,10,-0.051980999298393726,0.08425497175644506,0,0,"Jackson Jobe",30203,695549
"Grant Holmes","ATL",0.5814002589322627,-7.185538096353412,7.766938379500061,7.9147007167339325,0.7925865948200226,0.9659327441513275,0.8515321566457195,0.8346800070255995,0.8539684175660736,19,-0.05943471100181341,0.6613402395726286,0,0,"Grant Holmes",16944,656550
"Dean Kremer","BAL",-0.1343035250902176,-7.7546160370111465,7.620312437415123,-1.2549999952316284,-0.09218332916498184,0.9549642180831268,0.892906105518341,0.8773684282051889,0.9677999976434206,19,-0.06236319988965988,-0.07827403294802834,0,1,"Dean Kremer",19350,665152
"Taj Bradley","TBR",-0.6750976517796516,-8.157809637486935,7.482712015509605,-5.198500029742718,-0.6183735243976116,1.0187288236779135,0.8981394622850856,0.8700000047683716,1.1161473644407172,19,-0.06563304178416729,-0.597053274818075,0,0,"Taj Bradley",22543,671737
"Patrick Corbin","TEX",-0.1105617405846715,-6.518875926733017,6.408314228057861,-1.5833005607128143,-0.18451845925301313,0.9210565802527637,0.8117460155487061,0.8811764787225163,1.0239749951288104,16,-0.07681492529809475,-0.04322302128964936,0,0,"Patrick Corbin",9323,571578
"Hayden Wesneski","HOU",-0.2830340415239334,-2.180885910987854,1.8978518396615982,-0.7156000733375549,-0.06775756366550922,0.810131350115164,0.8471939491503166,0.8700000047683716,1.0532333677013714,6,-0.0788959339261055,-0.2704721549445434,0,0,"Hayden Wesneski",27581,669713
"Orion Kerkering","PHI",-0.12334789033047855,-5.717066136538051,5.593718184740283,0.7089997828006744,0.03687765123322606,1.8468210511563117,1.3275139509960143,1.7318585349315005,1.506078772359725,33,-0.08123229048214853,0.014442987721467251,19,9,"Orion Kerkering",31776,689147
"Ryne Stanek","NYM",-1.456585958803771,-3.696055933018215,2.239469954598462,-5.854000106453896,-0.6229792516678572,1.033158105703675,0.9824087859964684,1.0504216323229107,1.1909655211172228,29,-0.08200064906850457,-1.3278377394245162,10,6,"Ryne Stanek",15947,592773
"Stephen Kolek","SDP",-0.5118738859891891,-4.9694981798529625,4.4576242715120316,-1.315699279308319,-0.313972070813179,0.8987848799662901,0.821418919877426,0.8608000030120214,1.2986181730573827,11,-0.09095813910244033,-0.4785595479423034,0,0,"Stephen Kolek",21487,663568
"Hayden Birdsong","SFG",0.18587426468729973,-5.091902045533061,5.277776332513895,-2.9572001099586487,-0.3340410552918911,1.0058053127951003,0.9624049970081874,0.962110011279583,1.315855550269286,18,-0.09112704638391733,0.27592848093864364,7,3,"Hayden Birdsong",31635,806185
"Lou Trivino","- - -",0.42534816975239664,-2.1077538947574794,2.5331020744051784,0.33000024408102036,0.036689852364361286,0.9053378898812376,0.7717263461632091,0.8580823493025759,0.823750010076245,28,-0.09179973974823952,0.5616223048992395,6,6,"Lou Trivino",15043,642152
"Randy Vásquez","SDP",0.24557801708579063,-6.874549701809883,7.12012779712677,5.450199544429779,0.5489838570356369,0.9998742377951637,0.9344178243438797,0.8780421081342196,1.505926325525108,19,-0.09350086748600006,0.33910977288926164,0,0,"Randy Vasquez",24719,681190
"Taijuan Walker","PHI",-0.48369401204399765,-4.157999993476551,3.6743058708962053,2.9066997468471527,0.2859997358173132,0.8742422590348519,0.7631391256807312,0.6975500114262104,0.9658125045243651,16,-0.09465711191296577,-0.4586151727944646,1,2,"Taijuan Walker",11836,592836
"Richard Fitts","BOS",0.004088059067726135,-2.4953299909830093,2.4994180761277676,0.9595000520348549,0.12020655442029238,1.007183690054887,0.9527294127380147,0.8750000074505806,0.9649249948561192,8,-0.09479271434247494,0.09885161552216278,0,0,"Richard Fitts",30160,690916
"Simeon Woods Richardson","MIN",0.004728253930807114,-5.13646174967289,5.141189932823181,3.297399751842022,0.3298019892536104,0.9636358943516994,0.9051948120067645,0.8804400086402893,1.2844266653060914,15,-0.10002596117556095,0.10493264217252414,0,1,"Simeon Woods Richardson",24494,680573
"Tyler Kinley","COL",-0.782169885118492,-4.355044031282887,3.572874174802564,-10.54599979519844,-0.9749481864273548,1.1214866667985917,1.0139788400668364,1.0635499950837006,0.7618799857795239,30,-0.10302637191489339,-0.5944138280219304,9,9,"Tyler Kinley",18297,641755
"Jordan Romano","PHI",-1.056335949106142,-5.160447959089652,4.104112077038735,-8.56200022995472,-0.8782918704673648,1.6366750061511994,1.4254051150801854,1.5263080925152108,1.2433130490877058,23,-0.10436926549300551,-0.5410465593568031,14,8,"Jordan Romano",16122,605447
"Chase Lee","DET",0.4991221484960988,-1.4237059450242668,1.9228280505049042,0.9329998940229416,0.09395923279225826,0.7450692841533836,0.7449085467423384,0.7275333392123381,0.7077142882737375,21,-0.10520055750384927,0.7751008729667896,8,1,"Chase Lee",29574,695445
"Roki Sasaki","LAD",-0.08363574743270874,-3.011733889579773,2.928098186850548,-1.7348001301288605,-0.17128042178228498,1.1136024944484233,0.9660756587982178,0.8762500062584877,1.4159249812364578,8,-0.10993415024131536,0.034830378608571105,0,0,"Roki Sasaki",35323,808963
"George Kirby","SEA",-0.18202001322060823,-3.927969992160797,3.745949938893318,-2.7481001913547516,-0.28842518851161003,0.9867208825217353,0.9622618274255232,0.8858800113201142,1.1070599906146525,10,-0.11008266918361187,-0.07438693761686926,0,0,"George Kirby",25436,669923
"JP Sears","ATH",-0.16545988060534,-6.790025822818279,6.62456588447094,-3.3339003324508667,-0.38450734317302704,0.8786037979811218,0.8873238211586362,0.8781789541244507,0.9684105288041266,19,-0.11954201012849808,-0.0687793708916363,0,0,"JP Sears",23429,676664
"Justin Sterner","ATH",-0.2065598990957369,-3.878872416113154,3.672312614507973,2.123600512742996,0.15847229398787022,1.4304493736192774,1.0757688962750964,1.2830941215814913,1.0240000009536743,30,-0.13213493302464485,-0.012267170891207574,11,6,"Justin Sterner",27694,686993
"Shane Baz","TBR",0.5531443879008293,-7.37025785446167,7.923402234911919,7.449300035834312,0.746900511905551,0.906110785224221,0.8417687016984691,0.8727789521217346,1.1367894779694707,19,-0.14589586108922958,0.7563558588299599,0,0,"Shane Baz",22264,669358
"Ryan Pepiot","TBR",0.7085601910948753,-7.585556179285049,8.294116199016571,10.431499645113945,1.1307855769991875,0.9253312741778025,0.8799138028046181,0.8754100054502487,0.8919800058938563,20,-0.16536896117031574,0.9311057420053331,0,0,"Ryan Pepiot",26221,686752
"Landen Roupp","SFG",0.14573639631271362,-7.770497813820839,7.916234225034714,-0.6265004873275757,-0.06797114759683609,1.093620857413934,0.9828971005180507,0.8791157979714243,1.5684631733517898,19,-0.16570398122712504,0.29896442091673914,0,0,"Landen Roupp",30076,694738
"Brant Hurter","DET",0.6635362962260842,-2.725712058134377,3.3892483667004853,-2.825100064277649,-0.3522716388106346,0.9482985247348623,0.9064716442994643,1.0554275969685665,1.2425519964843987,25,-0.169614881509915,0.8693273443249387,10,2,"Brant Hurter",30133,676428
"Luke Jackson","TEX",-1.6850901045836508,-4.916952006198699,3.2318618858698756,-1.1769997477531433,-0.12156467605382204,1.5190662063998044,1.5188720807173224,1.521902678030971,1.828787487000227,16,-0.17132125236093998,-0.9379721395165108,9,9,"Luke Jackson",11752,592426
"Daniel Lynch IV","KCR",0.9260101966792718,-2.0164491711184382,2.942459378624335,11.027100197970867,1.1048059351742268,0.908938803124786,0.9338927354324947,0.9652205185057261,1.2923939534547655,33,-0.17384051531553268,1.1926221907108365,8,4,"Daniel Lynch IV",21537,663738
"Luis García","- - -",0.11818414099980146,-2.0536051741764823,2.1717892482411116,-2.852000407874584,-0.2750707436352968,0.8500344804520237,0.8437013446630256,0.862070958550659,0.5165777693813046,18,-0.18902376806363463,0.3280582939771653,2,5,"Luis Garcia",6984,472610
"Graham Ashcraft","CIN",-0.3011841553961858,-4.914679493755102,4.61349541938398,1.9860002547502518,0.15981964487582445,1.3933663073864377,1.2270404145002682,1.2807529319132513,1.3751800033574304,30,-0.19153801538050175,-0.024617746244825878,16,8,"Graham Ashcraft",27552,668933
"Jacob Lopez","ATH",0.195606078763376,-4.218749876134098,4.414355980974506,2.5174999237060547,0.21580641716718674,1.0144196873692077,0.8944248657246106,0.8484428676643542,1.0868615296024542,13,-0.1934343515895307,0.38625994557091337,0,2,"Jacob Lopez",25098,682052
"Keegan Akin","BAL",-0.07809575635474175,-3.093501907409518,3.0154061627108604,5.639299899339676,0.5767826717346907,1.0083939863063103,0.9632444405818686,1.2930820524119413,1.2057666658527322,36,-0.2053710640175268,0.1279253856266807,11,8,"Keegan Akin",19362,669211
"Matt Strahm","PHI",0.7720241730567068,-3.544940843479708,4.316965004894882,3.938000038266182,0.38271819800138474,1.537494483900948,1.4006243830592167,1.4870390196944154,1.3752153707811465,26,-0.22009637375595048,0.7222277187074579,17,5,"Matt Strahm",13799,621381
"Davis Martin","CHW",0.41851226426661015,-5.575318202376366,5.993830472230911,3.442900210618973,0.3223300538957119,0.938853495342787,0.8680666780897549,0.8773857184818813,0.9775714166462421,14,-0.2285962514579296,0.6743657632535971,1,0,"Davis Martin",21448,663436
"Joey Wentz","- - -",-0.042838010005652905,-1.9697296278900467,1.926891595023335,-16.82599914073944,-1.761719472706318,0.6048782591950959,0.6249876695581609,0.7696769236085507,0.6550705856301219,17,-0.23408382013440132,0.16326294113197706,4,5,"Joey Wentz",19962,666214
"Jose A. Ferrer","WSN",-0.23856979346601292,-5.57883373927325,5.340263973979745,-1.6250000894069672,-0.15623066760599613,1.4385507299513038,1.2295801052823663,1.3721260797313375,1.3529767452977424,43,-0.235748294275254,0.06990791861183288,15,13,"Jose A. Ferrer",24017,678606
"Scott Blewett","- - -",1.1287202373496257,-1.6625891636649612,2.791309427411761,-2.9916998744010925,-0.33848369121551514,0.6681941262373299,0.6418534619382249,0.5844923091622499,0.7243999892380089,16,-0.23708502016961575,1.9262950760938813,3,3,"Scott Blewett",16427,656240
"Shane Smith","CHW",-0.23653778992593288,-6.9151599407196045,6.678622104227543,-4.505699992179871,-0.44473549351096153,1.0047199890583376,0.903846161706107,0.8744444515970018,0.9549555517733097,18,-0.2541456623002887,0.018719083251507895,0,0,"Shane Smith",31687,681343
"Gregory Soto","BAL",-0.045873873386881314,-3.2243358820778667,3.178462032614334,-1.0879997909069061,-0.1085169930011034,1.2886202607563213,1.0197737685979364,1.2853761967936796,1.5081823651048847,34,-0.2555494735715911,0.21995025572291557,12,9,"Gregory Soto",19677,642397
"Chris Paddack","MIN",-0.20617985585704446,-6.587577685713768,6.381397865712643,-9.556000620126724,-0.9469921048730612,0.8810546327796247,0.870760004293351,0.875263163917943,1.2798736689514236,19,-0.26362966001033783,0.029614823488145064,0,0,"Chris Paddack",20099,663978
"Ryan Pressly","CHC",0.8933393088955199,-2.598186912298843,3.4915261840069434,3.0509994626045227,0.3187811328098178,1.200918749962875,1.1212631573802547,1.1660263146224774,1.5065454758534378,22,-0.2653349321335554,1.0092148231945757,14,3,"Ryan Pressly",7005,519151
"Cole Ragans","KCR",-0.1801159456372261,-3.9944140017032623,3.8142980188131332,-2.217599630355835,-0.2414814792573452,1.0351555788958515,1.0140884518623352,0.8793600082397461,1.2118600070476533,10,-0.2751044863834977,0.1011055732642285,0,0,"Cole Ragans",21846,666142
"Jeffrey Springs","ATH",-0.21925386786460876,-6.871319901198149,6.65206602960825,-3.5697004795074463,-0.32715585455298424,0.8395716047734956,0.8094210601166675,0.8707800060510635,0.7126600062474608,20,-0.28607695735991,0.02492726313727095,0,1,"Jeffrey Springs",17677,605488
"Dustin May","LAD",-1.0535313924774528,-7.771372068673372,6.717840567231178,-7.268000058829784,-0.78093405906111,0.9503591624503964,0.8413999971655226,0.8722588279668022,0.8784588207216824,17,-0.32494702842086554,-0.7836142756665683,0,0,"Dustin May",19716,669160
"Cade Horton","CHC",0.012164054438471794,-4.393467888236046,4.405632019042969,-5.294899880886078,-0.570329025387764,0.9873839141765317,0.906913353006045,0.8829454617066816,1.1751454628326676,11,-0.34082576632499695,0.3531452443556032,0,0,"Cade Horton",31872,690990
"Yuki Matsui","SDP",0.08607222652062774,-2.121637105476111,2.207709323090967,-5.564000234007835,-0.6030530724674463,0.8050674854954876,0.7276636726409197,0.9505282116050904,0.9970999860515197,30,-0.3531635543331504,0.4600766120225361,6,8,"Yuki Matsui",33826,673513
"Colin Rea","CHC",0.214031885843724,-5.298373856348917,5.512405778747052,3.2955001294612885,0.3547828905284405,0.7733427151713682,0.7736762953998962,0.745484213099668,0.9362624881323427,16,-0.36321270815096796,0.639974720186338,1,0,"Colin Rea",12317,607067
"Yennier Cano","BAL",-0.7446341191243846,-3.6004175225971267,2.8557834117673337,-0.7910001203417778,-0.10854141507297754,1.0867788154024334,0.9962089399284706,1.1684000007318038,1.115218190814961,33,-0.3937078444287181,-0.291467564376658,9,7,"Yennier Cano",25911,666974
"Jordan Hicks","- - -",-1.3318678127834573,-4.569571994245052,3.2377041218569502,-11.914200186729431,-1.2260921075940132,0.8955777823587749,0.8149016879309537,0.7552588269771898,1.129485683515668,14,-0.40199807565659285,-1.0851623240527217,0,3,"Jordan Hicks",19618,663855
"Chad Green","TOR",0.952684189483989,-2.2104723564116284,3.1631565985444468,1.9070002883672714,0.18789797089993954,0.9692411113116476,0.846966655626893,0.9341658441940459,1.2046357055992953,28,-0.4088611527113244,1.3917787965932966,9,4,"Chad Green",15552,643338
"Mike Burrows","PIT",-0.04716196656227112,-2.819533981382847,2.772371970117092,-0.7864001542329788,-0.05145163554698229,0.8741810456702583,0.8025347940299822,0.8104400038719177,0.8941399857401848,10,-0.4242783524096012,0.37032846777659506,0,0,"Mike Burrows",24728,681347
"Colton Gordon","HOU",-0.29041970521211624,-4.115552010713145,3.825132335536182,-1.2949003279209137,-0.11022166162729263,0.9517047217219684,0.8611236445605754,0.7960909134285017,1.3240800090134144,10,-0.43682143092155457,0.13166406584444862,0,0,"Colton Gordon",31312,676467
"Edwin Uceta","TBR",0.09548615803942084,-5.407935485476628,5.503421609988436,-4.632999926805496,-0.5204415302723646,1.700414745548838,1.3191138878076647,1.4312926832041362,1.3693470684263636,34,-0.4375607375986874,0.49371536592649634,19,11,"Edwin Uceta",20539,670955
"Dylan Cease","SDP",-1.3360256457235664,-8.43950180709362,7.103476211428642,-8.850000113248825,-0.8523030849173665,0.9637778257546218,0.8908654222978609,0.8764631654086866,0.7106421175167749,19,-0.4475162406452,-0.9387219669805884,0,0,"Dylan Cease",18525,656302
"J.T. Ginn","ATH",0.07862008176743984,-2.357403937727213,2.436024073511362,0.31829994916915894,0.040100425481796265,0.9810753669859706,1.0320408020700726,1.2174800008535385,1.0796400036662817,10,-0.4570258064195514,0.5371624446566055,3,2,"J.T. Ginn",27889,669372
"Jack Flaherty","DET",-0.8613417251035571,-7.704441703855991,6.84309995919466,-5.879899829626083,-0.6058150660246611,0.9089794319088214,0.8537433951530816,0.8677473727025484,0.7105473611307772,19,-0.4635515473783016,-0.48404054862190493,0,0,"Jack Flaherty",17479,656427
"Justin Topa","MIN",-1.2472158151504118,-2.749052989849588,1.5018371953628957,-2.216000109910965,-0.25091611267998815,0.6584783551713441,0.6459612326999736,0.8251823443809853,0.6087833360458413,24,-0.4736533840186894,-1.4204344099922026,5,7,"Justin Topa",15145,623437
"Jake Irvin","WSN",-0.7314675031229854,-8.727443650364876,7.995976120233536,-4.076400250196457,-0.44924005027860403,0.8957860554119506,0.8898383376499017,0.8525500059127807,1.0639000121504067,20,-0.5059703022125177,-0.3105946562435513,0,0,"Jake Irvin",21504,663623
"Jordan Leasure","CHW",-1.2755718692787923,-6.147841886500828,4.8722699781064875,-3.098299726843834,-0.361290548928082,1.7845000090008531,1.4404571409159828,1.7650000099092722,1.232026679813862,30,-0.5157511022989638,-0.19905520918600428,11,11,"Jordan Leasure",29950,673929
"Casey Legumina","SEA",0.0293740700581111,-2.3593332274176646,2.3887072926736437,-3.5830003023147583,-0.3621921679005027,0.9996013171841323,1.0046952283453374,1.0263529396889841,1.1517652107969574,23,-0.5229566435446031,0.55234242921049,8,5,"Casey Legumina",25921,668984
"Tony Gonsolin","LAD",-0.6034198021516204,-3.0125598683953285,2.409140110015869,-3.490800127387047,-0.38969221990555525,0.9069627293888827,0.8350889020495944,0.8842857224600655,0.7926000016076225,7,-0.5313799977302551,-0.13393929555339346,0,0,"Tony Gonsolin",19388,664062
"Hogan Harris","ATH",-0.09870368573865562,-1.7830798691684322,1.6843761813652236,-2.5880001336336136,-0.2941078180447221,0.5375404268369436,0.5433325476906433,0.8138785758388362,0.6686222173480524,18,-0.554539977107197,0.37091902357360135,3,5,"Hogan Harris",21520,663687
"Jorge Alcala","- - -",-0.9104538982792292,-2.151789861731231,1.241335952305235,-12.00299996882677,-1.232159192673862,0.5329491135983909,0.4667723548780309,0.47595151796033885,0.7769399877637625,20,-0.5548184421495534,-1.1535133198304668,5,5,"Jorge Alcala",19459,660896
"Bryce Miller","SEA",-1.0438978224992752,-4.643943831324577,3.6000460386276245,-7.3078001737594604,-0.7970428764820099,1.009650211571615,0.9184627603082096,0.8800000071525573,0.8563799887895585,10,-0.5596426241099834,-0.4742776490055449,0,0,"Bryce Miller",29837,682243
"Carmen Mlodzinski","PIT",-0.2561339484527707,-4.368007821496576,4.1118738586083055,-1.8565000295639038,-0.19917235150933266,0.8946863919322593,0.8443637462332845,0.8523875009268522,0.9556142843461463,14,-0.5668611936271191,0.2805776972395225,3,2,"Carmen Mlodzinski",27572,669387
"Ryan Zeferjahn","LAA",-0.8255138620734215,-4.950703960377723,4.125190056860447,-7.171000137925148,-0.7575612589716911,1.5312108301434173,1.3398093019807062,1.496154998987913,1.6658216109751045,37,-0.5744713245658204,0.035346439982747224,16,11,"Ryan Zeferjahn",25420,666171
"Landon Knack","LAD",-0.6754260361194611,-2.7348999343812466,2.059473980218172,-5.922200098633766,-0.6216245610266924,0.7515806733545932,0.7260999988232341,0.8345777690410614,1.0324444381727114,9,-0.5880386047065258,-0.3106354299846208,1,1,"Landon Knack",27487,689017
"Justin Verlander","SFG",-1.0319617176428437,-6.7427937388420105,5.710831969976425,-9.307800211012363,-0.9776744106784463,1.003705152784075,0.91833251491189,0.8700000047683716,1.174053322772185,15,-0.6084227729588747,-0.4197294834885399,0,0,"Justin Verlander",8700,434378
"Brandon Pfaadt","ARI",-0.6765657421201468,-7.710633859038353,7.034068003296852,-10.361199758946896,-1.0504672704264522,0.9130492079876885,0.865895238376799,0.8743052702201041,0.9678105315879771,19,-0.6088513261638582,-0.13214459848215443,0,0,"Brandon Pfaadt",27782,694297
"Tomoyuki Sugano","BAL",-0.6729176519438624,-7.661101460456848,6.988183870911598,-5.804499514400959,-0.6197747318074107,0.9535192606620612,0.8682192397805361,0.8813666767544217,1.1478000026610162,18,-0.609923355281353,-0.09579668594427737,0,0,"Tomoyuki Sugano",35321,608372
"Logan Evans","SEA",-0.2439659032970667,-3.508832022547722,3.2648660838603973,-2.5177998542785645,-0.2007387913763523,0.8791511547730265,0.8379923162552027,0.8717333409521315,0.8390000158300003,9,-0.62506914883852,0.3475674905940374,0,0,"Logan Evans",33699,688138
"Keider Montero","DET",0.18780231103301048,-3.9681059271097183,4.155908189713955,2.9316999316215515,0.23234418407082558,0.866531442521739,0.7965673567497566,0.8645230749478707,0.8943230916674321,13,-0.6387066133320332,0.8554354033300937,1,4,"Keider Montero",22630,672456
"Mason Montgomery","TBR",-1.0637579668982653,-3.8059998664903105,2.742241935877246,-7.452999800443649,-0.7745862919837236,1.1992741709494876,1.006868295439678,1.2696450094692409,1.1219000012668616,34,-0.6390370100270957,-0.2479644719243319,8,9,"Mason Montgomery",29770,682254
"Andrew Heaney","PIT",0.3107881541363895,-6.176319969817996,6.487108138739131,-2.7737005800008774,-0.32733505591750145,0.8667861988989725,0.8915372613598319,0.8252631623886133,0.962557891481801,19,-0.6437294781208038,1.002281742256026,0,0,"Andrew Heaney",15423,571760
"Erick Fedde","STL",-0.3650779826566577,-7.529411926865578,7.1643340438604355,-8.171200215816498,-0.8482872163876891,0.9567045911135768,0.8545806008635215,0.8775368489717182,1.2423888919875026,18,-0.6439884854480624,0.2623889969040413,0,0,"Erick Fedde",17425,607200
"Carlos Hernández","- - -",-0.11982963603804819,-1.3090085628573433,1.189178914471995,-7.834999583661556,-0.7773946896195412,0.37419545792561787,0.364452988625719,0.5092727254060182,0.32078947303326505,19,-0.6465949263656512,0.3263621883673514,3,4,"Carlos Hernandez",22713,672578
"Ryan Gusto","HOU",-0.37541982904076576,-5.130993952974677,4.7555741257965565,-4.6923999190330505,-0.47482249420136213,0.8262538483377392,0.7694777368650406,0.7596499996259809,0.9876631521864941,19,-0.6649756822735071,0.21061189347417275,1,1,"Ryan Gusto",26440,687473
"Jameson Taillon","CHC",0.07496602088212967,-6.4433596804738045,6.518325686454773,0.05549974739551544,-0.007018061354756355,0.8866611505510813,0.9140747460451993,0.8790823571822223,0.8377764873644885,17,-0.6805856414139271,0.7651343112586998,0,0,"Jameson Taillon",11674,592791
"Logan Allen","CLE",0.1355801820755005,-6.755997583270073,6.891577742993832,-0.560300275683403,-0.06026299390941858,0.9859689133507865,0.877225262867777,0.8808111151059469,0.9789666747674346,18,-0.6827177740633488,0.8202273651261494,0,0,"Logan Allen",27589,671106
"Sean Burke","CHW",-0.47660208120942116,-8.108203932642937,7.631601877510548,-5.514900058507919,-0.5996242687106133,1.0506955123430974,0.9702345728874207,0.9189368486404419,1.197652648154058,19,-0.7088353242725134,0.2552290457546034,1,1,"Sean Burke",29878,680732
"Max Meyer","MIA",-1.1800780072808266,-5.7675937712192535,4.587515830993652,-9.218900181353092,-1.0022293459624052,0.9709556424170224,0.9307705987902248,0.8411500031749407,1.3062166733046372,12,-0.7197646466083825,-0.49561323032864335,0,0,"Max Meyer",27474,676974
"Caleb Boushley","TEX",-0.29505971333855996,-0.84939194350045,0.5543322134763002,-3.7040003165602684,-0.39643577113747597,0.27158604708839523,0.35614923563386713,0.39062666799873114,0.8461999893188477,6,-0.7222097646445036,-0.3642220182170237,1,1,"Caleb Boushley",19736,676961
"Carlos Carrasco","NYY",-0.30158203945029527,-2.223729945719242,1.9221478652907535,-6.809600114822388,-0.7301758602261543,0.7745850336022017,0.715360023986016,0.706125007243827,0.8995999942223231,6,-0.7357411533594131,0.34639456600309626,0,0,"Carlos Carrasco",6632,471911
"Miles Mikolas","STL",-0.5377535820007324,-7.088245786726475,6.550492197275162,-6.523600228130817,-0.7048852704465389,0.9485388683806422,0.9289875080188116,0.884111119641198,1.1543444359882011,18,-0.7389594372361898,0.17203108044803594,0,0,"Miles Mikolas",9803,571945
"Brandon Eisert","CHW",-0.44916392277082196,-3.2908126786351204,2.841648704641557,-3.560000166296959,-0.3670945977792144,0.9904569913883523,0.8848581693920434,1.1442439043667259,0.9117515118736209,33,-0.7732842067052843,0.31979260971911344,9,6,"Brandon Eisert",27668,685126
"Gunnar Hoglund","ATH",-0.5655878484249115,-2.7582957297563553,2.192707806825638,-4.5307998061180115,-0.5013974606990814,0.9209832173961026,0.8921941203229568,0.8618666728337606,1.0322666714588802,6,-0.7980168242938817,0.18390373543217686,0,0,"Gunnar Hoglund",31318,680684
"Kyle Freeland","COL",-1.173817828297615,-7.48514799028635,6.311330117285252,-13.510599926114082,-1.2235739892348647,0.9333279842007769,0.8874043053196322,0.8760000046561746,0.9949058669016642,17,-0.8173824306577444,-0.4402867362030063,0,0,"Kyle Freeland",16256,607536
"John King","STL",-0.36322808991826605,-1.3474581885093357,0.9842301114986185,-11.597000055015087,-1.1749355606734753,0.40426508963904373,0.3974874979153705,0.637494448132606,0.862551996409893,25,-0.8472456336021423,-0.05124424155027707,3,4,"John King",22051,667463
"Joey Cantillo","CLE",0.18407009390648454,-1.84133215341717,2.025402285391465,-3.5229997634887695,-0.38480396196246147,0.5755957179369136,0.5457076664641499,0.6305499936764439,1.113857129322631,14,-0.8520499607548118,1.1718405501744833,1,3,"Joey Cantillo",23335,676282
"Chase Dollander","COL",-1.5357198975980282,-6.657119989395142,5.121400073170662,-16.84560066461563,-1.4549223724752665,0.9805434014247014,0.9042794541136859,0.8700000047683716,0.9248000065485636,15,-0.8762164213694632,-0.6899762584922047,0,0,"Chase Dollander",33482,801403
"Charlie Morton","BAL",-1.1298416759818792,-7.345771921332926,6.215930213686079,-9.171000242233276,-0.950172278098762,1.0010286394750054,0.834840770729858,0.7332300023175776,0.9212736795215231,19,-0.9325933661311865,-0.19608730435835153,0,2,"Charlie Morton",4676,450203
"Jonathan Cannon","CHW",-0.0579620823264122,-6.057051837444305,5.999089755117893,0.3106006383895874,-0.044311270117759705,0.9476163019792417,0.826516063860905,0.857800010840098,0.9225466803958019,15,-0.9363395068794489,0.8751733131306187,2,0,"Jonathan Cannon",31730,686563
"Michael Lorenzen","KCR",-0.29448387771844864,-7.630293905735016,7.3358099311590195,-2.9057997912168503,-0.34865226596593857,0.9563198171488874,0.9582557815771836,0.8822555641333262,0.9235555682745245,18,-0.9372210409492254,0.6292865273715349,0,0,"Michael Lorenzen",14843,547179
"Kyle Hendricks","LAA",-1.0101977623999119,-7.7501076608896255,6.739909887313843,-7.2499996945261955,-0.7478928593918681,0.9584188742457695,0.9081505070818533,0.8730444510777792,1.099855555428399,18,-0.9479250693693757,-0.10610025248678023,0,0,"Kyle Hendricks",12049,543294
"Aaron Nola","PHI",-0.9817299759015441,-4.450095862150192,3.468365877866745,-9.828200429677963,-1.022709839977324,0.908305778503418,0.8325838918955821,0.8655111127429538,1.0089999818139606,9,-0.9572545271366835,-0.12358190387127999,0,0,"Aaron Nola",16149,605400
"Luis Severino","ATH",-1.6011918559670448,-10.360195964574814,8.759004183113575,-19.049899853765965,-1.9773326218128204,1.0867957805717747,0.930150848071454,0.8720000058412551,1.0179399911314249,20,-0.9595291998703033,-0.513785184111424,0,0,"Luis Severino",15890,622663
"Brenan Hanifee","DET",-0.13922985177487135,-3.328835536260158,3.1896056125406176,-5.092000380158424,-0.5440582446753979,0.9205798072418054,0.866481352597475,0.9456049947533757,0.9065437550889328,32,-0.9890388337662444,0.8377973545597595,9,6,"Brenan Hanifee",22304,669724
"Cal Quantrill","MIA",-0.8547938205301762,-6.972901493310928,6.11810776591301,-12.601499930024147,-1.2737958543002605,0.9683713639446532,0.9012431915510785,0.8750000066227384,1.1097111308740244,18,-1.0314544807188213,0.14874165756368352,0,0,"Cal Quantrill",19312,615698
"Sandy Alcantara","MIA",-2.441490139812231,-8.814753949642181,6.373263873159885,-28.119300916790962,-2.9007971873506904,1.0103268360549753,0.9118774363430597,0.8752444518937005,0.8541333340108395,18,-1.0337538197636604,-1.3827811594966364,0,0,"Sandy Alcantara",18684,645261
"Joe Ross","PHI",-0.5304758006896009,-2.5284500231500715,1.997974197664007,-1.3589997738599777,-0.15885769575834274,0.6344170097083329,0.716923145370351,0.7226689651223093,0.5998499933824254,24,-1.0346182989887893,0.19845566057926434,3,6,"Joe Ross",12972,605452
"Mitch Spence","ATH",-0.5008298750617541,-4.510115522796696,4.009285622625612,-7.418500557541847,-0.7150710187852383,0.691630819161054,0.694546749517208,0.9282344853955096,0.9681153994125242,26,-1.0369871258735657,0.31285821029218774,5,5,"Mitch Spence",27707,687765
"Kumar Rocker","TEX",-0.9621039032936096,-4.848259776830673,3.8861559629440308,-10.892999708652496,-1.1248433515429497,1.0558739522425067,0.9857584867837295,0.8802545504136519,1.291236367415298,11,-1.0429399944841862,0.13174798974701518,0,0,"Kumar Rocker",31843,677958
"Carson Palmquist","COL",-1.4199438020586967,-3.4892819821834564,2.0693381428718567,-12.132400244474411,-1.1618615090847015,0.9869464985124624,0.9217636440739487,0.875714293548039,0.8640285645212445,7,-1.051083592697978,-0.38764059772050263,0,0,"Carson Palmquist",31612,687223
"Aaron Civale","- - -",-0.7893196977674961,-4.67892587184906,3.8896062076091766,-6.585899941623211,-0.6965884929522872,0.9376728962791168,0.8595018251375719,0.8716909126801924,0.9186727153983983,11,-1.0638771168887615,0.22209135033873895,0,0,"Aaron Civale",19479,650644
"Trevor Williams","WSN",-1.7957898750901222,-7.566287685185671,5.7704977840185165,-14.388299852609634,-1.4537503700703382,0.9730685520725152,0.8582134755809655,0.8723529472070581,1.4304352854104603,17,-1.071898244030308,-0.7735933929826371,0,0,"Trevor Williams",16977,592866
"Tyler Anderson","LAA",-0.7502959123812616,-8.742347605526447,7.9920517057180405,-3.579199641942978,-0.39578206092119217,1.0344701258085107,0.9509849087247308,0.8600631669947976,1.3969052512394755,19,-1.1525315893813968,0.4272366836490027,0,0,"Tyler Anderson",12880,542881
"Lance McCullers Jr.","HOU",-1.1191759817302227,-4.0943859070539474,2.9752099039033055,-11.18599958717823,-1.2076356569305062,0.952938467837297,0.8575591025027361,0.8740000069141388,0.9424800146371126,10,-1.2091839369386435,0.03473666725269675,0,0,"Lance McCullers Jr.",14120,621121
"Mitchell Parker","WSN",-1.3965799324214458,-7.352933965623379,5.95635399222374,-16.767000183463097,-1.74338233564049,0.8099134673609113,0.7536240758167373,0.8726315843431574,0.7069263276889136,19,-1.2201573168858886,-0.5041996529669239,0,0,"Mitchell Parker",27636,680730
"Emerson Hancock","SEA",-0.9092580126598477,-6.344249837100506,5.434991728514433,-9.811700530350208,-1.1308073829859495,0.9493000032059078,0.9056430353394037,0.8766666730244954,1.0645733311772347,15,-1.2426602970808744,0.28484084107206076,0,0,"Emerson Hancock",27470,676106
"Cade Povich","BAL",-1.3213616833090782,-6.012923941016197,4.691562235355377,-12.247600048780441,-1.3250442072749138,0.9891959483156333,0.932867978300367,0.9054615405889658,1.207030774309085,13,-1.2615095116198063,-0.0742841555085767,0,0,"Cade Povich",30055,700249
"Tanner Houck","BOS",-0.5227419957518578,-3.967679798603058,3.4449377804994583,-16.969200551509857,-1.8647974580526352,0.9670839663946403,0.9897021182039951,0.8691111140780978,1.3533555441018608,9,-1.2628560587763786,0.7223218198512126,0,0,"Tanner Houck",19879,656557
"Ben Brown","CHC",-1.6947957295924425,-7.078157983720303,5.38336218893528,-16.813399955630302,-1.6930890521034598,0.9324524554887105,0.8286265124039478,0.8949124999344349,0.6516500043217093,16,-1.2747380789369345,-0.5428299049493623,1,1,"Ben Brown",23590,676962
"Angel Chivilli","COL",-0.6062887851148844,-2.512766390107572,1.9064776391605847,-5.5920000821352005,-0.51969841029495,0.7526239459653814,0.5985960074416969,0.7789839932322502,0.9712583072832786,24,-1.2888271985575557,0.4832605030450906,2,6,"Angel Chivilli",26790,683409
"Jack Kochanowicz","LAA",-1.923089787364006,-8.650621980428696,6.7275321036577225,-16.931800037622452,-1.7477326858788729,0.9808371320124846,0.8755049552067672,0.8825157974895678,1.0796210326646503,19,-1.3284798365202732,-0.63218185194803,0,0,"Jack Kochanowicz",27688,686799
"Walker Buehler","BOS",-0.8843798600137234,-6.369955852627754,5.485575973987579,-16.438199877738953,-1.790680194273591,0.9088916892021015,0.8292414727734356,0.8764625042676926,0.9284749892540276,16,-1.3585934722796082,0.3855623944070584,0,0,"Walker Buehler",19374,621111
"Zac Gallen","ARI",-1.6067375876009464,-9.669303983449936,8.062566339969635,-12.022899761795998,-1.15313776768744,0.963120569942497,0.9026403351992118,0.8816200077533722,0.8914500139653683,20,-1.4693601094186306,-0.19890203526474637,0,0,"Zac Gallen",19291,668678
"Osvaldo Bido","ATH",-1.052467968314886,-5.034811867401004,3.982343977317214,-10.5892995595932,-1.1489971354603767,0.9760301077457929,0.8836304524849201,0.9875076926098421,1.0776363640007647,11,-1.5633686557412148,0.4850535915208789,0,2,"Osvaldo Bido",23150,674370
"Zach Eflin","BAL",-0.9067578688263893,-5.156130030751228,4.249372113496065,-13.547899708151817,-1.4278870280832052,0.8666801484913602,0.8662093775346875,0.8861833413441976,0.9439999808867773,12,-1.6112252660095692,0.5649824618968953,0,0,"Zach Eflin",13774,621107
"Bowden Francis","TOR",-1.7213559187948704,-5.927641913294792,4.206285938620567,-18.633900612592697,-1.9790888903662562,0.9550746585408302,0.9141710348751234,0.8740142924445016,1.2808857240847178,14,-1.6512633468955755,-0.15106268427016611,0,0,"Bowden Francis",20548,670102
"Bryce Elder","ATL",-0.5677937809377909,-6.106399916112423,5.538606107234955,-10.896100386977196,-1.1380689842626452,0.8782501386361811,0.85537144080514,0.8702133377393086,1.0660933377842108,15,-1.6880542933940887,1.0415485247533827,0,0,"Bryce Elder",27779,693821
"Jackson Rutledge","WSN",-0.21726774363196455,-1.850773131067399,1.6335053841758054,-15.263000056147575,-1.6359022008255124,0.4950934029668853,0.4371333364793595,0.5478437451529317,0.547290917316621,22,-1.716274575330317,1.2774326470598718,3,4,"Jackson Rutledge",26215,671131
"Germán Márquez","COL",-1.5942081129178405,-9.562498062849045,7.96828992664814,-16.435999780893326,-1.6395472213625908,1.0492034329365252,0.9354514922245895,0.8783368499655473,1.0617473717582853,19,-1.8928218185901642,0.37337567223516355,0,0,"German Marquez",15038,608566
"Bailey Ober","MIN",-1.2668276084586978,-7.980232000350952,6.713404446840286,-12.133800394833088,-1.3209247747436166,0.9284729074231155,0.8650083408380548,0.8784588294870713,1.0267874918645248,16,-2.0148015841841698,0.6503809335324968,0,0,"Bailey Ober",21224,641927
"Eduardo Rodriguez","ARI",-1.5123157128691673,-7.371715724468231,5.859399996697903,-18.89979987591505,-1.9813574803993106,0.9520783601040693,0.8163356291151594,0.8784125074744225,1.0806750140618533,16,-2.0212777759879827,0.4328415965291199,0,0,"Eduardo Rodriguez",13164,593958
"Bryse Wilson","CHW",-0.5878258509328589,-3.1755279282224365,2.5877020551706664,-14.884000018239021,-1.5053078550845385,0.7202549390414882,0.5874113302771002,0.5782210511694613,1.0471333389480908,12,-2.033355042221956,1.2172192282626173,2,2,"Bryse Wilson",19990,669060
"Antonio Senzatela","COL",-1.8111059200018644,-8.617237910628319,6.806132078170776,-20.705299764871597,-2.019479325041175,0.9502199127347069,0.8314000004529953,0.8760736898372048,1.0144315663921206,19,-2.211979084648192,0.30599301160374126,1,0,"Antonio Senzatela",15488,622608