Name,Team,O-Swing%,Z-Swing%,Swing%,O-Contact%,Z-Contact%,Contact%,Zone%,F-Strike%,SwStr%,CStr%,CSW%,NameASCII,PlayerId,MLBAMID
"Fernando Cruz","NYY",0.33009709,0.60649819,0.42676768,0.33529412,0.77380952,0.55325444,0.34974747,0.555,0.19041614,0.17150063,0.36191677,"Fernando Cruz",7048,518585
"Mason Miller","- - -",0.37241379,0.67857143,0.49588477,0.34259259,0.76315789,0.5746888,0.40329218,0.58119658,0.21068859,0.14799589,0.35868448,"Mason Miller",31757,695243
"Griffin Jax","- - -",0.40561622,0.6460177,0.50503202,0.42307692,0.83561644,0.64130435,0.41354071,0.66431095,0.18115279,0.17108875,0.35224154,"Griffin Jax",20253,643377
"Jake Bird","- - -",0.31176471,0.57399103,0.43410042,0.53459119,0.85546875,0.73253012,0.4665272,0.60080645,0.11574557,0.23044838,0.34619395,"Jake Bird",21267,656234
"Garrett Cleavinger","TBR",0.33991228,0.65947242,0.49255441,0.44516129,0.79636364,0.66976744,0.47766323,0.68312757,0.1624714,0.18077803,0.34324943,"Garrett Cleavinger",17897,664076
"Josh Hader","HOU",0.41247485,0.73428571,0.54545455,0.43414634,0.75486381,0.61255411,0.41322314,0.71359223,0.21133412,0.12868949,0.34002361,"Josh Hader",14212,623352
"Braydon Fisher","TOR",0.30977131,0.60227273,0.43337335,0.51677852,0.86792453,0.72299169,0.42256903,0.5990099,0.11976048,0.21916168,0.33892216,"Braydon Fisher",24609,680755
"Bryan Abreu","HOU",0.33967391,0.66004415,0.46173255,0.432,0.76588629,0.61384335,0.38099243,0.57432432,0.17800168,0.15952981,0.33753149,"Bryan Abreu",16609,650556
"David Bednar","- - -",0.3375,0.64224138,0.47558594,0.56084656,0.79194631,0.70225873,0.453125,0.62549801,0.14160156,0.1953125,0.33691406,"David Bednar",19569,670280
"Edwin Díaz","NYM",0.33495146,0.67037862,0.47610122,0.44444444,0.74418605,0.62204724,0.420806,0.55426357,0.17994377,0.15651359,0.33645736,"Edwin Diaz",14710,621242
"Phil Maton","- - -",0.33913043,0.63741339,0.4672619,0.53846154,0.75724638,0.66666667,0.42956349,0.59274194,0.1555996,0.17938553,0.33498513,"Phil Maton",18064,664208
"Andrés Muñoz","SEA",0.33064516,0.6626506,0.46376812,0.47317073,0.78545455,0.65208333,0.40096618,0.59448819,0.16135266,0.17294686,0.33429952,"Andres Munoz",20373,662253
"Kyle Bradish","BAL",0.32862191,0.61137441,0.44939271,0.46236559,0.82945736,0.67567568,0.42712551,0.63492063,0.14574899,0.18623482,0.33198381,"Kyle Bradish",24586,680694
"Brendon Little","TOR",0.31929825,0.57922078,0.4,0.35897436,0.86098655,0.58467742,0.31048387,0.55932203,0.16612903,0.16290323,0.32903226,"Brendon Little",21574,663893
"Trevor Megill","MIL",0.35696822,0.64534884,0.48871182,0.47260274,0.86486486,0.70923913,0.45683931,0.66666667,0.14209827,0.18326693,0.32536521,"Trevor Megill",17722,656730
"Bennett Sousa","HOU",0.38518519,0.69659443,0.52335165,0.41025641,0.82222222,0.65354331,0.44368132,0.5879397,0.18131868,0.14285714,0.32417582,"Bennett Sousa",21345,656986
"Ronny Henriquez","MIA",0.37911302,0.66448802,0.49222798,0.47924528,0.81639344,0.65964912,0.39637306,0.61716172,0.16709733,0.15590009,0.32299742,"Ronny Henriquez",24094,678692
"Raisel Iglesias","ATL",0.35984848,0.70412844,0.51556017,0.58421053,0.79478827,0.71428571,0.45228216,0.62030075,0.14699793,0.17598344,0.32298137,"Raisel Iglesias",17130,628452
"Dylan Lee","ATL",0.35641892,0.69607843,0.51361162,0.53554502,0.76619718,0.68021201,0.46279492,0.67293233,0.16409791,0.1586582,0.32275612,"Dylan Lee",19996,669276
"Nolan McLean","NYM",0.27980535,0.60365854,0.42354533,0.56521739,0.84343434,0.74121406,0.44384303,0.58510638,0.10945946,0.21216216,0.32162162,"Nolan McLean",33703,690997
"Tarik Skubal","DET",0.37949762,0.72165698,0.54475254,0.54561717,0.78046324,0.69587629,0.48297648,0.71524064,0.16567217,0.15514216,0.32081432,"Tarik Skubal",22267,669373
"Shelby Miller","- - -",0.36317136,0.68051118,0.50426136,0.51408451,0.81690141,0.69577465,0.44460227,0.69354839,0.15319149,0.16737589,0.32056738,"Shelby Miller",10197,571946
"Abner Uribe","MIL",0.29541864,0.64218456,0.45360825,0.50802139,0.82697947,0.71401515,0.45618557,0.55033557,0.12950257,0.18867925,0.31818182,"Abner Uribe",25327,682842
"Anthony Bender","MIA",0.26108374,0.57824934,0.4137931,0.55660377,0.9266055,0.80555556,0.48148148,0.57843137,0.08025478,0.23694268,0.31719745,"Anthony Bender",19742,669622
"Garrett Whitlock","BOS",0.38356164,0.70936902,0.5279661,0.53571429,0.79784367,0.6918138,0.44322034,0.6894198,0.16271186,0.15423729,0.31694915,"Garrett Whitlock",20191,676477
"Reid Detmers","LAA",0.35263158,0.64132554,0.48938135,0.53731343,0.80243161,0.70188679,0.47368421,0.61278195,0.14575646,0.17066421,0.31642066,"Reid Detmers",27468,672282
"Andrew Kittredge","- - -",0.42633929,0.675,0.52994792,0.52356021,0.89814815,0.72235872,0.41666667,0.72596154,0.14713542,0.16927083,0.31640625,"Andrew Kittredge",12828,552640
"Aroldis Chapman","BOS",0.39468303,0.75934579,0.5648855,0.52331606,0.75384615,0.66795367,0.46673937,0.71052632,0.18695652,0.12826087,0.31521739,"Aroldis Chapman",10233,547973
"Joey Cantillo","CLE",0.25342466,0.6346912,0.43066585,0.57657658,0.78467909,0.71914894,0.46487477,0.60349127,0.12095296,0.19425779,0.31521075,"Joey Cantillo",23335,676282
"Parker Messick","CLE",0.31778426,0.63120567,0.4592,0.59633028,0.84269663,0.74912892,0.4512,0.72121212,0.1152,0.2,0.3152,"Parker Messick",31986,800048
"Cole Ragans","KCR",0.32615894,0.70315789,0.49212234,0.58375635,0.73652695,0.67984934,0.44022243,0.59922179,0.15755329,0.15755329,0.31510658,"Cole Ragans",21846,666142
"JoJo Romero","STL",0.27678571,0.59069767,0.41313131,0.58064516,0.84251969,0.74327628,0.43434343,0.58823529,0.10595358,0.20887992,0.3148335,"JoJo Romero",19574,668941
"Tommy Nance","TOR",0.34126984,0.61722488,0.46637744,0.56976744,0.89922481,0.76744186,0.45336226,0.61111111,0.10845987,0.20607375,0.31453362,"Tommy Nance",19178,667297
"Pierce Johnson","ATL",0.29827916,0.60898876,0.4411157,0.63461538,0.84132841,0.76580796,0.45971074,0.65966387,0.10298661,0.21112255,0.31410917,"Pierce Johnson",13435,572955
"Gabe Speier","SEA",0.38271605,0.67356322,0.52008686,0.58064516,0.82593857,0.73068894,0.4723127,0.69135802,0.14006515,0.17372421,0.31378936,"Gabe Speier",17170,642100
"Cristopher Sánchez","PHI",0.35407592,0.66408068,0.49205801,0.56239016,0.82009346,0.71719298,0.44509669,0.65551425,0.13910942,0.17466344,0.31377287,"Cristopher Sanchez",20778,650911
"Dennis Santana","PIT",0.37191651,0.67368421,0.51497006,0.55612245,0.8625,0.74612403,0.4740519,0.69259259,0.13073852,0.18263473,0.31337325,"Dennis Santana",17878,642701
"Grant Taylor","CHW",0.29581994,0.66220736,0.47540984,0.48913043,0.82323232,0.71724138,0.49016393,0.59235669,0.13442623,0.17868852,0.31311475,"Grant Taylor",33927,691799
"Jeremiah Estrada","SDP",0.37377964,0.71483622,0.51699029,0.54850746,0.76280323,0.67292645,0.41990291,0.63815789,0.16909385,0.14401294,0.3131068,"Jeremiah Estrada",22210,669093
"Matt Brash","SEA",0.33202358,0.56549521,0.42092457,0.52071006,0.88700565,0.70809249,0.38077859,0.61306533,0.12287105,0.18978102,0.31265207,"Matt Brash",25756,666374
"Chris Sale","ATL",0.34751131,0.6511879,0.4859675,0.5546875,0.83747927,0.72745694,0.45593304,0.67254902,0.13244707,0.17922206,0.31166913,"Chris Sale",10603,519242
"Robert Garcia","TEX",0.35969868,0.6893424,0.50925926,0.62827225,0.79934211,0.73333333,0.4537037,0.7063197,0.1356629,0.17574512,0.31140802,"Robert Garcia",23363,676395
"Orion Kerkering","PHI",0.28196147,0.59163347,0.42684063,0.65838509,0.83164983,0.77074236,0.46784716,0.61654135,0.09785648,0.21248835,0.31034483,"Orion Kerkering",31776,689147
"Adrian Morejon","SDP",0.35260116,0.61458333,0.47847848,0.65027322,0.86440678,0.78242678,0.48048048,0.68881119,0.104,0.206,0.31,"Adrian Morejon",20039,670970
"Devin Williams","NYY",0.3704246,0.69605568,0.49640934,0.57312253,0.73666667,0.66184448,0.38689408,0.59073359,0.16756272,0.14157706,0.30913978,"Devin Williams",15816,642207
"Nabil Crismatt","ARI",0.36633663,0.61038961,0.47191011,0.64864865,0.87234043,0.77380952,0.43258427,0.64052288,0.10674157,0.20224719,0.30898876,"Nabil Crismatt",17732,622503
"Cade Smith","CLE",0.34713376,0.71299639,0.51861252,0.54587156,0.77974684,0.69657423,0.46869712,0.62,0.15736041,0.15143824,0.30879865,"Cade Smith",27867,671922
"Taylor Rogers","- - -",0.29102845,0.59954233,0.44183445,0.54135338,0.88167939,0.76708861,0.48881432,0.61538462,0.10290828,0.20581655,0.30872483,"Taylor Rogers",13449,573124
"Sonny Gray","STL",0.33863781,0.65387969,0.47167035,0.54135338,0.88666667,0.74336973,0.42200147,0.64674635,0.12077827,0.18759178,0.30837004,"Sonny Gray",12768,543243
"Randy Rodríguez","SFG",0.33333333,0.68681319,0.49257426,0.52702703,0.824,0.71356784,0.45049505,0.57070707,0.14108911,0.16707921,0.30816832,"Randy Rodriguez",23974,678495
"Logan Gilbert","SEA",0.33894029,0.71768356,0.50881262,0.47394541,0.82276657,0.6946217,0.44851577,0.68971963,0.15538033,0.15213358,0.30751391,"Logan Gilbert",22250,669302
"Scott Barlow","CIN",0.30533333,0.56787763,0.41319717,0.54585153,0.84511785,0.7148289,0.41084053,0.56105611,0.11764706,0.18980392,0.30745098,"Scott Barlow",14993,605130
"Lake Bachar","MIA",0.323217,0.65289256,0.46281715,0.58215962,0.81012658,0.71833648,0.42344707,0.58783784,0.13035871,0.17672791,0.30708661,"Lake Bachar",19222,669199
"Edward Cabrera","MIA",0.32071097,0.62108559,0.44849023,0.48192771,0.88571429,0.71980198,0.42539964,0.62650602,0.1256103,0.18109188,0.30670217,"Edward Cabrera",21690,665795
"Gregory Soto","- - -",0.33161512,0.65033408,0.47041707,0.5388601,0.84931507,0.7257732,0.43549952,0.62724014,0.12887597,0.17732558,0.30620155,"Gregory Soto",19677,642397
"José Fermin","LAA",0.29805014,0.65034965,0.45426357,0.48598131,0.8172043,0.69624573,0.44341085,0.51973684,0.13692308,0.16923077,0.30615385,"Jose Fermin",33908,820862
"Brandon Woodruff","MIL",0.30555556,0.67741935,0.49688797,0.63636364,0.80357143,0.75365344,0.51452282,0.65758755,0.12240664,0.18360996,0.3060166,"Brandon Woodruff",16162,605540
"Jesús Luzardo","PHI",0.33391916,0.66385911,0.47693329,0.52631579,0.84198385,0.71677105,0.43345503,0.67414248,0.13499171,0.1708126,0.30580431,"Jesus Luzardo",19959,666200
"Steven Okert","HOU",0.32,0.72055888,0.51094196,0.53409091,0.76731302,0.69087523,0.47668887,0.59057971,0.15764482,0.14814815,0.30579297,"Steven Okert",13580,595345
"Hunter Greene","CIN",0.36111111,0.7134434,0.53203661,0.54461538,0.8,0.71075269,0.48512586,0.68809524,0.15389016,0.15160183,0.30549199,"Hunter Greene",22182,668881
"Mason Fluharty","TOR",0.3079922,0.68786127,0.46100116,0.52531646,0.81512605,0.69949495,0.40279395,0.57209302,0.13853318,0.16647264,0.30500582,"Mason Fluharty",31553,689254
"Aaron Ashby","MIL",0.26760563,0.59179266,0.41319108,0.52631579,0.87956204,0.75352113,0.44907856,0.5962963,0.10164569,0.20329138,0.30493708,"Aaron Ashby",23550,676879
"Eduard Bazardo","SEA",0.2688,0.59432387,0.42810458,0.73809524,0.86235955,0.82251908,0.48937908,0.65175719,0.07598039,0.22875817,0.30473856,"Eduard Bazardo",20997,660825
"Logan Webb","SFG",0.32864583,0.64464023,0.45978062,0.58954041,0.89635535,0.76805832,0.41499086,0.68341121,0.10664229,0.19744059,0.30408288,"Logan Webb",17995,657277
"Spencer Schwellenbach","ATL",0.36732187,0.67852437,0.51748252,0.56521739,0.84271845,0.74078624,0.48251748,0.68894009,0.13413859,0.16910362,0.30324221,"Spencer Schwellenbach",31846,680885
"Mason Montgomery","TBR",0.34388186,0.70909091,0.50756694,0.54601227,0.75824176,0.67889908,0.44819558,0.67464115,0.16298021,0.13969732,0.30267753,"Mason Montgomery",29770,682254
"Tim Herrin","CLE",0.28884026,0.6109215,0.41466667,0.49242424,0.87150838,0.71061093,0.39066667,0.55154639,0.12,0.18266667,0.30266667,"Tim Herrin",25139,682120
"Aaron Bummer","ATL",0.31090909,0.58638743,0.42381974,0.6374269,0.90178571,0.78734177,0.40987124,0.55744681,0.09012876,0.21244635,0.30257511,"Aaron Bummer",16258,607481
"Jeff Hoffman","TOR",0.37121212,0.69807281,0.50665484,0.52653061,0.84355828,0.70753065,0.41437445,0.67944251,0.14804965,0.15425532,0.30230496,"Jeff Hoffman",17432,656546
"Ryan Walker","SFG",0.28388278,0.60381356,0.43222004,0.67741935,0.85614035,0.79318182,0.46365422,0.59022556,0.08930324,0.21295388,0.30225711,"Ryan Walker",20423,676254
"Bryan King","HOU",0.32645403,0.67251462,0.49617591,0.66091954,0.84057971,0.78034682,0.49043977,0.64727273,0.10898662,0.19311663,0.30210325,"Bryan King",25890,687911
"Ben Brown","CHC",0.31368421,0.66749073,0.47640705,0.48322148,0.87037037,0.7326969,0.45992041,0.65466102,0.12734508,0.17453098,0.30187607,"Ben Brown",23590,676962
"Kris Bubic","KCR",0.34809475,0.65291262,0.48802228,0.56804734,0.82527881,0.7260274,0.45905292,0.62184874,0.13370474,0.16768802,0.30139276,"Kris Bubic",21455,663460
"Blake Snell","LAD",0.37670197,0.63760218,0.46984436,0.56626506,0.79059829,0.67494824,0.35700389,0.64173228,0.15257532,0.14868805,0.30126336,"Blake Snell",13543,605483
"Reed Garrett","NYM",0.34109817,0.62962963,0.45250255,0.54634146,0.84033613,0.70428894,0.38610827,0.63865546,0.13381001,0.16649642,0.30030644,"Reed Garrett",16866,657585
"Jason Adam","SDP",0.34992224,0.67792793,0.48390064,0.52444444,0.81063123,0.68821293,0.40846366,0.55555556,0.15059688,0.1496786,0.30027548,"Jason Adam",11861,592094
"Shohei Ohtani","LAD",0.32678133,0.70231214,0.49933599,0.52631579,0.81893004,0.71542553,0.45949535,0.62765957,0.14209827,0.15803453,0.3001328,"Shohei Ohtani",19755,660271
"Tylor Megill","NYM",0.31232493,0.63461538,0.44813614,0.55605381,0.83333333,0.72151899,0.42139384,0.61639344,0.12479741,0.17504052,0.29983793,"Tylor Megill",21318,656731
"Yoshinobu Yamamoto","LAD",0.3335396,0.64961637,0.46647544,0.56215213,0.84645669,0.72867025,0.42058085,0.61842105,0.12643266,0.17335244,0.2997851,"Yoshinobu Yamamoto",33825,808967
"Ronel Blanco","HOU",0.34719335,0.67412141,0.47607053,0.56287425,0.8056872,0.6984127,0.39420655,0.5879397,0.14357683,0.15617128,0.29974811,"Ronel Blanco",19407,669854
"Jakob Junis","CLE",0.3041958,0.61521739,0.44282946,0.59195402,0.90812721,0.78774617,0.44573643,0.61678832,0.09399225,0.20542636,0.2994186,"Jakob Junis",13619,596001
"Mark Leiter Jr.","NYY",0.28600823,0.67630058,0.44831731,0.50359712,0.84188034,0.71581769,0.41586538,0.59817352,0.12740385,0.171875,0.29927885,"Mark Leiter Jr.",15551,643410
"Hunter Gaddis","CLE",0.36918138,0.70422535,0.50524309,0.55652174,0.81333333,0.70188679,0.40610105,0.66788321,0.15019011,0.14828897,0.29847909,"Hunter Gaddis",25636,683769
"Johan Oviedo","PIT",0.25994695,0.63541667,0.42255639,0.57142857,0.80327869,0.72241993,0.43308271,0.51764706,0.11694153,0.1814093,0.29835082,"Johan Oviedo",22487,670912
"Luis L. Ortiz","CLE",0.27771156,0.6978852,0.46302465,0.55364807,0.83766234,0.74244604,0.44103931,0.63089005,0.11917443,0.17909454,0.29826897,"Luis L. Ortiz",27646,682847
"Shane Bieber","TOR",0.32717678,0.65413534,0.4620155,0.55645161,0.86206897,0.73489933,0.4124031,0.61006289,0.12248062,0.1751938,0.29767442,"Shane Bieber",19427,669456
"Jared Koenig","MIL",0.27374302,0.61188119,0.43761996,0.65306122,0.86407767,0.79605263,0.48464491,0.60820896,0.08916587,0.20805369,0.29721956,"Jared Koenig",27517,657649
"Tony Gonsolin","LAD",0.26315789,0.65543071,0.43513957,0.54444444,0.81142857,0.72075472,0.43842365,0.64968153,0.12151067,0.17569787,0.29720854,"Tony Gonsolin",19388,664062
"Jordan Romano","PHI",0.28342246,0.67278287,0.46504993,0.51886792,0.85454545,0.74539877,0.46647646,0.60962567,0.11840228,0.17831669,0.29671897,"Jordan Romano",16122,605447
"Emmet Sheehan","LAD",0.36911765,0.69313305,0.5008726,0.50996016,0.82662539,0.68815331,0.40663176,0.65292096,0.15619546,0.14048866,0.29668412,"Emmet Sheehan",29839,686218
"Jimmy Herget","COL",0.28715729,0.67120954,0.46328125,0.5678392,0.84517766,0.75210793,0.45859375,0.63976945,0.11457521,0.18160561,0.29618083,"Jimmy Herget",17556,623474
"Dylan Cease","SDP",0.34721471,0.71129707,0.49014455,0.52024922,0.80352941,0.68163539,0.39257556,0.60110803,0.15594222,0.13985555,0.29579777,"Dylan Cease",18525,656302
"Jonathan Bowlan","KCR",0.34396355,0.69097222,0.48143054,0.51655629,0.82914573,0.69428571,0.39614856,0.67777778,0.14718019,0.14855571,0.2957359,"Jonathan Bowlan",24607,680742
"Edwin Uceta","TBR",0.3676681,0.74368932,0.52718287,0.54085603,0.76240209,0.6734375,0.42421746,0.62928349,0.17215815,0.12355848,0.29571664,"Edwin Uceta",20539,670955
"Tyler Kinley","- - -",0.34520548,0.6989899,0.48816327,0.52777778,0.83526012,0.70568562,0.40408163,0.5974026,0.14367347,0.15183673,0.2955102,"Tyler Kinley",18297,641755
"Carlos Rodón","NYY",0.32864322,0.65299426,0.45185416,0.58409786,0.83919598,0.72413793,0.37986912,0.62103929,0.12449424,0.17086835,0.29536259,"Carlos Rodon",16137,607074
"Emmanuel Clase","CLE",0.35714286,0.75588235,0.53887399,0.55862069,0.80155642,0.71393035,0.45576408,0.59701493,0.1541555,0.14075067,0.29490617,"Emmanuel Clase",21032,661403
"Aaron Nola","PHI",0.36192469,0.62908497,0.46619898,0.65028902,0.85714286,0.75923393,0.39030612,0.61386139,0.1122449,0.18239796,0.29464286,"Aaron Nola",16149,605400
"Ryan Borucki","- - -",0.31666667,0.67521368,0.45791246,0.55263158,0.82911392,0.71323529,0.39393939,0.57241379,0.13131313,0.16329966,0.29461279,"Ryan Borucki",16350,621366
"Ryan Helsley","- - -",0.35160681,0.73555556,0.52808989,0.48924731,0.84592145,0.71760155,0.45965271,0.57142857,0.14867617,0.14562118,0.29429735,"Ryan Helsley",18138,664854
"Reese Olson","DET",0.31693989,0.65807963,0.44262295,0.51724138,0.87544484,0.71345029,0.36842105,0.61403509,0.12683348,0.16738568,0.29421915,"Reese Olson",24968,681857
"Jack Flaherty","DET",0.32009484,0.65384615,0.45496291,0.58888889,0.86764706,0.7507764,0.40409749,0.64170338,0.1133875,0.17979513,0.29318262,"Jack Flaherty",17479,656427
"Tanner Scott","LAD",0.38509317,0.7453271,0.55433589,0.58064516,0.80564263,0.72277228,0.46981339,0.65966387,0.15367728,0.13940724,0.29308452,"Tanner Scott",17586,656945
"Paul Skenes","PIT",0.34193548,0.69659443,0.49482816,0.58662093,0.80888889,0.72151045,0.43109776,0.60845839,0.13780447,0.15515516,0.29295963,"Paul Skenes",33677,694973
"Alex Vesia","LAD",0.32358318,0.69747899,0.49755621,0.59887006,0.78614458,0.72102161,0.46529814,0.60759494,0.13867188,0.15332031,0.29199219,"Alex Vesia",25007,681911
"Brant Hurter","DET",0.28643216,0.63736264,0.43821293,0.60233918,0.85172414,0.75921909,0.43250951,0.59927798,0.10551331,0.18631179,0.2918251,"Brant Hurter",30133,676428
"José Castillo","- - -",0.34539474,0.60669456,0.46040516,0.63809524,0.89655172,0.788,0.44014733,0.6442953,0.09724771,0.19449541,0.29174312,"Jose Castillo",17169,620454
"Graham Ashcraft","CIN",0.41772152,0.61916462,0.49663138,0.60227273,0.87301587,0.73449612,0.39172281,0.61619718,0.13185756,0.15976901,0.29162656,"Graham Ashcraft",27552,668933
"Juan Mejia","COL",0.33387889,0.67170626,0.47951583,0.60294118,0.80707395,0.72621359,0.4310987,0.54789272,0.13128492,0.16014898,0.29143389,"Juan Mejia",23237,675848
"Rico Garcia","- - -",0.29936306,0.74264706,0.50511945,0.64893617,0.75247525,0.71959459,0.46416382,0.61971831,0.14139693,0.14991482,0.29131175,"Rico Garcia",20023,670329
"Matt Festa","CLE",0.32624113,0.7106599,0.51162791,0.60869565,0.825,0.75358852,0.48225214,0.65044248,0.12607099,0.16523868,0.29130967,"Matt Festa",19330,670036
"Ryan Zeferjahn","LAA",0.27586207,0.66815145,0.44703596,0.525,0.81333333,0.71304348,0.43634597,0.57976654,0.12815534,0.1631068,0.29126214,"Ryan Zeferjahn",25420,666171
"Grant Anderson","MIL",0.3220339,0.67976424,0.47927461,0.52631579,0.84682081,0.72612613,0.43955095,0.62876254,0.13126079,0.1597582,0.291019,"Grant Anderson",20546,681982
"Nathan Eovaldi","TEX",0.33172613,0.71088435,0.5059927,0.59593023,0.82934609,0.74665294,0.45961438,0.62096774,0.128125,0.1625,0.290625,"Nathan Eovaldi",9132,543135
"Garrett Crochet","BOS",0.35946574,0.70308123,0.5152381,0.56219709,0.84063745,0.73444239,0.45333333,0.63636364,0.13678197,0.15360203,0.29038401,"Garrett Crochet",27463,676979
"Bryan Baker","- - -",0.33561644,0.70849421,0.51088929,0.61734694,0.80926431,0.74245115,0.47005445,0.63868613,0.13157895,0.15880218,0.29038113,"Bryan Baker",19804,641329
"Matt Svanson","STL",0.26679463,0.64334086,0.43983402,0.6618705,0.84912281,0.78773585,0.45954357,0.65384615,0.09326425,0.19689119,0.29015544,"Matt Svanson",29629,694335
"Landen Roupp","SFG",0.31181818,0.61251664,0.43381956,0.65306122,0.86304348,0.77334994,0.40572663,0.61134454,0.09832523,0.19178822,0.29011345,"Landen Roupp",30076,694738
"Cade Cavalli","WSN",0.35616438,0.66,0.49111675,0.60897436,0.83982684,0.74677003,0.44416244,0.61187215,0.12405063,0.16582278,0.28987342,"Cade Cavalli",27473,676917
"Shawn Armstrong","TEX",0.29109589,0.67602996,0.47495528,0.67647059,0.83379501,0.7834275,0.47763864,0.68661972,0.10286225,0.18694097,0.28980322,"Shawn Armstrong",12857,542888
"Ryan Yarbrough","NYY",0.30236486,0.66117647,0.45231072,0.64804469,0.81850534,0.75217391,0.41789577,0.68939394,0.11198428,0.17779961,0.28978389,"Ryan Yarbrough",16502,642232
"Kody Funderburk","MIN",0.2755102,0.59036145,0.4198895,0.62962963,0.8877551,0.79605263,0.45856354,0.61748634,0.08539945,0.20385675,0.2892562,"Kody Funderburk",24993,681892
"Tyler Glasnow","LAD",0.25966184,0.62576687,0.42094595,0.47906977,0.875,0.73836276,0.44054054,0.55464481,0.10983827,0.17924528,0.28908356,"Tyler Glasnow",14374,607192
"Jacob deGrom","TEX",0.35819892,0.72557726,0.51644989,0.54971857,0.8372093,0.7237037,0.43075746,0.63527653,0.14252961,0.14635078,0.2888804,"Jacob deGrom",10954,594798
"Pete Fairbanks","TBR",0.34901961,0.66666667,0.50253293,0.52808989,0.87421384,0.75,0.48328267,0.61065574,0.12563323,0.16312057,0.2887538,"Pete Fairbanks",17998,664126
"Zack Wheeler","PHI",0.34258583,0.71317073,0.50125313,0.554371,0.81121751,0.71083333,0.42815372,0.61367521,0.1449457,0.14369256,0.28863826,"Zack Wheeler",10310,554430
"Brock Stewart","- - -",0.31626506,0.73741007,0.50819672,0.53333333,0.80487805,0.71290323,0.4557377,0.64779874,0.14590164,0.14262295,0.28852459,"Brock Stewart",16727,592779
"Bubba Chandler","PIT",0.33204633,0.71287129,0.4989154,0.56976744,0.82638889,0.73043478,0.43817787,0.58870968,0.13449024,0.15401302,0.28850325,"Bubba Chandler",29868,696149
"Will Vest","DET",0.33232628,0.67578947,0.47581354,0.62272727,0.83800623,0.75046211,0.41776605,0.64788732,0.11873351,0.16974494,0.28847845,"Will Vest",19769,676684
"Max Meyer","MIA",0.31560284,0.65546218,0.47115385,0.50561798,0.88461538,0.74693878,0.45769231,0.62807018,0.11923077,0.16923077,0.28846154,"Max Meyer",27474,676974
"Brad Keller","CHC",0.32589286,0.63718821,0.4492363,0.60273973,0.88256228,0.76,0.39622642,0.63043478,0.10771993,0.18043088,0.28815081,"Brad Keller",15734,641745
"Tyler Phillips","MIA",0.36363636,0.63876652,0.47576302,0.5375,0.91034483,0.74150943,0.40754039,0.61341853,0.12298025,0.16517056,0.28815081,"Tyler Phillips",20629,663969
"Mike Burrows","PIT",0.31034483,0.69683908,0.48536109,0.61685824,0.82680412,0.75335121,0.45283019,0.6318408,0.11963589,0.16840052,0.28803641,"Mike Burrows",24728,681347
"Seranthony Domínguez","- - -",0.30276565,0.68038741,0.44454545,0.50961538,0.82562278,0.69120654,0.37545455,0.54022989,0.13702359,0.15063521,0.2876588,"Seranthony Dominguez",19249,622554
"Dylan Dodd","ATL",0.36551724,0.74796748,0.54104478,0.51886792,0.82065217,0.71034483,0.45895522,0.75735294,0.15671642,0.13059701,0.28731343,"Dylan Dodd",29928,689266
"Caleb Thielbar","CHC",0.34193548,0.68181818,0.49344458,0.65408805,0.83921569,0.76811594,0.44576877,0.65,0.11428571,0.17261905,0.28690476,"Caleb Thielbar",10078,573204
"Jacob Misiorowski","MIL",0.33386328,0.68598131,0.49570447,0.58571429,0.82561308,0.73830156,0.45962199,0.57875458,0.12961373,0.15708155,0.28669528,"Jacob Misiorowski",31623,694819
"Ryan Weathers","MIA",0.29881657,0.69407895,0.48598131,0.51485149,0.82938389,0.7275641,0.47352025,0.56024096,0.13239875,0.15420561,0.28660436,"Ryan Weathers",23796,677960
"Yohan Ramírez","PIT",0.31097561,0.71014493,0.49337748,0.55882353,0.85204082,0.75167785,0.45695364,0.59354839,0.12251656,0.16390728,0.28642384,"Yohan Ramirez",19444,670990
"Corbin Burnes","ARI",0.32952692,0.66414141,0.46085233,0.56435644,0.90114068,0.75483871,0.39246779,0.65660377,0.11298315,0.17343905,0.2864222,"Corbin Burnes",19361,669203
"Chase Burns","CIN",0.37268519,0.72289157,0.52486911,0.47826087,0.84583333,0.69825436,0.43455497,0.66489362,0.15816993,0.12810458,0.28627451,"Chase Burns",35333,695505
"J.T. Ginn","ATH",0.30010173,0.63682432,0.42666667,0.52881356,0.87267905,0.72172619,0.37587302,0.54336735,0.11865482,0.16751269,0.28616751,"J.T. Ginn",27889,669372
"George Soriano","MIA",0.31592689,0.64724919,0.46387283,0.5785124,0.895,0.77570093,0.44653179,0.61849711,0.10404624,0.18208092,0.28612717,"George Soriano",21863,666277
"Sean Manaea","NYM",0.35929204,0.7,0.52420091,0.62561576,0.8328841,0.75958188,0.48401826,0.64638783,0.1260274,0.15981735,0.28584475,"Sean Manaea",15873,640455
"Nick Pivetta","SDP",0.31841764,0.66004584,0.47527183,0.6598778,0.84722222,0.77933579,0.45913714,0.63384189,0.10483871,0.18092567,0.28576438,"Nick Pivetta",15454,601713
"Jacob Lopez","ATH",0.31314168,0.64927536,0.45252404,0.62295082,0.81696429,0.73837981,0.41466346,0.66165414,0.1182473,0.16746699,0.28571429,"Jacob Lopez",25098,682052
"Will Warren","NYY",0.27680194,0.64118158,0.42648108,0.64989059,0.85501355,0.77656904,0.41077802,0.63853727,0.09508547,0.19052707,0.28561254,"Will Warren",30182,701542
"Framber Valdez","HOU",0.33353511,0.65157639,0.4697127,0.56624319,0.88461538,0.75534267,0.42817584,0.61970075,0.11456177,0.17046239,0.28502415,"Framber Valdez",17295,664285
"Clarke Schmidt","NYY",0.31140351,0.68081181,0.47471452,0.57746479,0.85907859,0.75601375,0.44208809,0.65506329,0.11572942,0.16870416,0.28443358,"Clarke Schmidt",19899,657376
"Nick Lodolo","CIN",0.35483871,0.68421053,0.49878935,0.59393939,0.85560054,0.75080906,0.437046,0.67757009,0.12424365,0.16014522,0.28438887,"Nick Lodolo",26378,666157
"Spencer Arrighetti","HOU",0.28125,0.64285714,0.4368932,0.57575758,0.85964912,0.75555556,0.43042071,0.62179487,0.10662359,0.17770598,0.28432956,"Spencer Arrighetti",29921,681293
"Ryan Thompson","ARI",0.38860104,0.60606061,0.47692308,0.64666667,0.86875,0.76129032,0.40615385,0.66857143,0.11367127,0.17050691,0.28417819,"Ryan Thompson",16647,657044
"Kevin Gausman","TOR",0.34590454,0.72993248,0.51485149,0.59795571,0.84994861,0.75512821,0.43993399,0.68774194,0.12607261,0.15775578,0.28382838,"Kevin Gausman",14107,592332
"Elvis Alvarado","ATH",0.2989011,0.71935484,0.46928105,0.51470588,0.79820628,0.6908078,0.40522876,0.54644809,0.14509804,0.13856209,0.28366013,"Elvis Alvarado",21662,665660
"Drew Pomeranz","CHC",0.31850117,0.70430108,0.49812265,0.56617647,0.8740458,0.76884422,0.46558198,0.65517241,0.11485643,0.16853933,0.28339576,"Drew Pomeranz",11426,519141
"Kyle Hart","SDP",0.2835443,0.64864865,0.43994211,0.71428571,0.859375,0.80592105,0.42836469,0.63128492,0.08526012,0.19797688,0.28323699,"Kyle Hart",19646,606996
"Camilo Doval","- - -",0.32171157,0.67230444,0.47192029,0.51231527,0.87421384,0.73320537,0.42844203,0.55755396,0.12533814,0.15779982,0.28313796,"Camilo Doval",21992,666808
"Hunter Brown","HOU",0.31629756,0.632806,0.44463201,0.61759425,0.83947368,0.74563402,0.40546928,0.5569273,0.11302294,0.17004049,0.28306343,"Hunter Brown",25880,686613
"Cade Gibson","MIA",0.2959381,0.5831202,0.41960352,0.62091503,0.9122807,0.79527559,0.43061674,0.56086957,0.08590308,0.19713656,0.28303965,"Cade Gibson",31815,806188
"Jose A. Ferrer","WSN",0.32805071,0.68630849,0.49917219,0.59903382,0.85606061,0.76782753,0.47764901,0.66975309,0.11541632,0.16735367,0.28276999,"Jose A. Ferrer",24017,678606
"Mason Englert","TBR",0.33753149,0.6911315,0.49723757,0.58208955,0.86283186,0.75833333,0.45165746,0.71351351,0.12,0.16275862,0.28275862,"Mason Englert",22288,669438
"AJ Smith-Shawver","ATL",0.32451923,0.65423729,0.46132208,0.60740741,0.86010363,0.75609756,0.41490858,0.59895833,0.11251758,0.17018284,0.28270042,"AJ Smith-Shawver",29960,700363
"Brandon Eisert","CHW",0.35110533,0.66219239,0.46546053,0.58888889,0.7972973,0.69787986,0.36759868,0.5751634,0.14050945,0.14215283,0.28266228,"Brandon Eisert",27668,685126
"Lance McCullers Jr.","HOU",0.23788546,0.63304721,0.39843069,0.54320988,0.8779661,0.75929978,0.40627724,0.54014599,0.09590235,0.18657367,0.28247602,"Lance McCullers Jr.",14120,621121
"Cade Horton","CHC",0.32061856,0.67848411,0.48434004,0.56270096,0.89009009,0.77251732,0.45749441,0.67226891,0.11005587,0.17206704,0.28212291,"Cade Horton",31872,690990
"Porter Hodge","CHC",0.32132964,0.64638783,0.45833333,0.56034483,0.87647059,0.74825175,0.42147436,0.55782313,0.11538462,0.16666667,0.28205128,"Porter Hodge",26413,687863
"Enyel De Los Santos","- - -",0.335,0.72673267,0.51402715,0.59701493,0.80381471,0.7306338,0.45701357,0.65714286,0.13783784,0.14414414,0.28198198,"Enyel De Los Santos",18403,660853
"Jameson Taillon","CHC",0.31792453,0.66702938,0.48004042,0.6735905,0.88091354,0.80736842,0.46437595,0.67822736,0.09247094,0.18948964,0.28196059,"Jameson Taillon",11674,592791
"Tyler Holton","DET",0.33529412,0.66597077,0.47195858,0.63596491,0.87147335,0.77330896,0.41328732,0.63782051,0.10689655,0.175,0.28189655,"Tyler Holton",26231,663947
"Justin Wilson","BOS",0.34249471,0.72303207,0.50245098,0.59259259,0.77419355,0.70243902,0.42034314,0.61835749,0.14878049,0.13292683,0.28170732,"Justin Wilson",4301,458677
"Joe Boyle","TBR",0.25,0.65668203,0.43897216,0.56,0.83157895,0.74878049,0.46466809,0.5840708,0.11027837,0.17130621,0.28158458,"Joe Boyle",29608,671212
"Hayden Wesneski","HOU",0.30798479,0.65306122,0.47440945,0.64197531,0.8625,0.78838174,0.48228346,0.64885496,0.1003937,0.18110236,0.28149606,"Hayden Wesneski",27581,669713
"Jhoan Duran","- - -",0.35093697,0.74691358,0.53028891,0.51456311,0.82369146,0.71177504,0.45293569,0.57491289,0.1528425,0.12861137,0.28145387,"Jhoan Duran",21029,661395
"Félix Bautista","BAL",0.28877005,0.69322709,0.4512,0.51851852,0.78735632,0.68439716,0.4016,0.48591549,0.14149444,0.13990461,0.28139905,"Felix Bautista",20666,642585
"Michael King","SDP",0.3037448,0.63855422,0.44052502,0.65296804,0.83962264,0.76350093,0.40853158,0.60714286,0.10418376,0.17719442,0.28137818,"Michael King",19853,650633
"Jason Alexander","- - -",0.26638177,0.65818182,0.4384984,0.65775401,0.82872928,0.7704918,0.43929712,0.67857143,0.10063898,0.18051118,0.28115016,"Jason Alexander",19666,669920
"Sawyer Gipson-Long","DET",0.3220339,0.7092511,0.51187905,0.56578947,0.86956522,0.7721519,0.49028078,0.67669173,0.11663067,0.16414687,0.28077754,"Sawyer Gipson-Long",26048,687830
"Griffin Canning","NYM",0.29590489,0.66040956,0.4549516,0.54910714,0.87596899,0.75613748,0.43633656,0.59146341,0.11094564,0.16976917,0.28071482,"Griffin Canning",19867,656288
"Ryan Fernandez","STL",0.34415584,0.71296296,0.49618321,0.49056604,0.83766234,0.69615385,0.41221374,0.57857143,0.15076336,0.12977099,0.28053435,"Ryan Fernandez",24862,681676
"Nick Mears","MIL",0.38990826,0.71149144,0.54556213,0.57058824,0.87285223,0.76138829,0.48402367,0.65158371,0.13017751,0.15029586,0.28047337,"Nick Mears",25376,683232
"George Kirby","SEA",0.33891213,0.69135802,0.4894535,0.58518519,0.87175325,0.75808031,0.42713327,0.64503817,0.1183517,0.1614758,0.2798275,"George Kirby",25436,669923
"Brandon Walter","HOU",0.36681223,0.67977528,0.5036855,0.5952381,0.90082645,0.77560976,0.43734644,0.66981132,0.11288344,0.16687117,0.2797546,"Brandon Walter",26056,687888
"Kirby Yates","LAD",0.32036613,0.77538462,0.5144357,0.55714286,0.74603175,0.67857143,0.42650919,0.61235955,0.16535433,0.11417323,0.27952756,"Kirby Yates",9073,489446
"Clayton Kershaw","LAD",0.28365879,0.6587202,0.45254237,0.56884058,0.88,0.77278402,0.45028249,0.6112311,0.1027088,0.17663657,0.27934537,"Clayton Kershaw",2036,477132
"Tyler Rogers","- - -",0.34415584,0.72286822,0.54396728,0.71698113,0.90616622,0.84962406,0.52760736,0.74247492,0.08179959,0.19734151,0.2791411,"Tyler Rogers",15541,643511
"Max Fried","NYY",0.31024775,0.67918858,0.46829739,0.60980036,0.84845133,0.7580756,0.42838751,0.60299625,0.11318328,0.1659164,0.27909968,"Max Fried",13743,608331
"Angel Zerpa","KCR",0.28952043,0.57649254,0.42948135,0.70552147,0.9223301,0.84745763,0.48771611,0.64363636,0.06545455,0.21363636,0.27909091,"Angel Zerpa",22717,672582
"Trevor Rogers","BAL",0.34238489,0.72948718,0.52796558,0.63793103,0.82601054,0.76251455,0.47940996,0.65957447,0.12538414,0.15365704,0.27904118,"Trevor Rogers",22286,669432
"Dietrich Enns","- - -",0.37027708,0.72965116,0.53711201,0.60544218,0.83266932,0.74874372,0.46423752,0.65,0.13477089,0.14420485,0.27897574,"Dietrich Enns",13932,608650
"Kyle Harrison","- - -",0.33753943,0.7,0.50425894,0.62616822,0.83068783,0.75675676,0.45996593,0.6025641,0.12244898,0.15646259,0.27891156,"Kyle Harrison",27758,690986
"Charlie Morton","- - -",0.30963773,0.67465438,0.46507064,0.53642384,0.88387978,0.75105485,0.42582418,0.60091743,0.11564093,0.1630733,0.27871423,"Charlie Morton",4676,450203
"Louis Varland","- - -",0.3464991,0.71709234,0.52345216,0.48186528,0.89041096,0.74910394,0.47748593,0.63851351,0.13133208,0.14727955,0.27861163,"Louis Varland",27691,686973
"Connor Brogdon","LAA",0.32991803,0.69886364,0.48452381,0.61490683,0.80081301,0.72727273,0.41904762,0.62311558,0.13214286,0.14642857,0.27857143,"Connor Brogdon",21205,641401
"José Soriano","LAA",0.29393564,0.65239726,0.44432471,0.52210526,0.88451444,0.74535166,0.41954023,0.57872928,0.11314655,0.16522989,0.27837644,"Jose Soriano",22100,667755
"Chase Lee","DET",0.24923077,0.67272727,0.44333333,0.67901235,0.87567568,0.81578947,0.45833333,0.62837838,0.08166667,0.19666667,0.27833333,"Chase Lee",29574,695445
"Braxton Ashcraft","PIT",0.33728814,0.68945313,0.50090744,0.6080402,0.84985836,0.76268116,0.4646098,0.57534247,0.118767,0.15956482,0.27833182,"Braxton Ashcraft",23793,677952
"David Peterson","NYM",0.32393484,0.66818182,0.46439169,0.60928433,0.8952381,0.77715655,0.40801187,0.63762102,0.10337162,0.17487959,0.2782512,"David Peterson",20302,656849
"Daniel Palencia","CHC",0.32134831,0.71969697,0.50891795,0.55944056,0.83859649,0.7453271,0.47086801,0.59534884,0.12960761,0.14863258,0.27824019,"Daniel Palencia",27914,694037
"Riley O'Brien","STL",0.30701754,0.66225166,0.44854881,0.55714286,0.895,0.75588235,0.39841689,0.61306533,0.10935441,0.16864295,0.27799736,"Riley O'Brien",20348,676617
"Zebby Matthews","MIN",0.32965517,0.71178344,0.50702143,0.56485356,0.84563758,0.74781341,0.46415373,0.65819209,0.12786401,0.15003695,0.27790096,"Zebby Matthews",31827,805673
"Yu Darvish","SDP",0.2892562,0.66485507,0.4684529,0.62857143,0.86648501,0.7896679,0.47709594,0.64864865,0.09827586,0.17931034,0.27758621,"Yu Darvish",13074,506433
"Daniel Lynch IV","KCR",0.27529022,0.61649485,0.42738971,0.63253012,0.88963211,0.79784946,0.44577206,0.60899654,0.08639706,0.19117647,0.27757353,"Daniel Lynch IV",21537,663738
"AJ Blubaugh","HOU",0.33774834,0.68292683,0.47731755,0.56862745,0.82857143,0.71900826,0.40433925,0.60483871,0.13385827,0.14370079,0.27755906,"AJ Blubaugh",31764,805123
"Tanner Bibee","CLE",0.30115361,0.66137566,0.46161616,0.625,0.87428571,0.7840992,0.44545455,0.64435696,0.09962975,0.17771794,0.27734769,"Tanner Bibee",30134,676440
"Yennier Cano","BAL",0.32241379,0.62315271,0.44624746,0.63101604,0.88932806,0.77954545,0.41176471,0.58964143,0.09817814,0.1791498,0.27732794,"Yennier Cano",25911,666974
"Kevin Kelly","TBR",0.30503145,0.64814815,0.46258503,0.69072165,0.85142857,0.79411765,0.45918367,0.67251462,0.0952381,0.18197279,0.27721088,"Kevin Kelly",25679,687330
"Hoby Milner","TEX",0.2641196,0.61261261,0.43128781,0.75471698,0.90882353,0.85971944,0.47968885,0.63481229,0.06044905,0.21675302,0.27720207,"Hoby Milner",13346,571948
"Ian Seymour","TBR",0.31226766,0.71115974,0.49547739,0.63095238,0.81846154,0.75456389,0.45929648,0.60743802,0.12148594,0.15562249,0.27710843,"Ian Seymour",27932,693855
"Jacob Webb","TEX",0.34259259,0.71689498,0.51022495,0.64864865,0.81847134,0.75551102,0.44785276,0.59925094,0.12474438,0.15235174,0.27709611,"Jacob Webb",19274,657097
"Yerry De los Santos","NYY",0.29051988,0.67557252,0.46179966,0.68421053,0.84745763,0.79044118,0.44482173,0.7,0.09628378,0.18074324,0.27702703,"Yerry De los Santos",21420,660787
"Gavin Williams","CLE",0.29446758,0.677159,0.45684932,0.53333333,0.86412396,0.74137931,0.42431507,0.57386364,0.11794872,0.15897436,0.27692308,"Gavin Williams",30122,668909
"Justin Verlander","SFG",0.31459904,0.70060923,0.48466258,0.66013072,0.83850932,0.77373418,0.44056748,0.6223565,0.10966258,0.16717791,0.27684049,"Justin Verlander",8700,434378
"Grant Holmes","ATL",0.32716049,0.6939759,0.48217923,0.50673854,0.87326389,0.72967265,0.42260692,0.58943089,0.13021363,0.14649034,0.27670397,"Grant Holmes",16944,656550
"Matt Strahm","PHI",0.35797665,0.69728601,0.52165156,0.65217391,0.83832335,0.77220077,0.48237664,0.640625,0.11871227,0.15794769,0.27665996,"Matt Strahm",13799,621381
"Tristan Beck","SFG",0.32236842,0.70360111,0.49082007,0.6122449,0.88582677,0.78553616,0.44186047,0.64224138,0.10526316,0.17135863,0.27662179,"Tristan Beck",21584,663941
"Jeffrey Springs","ATH",0.31793961,0.66897148,0.46064652,0.6424581,0.84366925,0.76125095,0.40653549,0.60308555,0.10986311,0.16672517,0.27658828,"Jeffrey Springs",17677,605488
"Cade Povich","BAL",0.28911253,0.64497717,0.44743525,0.59810127,0.87964602,0.77866061,0.44489589,0.60245902,0.09893455,0.17757484,0.27650939,"Cade Povich",30055,700249
"Freddy Peralta","MIL",0.31871036,0.7007544,0.46645057,0.57379768,0.83133971,0.72341904,0.38670989,0.63347165,0.12884429,0.14762059,0.27646488,"Freddy Peralta",18679,642547
"Alek Jacob","SDP",0.29283489,0.65660377,0.45733788,0.70212766,0.85057471,0.79850746,0.45221843,0.61437908,0.09215017,0.18430034,0.27645051,"Alek Jacob",29628,689690
"Pablo López","MIN",0.33427762,0.67088608,0.48212867,0.60169492,0.85983827,0.75947282,0.43923749,0.6025641,0.11596505,0.1604448,0.27640985,"Pablo Lopez",17085,641154
"Jack Perkins","ATH",0.32375979,0.71259843,0.47880691,0.50806452,0.82320442,0.69508197,0.39874411,0.56521739,0.14599686,0.13029827,0.27629513,"Jack Perkins",31468,678022
"Patrick Corbin","TEX",0.32023196,0.67181467,0.46097372,0.58148893,0.86925287,0.74937133,0.40030912,0.6546003,0.11548861,0.1606798,0.2761684,"Patrick Corbin",9323,571578
"Jorge Alcala","- - -",0.31472081,0.67023555,0.47164461,0.66129032,0.82747604,0.76553106,0.44139887,0.61867704,0.11058601,0.16540643,0.27599244,"Jorge Alcala",19459,660896
"Zac Gallen","ARI",0.31102784,0.64612954,0.44639438,0.60413081,0.91809291,0.7877055,0.4039566,0.66174662,0.09473684,0.18118022,0.27591707,"Zac Gallen",19291,668678
"Jordan Hicks","- - -",0.27002967,0.64571429,0.43452877,0.5989011,0.89380531,0.79078695,0.43786489,0.59872611,0.09083333,0.185,0.27583333,"Jordan Hicks",19618,663855
"Shane Baz","TBR",0.33824514,0.67183673,0.48859455,0.6019802,0.86026731,0.76204819,0.45069904,0.6230661,0.11600587,0.15969163,0.2756975,"Shane Baz",22264,669358
"Brady Singer","CIN",0.28370958,0.65400495,0.44105263,0.62795699,0.87373737,0.78281623,0.42491228,0.6075419,0.09578947,0.17964912,0.2754386,"Brady Singer",25377,663903
"Hurston Waldrep","ATL",0.27142857,0.66161616,0.44582393,0.51879699,0.85496183,0.74177215,0.4469526,0.55895197,0.11512415,0.16027088,0.27539503,"Hurston Waldrep",33527,694462
"Carlos Hernández","- - -",0.3115942,0.72463768,0.49934124,0.55813953,0.84,0.74406332,0.45454545,0.60098522,0.12779974,0.14756258,0.27536232,"Carlos Hernandez",22713,672578
"Caden Dana","LAA",0.26219512,0.64529915,0.42170819,0.56976744,0.84768212,0.74683544,0.41637011,0.58156028,0.10657194,0.1687389,0.27531083,"Caden Dana",31508,702674
"Seth Halvorsen","COL",0.33333333,0.67790262,0.47798742,0.57723577,0.82872928,0.72697368,0.41981132,0.59537572,0.13050314,0.14465409,0.27515723,"Seth Halvorsen",33294,678020
"Génesis Cabrera","- - -",0.31851852,0.68932039,0.4789916,0.60465116,0.83568075,0.74853801,0.43277311,0.57219251,0.12011173,0.15502793,0.27513966,"Genesis Cabrera",17490,650893
"Kyle Finnegan","- - -",0.29953917,0.70145631,0.49527187,0.61538462,0.85813149,0.78281623,0.48699764,0.64628821,0.10743802,0.16765053,0.27508855,"Kyle Finnegan",15009,640448
"Michael Kelly","ATH",0.26243094,0.62837838,0.42705167,0.61052632,0.91397849,0.8113879,0.44984802,0.53614458,0.08054711,0.19452888,0.27507599,"Michael Kelly",12791,547184
"Steven Matz","- - -",0.33448873,0.63402062,0.48490078,0.7253886,0.89430894,0.83629893,0.50215703,0.65048544,0.07931034,0.19568966,0.275,"Steven Matz",13361,571927
"Cam Booser","CHW",0.30721003,0.67857143,0.47110333,0.6122449,0.8245614,0.7472119,0.441331,0.57342657,0.11908932,0.1558669,0.27495622,"Cam Booser",16061,592155
"Keider Montero","DET",0.31074169,0.66280753,0.47589952,0.6872428,0.89082969,0.82025678,0.46911066,0.64010283,0.08548168,0.18928087,0.27476255,"Keider Montero",22630,672456
"Hunter Dobbins","BOS",0.32442748,0.64373464,0.46401719,0.62352941,0.91221374,0.79861111,0.43716434,0.60546875,0.09334764,0.18133047,0.27467811,"Hunter Dobbins",30240,690928
"Hogan Harris","ATH",0.28055077,0.64338235,0.456,0.67484663,0.85714286,0.79922027,0.48355556,0.6101083,0.09155556,0.18311111,0.27466667,"Hogan Harris",21520,663687
"Wandy Peralta","SDP",0.34452555,0.69179601,0.48239437,0.58474576,0.84294872,0.73175182,0.39700704,0.64536741,0.12883436,0.14548642,0.27432077,"Wandy Peralta",14295,593974
"Spencer Strider","ATL",0.31669267,0.71980676,0.47488152,0.49507389,0.85067114,0.70658683,0.39241706,0.58812616,0.13927049,0.13500711,0.27427759,"Spencer Strider",27498,675911
"Brennan Bernardino","BOS",0.27489177,0.61725067,0.42737095,0.62204724,0.92576419,0.81741573,0.44537815,0.59821429,0.07784431,0.19640719,0.2742515,"Brennan Bernardino",16835,657514
"Joe Ryan","MIN",0.29864865,0.71787072,0.49588551,0.66968326,0.81144068,0.76623377,0.47048301,0.65892598,0.115797,0.15832738,0.27412437,"Joe Ryan",21390,657746
"Nestor Cortes","- - -",0.23255814,0.68627451,0.42570952,0.6125,0.86857143,0.78823529,0.42570952,0.61146497,0.09015025,0.1836394,0.27378965,"Nestor Cortes",17874,641482
"Andrew Chafin","- - -",0.35078534,0.61637931,0.45114007,0.61940299,0.87412587,0.75090253,0.37785016,0.60839161,0.11237785,0.16123779,0.27361564,"Andrew Chafin",12988,605177
"Josh Simpson","MIA",0.29885057,0.65530303,0.45261438,0.55769231,0.89595376,0.76895307,0.43137255,0.57615894,0.10423453,0.16938111,0.27361564,"Josh Simpson",25957,681006
"Caleb Boushley","TEX",0.25917431,0.65359477,0.42183288,0.62831858,0.905,0.80511182,0.41239892,0.63212435,0.08221024,0.19137466,0.27358491,"Caleb Boushley",19736,676961
"Justin Sterner","ATH",0.34722222,0.72072072,0.49908425,0.55555556,0.834375,0.71926606,0.40659341,0.60902256,0.1399817,0.13357731,0.27355901,"Justin Sterner",27694,686993
"Jack Dreyer","LAD",0.31795717,0.72541744,0.5095986,0.56476684,0.84654731,0.75342466,0.47033159,0.58306189,0.12543554,0.14808362,0.27351916,"Jack Dreyer",30249,676263
"Greg Weissert","BOS",0.29401993,0.6888412,0.46629213,0.68926554,0.83800623,0.78514056,0.43632959,0.56115108,0.10009355,0.17305893,0.27315248,"Greg Weissert",20375,669711
"Lyon Richardson","CIN",0.25615764,0.62686567,0.40356083,0.75961538,0.83333333,0.80514706,0.39762611,0.54069767,0.07863501,0.19436202,0.27299703,"Lyon Richardson",24581,680689
"Michael Soroka","- - -",0.28784119,0.63938974,0.45383104,0.60775862,0.88720174,0.79365079,0.47216765,0.5883905,0.09358639,0.17931937,0.27290576,"Michael Soroka",18383,647336
"Anthony DeSclafani","ARI",0.33952255,0.64980545,0.46529968,0.59375,0.89820359,0.76610169,0.40536278,0.55029586,0.10883281,0.16403785,0.27287066,"Anthony DeSclafani",13050,543101
"Slade Cecconi","CLE",0.27117117,0.68940189,0.46437227,0.60465116,0.88127854,0.79436326,0.46194862,0.65504587,0.09539952,0.17723971,0.27263923,"Slade Cecconi",27500,677944
"Eric Lauer","TOR",0.30794702,0.69458763,0.4863258,0.68100358,0.86827458,0.80440098,0.46135553,0.67370892,0.09489917,0.17734282,0.27224199,"Eric Lauer",19316,641778
"John Schreiber","KCR",0.28721541,0.69747899,0.47373448,0.69512195,0.82228916,0.78024194,0.45463228,0.60754717,0.10410697,0.16809933,0.2722063,"John Schreiber",20020,670167
"Ranger Suárez","PHI",0.33093525,0.66826923,0.47530864,0.69565217,0.86906475,0.8,0.42798354,0.66359447,0.09498355,0.17680921,0.27179276,"Ranger Suarez",17277,624133
"Eury Pérez","MIA",0.31991295,0.72281167,0.50149432,0.56802721,0.82568807,0.73539928,0.45068739,0.58961039,0.13253731,0.13910448,0.27164179,"Eury Perez",27768,691587
"Andrew Abbott","CIN",0.34679021,0.69210978,0.49719836,0.67748092,0.84634449,0.77986476,0.4355622,0.63450292,0.10945088,0.16212178,0.27157266,"Andrew Abbott",29911,671096
"Casey Mize","DET",0.32394366,0.69674419,0.49426264,0.66908213,0.84245661,0.78073947,0.45686358,0.67942584,0.10837229,0.16277093,0.27114322,"Casey Mize",20492,663554
"Tanner Houck","BOS",0.31497797,0.6440678,0.44459279,0.65034965,0.91052632,0.7987988,0.39385848,0.62068966,0.0894526,0.18157543,0.27102804,"Tanner Houck",19879,656557
"Clay Holmes","NYM",0.31772784,0.6222031,0.44573082,0.64243615,0.90318119,0.79545455,0.42040521,0.60310734,0.09110629,0.17968185,0.27078814,"Clay Holmes",13649,605280
"Sean Newcomb","- - -",0.29759036,0.64747191,0.45914397,0.70040486,0.87635575,0.81497175,0.461738,0.58823529,0.08462532,0.18604651,0.27067183,"Sean Newcomb",16943,656794
"Angel Chivilli","COL",0.3203252,0.76904177,0.49902153,0.56345178,0.80511182,0.71176471,0.39823875,0.55636364,0.14355469,0.12695313,0.27050781,"Angel Chivilli",26790,683409
"Max Scherzer","TOR",0.31909212,0.71294852,0.50071942,0.68200837,0.84026258,0.78591954,0.46115108,0.64804469,0.10704023,0.16307471,0.27011494,"Max Scherzer",3137,453286
"Shinnosuke Ogasawara","WSN",0.24301676,0.68670886,0.45103858,0.6091954,0.84792627,0.77960526,0.46884273,0.57225434,0.09940653,0.17062315,0.27002967,"Shinnosuke Ogasawara",35324,829272
"Merrill Kelly","- - -",0.35611511,0.68583691,0.49170491,0.65656566,0.87984981,0.78463747,0.41122485,0.64973262,0.10582011,0.16402116,0.26984127,"Merrill Kelly",11156,518876
"Trent Thornton","SEA",0.33625731,0.6656051,0.49390244,0.66086957,0.88038278,0.80246914,0.47865854,0.63888889,0.09756098,0.1722561,0.26981707,"Trent Thornton",17948,663423
"Robbie Ray","SFG",0.32114736,0.72325581,0.49022164,0.59019264,0.83815648,0.74401596,0.42046936,0.59072848,0.12532552,0.14420573,0.26953125,"Robbie Ray",11486,592662
"Carmen Mlodzinski","PIT",0.30561555,0.66435506,0.46265938,0.63250883,0.87682672,0.78608924,0.43776563,0.62529833,0.09890777,0.17050971,0.26941748,"Carmen Mlodzinski",27572,669387
"Taylor Clarke","KCR",0.30722892,0.69482289,0.4716763,0.60784314,0.89411765,0.78676471,0.42427746,0.66019417,0.10057803,0.16878613,0.26936416,"Taylor Clarke",17611,664199
"Shane Smith","CHW",0.28914729,0.69973428,0.48077718,0.54423592,0.85063291,0.75236457,0.46672179,0.6038961,0.11905746,0.15006201,0.26911947,"Shane Smith",31687,681343
"Tony Santillan","CIN",0.2962963,0.71305842,0.49349593,0.57291667,0.84096386,0.75617792,0.47317073,0.64784053,0.1203252,0.14878049,0.26910569,"Tony Santillan",19926,663574
"Chris Bassitt","TOR",0.29052369,0.69469388,0.46553552,0.68454936,0.84371328,0.7873956,0.4330152,0.59646739,0.09873061,0.1703103,0.2690409,"Chris Bassitt",12304,605135
"Quinn Priester","MIL",0.29386591,0.66979362,0.45623987,0.59951456,0.8767507,0.77531083,0.43192869,0.64777948,0.10247064,0.16646416,0.26893479,"Quinn Priester",25977,682990
"Seth Lugo","KCR",0.27505652,0.6362773,0.43487395,0.65479452,0.90298507,0.81545894,0.44243697,0.66775777,0.0802521,0.18865546,0.26890756,"Seth Lugo",12447,607625
"Chris Murphy","BOS",0.29970326,0.64224138,0.43936731,0.54455446,0.87919463,0.744,0.40773286,0.55405405,0.11247803,0.15641476,0.26889279,"Chris Murphy",26214,669684
"MacKenzie Gore","WSN",0.3305136,0.71969046,0.49112846,0.56672761,0.83512545,0.72904624,0.41270405,0.60147059,0.1330259,0.13586378,0.26888968,"MacKenzie Gore",22201,669022
"Noah Cameron","KCR",0.30820215,0.66980146,0.4681146,0.58333333,0.85335413,0.75419546,0.4422366,0.57733813,0.11495845,0.15373961,0.26869806,"Noah Cameron",30184,702070
"Jacob Latz","TEX",0.32908163,0.69485904,0.48810382,0.55813953,0.84009547,0.73264402,0.43475126,0.60632184,0.13030958,0.13822894,0.26853852,"Jacob Latz",21306,656641
"Huascar Brazobán","NYM",0.35405872,0.64583333,0.47873393,0.6195122,0.88530466,0.77272727,0.4272997,0.59541985,0.10858835,0.15992103,0.26850938,"Huascar Brazoban",6107,623211
"Carson Seymour","SFG",0.24046921,0.67142857,0.43478261,0.58536585,0.89361702,0.8,0.45088567,0.58974359,0.08681672,0.18167203,0.26848875,"Carson Seymour",30084,693313
"Emilio Pagán","CIN",0.35284553,0.76379691,0.52715356,0.57603687,0.8150289,0.72291297,0.4241573,0.64444444,0.14593078,0.12254443,0.26847521,"Emilio Pagan",14771,641941
"Kyle Nicolas","PIT",0.31592689,0.70260223,0.47546012,0.47933884,0.88888889,0.72903226,0.41257669,0.56886228,0.12883436,0.13957055,0.26840491,"Kyle Nicolas",27775,693312
"Rafael Montero","- - -",0.3250366,0.70617284,0.46691176,0.57207207,0.83216783,0.71850394,0.37224265,0.66007905,0.13143382,0.13694853,0.26838235,"Rafael Montero",12760,606160
"Justin Wrobleski","LAD",0.32110092,0.67641682,0.49908425,0.66857143,0.84864865,0.79082569,0.50091575,0.61785714,0.1043956,0.16391941,0.26831502,"Justin Wrobleski",31204,680736
"Gunnar Hoglund","ATH",0.27906977,0.67073171,0.45521024,0.61904762,0.88484848,0.79518072,0.44972578,0.58273381,0.09306569,0.17518248,0.26824818,"Gunnar Hoglund",31318,680684
"Bryan Woo","SEA",0.33616419,0.7432744,0.53131909,0.62315789,0.83764219,0.76699029,0.47936625,0.66484268,0.12380251,0.14443626,0.26823876,"Bryan Woo",30279,693433
"Tommy Kahnle","DET",0.27317881,0.65429234,0.43188406,0.60606061,0.88652482,0.78299776,0.41642512,0.56179775,0.09353905,0.17454195,0.268081,"Tommy Kahnle",11384,592454
"Danny Coulombe","- - -",0.3724605,0.71376812,0.50347705,0.61212121,0.84771574,0.74033149,0.38386648,0.57954545,0.13055556,0.1375,0.26805556,"Danny Coulombe",13293,543056
"Max Lazar","PHI",0.28908555,0.64495114,0.45820433,0.60204082,0.8989899,0.80067568,0.4752322,0.56470588,0.09133127,0.17647059,0.26780186,"Max Lazar",23426,676661
"Kaleb Ort","HOU",0.29565217,0.68902439,0.45939086,0.63235294,0.78318584,0.72651934,0.41624365,0.57731959,0.12547529,0.14195184,0.26742712,"Kaleb Ort",20061,672391
"Bailey Ober","MIN",0.3800905,0.68932039,0.51528014,0.65277778,0.85915493,0.77347611,0.43718166,0.65384615,0.11672326,0.15067912,0.26740238,"Bailey Ober",21224,641927
"Cam Schlittler","NYY",0.31911765,0.71727749,0.50119713,0.640553,0.85158151,0.77866242,0.45730247,0.625,0.11093376,0.15642458,0.26735834,"Cam Schlittler",32095,693645
"Justin Topa","MIN",0.32325142,0.64523282,0.47142857,0.69590643,0.91408935,0.83333333,0.46020408,0.65671642,0.07857143,0.18877551,0.26734694,"Justin Topa",15145,623437
"Eric Orze","TBR",0.30081301,0.73717949,0.50073421,0.55855856,0.82173913,0.73607038,0.45814978,0.65168539,0.13215859,0.13509545,0.26725404,"Eric Orze",27626,679358
"Scott Blewett","- - -",0.29411765,0.73267327,0.48101266,0.525,0.85135135,0.73684211,0.42616034,0.63402062,0.12658228,0.14064698,0.26722925,"Scott Blewett",16427,656240
"Luke Weaver","NYY",0.35955056,0.75586854,0.52049571,0.60714286,0.82298137,0.73443223,0.40610105,0.64503817,0.13822688,0.12869399,0.26692088,"Luke Weaver",16918,596133
"Kyle Hendricks","LAA",0.34487441,0.65938069,0.47919098,0.76574803,0.87845304,0.83198052,0.42707118,0.65755396,0.08041958,0.18648019,0.26689977,"Kyle Hendricks",12049,543294
"Jackson Jobe","DET",0.28816794,0.66288952,0.43899658,0.64900662,0.85042735,0.77142857,0.40250855,0.66055046,0.10034208,0.16647662,0.2668187,"Jackson Jobe",30203,695549
"Ian Hamilton","NYY",0.34645669,0.7,0.48985959,0.54545455,0.9010989,0.75159236,0.40561622,0.63855422,0.12168487,0.1450858,0.26677067,"Ian Hamilton",19261,641656
"Mitch Spence","ATH",0.35233161,0.70567986,0.50406504,0.56985294,0.89268293,0.76392962,0.42941611,0.62666667,0.11890694,0.14771049,0.26661743,"Mitch Spence",27707,687765
"Justin Slaten","BOS",0.35955056,0.73706897,0.53507014,0.59375,0.83040936,0.74531835,0.46492986,0.60583942,0.13627255,0.13026052,0.26653307,"Justin Slaten",25648,686580
"Casey Legumina","SEA",0.31497797,0.69287469,0.49361208,0.76923077,0.81914894,0.80235294,0.47270616,0.63013699,0.09756098,0.16840883,0.2659698,"Casey Legumina",25921,668984
"Dustin May","- - -",0.2879538,0.65412748,0.44951591,0.67621777,0.89936102,0.81948718,0.44121715,0.59589041,0.08110599,0.18479263,0.26589862,"Dustin May",19716,669160
"Dean Kremer","BAL",0.33029316,0.6967954,0.49236919,0.66272189,0.8620283,0.78745387,0.44222384,0.65819209,0.10449927,0.16110305,0.26560232,"Dean Kremer",19350,665152
"Chase Shugart","PIT",0.26884422,0.65986395,0.4349711,0.70093458,0.82474227,0.7807309,0.42485549,0.55248619,0.0952381,0.17027417,0.26551227,"Chase Shugart",21544,663767
"José Berríos","TOR",0.31254019,0.68124393,0.45936533,0.6563786,0.89871612,0.79949452,0.39821981,0.64326648,0.09210526,0.17337461,0.26547988,"Jose Berrios",14168,621244
"Ben Casparius","LAD",0.33563536,0.70817844,0.49445325,0.58024691,0.86089239,0.75160256,0.42630745,0.56756757,0.12272367,0.14251781,0.26524149,"Ben Casparius",30085,676508
"Frankie Montas","NYM",0.33251834,0.69230769,0.48446328,0.64705882,0.84541063,0.76676385,0.42231638,0.64044944,0.11283498,0.15232722,0.2651622,"Frankie Montas",14309,593423
"Kyle Freeland","COL",0.3353566,0.71367154,0.51269649,0.59954751,0.92048193,0.80896226,0.4687626,0.6854725,0.09790492,0.16720387,0.26510878,"Kyle Freeland",16256,607536
"Ryan Gusto","- - -",0.28979144,0.70636792,0.49061967,0.64015152,0.84474124,0.78215527,0.4820921,0.64900662,0.10669694,0.15834279,0.26503973,"Ryan Gusto",26440,687473
"Mike Vasil","CHW",0.2745098,0.63072378,0.42102066,0.62781955,0.87587822,0.78066378,0.41130012,0.50827423,0.09217708,0.17283202,0.2650091,"Mike Vasil",30105,678024
"Colin Rea","CHC",0.32709633,0.66697248,0.47335176,0.67584746,0.89270977,0.80733945,0.43031978,0.68429003,0.09108833,0.1738959,0.26498423,"Colin Rea",12317,607067
"Kyle Leahy","STL",0.32365145,0.6953748,0.4962963,0.6025641,0.89220183,0.79104478,0.46444444,0.68319559,0.1037037,0.16074074,0.26444444,"Kyle Leahy",24763,681517
"Adam Mazur","MIA",0.31034483,0.69298246,0.48875256,0.7037037,0.86708861,0.81171548,0.46625767,0.69784173,0.09202454,0.17177914,0.26380368,"Adam Mazur",31900,800049
"Kodai Senga","NYM",0.29939603,0.69407008,0.45344555,0.5389049,0.87961165,0.7424594,0.39032088,0.55394191,0.1163522,0.14727463,0.26362683,"Kodai Senga",31838,673540
"Yoendrys Gómez","- - -",0.29487179,0.69894737,0.46951774,0.625,0.86445783,0.77906977,0.4322111,0.59927798,0.10326087,0.16032609,0.26358696,"Yoendrys Gomez",22872,672782
"Brandon Young","BAL",0.31588448,0.72207792,0.48242812,0.68571429,0.87410072,0.8013245,0.41001065,0.62109375,0.09564293,0.16790648,0.26354942,"Brandon Young",27819,687064
"Drew Rasmussen","TBR",0.32171157,0.67965779,0.48444252,0.67487685,0.87832168,0.80463872,0.45462403,0.67350427,0.09455959,0.16882556,0.26338515,"Drew Rasmussen",25385,656876
"Matthew Boyd","CHC",0.33218943,0.71140419,0.51019665,0.6838843,0.84732824,0.79086367,0.46941005,0.67827298,0.10666181,0.1565344,0.26319621,"Matthew Boyd",15440,571510
"Daysbel Hernández","ATL",0.27702703,0.67765568,0.42956764,0.56910569,0.83243243,0.72727273,0.38075314,0.54878049,0.11682893,0.14603616,0.26286509,"Daysbel Hernandez",20271,678226
"Jordan Leasure","CHW",0.32941176,0.72888889,0.48849558,0.54910714,0.83841463,0.72101449,0.39823009,0.58364312,0.13628319,0.12654867,0.26283186,"Jordan Leasure",29950,673929
"Hayden Birdsong","SFG",0.28089888,0.6659751,0.43634841,0.545,0.86915888,0.74472169,0.40368509,0.54026846,0.11129707,0.15146444,0.26276151,"Hayden Birdsong",31635,806185
"Lucas Giolito","BOS",0.29669485,0.68105066,0.46979299,0.64507772,0.86501377,0.78866906,0.4503591,0.62805873,0.09907251,0.16357504,0.26264755,"Lucas Giolito",15474,608337
"Tyler Ferguson","ATH",0.31034483,0.6804878,0.46363636,0.66666667,0.83870968,0.77124183,0.41414141,0.63821138,0.10606061,0.15656566,0.26262626,"Tyler Ferguson",19481,621053
"Joey Lucchesi","SFG",0.29651163,0.63541667,0.45094937,0.68627451,0.91256831,0.83157895,0.4556962,0.59393939,0.07582938,0.1864139,0.26224329,"Joey Lucchesi",19320,664192
"Martín Pérez","CHW",0.28330206,0.62330623,0.42239468,0.72847682,0.87826087,0.81889764,0.40909091,0.66666667,0.07632743,0.18584071,0.26216814,"Martin Perez",6902,527048
"Tyler Anderson","LAA",0.32770022,0.71340839,0.48887938,0.64349776,0.8507891,0.76990376,0.41787853,0.59599332,0.11239316,0.14957265,0.26196581,"Tyler Anderson",12880,542881
"Cole Winn","TEX",0.26300578,0.7032967,0.45718901,0.58241758,0.875,0.78091873,0.44103393,0.66049383,0.10016155,0.16155089,0.26171244,"Cole Winn",22113,668390
"Tyler Gilbert","CHW",0.28846154,0.68733154,0.46483909,0.61481481,0.85098039,0.76923077,0.44219309,0.60465116,0.10701546,0.15457788,0.26159334,"Tyler Gilbert",17964,656457
"Kumar Rocker","TEX",0.32958199,0.70891089,0.49955634,0.5804878,0.88268156,0.77264654,0.44809228,0.58885017,0.11347518,0.14804965,0.26152482,"Kumar Rocker",31843,677958
"Chris Martin","TEX",0.3803681,0.73076923,0.55172414,0.68548387,0.86403509,0.80113636,0.48902821,0.72988506,0.10954617,0.15179969,0.26134585,"Chris Martin",11847,455119
"Shawn Dubin","- - -",0.2815534,0.65289256,0.4446461,0.63218391,0.91772152,0.81632653,0.43920145,0.6,0.08166969,0.17967332,0.26134301,"Shawn Dubin",24977,681869
"Tyler Alexander","- - -",0.31461988,0.68219178,0.48391167,0.68773234,0.8815261,0.81355932,0.46056782,0.643026,0.09022082,0.17097792,0.26119874,"Tyler Alexander",17735,641302
"Nick Martinez","CIN",0.28762046,0.66693811,0.46837408,0.68556701,0.88278388,0.81938691,0.47652309,0.61346999,0.08456168,0.17649341,0.26105508,"Nick Martinez",12730,607259
"Aaron Civale","- - -",0.30831643,0.64388962,0.45449342,0.71381579,0.87142857,0.81108312,0.43560389,0.64137931,0.08586148,0.17515741,0.26101889,"Aaron Civale",19479,650644
"Kenley Jansen","LAA",0.3317757,0.7755102,0.55696203,0.71126761,0.80994152,0.78099174,0.50747986,0.62820513,0.12183908,0.13908046,0.26091954,"Kenley Jansen",3096,445276
"David Festa","MIN",0.33673469,0.72704082,0.51020408,0.53939394,0.86315789,0.74444444,0.44444444,0.6419214,0.13038549,0.13038549,0.26077098,"David Festa",30056,701581
"Calvin Faucher","MIA",0.26391097,0.65647059,0.42220114,0.60240964,0.91039427,0.79550562,0.40322581,0.61176471,0.08625592,0.17440758,0.26066351,"Calvin Faucher",20116,676534
"Luis Morales","ATH",0.26247289,0.66666667,0.43970767,0.63636364,0.85833333,0.78393352,0.43848965,0.52261307,0.09500609,0.16565164,0.26065773,"Luis Morales",32227,806960
"Gordon Graceffo","STL",0.29508197,0.72036474,0.48015873,0.58730159,0.89873418,0.79063361,0.43518519,0.65803109,0.1005291,0.16005291,0.26058201,"Gordon Graceffo",29519,700669
"Cole Sands","MIN",0.32753165,0.66927593,0.48031496,0.67149758,0.86842105,0.79417122,0.44706912,0.60535117,0.09877622,0.16171329,0.26048951,"Cole Sands",21461,663485
"Lucas Erceg","KCR",0.31460674,0.7016317,0.48701973,0.61309524,0.86046512,0.77185501,0.44548287,0.64257028,0.11099585,0.14937759,0.26037344,"Lucas Erceg",19360,668674
"Luis García","- - -",0.31054688,0.71614583,0.484375,0.59119497,0.88363636,0.7764977,0.42857143,0.58798283,0.10825893,0.15178571,0.26004464,"Luis Garcia",6984,472610
"Keegan Akin","BAL",0.34067797,0.71581197,0.50661626,0.5920398,0.88358209,0.77425373,0.44234405,0.66044776,0.11436673,0.14555766,0.25992439,"Keegan Akin",19362,669211
"Paul Blackburn","- - -",0.31617647,0.71705426,0.47147147,0.70542636,0.85945946,0.79617834,0.38738739,0.55428571,0.0960961,0.16366366,0.25975976,"Paul Blackburn",14739,621112
"Mick Abel","- - -",0.32901554,0.68263473,0.49305556,0.62204724,0.85526316,0.77183099,0.46388889,0.62643678,0.1125,0.14722222,0.25972222,"Mick Abel",27756,690953
"Michael Lorenzen","KCR",0.31727829,0.68613861,0.47799827,0.63373494,0.87301587,0.7833935,0.43572045,0.62706271,0.10353753,0.15616911,0.25970664,"Michael Lorenzen",14843,547179
"Sean Burke","CHW",0.30350485,0.6763285,0.46590909,0.64619165,0.84857143,0.77416441,0.43560606,0.56711409,0.10504202,0.15462185,0.25966387,"Sean Burke",29878,680732
"Ryan Pepiot","TBR",0.32214765,0.72019868,0.50037064,0.63541667,0.84022989,0.76740741,0.44773907,0.61119293,0.1162963,0.14296296,0.25925926,"Ryan Pepiot",26221,686752
"Tyler Mahle","TEX",0.31847969,0.7184466,0.4974656,0.70781893,0.83108108,0.7874818,0.44750181,0.65028902,0.10572049,0.15351195,0.25923244,"Tyler Mahle",16358,641816
"Troy Melton","DET",0.26315789,0.72292994,0.48323171,0.64444444,0.85022026,0.79179811,0.47865854,0.67222222,0.10060976,0.15853659,0.25914634,"Troy Melton",31807,675512
"Travis Adams","MIN",0.28125,0.71326165,0.46304676,0.64814815,0.8241206,0.76221498,0.42081448,0.58227848,0.10993976,0.14909639,0.25903614,"Travis Adams",30180,701519
"Kolby Allard","CLE",0.31683168,0.66464646,0.489,0.78125,0.86018237,0.83435583,0.495,0.64285714,0.081,0.178,0.259,"Kolby Allard",18694,663465
"Yusei Kikuchi","LAA",0.29994072,0.69936034,0.48157725,0.63636364,0.8597561,0.78389262,0.45475113,0.62823834,0.10397159,0.1549887,0.25896028,"Yusei Kikuchi",20633,579328
"Jackson Rutledge","WSN",0.31282051,0.6940966,0.47199403,0.60245902,0.86340206,0.76265823,0.41747573,0.53636364,0.1119403,0.14701493,0.25895522,"Jackson Rutledge",26215,671131
"Cristian Javier","HOU",0.30726257,0.65250965,0.45218801,0.67272727,0.87573964,0.79569892,0.4197731,0.54140127,0.09223301,0.16666667,0.25889968,"Cristian Javier",17606,664299
"Luis Gil","NYY",0.25233645,0.66206897,0.43608247,0.66666667,0.86458333,0.80141844,0.44845361,0.58196721,0.08659794,0.17216495,0.25876289,"Luis Gil",21052,661563
"Steven Wilson","CHW",0.29779412,0.69302326,0.47227926,0.64197531,0.83892617,0.76956522,0.44147844,0.54771784,0.10882957,0.14989733,0.2587269,"Steven Wilson",20353,621051
"Pierson Ohl","MIN",0.36334405,0.68240343,0.5,0.65486726,0.89308176,0.79411765,0.42830882,0.59398496,0.10275229,0.1559633,0.2587156,"Pierson Ohl",30179,701487
"José Buttó","- - -",0.31277533,0.72705314,0.46940639,0.55399061,0.87375415,0.74124514,0.37808219,0.6056338,0.12112933,0.13752277,0.25865209,"Jose Butto",23313,676130
"Anthony Banda","LAD",0.31511254,0.70068027,0.47507056,0.55612245,0.86084142,0.74257426,0.41486359,0.59701493,0.12172285,0.13670412,0.25842697,"Anthony Banda",14706,607455
"Bryce Elder","ATL",0.31397704,0.66989351,0.46022275,0.60645161,0.92485549,0.7968885,0.41089897,0.59793814,0.09343936,0.16461233,0.25805169,"Bryce Elder",27779,693821
"Lou Trivino","- - -",0.29411765,0.67945205,0.46135553,0.66428571,0.83467742,0.77319588,0.43400713,0.57487923,0.10463734,0.15338882,0.25802616,"Lou Trivino",15043,642152
"Shota Imanaga","CHC",0.35177182,0.7468106,0.53676471,0.67076167,0.83442838,0.77739726,0.46829044,0.62610229,0.11937557,0.13820018,0.25757576,"Shota Imanaga",33829,684007
"Manuel Rodríguez","TBR",0.36734694,0.66129032,0.49419954,0.62222222,0.90243902,0.78403756,0.43155452,0.60330579,0.10672854,0.15081206,0.2575406,"Manuel Rodriguez",20794,655889
"Matthew Liberatore","STL",0.31825153,0.67345051,0.47924528,0.64337349,0.91208791,0.81452318,0.45324948,0.63580247,0.08870293,0.16861925,0.25732218,"Matthew Liberatore",22294,669461
"Zack Kelly","BOS",0.32601881,0.6870229,0.48881239,0.73076923,0.85555556,0.80985915,0.45094664,0.69078947,0.09262436,0.16466552,0.25728988,"Zack Kelly",20349,677161
"Bowden Francis","TOR",0.2936747,0.70649895,0.46625767,0.66666667,0.85756677,0.78759398,0.41805434,0.625,0.09886264,0.15835521,0.25721785,"Bowden Francis",20548,670102
"Caleb Ferguson","- - -",0.31702899,0.64693878,0.47216891,0.66285714,0.88643533,0.80691057,0.47024952,0.58148148,0.09117083,0.16602687,0.2571977,"Caleb Ferguson",19349,657571
"Sandy Alcantara","MIA",0.32432432,0.69769231,0.49221723,0.6744186,0.88864388,0.81096275,0.44967139,0.6295302,0.09298306,0.16418942,0.25717249,"Sandy Alcantara",18684,645261
"Isaac Mattson","PIT",0.31051345,0.72282609,0.50579151,0.7480315,0.83082707,0.80407125,0.47361647,0.65656566,0.09897172,0.15809769,0.25706941,"Isaac Mattson",20385,676755
"Steven Cruz","KCR",0.26791277,0.73208723,0.5,0.62790698,0.85531915,0.79439252,0.5,0.61375661,0.10280374,0.15420561,0.25700935,"Steven Cruz",23165,674444
"Mitch Keller","PIT",0.3,0.69380134,0.48379226,0.66013072,0.89558665,0.81772334,0.46671314,0.60080107,0.08812261,0.16858238,0.25670498,"Mitch Keller",17594,656605
"Tanner Banks","PHI",0.29484902,0.72168906,0.5,0.64457831,0.86702128,0.79889299,0.48062731,0.64794007,0.10055351,0.15590406,0.25645756,"Tanner Banks",16990,621383
"Carlos Vargas","SEA",0.31216931,0.66666667,0.48310502,0.6779661,0.90340909,0.82797732,0.48219178,0.6163142,0.08265213,0.17347866,0.25613079,"Carlos Vargas",22915,672841
"Spencer Bivens","SFG",0.3264177,0.69352014,0.48840804,0.73728814,0.9040404,0.84177215,0.44126739,0.65014577,0.07727975,0.17851623,0.25579598,"Spencer Bivens",30226,702352
"Jack Leiter","TEX",0.29767769,0.69879518,0.47812621,0.60756501,0.86699507,0.77813765,0.4498645,0.58513932,0.10599613,0.14932302,0.25531915,"Jack Leiter",30146,683004
"Logan Evans","SEA",0.28933333,0.65306122,0.44917788,0.66820276,0.9140625,0.82529118,0.43946188,0.62,0.07835821,0.17686567,0.25522388,"Logan Evans",33699,688138
"Cole Henry","WSN",0.23243243,0.68203883,0.42399173,0.65116279,0.83274021,0.77560976,0.42605998,0.52697095,0.09504132,0.16012397,0.25516529,"Cole Henry",27570,669371
"Osvaldo Bido","ATH",0.29579376,0.72542902,0.49564586,0.58256881,0.86451613,0.77452416,0.46516691,0.63360882,0.11143271,0.14327062,0.25470333,"Osvaldo Bido",23150,674370
"David Morgan","SDP",0.31408776,0.72372372,0.4921671,0.58088235,0.86721992,0.76392573,0.43472585,0.6373057,0.11618799,0.1383812,0.25456919,"David Morgan",31616,688158
"Jake Irvin","WSN",0.30140485,0.65312046,0.46603261,0.70974576,0.90111111,0.83527697,0.46807065,0.64930114,0.07668816,0.17780794,0.2544961,"Jake Irvin",21504,663623
"Yuki Matsui","SDP",0.33486239,0.73349633,0.48824083,0.57077626,0.83666667,0.72447013,0.38476011,0.56985294,0.1342723,0.12018779,0.25446009,"Yuki Matsui",33826,673513
"Luke Jackson","- - -",0.29147982,0.69345238,0.46419437,0.59230769,0.90128755,0.79063361,0.42966752,0.60730594,0.09669211,0.15776081,0.25445293,"Luke Jackson",11752,592426
"Ryan Feltner","COL",0.33226837,0.71634615,0.48560461,0.58653846,0.87248322,0.75494071,0.39923225,0.59259259,0.11854685,0.13575526,0.2543021,"Ryan Feltner",21446,663372
"Brent Suter","CIN",0.29194631,0.67962963,0.47623239,0.70689655,0.85831063,0.80961183,0.47535211,0.65979381,0.09058927,0.16358839,0.25417766,"Brent Suter",13942,608718
"Robert Suarez","SDP",0.33754513,0.75095785,0.53810409,0.71657754,0.81377551,0.78238342,0.48513011,0.65427509,0.11688312,0.13729128,0.2541744,"Robert Suarez",30115,663158
"Simeon Woods Richardson","MIN",0.30106486,0.69704142,0.47923323,0.63022508,0.86247878,0.78222222,0.44994675,0.59660297,0.10419989,0.14992026,0.25412015,"Simeon Woods Richardson",24494,680573
"JP Sears","- - -",0.2912471,0.68744186,0.47125951,0.75,0.84709066,0.81434978,0.45435334,0.62092624,0.08748943,0.16610313,0.25359256,"JP Sears",23429,676664
"Erik Miller","SFG",0.30744337,0.74566474,0.46473029,0.54736842,0.82945736,0.70982143,0.35892116,0.640625,0.13485477,0.11825726,0.25311203,"Erik Miller",26252,669062
"Ryan Bergert","- - -",0.28043776,0.69879518,0.46570122,0.63902439,0.87931034,0.79869067,0.44283537,0.60371517,0.09375,0.15929878,0.25304878,"Ryan Bergert",29863,686701
"Logan Allen","CLE",0.27117573,0.67939609,0.44091581,0.72027972,0.8745098,0.81909548,0.41580502,0.6183432,0.07973422,0.17312661,0.25286083,"Logan Allen",27589,671106
"Brandon Pfaadt","ARI",0.33011467,0.70103093,0.49040439,0.67276051,0.89140271,0.80782669,0.43214531,0.64276402,0.09408142,0.15874102,0.25282244,"Brandon Pfaadt",27782,694297
"Trevor Williams","WSN",0.30685921,0.67747164,0.46477901,0.70980392,0.88995215,0.82169391,0.42610497,0.67024129,0.08287293,0.1698895,0.25276243,"Trevor Williams",16977,592866
"Eduardo Rodriguez","ARI",0.32197943,0.6879845,0.4679289,0.69261477,0.87042254,0.7968621,0.39876352,0.5907781,0.09490741,0.15625,0.25115741,"Eduardo Rodriguez",13164,593958
"Joey Wentz","- - -",0.33142311,0.70664928,0.49007718,0.6167147,0.88191882,0.7784027,0.42282249,0.61538462,0.10848018,0.14262115,0.25110132,"Joey Wentz",19962,666214
"Miles Mikolas","STL",0.30108359,0.67340067,0.47943548,0.75578406,0.90125,0.85365854,0.47903226,0.69506726,0.07007652,0.18082964,0.25090616,"Miles Mikolas",9803,571945
"Yariel Rodríguez","TOR",0.30465444,0.68888889,0.45383952,0.62962963,0.82258065,0.74334601,0.38826575,0.53691275,0.11637931,0.13448276,0.25086207,"Yariel Rodriguez",33838,684320
"Luis Castillo","SEA",0.34021226,0.74303406,0.5143909,0.67244367,0.84166667,0.77813923,0.43239625,0.64697987,0.11412316,0.13621151,0.25033467,"Luis Castillo",15689,622491
"Colton Gordon","HOU",0.30653951,0.70432357,0.50310131,0.69777778,0.8970297,0.83561644,0.49414197,0.64116095,0.08258775,0.16724019,0.24982794,"Colton Gordon",31312,676467
"Ryne Stanek","NYM",0.33816425,0.78280543,0.52304798,0.66190476,0.79479769,0.74460432,0.41580433,0.61176471,0.1335842,0.11571025,0.24929445,"Ryne Stanek",15947,592773
"Michael Wacha","KCR",0.31805556,0.71451876,0.50037509,0.69868996,0.86073059,0.80509745,0.45986497,0.63268156,0.09752438,0.15153788,0.24906227,"Michael Wacha",14078,608379
"Brayan Bello","BOS",0.31041009,0.66546763,0.45680386,0.66056911,0.91216216,0.81168831,0.41230997,0.63,0.08598962,0.16271312,0.24870274,"Brayan Bello",23920,678394
"Chad Patrick","MIL",0.3359375,0.71678322,0.49850746,0.69767442,0.84878049,0.79041916,0.42686567,0.65606362,0.10442566,0.14420686,0.24863252,"Chad Patrick",30113,694477
"Roki Sasaki","LAD",0.25139665,0.6730038,0.42995169,0.54444444,0.92655367,0.79775281,0.42351047,0.58385093,0.08653846,0.16185897,0.24839744,"Roki Sasaki",35323,808963
"Landon Knack","LAD",0.27251185,0.67236467,0.45407503,0.68695652,0.85169492,0.7977208,0.45407503,0.64324324,0.09184994,0.15653299,0.24838292,"Landon Knack",27487,689017
"Stephen Kolek","- - -",0.29462366,0.67852437,0.46714032,0.67883212,0.92621359,0.84030418,0.44937833,0.62906725,0.07460036,0.17347543,0.24807578,"Stephen Kolek",21487,663568
"Walker Buehler","- - -",0.29762816,0.66401816,0.44515539,0.6940874,0.91111111,0.82443532,0.40265082,0.63539823,0.07804655,0.16978549,0.24783204,"Walker Buehler",19374,621111
"Taijuan Walker","PHI",0.29431722,0.65646259,0.44929646,0.72910663,0.89982729,0.83585313,0.4279476,0.6133829,0.07371484,0.17410281,0.24781765,"Taijuan Walker",11836,592836
"Ryan Rolison","COL",0.29752066,0.6485623,0.46005917,0.71296296,0.91133005,0.84244373,0.46301775,0.64766839,0.07227139,0.17551622,0.24778761,"Ryan Rolison",22200,669020
"Carlos Carrasco","- - -",0.28043478,0.70532915,0.45442875,0.55813953,0.91111111,0.78248588,0.40949936,0.58018868,0.09884467,0.14890886,0.24775353,"Carlos Carrasco",6632,471911
"Richard Fitts","BOS",0.36803874,0.73291925,0.52789116,0.59868421,0.88559322,0.77319588,0.43809524,0.66666667,0.11972789,0.12789116,0.24761905,"Richard Fitts",30160,690916
"Jose Quintana","MIL",0.29910045,0.63333333,0.42824287,0.74937343,0.90601504,0.83888292,0.38638454,0.5971223,0.06890216,0.17868627,0.24758842,"Jose Quintana",11423,500779
"Zach Eflin","BAL",0.35949765,0.67755102,0.49778172,0.72052402,0.88554217,0.81818182,0.43478261,0.63430421,0.09050577,0.15616681,0.24667258,"Zach Eflin",13774,621107
"Janson Junk","MIA",0.33294393,0.73498695,0.52281134,0.74385965,0.88099467,0.83490566,0.47225647,0.67337808,0.08631319,0.16029593,0.24660912,"Janson Junk",23301,676083
"Andrew Heaney","- - -",0.31743278,0.66594828,0.47284959,0.71311475,0.88834951,0.82317073,0.44593945,0.60447761,0.08345324,0.16306954,0.24652278,"Andrew Heaney",15423,571760
"Cal Quantrill","- - -",0.31825939,0.671875,0.46506986,0.68900804,0.8980322,0.81437768,0.41516966,0.61598441,0.08624128,0.16001994,0.24626122,"Cal Quantrill",19312,615698
"DL Hall","MIL",0.23492063,0.67399267,0.43877551,0.67567568,0.86413043,0.81007752,0.46428571,0.59354839,0.08319185,0.16298812,0.24617997,"DL Hall",22207,669084
"Anthony Molina","COL",0.31675393,0.69469027,0.45723684,0.63636364,0.88535032,0.77697842,0.37171053,0.55625,0.101473,0.14402619,0.24549918,"Anthony Molina",26952,683627
"Andre Pallante","STL",0.28785982,0.69875223,0.45735294,0.60434783,0.89923469,0.79019293,0.4125,0.62377622,0.09588538,0.14952241,0.24540779,"Andre Pallante",26108,669467
"Brenan Hanifee","DET",0.26095618,0.66216216,0.44926004,0.67938931,0.94897959,0.86588235,0.46934461,0.65,0.06019007,0.18479409,0.24498416,"Brenan Hanifee",22304,669724
"Taj Bradley","- - -",0.29443586,0.71151985,0.47958745,0.62992126,0.87346939,0.79032258,0.44391921,0.58181818,0.10055866,0.14439192,0.24495058,"Taj Bradley",22543,671737
"Ryne Nelson","ARI",0.32020802,0.72142857,0.50243309,0.68677494,0.87871287,0.81194512,0.4541768,0.62197092,0.0944467,0.15038508,0.24483178,"Ryne Nelson",26253,669194
"Zack Littell","- - -",0.34903782,0.70804059,0.51398852,0.70912548,0.8831312,0.81926029,0.45946915,0.63372859,0.09286483,0.15166726,0.24453209,"Zack Littell",15823,641793
"Juan Morillo","ARI",0.30659026,0.72014925,0.48622366,0.64485981,0.8238342,0.76,0.43435981,0.63815789,0.11650485,0.12783172,0.24433657,"Juan Morillo",21924,666661
"Bailey Falter","- - -",0.28531073,0.68166479,0.46591492,0.71287129,0.90264026,0.83938394,0.45566376,0.57335907,0.07479508,0.16905738,0.24385246,"Bailey Falter",20070,663559
"Tobias Myers","MIL",0.32286996,0.72631579,0.50847458,0.72222222,0.86956522,0.81904762,0.46004843,0.60454545,0.09200969,0.15133172,0.2433414,"Tobias Myers",22191,668964
"Brock Burke","LAA",0.30975143,0.75306122,0.52418559,0.68518519,0.83739837,0.79096045,0.48371175,0.61089494,0.10946746,0.13313609,0.24260355,"Brock Burke",17968,656271
"Carlos Estévez","KCR",0.29050279,0.70948617,0.49376798,0.72435897,0.88022284,0.83300971,0.48513902,0.64312268,0.08245446,0.16011505,0.24256951,"Carlos Estevez",14542,608032
"Nic Enright","CLE",0.34545455,0.78712871,0.51315789,0.63157895,0.86792453,0.76923077,0.37969925,0.68503937,0.11842105,0.12406015,0.2424812,"Nic Enright",25553,663671
"Victor Vodnik","COL",0.26173285,0.70684932,0.43852013,0.57931034,0.87209302,0.76674938,0.39717084,0.55813953,0.10217391,0.14021739,0.2423913,"Victor Vodnik",24614,680767
"Austin Gomber","COL",0.28625954,0.71578947,0.49049049,0.68,0.92941176,0.85306122,0.47547548,0.65073529,0.07207207,0.17017017,0.24224224,"Austin Gomber",16561,596295
"Bryce Miller","SEA",0.30190931,0.75426136,0.50843061,0.64822134,0.8606403,0.79209184,0.45654994,0.61734694,0.10550162,0.13656958,0.2420712,"Bryce Miller",29837,682243
"Brandon Waddell","NYM",0.30847458,0.67281106,0.46289063,0.65934066,0.89041096,0.80168776,0.42382813,0.6119403,0.09161793,0.15009747,0.2417154,"Brandon Waddell",18347,663399
"Javier Assad","CHC",0.24422442,0.70075758,0.45679012,0.71621622,0.90810811,0.85328185,0.46560847,0.67320261,0.0670194,0.17460317,0.24162257,"Javier Assad",21741,665871
"Adrian Houser","- - -",0.31688805,0.71718377,0.49418605,0.69760479,0.90016639,0.82780749,0.44291755,0.61583012,0.08509514,0.1564482,0.24154334,"Adrian Houser",12718,605288
"Tomoyuki Sugano","BAL",0.32647644,0.6710775,0.46861598,0.70325203,0.91830986,0.83028286,0.41247563,0.57185185,0.07943925,0.16160436,0.24104361,"Tomoyuki Sugano",35321,608372
"Emerson Hancock","SEA",0.29974811,0.73407643,0.49156118,0.70168067,0.87852495,0.81831187,0.4416315,0.65194805,0.08924807,0.15179199,0.24104006,"Emerson Hancock",27470,676106
"Matt Gage","- - -",0.29333333,0.69264069,0.46704331,0.68181818,0.9125,0.83064516,0.43502825,0.6350365,0.07894737,0.16165414,0.2406015,"Matt Gage",17381,657424
"Mitchell Parker","WSN",0.32726046,0.73017171,0.50942699,0.6742268,0.8924972,0.81567489,0.45212569,0.61931034,0.09383081,0.14665682,0.24048762,"Mitchell Parker",27636,680730
"Michael McGreevy","STL",0.28140097,0.68288854,0.4559727,0.68669528,0.90574713,0.82934132,0.43481229,0.605,0.07776262,0.16234652,0.24010914,"Michael McGreevy",29869,700241
"Chase Dollander","COL",0.27383367,0.70959596,0.46794151,0.64814815,0.8594306,0.79086538,0.44544432,0.56689342,0.09786277,0.14173228,0.23959505,"Chase Dollander",33482,801403
"Brad Lord","WSN",0.28924162,0.73440644,0.49718045,0.73780488,0.84931507,0.8147448,0.46710526,0.6007326,0.092062,0.14701738,0.23907938,"Brad Lord",31972,695418
"Sam Long","KCR",0.27562642,0.69164265,0.45928753,0.71900826,0.8875,0.83102493,0.44147583,0.55555556,0.07760814,0.16030534,0.23791349,"Sam Long",25379,669674
"Ryan Pressly","CHC",0.27042254,0.66993464,0.45537065,0.66666667,0.93170732,0.84717608,0.46293495,0.59340659,0.06959153,0.16792738,0.23751891,"Ryan Pressly",7005,519151
"Randy Vásquez","SDP",0.28262748,0.66902119,0.46089385,0.76452599,0.89894419,0.85454545,0.4613594,0.60526316,0.06700791,0.17031177,0.23731968,"Randy Vasquez",24719,681190
"Erick Fedde","- - -",0.28129496,0.6741573,0.44364711,0.72122762,0.90151515,0.83444339,0.41325454,0.65168539,0.07335582,0.16231029,0.2356661,"Erick Fedde",17425,607200
"John King","STL",0.32801822,0.71720117,0.49872123,0.72222222,0.88617886,0.82564103,0.43861893,0.63963964,0.08695652,0.1483376,0.23529412,"John King",22051,667463
"Jalen Beeks","ARI",0.29553903,0.76190476,0.48799127,0.55345912,0.86111111,0.75167785,0.41266376,0.58441558,0.12117904,0.11353712,0.23471616,"Jalen Beeks",17192,656222
"Davis Martin","CHW",0.31389102,0.72365805,0.49242096,0.63814181,0.90247253,0.80738786,0.43568644,0.57570715,0.09476417,0.13933362,0.23409779,"Davis Martin",21448,663436
"Carson Palmquist","COL",0.26555024,0.67832168,0.43323864,0.7027027,0.89690722,0.82622951,0.40625,0.54857143,0.0751773,0.15886525,0.23404255,"Carson Palmquist",31612,687223
"Jonathan Cannon","CHW",0.29563492,0.71592357,0.47964306,0.68791946,0.87188612,0.80813953,0.43781372,0.60944206,0.09192201,0.14206128,0.23398329,"Jonathan Cannon",31730,686563
"Luis Severino","ATH",0.30345711,0.69717707,0.47198828,0.7721519,0.88957055,0.84639255,0.42804833,0.59007092,0.07250092,0.16074698,0.23324789,"Luis Severino",15890,622663
"Joe Ross","PHI",0.30997877,0.74424552,0.50696056,0.69178082,0.86254296,0.80549199,0.45359629,0.63596491,0.09860789,0.13457077,0.23317865,"Joe Ross",12972,605452
"Chad Green","TOR",0.3175,0.75404531,0.5077574,0.66929134,0.87553648,0.80277778,0.43582511,0.64210526,0.1,0.13239437,0.23239437,"Chad Green",15552,643338
"Tanner Gordon","COL",0.3046252,0.76337115,0.53215434,0.70157068,0.8895966,0.83534743,0.49598071,0.65875371,0.0875502,0.1437751,0.2313253,"Tanner Gordon",27669,685299
"Chris Paddack","- - -",0.3527027,0.73087558,0.51267057,0.72605364,0.88020177,0.81901141,0.42300195,0.65671642,0.09275136,0.1375682,0.23031956,"Chris Paddack",20099,663978
"Zach Agnos","COL",0.29090909,0.80203046,0.48197343,0.54166667,0.85443038,0.73622047,0.37381404,0.55072464,0.12713472,0.10246679,0.22960152,"Zach Agnos",31552,688642
"Germán Márquez","COL",0.28822496,0.70538543,0.47769784,0.62195122,0.9251497,0.8253012,0.45419664,0.58544839,0.08337326,0.14614279,0.22951605,"German Marquez",15038,608566
"Ben Lively","CLE",0.26735219,0.70909091,0.47009736,0.77884615,0.91025641,0.86982249,0.45897079,0.61235955,0.06111111,0.16805556,0.22916667,"Ben Lively",14932,594902
"Tim Hill","NYY",0.39278557,0.71,0.53392659,0.80102041,0.9084507,0.86458333,0.44493882,0.7063197,0.07222222,0.15666667,0.22888889,"Tim Hill",16814,657612
"Valente Bellozo","MIA",0.31158455,0.73730298,0.49546142,0.75213675,0.86698337,0.8259542,0.43192133,0.6091954,0.08623298,0.14220877,0.22844175,"Valente Bellozo",23899,678368
"Marcus Stroman","NYY",0.29904306,0.71678322,0.46875,0.736,0.87804878,0.82424242,0.40625,0.64571429,0.0822695,0.14609929,0.22836879,"Marcus Stroman",13431,573186
"Jack Kochanowicz","LAA",0.3121547,0.70336788,0.47470398,0.64896755,0.91896869,0.81519274,0.41550054,0.59179688,0.08754028,0.14017186,0.22771214,"Jack Kochanowicz",27688,686799
"Max Kranick","NYM",0.32806324,0.76449275,0.5557656,0.75903614,0.85308057,0.82653061,0.52173913,0.64864865,0.09640832,0.13043478,0.2268431,"Max Kranick",22175,668820
"Antonio Senzatela","COL",0.26271186,0.72920892,0.46409807,0.6627566,0.91933241,0.83679245,0.43169877,0.61003236,0.07567804,0.14829396,0.223972,"Antonio Senzatela",15488,622608
"Bryse Wilson","CHW",0.30784708,0.68627451,0.46604215,0.7254902,0.92653061,0.84924623,0.41803279,0.62053571,0.07025761,0.15222482,0.22248244,"Bryse Wilson",19990,669060
"José Ureña","- - -",0.28433269,0.72182254,0.47965739,0.70748299,0.88704319,0.828125,0.44646681,0.5877551,0.08244111,0.1391863,0.22162741,"Jose Urena",11589,570632
"Chris Flexen","CHC",0.30410959,0.72077922,0.49479941,0.75675676,0.9009009,0.85285285,0.4576523,0.61797753,0.07280832,0.14858841,0.22139673,"Chris Flexen",13896,623167
"Jake Woodford","ARI",0.28882834,0.69767442,0.4576,0.79245283,0.90555556,0.86363636,0.4128,0.62352941,0.0624,0.1584,0.2208,"Jake Woodford",18674,663765
"John Curtiss","ARI",0.33663366,0.75619835,0.52293578,0.74509804,0.87431694,0.82807018,0.4440367,0.56028369,0.08974359,0.12820513,0.21794872,"John Curtiss",16128,595928
"Bradley Blalock","COL",0.27721088,0.73033708,0.47241045,0.71779141,0.91692308,0.85040984,0.43078412,0.54909091,0.07066796,0.14133591,0.21200387,"Bradley Blalock",26419,687134
"Thomas Hatch","- - -",0.3121547,0.77232143,0.48805461,0.69026549,0.91907514,0.82867133,0.38225256,0.59868421,0.08361775,0.10921502,0.19283276,"Thomas Hatch",19264,641672