"last_name, first_name","player_id","attempts","avg_hit_angle","anglesweetspotpercent","max_hit_speed","avg_hit_speed","ev50","fbld","gb","max_distance","avg_distance","avg_hr_distance","ev95plus","ev95percent","barrels","brl_percent","brl_pa"
"Márquez, Germán","608566","246","7.2",32.9,"111","88.8","77.8","92.7","86.7","445","149","405","99",40.2,"12",4.9,3.5
"Hendricks, Kyle","543294","242","11",34.3,"110.8","86.1","75","90.9","82.6","450","154","407","77",32,"11",4.5,3.5
"Senzatela, Antonio","622608","240","9.1",27.9,"111.9","88.3","77.1","92.5","85.8","447","149","399","92",38.3,"13",5.4,4.3
"Freeland, Kyle","607536","232","7.4",31.9,"115.7","87.3","75.8","91.9","84","451","146","411","83",35.8,"13",5.6,4.3
"Lynn, Lance","458681","224","17.5",34.4,"113.4","88.6","78","91","87.9","445","178","401","84",37.5,"12",5.4,3.5
"Civale, Aaron","650644","224","10.4",36.6,"108.6","87.1","76","91.3","83.4","426","166","398","75",33.5,"15",6.7,4.8
"Corbin, Patrick","571578","217","11.9",32.3,"114.8","90.7","80.6","93.8","89.1","453","164","394","96",44.2,"14",6.5,4.7
"Wheeler, Zack","554430","212","3.8",30.7,"115.6","85.7","73.2","92","83.1","426","126","385","72",34,"8",3.8,2.8
"Gibson, Kyle","502043","207","6.2",33.3,"112.9","88.2","76.8","92.1","86.2","453","143","419","82",39.6,"15",7.2,5
"Lyles, Jordan","543475","205","14.5",28.8,"112.5","89.6","79.6","93.9","86.6","464","176","411","86",42,"16",7.8,6
"Lester, Jon","452657","203","11.9",34,"112.5","88.9","77.8","93.1","86","443","169","403","79",38.9,"25",12.3,9.4
"Gonzales, Marco","594835","202","17.6",36.6,"112","86.6","75.2","92.3","81.5","425","178","385","69",34.3,"17",8.4,6.1
"Fiers, Mike","571666","200","20.3",33.5,"108.4","88.6","78.6","93.1","84.8","429","176","399","67",33.5,"15",7.5,5.8
"Keuchel, Dallas","572971","198","5.6",34.3,"114.9","86.8","75","92.5","83.9","426","134","417","62",31.3,"8",4,3.1
"Greinke, Zack","425844","196","11.7",34.7,"115.9","86.8","74.9","91.9","82.9","413","166","391","69",35.2,"16",8.2,5.9
"Davies, Zach","605200","194","14.6",35.6,"111.3","87.5","76","91.8","84.9","468","165","418","71",36.6,"20",10.3,7.2
"Cueto, Johnny","456501","192","13",34.4,"113.1","87.9","77.2","91.5","84.3","447","172","417","65",33.9,"11",5.7,4
"Wainwright, Adam","425794","191","12",33,"113.2","87.3","75.7","93.1","82.9","442","158","402","70",36.6,"12",6.3,4.6
"Valdez, Framber","664285","191","-0.8",33.5,"114.6","91.4","81.4","95.7","88.5","418","133","384","93",48.7,"15",7.9,5.2
"Porcello, Rick","519144","190","16.4",35.3,"109.8","87.2","75","91.9","83.5","408","162","378","70",36.8,"16",8.4,6.1
"Anderson, Tyler","542881","190","21.6",38.4,"109.4","86.8","76.3","90.3","84.2","422","188","391","59",31.1,"11",5.8,4.2
"Heaney, Andrew","571760","188","16.3",35.6,"110.6","88.6","77.7","94.2","83.3","441","181","416","74",39.4,"14",7.4,5
"Darvish, Yu","506433","187","11.9",36.4,"110.9","88.7","78.7","93","85.4","449","162","405","64",34.2,"12",6.4,4
"Bassitt, Chris","605135","187","12.5",28.9,"111.4","88.2","77.4","92.7","86.3","418","166","398","70",37.4,"11",5.9,4.2
"Ryu, Hyun Jin","547943","185","9.6",32.4,"109.6","87","76.6","91.4","84.9","427","140","401","54",29.2,"6",3.2,2.2
"Mills, Alec","621219","185","10.1",30.8,"114.5","86.9","74.5","93","83.6","453","154","401","73",39.5,"17",9.2,6.7
"Pérez, Martín","527048","185","14.3",34.6,"111.2","86.3","75.5","91.1","81.3","428","172","400","54",29.2,"14",7.6,5.3
"Boyd, Matthew","571510","184","15.4",37,"110.8","87.4","75.5","93","82.4","443","179","400","68",37,"20",10.9,7.4
"Gallen, Zac","668678","181","12.4",33.7,"109.5","87","75.8","92.9","83.4","432","159","412","59",32.6,"13",7.2,4.5
"Sánchez, Aníbal","434671","181","13.5",37,"114.2","88.9","78.5","92.4","85.8","440","178","408","68",37.6,"17",9.4,6.9
"Woodruff, Brandon","605540","180","13.3",26.1,"115.3","86.7","74.9","93.2","84.4","431","145","413","61",33.9,"13",7.2,4.4
"Scherzer, Max","453286","179","18.7",41.9,"112.2","88.5","77.2","91.6","85.2","459","185","414","65",36.3,"15",8.4,5.1
"Williams, Trevor","592866","178","12.3",33.7,"114.5","87.2","75.6","92.3","83.1","435","170","391","64",36,"12",6.7,4.8
"Castillo, Luis","622491","178","2.2",28.7,"114.4","86","72.2","92.7","82.1","428","128","409","66",37.1,"8",4.5,2.7
"Singer, Brady","663903","177","9",28.8,"115.8","88.5","77.4","91.4","87.5","458","146","404","71",40.1,"8",4.5,3
"Houser, Adrian","605288","177","1.4",29.4,"109.9","86.3","74.6","92","83.6","433","121","392","58",32.8,"10",5.6,4.1
"Cole, Gerrit","543037","175","16.4",32,"114","90.4","79.9","95.2","85.1","473","189","404","78",44.6,"16",9.1,5.6
"Berríos, José","621244","174","14",33.3,"115.8","88.7","77.4","92.8","86.4","435","167","392","69",39.7,"11",6.3,4.1
"Bundy, Dylan","605164","173","14.5",30.6,"106.9","87","76","92","83","412","161","388","57",32.9,"8",4.6,3
"Paddack, Chris","663978","173","9.3",34.1,"111.9","90.9","80.5","95.1","88.7","428","162","400","82",47.4,"19",11,7.8
"Yarbrough, Ryan","642232","171","10.9",41.5,"115.9","82.6","69.2","90.9","73.4","427","165","403","43",25.1,"10",5.8,4.3
"Cease, Dylan","656302","171","15.2",36.8,"110.6","89.8","79.1","92.9","87.8","440","178","409","70",40.9,"15",8.8,5.9
"Fedde, Erick","607200","169","2.5",29,"121.3","89.6","78.4","95.6","85.4","483","139","399","67",39.6,"14",8.3,6.3
"Luzardo, Jesús","666200","169","10.5",34.3,"113.3","88.9","78.5","93.5","85.6","412","153","393","62",36.7,"12",7.1,4.8
"Carrasco, Carlos","471911","169","10.3",35.5,"113","88","76.9","92.3","84.6","450","160","392","59",34.9,"14",8.3,5
"Cobb, Alex","502171","168","3.8",33.9,"115.8","91.3","80.6","97.5","86.9","447","140","394","81",48.2,"16",9.5,7.1
"Manaea, Sean","640455","168","9.4",28.6,"110.9","90.6","80.7","94.5","89.4","401","149","388","75",44.6,"12",7.1,5.4
"Nola, Aaron","605400","168","8.6",34.5,"114.4","88.3","77","95.2","84.4","431","148","413","64",38.1,"9",5.4,3.1
"Webb, Logan","657277","167","6",34.7,"110.6","88.4","77.1","91.9","86.5","407","143","400","67",40.1,"9",5.4,3.7
"May, Dustin","669160","163","6.3",30.1,"114","87.9","76.9","91","86.7","431","140","404","55",33.7,"11",6.7,4.9
"Weaver, Luke","596133","162","19.3",36.4,"112.8","89.8","79.4","92.8","85.5","434","209","404","68",42,"15",9.3,6.4
"Sheffield, Justus","656954","161","9.6",29.8,"111.8","90.7","80.6","93.1","91.2","437","140","414","75",46.6,"6",3.7,2.6
"Giolito, Lucas","608337","161","15.2",33.5,"111.9","87","75.2","93.4","82.2","441","171","395","57",35.4,"9",5.6,3.1
"Keller, Brad","641745","161","7.5",32.9,"113.9","89.2","79.2","92","88.2","429","138","418","63",39.1,"6",3.7,2.8
"Stripling, Ross","548389","161","12.3",37.3,"112.1","91.2","82.3","95.4","87.3","431","181","397","63",39.1,"17",10.6,7.7
"Duffy, Danny","518633","161","19.6",32.9,"112.9","88.7","77.8","92.9","87.2","452","184","411","58",36,"12",7.5,5
"López, Pablo","641154","161","6.7",31.1,"110.3","85.7","73.6","90.5","83.6","431","136","410","52",32.3,"7",4.3,2.9
"Urías, Julio","628711","161","21.7",32.9,"111.5","87.1","76.5","90","85.4","429","185","405","46",28.6,"8",5,3.6
"Turnbull, Spencer","605513","160","8.5",30,"113.3","91.1","81.3","92.9","90.3","438","147","423","70",43.8,"10",6.3,4.1
"Voth, Austin","608723","159","21.2",36.5,"114.3","89.4","78.3","93.9","84.9","456","208","412","69",43.4,"15",9.4,6.7
"Eflin, Zach","621107","159","7.9",27,"116.5","87.4","76.3","91.9","82.9","442","152","403","52",32.7,"12",7.5,4.9
"Maeda, Kenta","628317","158","10.8",31,"113.9","85.3","74.3","91.1","81.9","446","139","409","39",24.7,"11",7,4.4
"Bauer, Trevor","545333","158","20.9",25.9,"110","88.5","77.8","94.1","85.4","422","168","395","60",38,"10",6.3,3.6
"Canning, Griffin","656288","158","18.9",30.4,"114.6","88.9","78.7","93.3","86","454","180","420","54",34.2,"14",8.9,5.9
"Minor, Mike","501985","156","17.6",36.5,"113.3","87.5","75.6","92.8","83.4","435","190","394","63",40.4,"16",10.3,6.7
"Anderson, Brett","474463","156","4.4",31.4,"110.7","89.1","77.7","94.7","86","427","143","410","75",48.1,"10",6.4,5
"Dobnak, Randy","677976","154","1.2",26.6,"114.2","87.8","75.1","94.8","85.1","430","120","382","63",40.9,"8",5.2,4
"Roark, Tanner","543699","154","18",36.4,"111.4","89.2","78","93.4","86","438","188","389","66",42.9,"20",13,9.1
"Montas, Frankie","593423","153","17.1",37.9,"111.3","88.1","77.7","92.5","84.5","439","177","407","54",35.3,"12",7.8,5.1
"Bieber, Shane","669456","153","9.6",26.1,"112.9","89.3","78.1","93.9","86.1","443","152","409","66",43.1,"11",7.2,3.7
"Walker, Taijuan","592836","152","14",39.5,"108.6","88.4","78.4","92.6","85.7","428","177","400","50",32.9,"11",7.2,4.9
"Fried, Max","608331","151","6.4",27.8,"112.4","83.4","70.9","88.3","82.7","446","131","423","36",23.8,"5",3.3,2.2
"Lamet, Dinelson","659275","150","16.9",34.7,"111.4","88.7","77.4","93.3","85.2","424","176","392","60",40,"11",7.3,4.1
"Kershaw, Clayton","477132","150","7.9",29.3,"111.4","87.8","76.4","92.1","86.1","407","144","388","51",34,"12",8,5.4
"Young, Alex","622065","150","15.3",41.3,"111.8","90","79.8","94.6","84.6","446","200","412","61",40.7,"19",12.7,9.3
"Gausman, Kevin","592332","149","13.1",34.2,"109.3","88","76.7","92.5","83.8","434","169","403","55",36.9,"11",7.4,4.5
"Bubic, Kris","663460","149","11.5",34.9,"108.5","87.1","74.9","93.8","82.1","450","155","412","54",36.2,"12",8.1,5.4
"Richards, Garrett","572070","148","14.6",37.2,"111","89.8","80.6","94.2","85","446","177","421","52",35.1,"13",8.8,6.1
"McCullers Jr., Lance","621121","146","3.8",30.1,"111.3","89.3","79.5","92.4","87.7","419","129","388","51",34.9,"15",10.3,6.6
"deGrom, Jacob","594798","146","11.6",30.1,"111","88.2","78","92.4","83.6","451","171","410","49",33.6,"14",9.6,5.2
"Tanaka, Masahiro","547888","143","12.9",32.9,"113.7","88.5","77.7","93.1","85.5","425","160","403","53",37.1,"13",9.1,6.6
"Plesac, Zach","668676","142","16.8",31.7,"109","87.8","77.5","93.2","83.9","458","172","401","47",33.1,"14",9.9,6.8
"Weber, Ryan","543901","141","9.4",27,"111.3","91.1","80.4","94.4","89.9","442","144","395","71",50.4,"11",7.8,5.9
"Bumgarner, Madison","518516","141","17.3",37.6,"112.2","89.5","78.9","95.9","80.7","453","199","404","57",40.4,"21",14.9,11.1
"Arrieta, Jake","453562","141","6.7",35.5,"111.3","88.9","77.8","91","88.3","422","143","386","54",38.3,"11",7.8,5.8
"Javier, Cristian","664299","140","25.1",28.6,"109.1","86.9","76.4","91.5","80.6","444","191","389","41",29.3,"9",6.4,4.2
"Gray, Jon","592351","139","15.9",38.1,"109.2","90.3","80.7","93.5","90.3","480","181","415","64",46,"11",7.9,6.3
"Peterson, David","656849","138","13",29.7,"109.3","87.4","76.5","93","82.8","447","163","404","46",33.3,"10",7.2,4.9
"Happ, J.A.","457918","137","12.7",26.3,"110.4","88.1","78.2","93.4","83.9","411","160","376","47",34.3,"7",5.1,3.6
"Brubaker, JT","664141","137","11.2",35,"114","87.1","75","93.5","82.1","460","162","420","45",32.8,"11",8,5.4
"Ray, Robbie","592662","137","22.9",38,"112.8","91.6","81.9","94.2","88.7","433","214","404","63",46,"18",13.1,7.2
"Eovaldi, Nathan","543135","136","8.6",31.6,"112.2","90.1","80.3","93.9","87.6","414","153","390","54",39.7,"12",8.8,6
"Gray, Sonny","543243","135","6.8",37,"112","86.8","75.7","90","85.5","447","142","414","44",32.6,"5",3.7,2.1
"Montgomery, Jordan","656756","134","11.5",33.6,"111.1","84.6","71.3","92.5","77.9","436","158","406","40",29.9,"8",6,4.1
"Milone, Tommy","543548","133","18.1",34.6,"111.9","89.2","79.1","92.6","85","436","194","408","48",36.1,"8",6,4.4
"Castellani, Ryan","624418","133","17.8",35.3,"111.3","90.9","81.4","94.3","89.5","453","196","415","60",45.1,"10",7.5,5.3
"López, Jorge","605347","131","9.1",30.5,"115.5","92.8","83.5","96.4","91.4","447","147","400","65",49.6,"12",9.2,6.9
"Dunn, Justin","643290","127","21",34.6,"113.5","92","83.6","95.6","89.2","433","196","397","57",44.9,"14",11,7.1
"Kikuchi, Yusei","579328","127","4.3",29.1,"112.1","89.4","79.1","93.6","86.9","412","139","392","46",36.2,"5",3.9,2.6
"Burnes, Corbin","669203","125","9.7",31.2,"111.7","86.9","75.5","93.3","83.2","421","150","401","43",34.4,"9",7.2,3.8
"Glasnow, Tyler","607192","125","13.4",32,"112","90.4","80.4","93.8","86.8","441","179","404","53",42.4,"11",8.8,4.6
"Means, John","607644","123","17",21.1,"117","88.2","76.3","94.9","84.4","431","159","393","46",37.4,"10",8.1,5.7
"Kuhl, Chad","641771","122","14.4",33.6,"114.5","89.5","78.3","92.9","87","440","173","409","48",39.3,"16",13.1,8.1
"Snell, Blake","605483","122","6.6",35.2,"109.7","87.8","76.4","92.7","83.7","432","155","405","45",36.9,"12",9.8,5.9
"Clarke, Taylor","664199","122","16.1",32,"109.4","89.8","79.6","94","87.6","449","175","416","48",39.3,"12",9.8,6.6
"Gonsolin, Tony","664062","122","15.2",36.9,"109.8","88.7","79.4","92.4","85.9","415","184","390","43",35.2,"6",4.9,3.4
"Lindblom, Josh","458676","120","21.6",44.2,"114.1","87.8","78.3","90.2","88.8","434","187","394","39",32.5,"6",5,3.1
"Margevicius, Nick","676606","120","18.7",33.3,"113.1","89.2","78.8","93.7","87.1","420","176","408","47",39.2,"10",8.3,5.9
"Wojciechowski, Asher","592879","119","20.3",40.3,"107.2","88.3","78.3","93","83.9","417","198","387","40",33.6,"9",7.6,5.4
"Kim, Kwang Hyun","547942","118","7.8",31.4,"111.3","87.1","76.5","91.1","85.2","413","147","386","37",31.4,"5",4.2,3.2
"Tomlin, Josh","458708","118","17",34.7,"111.1","88.9","78.9","93.2","85.3","446","184","404","43",36.4,"14",11.9,8.6
"Eshelman, Thomas","664045","117","17",38.5,"112.8","88.5","77.7","91.6","86.9","448","189","410","41",35,"11",9.4,7.6
"Alcantara, Sandy","645261","117","6.8",32.5,"108.7","88.3","77.4","92.5","86","407","147","396","45",38.5,"7",6,4.1
"Holland, Derek","502706","116","16",35.3,"112.3","92.5","82.5","97","87.5","437","194","406","56",48.3,"17",14.7,9.5
"Mahle, Tyler","641816","116","20.8",33.6,"108.5","87.4","76.3","92.7","80.2","423","192","402","46",39.7,"7",6,3.5
"Morton, Charlie","450203","114","11.6",36,"109.8","89.4","79.5","92.2","86.9","407","168","382","40",35.1,"9",7.9,5.3
"Wright, Kyle","657140","114","10.1",40.4,"109.3","87.1","75","90.3","85.6","447","162","416","42",36.8,"9",7.9,5.4
"DeSclafani, Anthony","543101","114","11",36,"108.4","89.6","78.9","93.2","85.7","430","170","404","53",46.5,"13",11.4,8.2
"Sandoval, Patrick","663776","114","3.6",28.9,"110.4","88.1","76.6","94.1","83.4","410","148","396","54",47.4,"9",7.9,5.7
"Brault, Steven","643230","113","8.2",31.9,"110.8","85.8","74.1","89.6","83","419","157","419","37",32.7,"5",4.4,2.8
"Richards, Trevor","670950","112","18.4",37.5,"110.2","89.3","78.5","91.9","88.4","406","186","362","48",42.9,"10",8.9,6.7
"Sánchez, Sixto","664350","112","4.3",21.4,"109.8","87.8","76.4","91.3","87","410","118","401","43",38.4,"6",5.4,3.8
"Teheran, Julio","527054","111","15.5",42.3,"112.2","89","78.3","91.4","86","451","193","406","43",38.7,"14",12.6,9.4
"Wacha, Michael","608379","110","15.2",38.2,"108.9","87.9","75.6","93.3","81.9","422","183","390","48",43.6,"9",8.2,5.8
"Clevinger, Mike","605182","107","17.7",42.1,"110.2","88.2","77.8","90.6","85.6","447","181","416","37",34.6,"8",7.5,4.9
"Hill, Rich","448179","107","15.7",34.6,"110.7","86.8","75.6","93.6","81.9","420","167","393","32",29.9,"10",9.3,6.4
"García, Deivi","665620","106","23.4",35.8,"111.3","89.4","78.3","92.6","88.4","448","177","400","42",39.6,"10",9.4,6.8
"Anderson, Chase","502624","105","15.1",42.9,"117.5","87.9","75.1","94.2","82","445","180","402","40",38.1,"17",16.2,11
"Alexander, Tyler","641302","105","11.7",28.6,"112.2","89.1","78.3","93.5","87.2","434","160","395","39",37.1,"9",8.6,5.9
"Hudson, Dakota","641712","104","8.2",26,"110.8","89.1","78.5","95","87.4","430","140","413","42",40.4,"5",4.8,3.3
"Castano, Daniel","641447","103","11.6",29.1,"116.9","89.4","78.5","92","88.4","418","160","395","39",37.9,"6",5.8,4.8
"Fulmer, Michael","605242","103","17.4",37.9,"111.3","90.8","80.3","91.8","92.6","437","179","406","46",44.7,"10",9.7,7.4
"Bielak, Brandon","656232","103","14.1",35.9,"110.4","87.7","75.7","93.5","81.5","431","185","405","41",39.8,"9",8.7,6.1
"Flaherty, Jack","656427","102","9.3",37.3,"110.4","87.7","77.6","94","83","425","164","395","33",32.4,"7",6.9,4.1
"Lugo, Seth","607625","101","7.5",37.6,"113.6","90","78.6","94.7","86.8","445","153","403","43",42.6,"9",8.9,5.6
"Allard, Kolby","663465","99","19.5",35.4,"110.7","89.1","79.5","93.1","86.7","451","190","412","38",38.4,"7",7.1,4.6
"Godley, Zack","643327","98","15.9",34.7,"111.3","88.9","77.8","93.3","85.1","455","176","415","41",41.8,"10",10.2,7
"González, Gio","461829","97","10.9",39.2,"112.5","86.3","75","91.2","82.3","435","161","389","32",33,"7",7.2,4.6
"Jackson, Luke","592426","97","4.3",22.7,"111.2","89.9","79.8","93.3","89.7","391","115","386","36",37.1,"3",3.1,2.3
"Fleming, Josh","676596","97","0",18.6,"110.7","86","73.2","92.3","84.3","420","107","374","33",34,"5",5.2,3.8
"Matz, Steven","571927","96","15.2",42.7,"114.7","91.5","81.3","94.5","89.2","463","201","404","47",49,"13",13.5,9.2
"Barria, Jaime","642545","95","20.3",30.5,"111.6","88.9","79.3","93.5","86.7","389","178","374","33",34.7,"3",3.2,2.3
"Lorenzen, Michael","547179","94","12",28.7,"109.8","84.4","72.9","88.5","81.6","420","148","391","25",26.6,"4",4.3,2.7
"Musgrove, Joe","605397","93","12.4",32.3,"107.1","85.1","73.2","91.1","81.9","408","151","397","30",32.3,"5",5.4,3
"Buehler, Walker","621111","93","19.5",28,"110.4","90","80.6","92.9","88.6","436","179","396","34",36.6,"6",6.5,4.1
"Plutko, Adam","592644","93","22.4",34.4,"113.6","88.7","78.7","94.2","83.9","431","189","406","31",33.3,"7",7.5,6
"Quantrill, Cal","615698","92","12.5",29.3,"108","86.1","75","90.4","84","457","156","425","29",31.5,"7",7.6,5.2
"Dunning, Dane","641540","92","7.8",29.3,"107.5","87.8","76.9","92.8","83.2","419","146","400","30",32.6,"6",6.5,4.2
"Smith, Josh A.","595001","91","13.6",34.1,"110.4","87.4","77.2","89.9","84.9","450","162","417","28",30.8,"3",3.3,2.5
"Mazza, Chris","607391","90","17",44.4,"112.9","86.4","75.7","89.8","82.2","495","192","424","28",31.1,"5",5.6,3.7
"Cordero, Jimmy","622772","90","5.4",38.9,"107.9","85","72.8","87.6","83.8","433","139","423","29",32.2,"5",5.6,4
"Kelly, Merrill","518876","90","13.3",36.7,"115","88.5","76.7","95.7","84.7","413","166","393","36",40,"10",11.1,8
"Urquidy, José","664353","90","16.7",37.8,"111.4","89.8","80.1","91.8","89.2","410","178","387","35",38.9,"6",6.7,5.2
"Mize, Casey","663554","89","11.2",38.2,"108.9","88.6","76.3","95.2","82.8","455","169","410","38",42.7,"12",13.5,9
"Erlin, Robbie","572362","88","19.7",38.6,"109.6","89.8","79.3","94.1","85.7","470","210","412","37",42,"12",13.6,9.8
"Velasquez, Vince","592826","88","12.5",30.7,"117.4","87.9","75.9","94.3","82.9","429","157","392","35",39.8,"7",8,4.5
"Valdez, Phillips","570488","88","9.2",31.8,"109.5","84.8","72.1","90.3","80.9","387","135","383","26",29.5,"4",4.5,2.9
"Junis, Jakob","596001","87","12.6",34.5,"108.9","88.9","77.8","95.8","82.7","442","174","415","31",35.6,"7",8,6.1
"Rogers, Tyler","643511","86","1.8",27.9,"107.8","85.8","73","91.3","82.5","397","125","384","31",36,"1",1.2,0.8
"Suter, Brent","608718","85","6.5",30.6,"112.3","84.5","71.4","90.4","80.2","424","142","396","26",30.6,"4",4.7,3.1
"Skubal, Tarik","669373","84","21",38.1,"111.9","89.6","79.6","95.5","80.9","431","219","397","33",39.3,"9",10.7,6.7
"Buttrey, Ty","621142","84","5.5",34.5,"115","90.1","80.5","96","85.2","379","158","369","35",41.7,"6",7.1,5.4
"Thompson, Ryan","657044","83","0.3",28.9,"112.4","87.1","74.7","91.9","86.2","415","117","393","34",41,"4",4.8,3.5
"King, Michael","650633","82","16.3",30.5,"106.6","87","76.4","89.5","85.8","437","174","409","26",31.7,"5",6.1,4.1
"Hernández, Jonathan","642546","82","12.8",18.3,"109","87.6","76.9","92.6","85.4","416","151","393","31",37.8,"3",3.7,2.4
"Brewer, Colten","605155","82","6",37.8,"110.9","89.2","76.7","94.7","85","438","159","410","33",40.2,"12",14.6,9.8
"Oviedo, Johan","670912","81","12",35.8,"111.4","91.8","81.7","97.1","86.1","414","179","395","42",51.9,"7",8.6,6.3
"López, Reynaldo","625643","81","19.1",30.9,"111.2","91.1","81.5","95.1","89.4","446","195","400","35",43.2,"8",9.9,6.6
"Anderson, Ian","666120","81","8.9",18.5,"114.5","86.7","74.3","90.7","85.1","376","126","362","26",32.1,"1",1.2,0.7
"Almonte, Yency","622075","81","7.3",22.2,"108.1","87.6","77.2","92","85.3","457","135","425","24",29.6,"4",4.9,3.5
"Andriese, Matt","542882","81","13.6",28.4,"111.1","89.4","79.9","91.1","89.7","430","159","404","29",35.8,"7",8.6,5.6
"LeBlanc, Wade","453281","81","14.6",38.3,"109.7","86.1","75.3","92.1","80.8","409","181","390","24",29.6,"3",3.7,2.9
"Norris, Daniel","596057","80","6.3",28.7,"111.4","90.6","80.7","94.7","87.8","429","140","424","36",45,"6",7.5,5.2
"Shoemaker, Matt","533167","80","7.2",33.8,"108","87.7","76.6","93.9","82.6","449","153","409","31",38.8,"8",10,7
"Stammen, Craig","489334","79","5.9",25.3,"109.9","88.2","77.7","90.6","87.2","389","126","385","29",36.7,"2",2.5,1.9
"Stratton, Chris","608717","79","9.7",26.6,"107.7","89.7","79.8","93.7","86.1","413","166","402","32",40.5,"7",8.9,5.3
"Howard, Spencer","675921","79","12.7",35.4,"109.1","87.1","75.8","90.7","83.2","408","177","381","26",32.9,"4",5.1,3.5
"Pineda, Michael","501381","78","15.3",29.5,"111.6","86","74.2","89","84.4","382","166",,"25",32.1,"6",7.7,5.4
"Antone, Tejay","622088","78","11.9",20.5,"111.5","86.7","74.6","92.6","84.4","449","147","398","25",32.1,"6",7.7,4.3
"Peña, Félix","570240","77","7.5",29.9,"109.5","88.3","78.5","90","88.3","461","147","435","24",31.2,"4",5.2,3.5
"Estévez, Carlos","608032","77","19.2",44.2,"111.5","91.8","82.3","92.7","92","418","202","398","36",46.8,"9",11.7,7.8
"Greene, Shane","572888","77","15.3",28.6,"113.5","87.9","77.1","93.5","86.3","420","152","414","26",33.8,"5",6.5,4.6
"McFarland, T.J.","519008","77","2.2",27.3,"109","90.8","81.1","93.6","89.6","415","131","388","33",42.9,"5",6.5,5.4
"Martinez, Carlos","593372","76","5.8",31.6,"109.7","88.5","76.5","95.3","83.2","437","145","390","34",44.7,"5",6.6,4.8
"Peralta, Wandy","593974","76","6.3",32.9,"112.1","85.6","74.9","89.4","82.2","447","141","435","23",30.3,"3",3.9,2.6
"Rogers, Trevor","669432","76","10",30.3,"109.9","87.3","75.1","93.7","83.4","396","151","376","30",39.5,"4",5.3,3.1
"Cisnero, José","542585","76","14.6",36.8,"111.1","90","79.7","92.6","87.7","407","181","369","35",46.1,"6",7.9,4.9
"Ponce de Leon, Daniel","594965","76","21.4",31.6,"108.8","88.6","77.4","91.4","87.6","436","200","412","31",40.8,"7",9.2,4.9
"Kintzler, Brandon","445213","76","3.5",31.6,"109.3","86.6","75.4","90.6","84.2","449","130","420","26",34.2,"5",6.6,5
"Lakins Sr., Travis","664042","76","7.9",42.1,"116.1","89.8","79.8","93.2","85.4","410","164","405","32",42.1,"7",9.2,6
"Holder, Jonathan","656547","76","8.2",31.6,"112.8","86.9","75.1","92.5","82.6","418","142","402","30",39.5,"6",7.9,5.9
"Barlow, Scott","605130","75","7.2",36,"110.8","86.8","73.5","92.5","81.2","426","160","409","31",41.3,"6",8,4.8
"Treinen, Blake","595014","75","-0.4",22.7,"107.5","84.8","71.8","90.1","83.3","395","106","395","24",32,"1",1.3,0.9
"Yamaguchi, Shun","685493","75","12.5",25.3,"109","89.1","78.2","93.8","85.6","438","171","393","28",37.3,"6",8,5
"Gomber, Austin","596295","75","10.3",36,"113.2","90","81.4","90.8","89.9","407","159","407","25",33.3,"2",2.7,1.7
"Harper, Ryne","607560","75","16.6",36,"109","86.9","76.1","90.6","84.8","413","185","406","26",34.7,"7",9.3,6.4
"Floro, Dylan","571670","75","9.2",32,"108","84.6","73.4","89.8","81","402","137","402","20",26.7,"2",2.7,2
"Familia, Jeurys","544727","75","3.4",25.3,"109.2","85.9","73.9","92.3","82","434","126","432","23",30.7,"3",4,2.5
"Slegers, Aaron","642083","75","5.6",25.3,"109.7","86.1","75","91.9","83.7","422","125","422","21",28,"2",2.7,2
"McKenzie, Triston","663474","75","15.7",30.7,"109.4","86","73.6","92.7","81.8","445","179","409","27",36,"9",12,7.1
"Ureña, José","570632","74","12.3",25.7,"111.4","90.3","78.9","95.6","87.8","434","152","397","30",40.5,"7",9.5,6.7
"Crichton, Stefan","592233","73","13.5",32.9,"109.6","89","79.2","90","89.6","398","151","398","29",39.7,"1",1.4,0.9
"Hoffman, Jeff","656546","73","16.2",34.2,"112.8","92.3","83","94.9","91","420","194","392","39",53.4,"7",9.6,6.7
"Dayton, Grant","594795","73","20.3",31.5,"107.3","87.4","77.3","93.3","77.3","424","206","399","23",31.5,"7",9.6,6
"García, Rony","665621","73","15.7",41.1,"114.3","90","80.2","93.5","85.8","435","191","392","31",42.5,"8",11,8.3
"Melancon, Mark","453343","72","-0.6",25,"108","88.9","79.7","93.5","86","375","123","364","25",34.7,"3",4.2,3.2
"Díaz, Jairo","545064","72","8.2",44.4,"112.4","89.8","79.6","94.1","84.8","426","177","407","29",40.3,"9",12.5,8.5
"Holland, Greg","518813","71","8.9",29.6,"109.3","89.8","80.1","93.5","87.6","410","148","410","29",40.8,"5",7,4.5
"Hatch, Thomas","641672","71","11.9",28.2,"109.8","86.4","73.3","91.2","83.3","402","154","398","29",40.8,"4",5.6,3.7
"Bass, Anthony","542914","70","4.4",15.7,"109.9","89.3","79.1","93","88.6","412","118","395","27",38.6,"2",2.9,2
"Akin, Keegan","669211","70","17.9",38.6,"109.7","91.4","81.8","95.1","86.9","410","192","398","35",50,"6",8.6,5.2
"Nova, Iván","467100","70","6",28.6,"112.8","90.2","79.7","94.9","86.6","462","146","406","29",41.4,"7",10,8
"Garcia, Bryan","650530","70","15.6",27.1,"112","86.4","73.3","92.6","81.5","380","146",,"26",37.1,"3",4.3,3.2
"Farmer, Buck","571656","70","7",30,"112.9","90.2","80","97","84.8","429","147","405","29",41.4,"6",8.6,6.7
"Benjamin, Wes","605138","70","16.6",30,"105.8","90.6","81.8","91.3","90.3","412","182","404","31",44.3,"5",7.1,5.1
"Hughes, Jared","453172","69","2.4",20.3,"113.3","84.6","71.4","92.9","81.7","435","114","413","23",33.3,"5",7.2,4.6
"Toussaint, Touki","657053","69","13.2",37.7,"112.4","89.2","77","95.9","83.8","435","170","414","27",39.1,"9",13,7.5
"Graterol, Brusdar","660813","69","-0.6",27.5,"109.1","88.8","80","90.3","88.9","409","112","409","23",33.3,"2",2.9,2.3
"Curtiss, John","595928","69","15.5",33.3,"111.7","92","83.4","93.7","90.2","437","181","415","29",42,"5",7.2,5.1
"Brasier, Ryan","518489","69","15.8",44.9,"110","91.1","81.5","92.3","90.3","457","196","430","31",44.9,"5",7.2,4.5
"Foster, Matt","641582","69","17.8",44.9,"109.4","87.2","75.5","92","81.8","414","190","388","27",39.1,"8",11.6,7.3
"Mayers, Mike","594577","68","20.1",32.4,"109.3","89","79.3","92","88","394","189","391","26",38.2,"4",5.9,3.3
"Jiménez, Joe","641729","68","17.2",38.2,"110","92.1","83.1","96.5","87","427","203","398","34",50,"7",10.3,6.9
"Cessa, Luis","570666","68","13.5",35.3,"110.1","88.9","77.9","93","86.6","433","161","389","29",42.6,"3",4.4,3.2
"Clippard, Tyler","461325","68","23.1",39.7,"107.8","86.5","76.7","90.9","80.4","427","203","404","19",27.9,"6",8.8,6.1
"Hunter, Tommy","488984","68","13.3",35.3,"112.1","90.6","79.3","95.5","87.7","425","159","424","31",45.6,"6",8.8,5.9
"Vincent, Nick","543883","68","15",38.2,"108.4","90.5","79.3","93.3","86.8","441","198","390","32",47.1,"9",13.2,9.8
"Ynoa, Huascar","660623","68","3.6",33.8,"109","87.8","77.4","92.8","84.2","410","140","399","26",38.2,"4",5.9,4
"Yardley, Eric","642233","67","3.9",22.4,"109.8","88.5","77.5","93.6","87.6","424","110","422","26",38.8,"3",4.5,3.1
"Loup, Aaron","571901","66","11",34.8,"110.8","86.9","74.8","90.6","83.7","459","161","406","22",33.3,"6",9.1,6.3
"Loáisiga, Jonathan","642528","66","3.6",31.8,"108.3","84.6","72.8","90","79.8","422","138","417","18",27.3,"4",6.1,4
"Bard, Daniel","453268","66","10.5",31.8,"111.2","90.1","80.2","92.6","91.1","417","158","395","31",47,"5",7.6,4.7
"Finnegan, Kyle","640448","66","6.2",33.3,"107.2","87.8","77.9","91.6","86.9","421","146","416","19",28.8,"3",4.5,2.8
"Petit, Yusmeiro","433589","66","18.5",25.8,"109.4","87.5","76.7","92.9","82.5","426","188","413","22",33.3,"7",10.6,8
"Matzek, Tyler","554431","66","10.7",27.3,"108.3","86.7","76.7","89.7","84.1","412","160","412","17",25.8,"2",3,1.7
"Cole, A.J.","595918","66","22.3",22.7,"110.2","86.7","76.8","91.5","81.6","404","166","378","18",27.3,"2",3,2.1
"Samardzija, Jeff","502188","65","29.3",33.8,"110.9","89.3","79.7","93.4","84.2","458","211","399","22",33.8,"7",10.8,9.1
"Workman, Brandon","519443","65","3.2",32.3,"111.1","90.1","78.8","95.4","85.5","409","160","394","32",49.2,"8",12.3,7.9
"Hernández, Elieser","622694","65","16.6",33.8,"113","91.8","83.2","93.4","91.2","410","188","390","25",38.5,"5",7.7,4.7
"Guerra, Junior","448855","65","8.5",27.7,"111.3","86.4","74.9","91.7","82.7","422","140","422","18",27.7,"3",4.6,2.9
"Woodford, Jake","663765","64","12.2",21.9,"110.3","89.9","78.8","94.2","87.1","435","164","404","26",40.6,"9",14.1,10.6
"Colomé, Alex","517008","64","4",29.7,"109.5","87.4","76.2","95.5","84.2","375","133",,"21",32.8,"2",3.1,2.2
"Sulser, Cole","642121","64","17.3",32.8,"107.3","86.9","76.6","92.4","81.8","413","163","412","20",31.3,"3",4.7,3
"Springs, Jeffrey","605488","63","15.2",41.3,"116.3","86.5","73.7","94.7","78","415","181","400","23",36.5,"8",12.7,8.1
"Baragar, Caleb","670056","63","29.1",27,"111.1","90.1","81.3","92.5","85.6","434","218","392","22",34.9,"5",7.9,5.7
"Castro, Miguel","612434","63","5.5",30.2,"109.3","91","81.2","92.2","90","423","147","395","29",46,"3",4.8,2.6
"Neris, Héctor","593576","63","13.9",34.9,"107.7","89.3","79.8","90.4","89.2","378","148",,"25",39.7,"4",6.3,3.9
"Waguespack, Jacob","621097","63","12.3",33.3,"111.6","87.3","77.5","91.1","83.8","404","166","393","16",25.4,"3",4.8,3.3
"Peralta, Freddy","642547","63","21.9",34.9,"112.5","86.9","75.5","93.8","82.1","425","178","410","20",31.7,"5",7.9,4
"Wendelken, J.B.","605525","63","14.7",23.8,"108.1","86","74.4","90.3","82.6","428","152","408","20",31.7,"3",4.8,2.8
"Soria, Joakim","465657","62","22.8",32.3,"107.7","88","78.4","91.5","86.1","388","201","388","21",33.9,"2",3.2,2.1
"Rondón, Héctor","444468","62","10.6",43.5,"112.1","91.5","81.7","96","86.4","425","194","389","27",43.5,"9",14.5,9.3
"Fairbanks, Pete","664126","62","13.6",30.6,"112.8","89.8","80.7","91.8","88.9","395","146","373","27",43.5,"3",4.8,2.6
"Rogers, Taylor","573124","62","8.6",32.3,"111.7","89.5","78.9","92.7","86.9","406","159","402","26",41.9,"6",9.7,6.6
"Kay, Anthony","641743","62","15.4",35.5,"111.8","88.7","77.4","93.2","82.7","429","188","408","23",37.1,"5",8.1,5.1
"López, Yoan","661255","62","8.8",24.2,"110.9","90.5","80.8","93.5","88.5","428","158","418","28",45.2,"5",8.1,5.7
"González, Chi Chi","592346","62","17",35.5,"111.6","92.1","82.5","93.6","93.2","446","180","428","29",46.8,"3",4.8,3.3
"Ramirez, Noé","598287","61","14.9",27.9,"109.3","87.3","75.3","92.9","82.2","455","158","449","24",39.3,"3",4.9,3.5
"Suero, Wander","593833","61","17.4",34.4,"108.8","88.6","78.9","90.9","86.5","407","176","381","17",27.9,"5",8.2,4.9
"Webb, Tyler","643778","61","15.4",34.4,"113.1","85.7","74.2","90.8","82.7","449","169","442","22",36.1,"2",3.3,2.3
"Cody, Kyle","621129","61","11.7",24.6,"111.9","88.9","79.2","93.5","87","455","150","455","21",34.4,"2",3.3,2.2
"Nelson, Nick","656793","61","4.6",36.1,"109.3","88","77.8","91","86.1","412","136","401","20",32.8,"6",9.8,6.7
"Smyly, Drew","592767","60","11.4",41.7,"114.6","90.6","81.2","92","89.6","414","182","401","27",45,"8",13.3,7.2
"Green, Chad","643338","60","15.4",28.3,"110.6","87.7","78.2","91.8","83.4","421","168","385","16",26.7,"5",8.3,5
"Hembree, Heath","592390","60","17",40,"111.7","89.9","79.4","95.2","80","425","213","402","23",38.3,"12",20,13.3
"Font, Wilmer","521655","60","16.5",33.3,"112.1","90.2","79.1","94.4","88.8","425","173","409","27",45,"4",6.7,4.7
"Hartlieb, Geoff","664129","60","1.8",25,"107.6","88.7","79.3","89.7","88.9","405","116","337","19",31.7,"2",3.3,2
"Detwiler, Ross","446321","60","8.8",25,"114","88.5","76.2","95.5","85.1","428","120","417","28",46.7,"2",3.3,2.5
"Fry, Paul","643316","59","3.4",23.7,"108","88.6","78.5","93.9","87.9","391","125","359","20",33.9,"3",5.1,3.1
"Claudio, Alex","592222","59","6.9",30.5,"104.3","81.7","69","88.7","77.4","383","149","368","15",25.4,"2",3.4,2.5
"Wittgren, Nick","621295","59","14.2",42.4,"108.6","89.3","79.3","93.7","81.9","430","196","409","22",37.3,"6",10.2,6.1
"Cishek, Steve","518553","59","18.6",37.3,"110.9","89.2","77.9","92.2","85.1","454","205","410","24",40.7,"7",11.9,7.5
"Alcala, Jorge","660896","59","17.5",35.6,"106.2","86.7","77.2","91.9","81.7","422","165","398","19",32.2,"3",5.1,3.2
"Strahm, Matt","621381","59","13.8",33.9,"115.8","86.3","74.5","94.5","80","408","159","385","20",33.9,"3",5.1,3.6
"Cahill, Trevor","502239","59","19.6",33.9,"110.7","87.5","76","93.3","82.3","421","170","412","21",35.6,"6",10.2,5.7
"Turley, Nik","543867","58","18.7",27.6,"110.3","89.1","79.7","93.4","83.4","406","179","406","20",34.5,"3",5.2,3.3
"Funkhouser, Kyle","608335","58","8.9",39.7,"115.5","90.3","79.9","93","88.8","433","163","409","23",39.7,"3",5.2,3.7
"Taylor, Blake","642130","58","8.8",24.1,"107.7","83","71.7","88.9","79.6","395","136","354","13",22.4,"3",5.2,3.4
"Heuer, Codi","676051","58","7.4",25.9,"111.8","88.1","75.9","93.6","85.6","415","141",,"24",41.4,"3",5.2,3.3
"Scrubb, Andre","668687","58","10",32.8,"104.1","87.3","78.7","89.8","85.3","403","160","403","13",22.4,"2",3.4,2
"Paredes, Enoli","660600","58","13.1",37.9,"110.6","89.4","78.2","91.7","87.7","401","166","399","22",37.9,"3",5.2,3.3
"Jeffress, Jeremy","502026","57","2.9",29.8,"106","89.9","79.6","94","87.6","391","143","366","26",45.6,"2",3.5,2.3
"Hale, David","571735","57","5",42.1,"109.6","88.6","77.4","93.5","85.9","425","154","419","22",38.6,"4",7,5.3
"Jansen, Kenley","445276","57","22.2",33.3,"108.2","82.7","73.7","86","79.3","444","181","430","8",14,"2",3.5,2
"Thorpe, Lewis","626929","57","18.2",43.9,"107.2","86.3","74.6","90.8","85.1","418","183","403","19",33.3,"7",12.3,9.1
"Trivino, Lou","642152","57","15.2",29.8,"111.7","87.7","75.9","94.9","79.6","417","164","407","21",36.8,"6",10.5,6.5
"Newsome, Ljay","664714","57","17",28.1,"108.1","87.7","76.5","94.8","84.7","423","158","399","23",40.4,"4",7,5.9
"Staumont, Josh","622251","56","23",35.7,"112.1","94.4","87.7","94.7","98.8","448","205","412","28",50,"3",5.4,2.7
"Newberry, Jake","623470","56","13.6",41.1,"113","88.9","78.7","93.6","83.6","458","178","423","25",44.6,"3",5.4,3.2
"Neverauskas, Dovydas","596720","56","12.3",35.7,"110.3","90.8","81.1","94.1","90.5","442","162","406","27",48.2,"5",8.9,5.6
"Shreve, Chasen","592741","56","14.9",33.9,"110.4","90.8","80.9","94.7","87.5","414","178","402","23",41.1,"3",5.4,2.9
"Lockett, Walker","621141","56","13.5",32.1,"110.7","86.3","75.5","91.4","83.9","426","152","404","16",28.6,"2",3.6,2.7
"Marshall, Evan","605359","56","6.7",32.1,"107.3","88.3","78","88.9","89.1","378","134","378","19",33.9,"0",0,0
"Givens, Mychal","571710","56","22.8",37.5,"106.5","87.3","77.7","91.9","78.8","428","219","404","17",30.4,"4",7.1,4.3
"Wisler, Matt","605538","56","29.6",25,"112.3","86.3","75.9","90.5","83.9","430","195","413","16",28.6,"2",3.6,1.9
"Paxton, James","572020","56","18.4",37.5,"109.2","90.7","81.6","92.9","89.2","409","201","396","25",44.6,"6",10.7,6.7
"Chavez, Jesse","445926","56","12",37.5,"112.6","86.9","75","92.7","82.3","436","181","406","19",33.9,"8",14.3,10.4
"Osich, Josh","592612","55","3.9",29.1,"107","85.7","72.6","91.9","82.6","434","143","395","21",38.2,"4",7.3,4.7
"Jones, Nate","518858","55","16.2",40,"113","93.5","85.2","95.5","91.2","420","197","398","31",56.4,"6",10.9,7
"Pagán, Emilio","641941","55","24.3",27.3,"108.3","89.2","79.6","92.2","83.5","432","205","397","22",40,"5",9.1,5.7
"Barnes, Matt","598264","55","11.1",32.7,"112.6","91.3","80.9","94.9","89.6","468","159","409","25",45.5,"6",10.9,5.9
"Sims, Lucas","608371","55","18.8",20,"107.4","87.3","76.8","93.6","81","388","148","376","19",34.5,"1",1.8,1
"Kolarek, Adam","592473","55","-0.2",18.2,"105.7","84","72.8","89.1","83","391","109","391","11",20,"0",0,0
"Kinley, Tyler","641755","55","13.3",25.5,"109.6","86.9","77.2","91.4","84.3","424","173","411","16",29.1,"3",5.5,3.1
"Soto, Gregory","642397","54","2",27.8,"111.9","91.3","83.7","91.4","91.2","409","136","378","19",35.2,"3",5.6,3.1
"Iglesias, Raisel","628452","54","15.2",37,"110.3","86.7","76.4","91.8","81.4","408","159","408","15",27.8,"3",5.6,3.3
"Harris, Will","501789","54","10.5",35.2,"111.4","91.2","80.2","97.2","89.3","443","158","409","25",46.3,"5",9.3,6
"Maton, Phil","664208","54","13.2",33.3,"106.6","82.7","69.8","89.5","79.8","372","157","359","15",27.8,"1",1.9,1
"Watson, Tony","453265","54","10.7",31.5,"113.1","84.8","73.3","89.6","82","424","147","401","16",29.6,"5",9.3,6.8
"Underwood Jr., Duane","621249","54","11.9",42.6,"108.5","92","84.2","93.7","89.4","415","207","395","25",46.3,"5",9.3,5.7
"Castillo, Diego","650895","54","4.3",25.9,"103.9","84.4","72.9","91.5","80.3","394","131","385","15",27.8,"3",5.6,3.4
"Zimmer, Kyle","622092","54","9.9",31.5,"113.1","88","77.9","93.6","83.6","399","142",,"16",29.6,"3",5.6,3.3
"Pressly, Ryan","519151","54","10",29.6,"106.2","89.7","80.5","91.5","89.6","392","156","351","23",42.6,"2",3.7,2.2
"Dolis, Rafael","503569","54","9",24.1,"112.9","85.4","74.4","91.5","82.7","410","140","391","15",27.8,"4",7.4,4
"Duffey, Tyler","608648","54","10.4",29.6,"113.5","93.5","85.7","97.6","92","385","147","380","29",53.7,"2",3.7,2.2
"Graveman, Kendall","608665","54","6.6",27.8,"109.9","91.6","83.6","93.5","89.8","389","155","363","21",38.9,"2",3.7,2.6
"Herget, Jimmy","623474","54","21",33.3,"103.9","87.5","78.5","90.9","84","390","182","373","15",27.8,"3",5.6,3.4
"Romo, Sergio","489265","54","21.1",40.7,"106.4","86.6","76.4","92.4","80.3","413","188","386","18",33.3,"3",5.6,3.4
"Gsellman, Robert","607229","53","13.5",35.8,"112.9","88.8","75.7","95.5","84.4","466","181","409","26",49.1,"6",11.3,8.5
"Sadler, Casey","594987","53","12.3",32.1,"107.6","87.3","78.3","89.7","84.5","400","162","386","14",26.4,"2",3.8,2.3
"Altavilla, Dan","656186","53","17.4",39.6,"108.9","91.1","82.3","93.6","87.7","411","198","405","21",39.6,"5",9.4,5.6
"Britton, Zack","502154","53","-6.8",20.8,"108.1","87.4","77.8","91.2","86","366","94",,"17",32.1,"2",3.8,2.6
"Wilson, Justin","458677","53","13.1",28.3,"109.9","84.5","72.7","89.3","82","403","138","403","15",28.3,"3",5.7,3.5
"Keller, Mitch","656605","52","14.3",19.2,"114.6","88.5","76.9","92.4","84.8","448","164","407","22",42.3,"6",11.5,6.9
"Minter, A.J.","621345","52","9.4",34.6,"107.1","84.5","72.9","89.1","82.8","436","138","436","12",23.1,"2",3.8,2.4
"Boxberger, Brad","502202","52","10.3",32.7,"113","88.6","78.4","94","85.3","417","158","406","20",38.5,"4",7.7,5.1
"González, Victor","624647","52","-2.4",19.2,"113.8","86.8","74.4","88.6","86.8","378","102",,"22",42.3,"0",0,0
"Sneed, Cy","605482","52","21",38.5,"107.3","87.7","77.6","91.7","83","423","204","396","18",34.6,"4",7.7,4.8
"Walden, Marcus","519393","52","11.2",42.3,"115.2","94.1","84.5","96.4","91.2","431","182","416","28",53.8,"7",13.5,9.9
"Chatwood, Tyler","543022","52","8.7",44.2,"108.3","90.2","80.3","92.9","85.9","407","187","389","22",42.3,"5",9.6,5.8
"Hendriks, Liam","521230","52","17.2",38.5,"109.2","90.2","81.4","93.3","83.1","426","192","426","17",32.7,"2",3.8,2.2
"Pearson, Nate","663878","52","16.6",26.9,"110.4","88.9","79.7","93","83.5","410","172","397","20",38.5,"4",7.7,4.9
"Smeltzer, Devin","656970","51","17",33.3,"109.5","88.7","76.7","95.8","82.5","419","175","386","23",45.1,"2",3.9,2.8
"Misiewicz, Anthony","664948","51","22.3",39.2,"107","89.5","78.5","90.4","91.6","395","193","393","21",41.2,"1",2,1.2
"Bleier, Richard","542947","51","-4.5",27.5,"108.1","86","73.1","95.1","83","378","88",,"18",35.3,"1",2,1.5
"Hill, Tim","657612","51","0.5",35.3,"107.1","85.1","72.8","94.4","78.8","427","156","387","17",33.3,"3",5.9,3.8
"Beeks, Jalen","656222","51","12.6",31.4,"110.6","86.4","75.6","89.4","84.1","374","147","355","16",31.4,"1",2,1.2
"Howard, Sam","607572","51","24.4",35.3,"111.5","87.7","76","92.8","88.6","442","178","399","18",35.3,"2",3.9,2.2
"Bradley, Archie","605151","51","13.4",39.2,"108","86.7","76.1","94.3","80.8","399","174","372","17",33.3,"5",9.8,6.8
"May, Trevor","543507","51","23.7",43.1,"111.2","91.1","81.8","95.4","87.3","449","204","419","20",39.2,"6",11.8,6.3
"Rodríguez, Richard","593144","51","16.6",23.5,"112","91.8","82.6","94.8","89.9","402","187","393","26",51,"4",7.8,4.3
"Newcomb, Sean","656794","51","15",33.3,"106.1","87.3","77.1","90.8","85.1","445","185","408","17",33.3,"5",9.8,7.1
"Thielbar, Caleb","573204","51","22.4",35.3,"107.2","85.1","75.3","90.6","80.6","394","184",,"13",25.5,"2",3.9,2.4
"Widener, Taylor","642203","51","15.6",29.4,"107.2","86.8","75.6","94.1","81","433","195","393","19",37.3,"5",9.8,5.7
"Schreiber, John","670167","51","18.3",41.2,"109","90.9","80.6","89.5","94","401","188","389","23",45.1,"4",7.8,5.7
"Gerber, Joey","680702","50","11.6",38,"107.1","89.3","80.5","92.2","87.6","392","170","392","18",36,"2",4,3.2
"García, Jarlín","606424","50","12.5",28,"107.7","88.3","78.4","91.3","86.1","385","154",,"18",36,"2",4,2.7
"Hudson, Daniel","543339","50","27.4",36,"112.8","90.8","82.3","93.7","81.5","416","224","386","18",36,"7",14,7.6
"Báez, Pedro","520980","50","22.6",22,"107","86.7","77","91.7","84.2","413","171","406","14",28,"2",4,2.9
"Rea, Colin","607067","50","11",34,"114","89.3","78.4","92.7","87.4","466","173","407","20",40,"3",6,4.8
"Ottavino, Adam","493603","50","8.8",26,"113.9","90.6","79.9","93.2","90.2","417","147","396","25",50,"3",6,3.5
"Morejon, Adrian","670970","50","9.1",44,"110.3","86.7","74.4","94.5","78.7","430","186","396","18",36,"6",12,7.6
"Lail, Brady","621078","50","21",24,"110.9","91","81.2","95.9","84.2","409","195","391","23",46,"4",8,5.6
"Scott, Tanner","656945","50","4.4",28,"105.4","85.1","72.9","88","83.9","386","128","386","15",30,"2",4,2.3
"Guerra, Javy","457915","50","22.1",34,"108.8","91.8","84.2","93.6","90.9","402","210","369","20",40,"4",8,5.7
"Harvey, Matt","518774","50","8.9",44,"112.2","93.5","84.9","97.4","89.5","428","186","396","27",54,"6",12,9.2
"Robles, Hansel","570663","49","15.7",46.9,"110","88.4","76.8","89.3","90.7","409","202","390","19",38.8,"7",14.3,8.8
"Hand, Brad","543272","49","24.2",32.7,"108","87.5","77.8","91.1","81.6","402","219",,"16",32.7,"4",8.2,4.7
"Pérez, Oliver","424144","49","13.4",28.6,"109.2","87.1","76.5","88.6","85.6","395","169",,"13",26.5,"2",4.1,2.8
"Ryan, Kyle","594986","49","9.5",32.7,"111.1","87.7","75.8","93.8","85.1","418","155","378","19",38.8,"4",8.2,6.1
"Guerra, Javy","642770","49","5.3",36.7,"110.9","90.9","81.2","94.8","88","415","138","415","18",36.7,"2",4.1,3
"Hill, Cam","657611","49","18.7",30.6,"108.4","87.8","75.8","92.7","80.9","448","200","410","22",44.9,"5",10.2,6.9
"Kremer, Dean","665152","49","14.5",40.8,"105.6","90.8","83","94.2","87.5","403","209",,"23",46.9,"4",8.2,4.8
"Dugger, Robert","667498","49","22.2",34.7,"109.3","93.1","84.7","94.1","94.6","427","213","397","25",51,"9",18.4,16.1
"Patiño, Luis","672715","49","17.8",28.6,"107.7","87.8","78.8","90.4","85","435","186","410","16",32.7,"3",6.1,3.5
"Ginkel, Kevin","656464","48","19.7",33.3,"108.4","89.9","80.8","94.1","84.6","444","205","412","16",33.3,"3",6.3,3.8
"Zuber, Tyler","676604","48","11",43.8,"114.4","88.9","77.3","96.8","79.9","448","183","416","19",39.6,"4",8.3,4
"Kennedy, Ian","453178","48","19.8",27.1,"112.5","92.5","82.9","97.5","89.2","402","195","388","22",45.8,"7",14.6,10.1
"Barnes, Jacob","606930","48","12.8",41.7,"107.5","90.2","80.6","94","88","400","174","400","23",47.9,"3",6.3,3.8
"Wilson, Bryse","669060","48","11.2",37.5,"116.7","89.7","78.9","95.9","84.7","432","160","395","20",41.7,"6",12.5,8.2
"Phelps, David","475479","48","13.5",35.4,"108.9","85","71.6","94.1","76.3","419","171","403","18",37.5,"7",14.6,8.2
"Selman, Sam","572125","48","21",25,"104.9","85.1","76.7","85.6","83.8","377","177","357","10",20.8,"2",4.2,2.4
"Wick, Rowan","592858","48","16",37.5,"112.7","90.1","80","93.8","87.4","400","175","385","19",39.6,"5",10.4,6.8
"Perdomo, Luis","606131","48","3.8",22.9,"109.8","89","78.9","93.6","86.8","419","126","409","18",37.5,"3",6.3,4.1
"Ponce, Cody","664074","48","21.2",31.3,"108.4","88.7","78.9","95.2","85.5","431","189","394","16",33.3,"7",14.6,10.6
"Raley, Brooks","548384","47","16.1",29.8,"109.7","81.7","68.9","89.1","81.1","439","143","431","10",21.3,"4",8.5,4.8
"Pivetta, Nick","601713","47","20.4",42.6,"110.2","91.3","82.1","94.3","88.2","468","210","402","20",42.6,"5",10.6,7
"Fry, Jace","605240","47","9.2",38.3,"109.4","90.5","80.7","92.9","88.4","405","162","398","21",44.7,"3",6.4,3.6
"Yamamoto, Jordan","657141","47","17.9",48.9,"115.9","93","83.1","95.9","86.9","466","239","413","29",61.7,"10",21.3,14.9
"Covey, Dylan","592229","47","10.8",27.7,"107.2","89.3","79.4","91.5","88.2","393","144","383","19",40.4,"3",6.4,5
"Hernández, Carlos","672578","47","15.3",31.9,"112.8","91.6","81.6","97.4","88.7","439","174","406","22",46.8,"6",12.8,9
"Brice, Austin","592169","47","14.5",31.9,"109.8","90.3","80.5","94.3","90.5","390","175","365","21",44.7,"3",6.4,3.4
"Smith, Riley","642092","47","10.7",27.7,"110.5","87.1","76.8","89.5","85.5","428","140","428","14",29.8,"1",2.1,1.4
"Winkler, Dan","595465","46","15.4",39.1,"110.1","85.5","72.3","91.8","85","413","161","400","15",32.6,"4",8.7,5.3
"Santana, Dennis","642701","46","11.3",47.8,"106.1","85.3","73.1","92","74.1","413","188","392","15",32.6,"4",8.7,5.5
"Kickham, Mike","592464","46","10.2",34.8,"109.7","89.9","79.1","94.5","83.3","445","177","419","17",37,"7",15.2,10
"Coonrod, Sam","656322","46","12.6",28.3,"111.9","87.8","76.9","93","85.7","402","165","389","19",41.3,"3",6.5,4.2
"Montero, Rafael","606160","45","23",44.4,"112","88.2","75.9","95","85","436","210","424","20",44.4,"7",15.6,9.7
"Reyes, Alex","621052","45","21.2",35.6,"109.1","86.3","75.9","92.1","85.2","443","165","443","13",28.9,"4",8.9,4.7
"Tepera, Ryan","572193","45","10.9",44.4,"110.8","90.3","80","93.4","86.2","428","167","393","17",37.8,"2",4.4,2.2
"Ferguson, Caleb","657571","45","9.8",20,"105.4","87.9","78.4","93.6","86.2","402","138","390","15",33.3,"3",6.7,4
"Ramírez, Yohan","670990","44","33.4",31.8,"104.5","86.6","76.6","91.8","83.9","394","218","384","13",29.5,"3",6.8,3.2
"Hart, Kyle","606996","44","18.5",50,"110.6","90.6","78.6","94.5","87.2","459","197","433","20",45.5,"6",13.6,9
"Miley, Wade","489119","44","9",36.4,"106.1","83.3","71.2","88.3","83.5","410","141","410","10",22.7,"1",2.3,1.5
"Martin, Brett","656685","44","16.1",20.5,"105.6","86.9","77","89.4","87","392","139","383","11",25,"2",4.5,3.3
"Cabrera, Génesis","650893","44","14.3",40.9,"108.7","84","70.6","93.1","75.3","420","189","397","14",31.8,"4",9.1,4.2
"Díaz, Edwin","621242","44","11.7",38.6,"106.8","86.6","75.6","91.9","82.6","397","169","369","17",38.6,"3",6.8,2.8
"Rosenthal, Trevor","572096","44","14.4",20.5,"108.7","90.5","81.6","92.4","89.2","441","178","432","18",40.9,"3",6.8,3.3
"Johnson, Pierce","572955","44","21.3",40.9,"106.3","89.1","78.4","93.9","84.5","412","183","408","17",38.6,"3",6.8,3.8
"Alzolay, Adbert","640470","44","9.9",36.4,"109.7","89.2","78.6","95","83.5","393","163","393","17",38.6,"2",4.5,2.3
"Hirano, Yoshihisa","673633","43","9.8",39.5,"107.4","85.9","76.2","90.8","80.6","425","157","419","10",23.3,"2",4.7,3.2
"James, Josh","657624","43","16.4",46.5,"107.1","85.4","73.9","88.9","80.5","437","196","409","13",30.2,"7",16.3,8.4
"McGee, Jake","459429","43","20.8",32.6,"107.3","92.3","83.5","97.7","87.3","422","191","411","21",48.8,"4",9.3,5.1
"Odorizzi, Jake","543606","43","15.5",41.9,"109.8","90.1","79.9","93.5","87.9","440","179","413","17",39.5,"7",16.3,11.7
"Tate, Dillon","622253","43","6.2",32.6,"114.8","87.9","74.6","93","83.5","403","150","381","15",34.9,"3",7,4.7
"Cimber, Adam","643256","42","7.2",21.4,"116","85.8","75.8","90.6","84","430","128","430","9",21.4,"3",7.1,6.1
"Martin, Chris","455119","42","10.6",33.3,"105.5","89.5","79.1","94.6","84.4","406","181","406","18",42.9,"4",9.5,6.1
"Bacus, Dakota","621290","41","8.5",26.8,"108.4","87.3","75.9","91.6","83.8","417","157","417","17",41.5,"1",2.4,1.8
"Oswalt, Corey","621261","41","18.8",34.1,"111","91.1","81","94.3","86.9","458","206","412","20",48.8,"7",17.1,12.7
"Bedrosian, Cam","592135","41","25.7",24.4,"109.2","90.8","82.3","93","95.3","381","198",,"18",43.9,"1",2.4,1.7
"Soroka, Michael","647336","41","3.9",26.8,"107.1","88","77.6","93.4","85.7","411","114",,"14",34.1,"1",2.4,1.8
"Hearn, Taylor","621368","41","23.6",34.1,"111.1","90","81.7","92.9","92","398","202","370","15",36.6,"2",4.9,2.6
"Rasmussen, Drew","656876","41","2.7",34.1,"102.9","86.8","77.5","90.2","84.1","412","133","391","12",29.3,"2",4.9,2.8
"Tropeano, Nick","607374","41","16.8",39,"111.4","92.3","83.5","95.6","88.9","443","190","443","18",43.9,"3",7.3,4.5
"Wood, Alex","622072","41","13.7",39,"108","86.3","77","87.9","85.5","413","188","400","11",26.8,"2",4.9,3.1
"Gott, Trevor","641627","40","28.2",47.5,"109.1","93.7","85.6","95.4","93.3","411","236","390","20",50,"7",17.5,12.3
"Smith, Will","519293","40","22.2",37.5,"110.6","90.2","78.7","94.8","80.2","445","215","405","18",45,"6",15,9.7
"Diekman, Jake","518617","40","6.7",20,"115.9","86","71.8","96.3","81.1","375","131","375","17",42.5,"3",7.5,3.6
"Karinchak, James","675916","40","23.1",40,"109.9","87.7","76.5","91.8","85.2","415","196","415","14",35,"1",2.5,0.9
"Zeuch, T.J.","643615","40","5.8",25,"117.3","89.7","77.5","90.5","90.7","384","112","372","16",40,"1",2.5,2.1
"Mengden, Daniel","596043","40","18.4",22.5,"106","92.4","84.7","93.1","93.5","398","176","377","20",50,"2",5,3.4
"Borucki, Ryan","621366","40","15.5",35,"109.6","88.2","77.6","90.8","86.9","388","177","374","13",32.5,"3",7.5,4.1
"Ramírez, Erasmo","541640","40","16",25,"110.7","91.1","81.8","91.3","92.4","402","163","402","16",40,"3",7.5,5.7
"Knebel, Corey","608349","39","19.7",33.3,"111","86.9","75.4","96","76","402","201","381","12",30.8,"5",12.8,8.1
"Milner, Hoby","571948","39","21.1",41,"107.6","88.2","77","94.5","85","427","186","398","17",43.6,"7",17.9,11.9
"Armstrong, Shawn","542888","39","10.6",35.9,"106.9","88.1","78.7","90.9","85.1","424","180","424","13",33.3,"3",7.7,5.3
"Stock, Robert","476594","38","6.9",39.5,"108.6","92.4","83.8","94.6","92.8","389","135",,"17",44.7,"2",5.3,3.2
"Lauer, Eric","641778","38","23.4",47.4,"113.8","88.6","78.4","90.8","80.6","442","233","425","14",36.8,"3",7.9,4.9
"Valdez, César","491624","38","5.7",26.3,"111.6","89.3","79.1","94.2","85.4","373","145",,"12",31.6,"1",2.6,1.9
"Stashak, Cody","664054","37","17.1",37.8,"108.4","89.6","79","95.9","86","448","194","442","14",37.8,"5",13.5,8.8
"Hahn, Jesse","534910","37","15.7",24.3,"109","86.5","76.2","87","90.1","382","157",,"10",27,"0",0,0
"O'Day, Darren","503285","37","18.6",35.1,"106.5","83.9","72.8","88.5","73.9","429","190","429","8",21.6,"1",2.7,1.5
"Anderson, Shaun","641312","37","17.3",35.1,"106.8","87.8","78.8","91","84.1","401","159","389","12",32.4,"4",10.8,6
"Williams, Taylor","592865","37","11.9",27,"111.9","89.3","77.4","94.3","86.3","402","179","402","15",40.5,"3",8.1,4.5
"Garrett, Amir","607237","36","13.8",25,"107.9","89.1","77.8","94.5","86","410","161","387","15",41.7,"4",11.1,5.8
"Gant, John","607231","36","5.2",22.2,"110.4","89","77.9","90.3","89.6","367","116",,"17",47.2,"1",2.8,1.6
"Morgan, Adam","605388","36","10.6",33.3,"114.2","88.5","77.3","93.1","85","394","167","384","13",36.1,"5",13.9,8.6
"Phillips, Evan","623465","36","14.9",36.1,"106.8","85.1","73.1","88.9","83.4","370","155","365","13",36.1,"1",2.8,1.5
"Chirinos, Yonny","630023","36","19.1",38.9,"113.2","87.3","75.6","95.3","81.6","401","161","391","11",30.6,"2",5.6,3.8
"Middleton, Keynan","641871","36","22.4",36.1,"104.3","87.3","78.6","90.1","79.8","409","217","384","10",27.8,"1",2.8,1.9
"Williams, Devin","642207","36","2.4",27.8,"109.4","83.7","71.2","91.8","79.2","438","128","438","10",27.8,"2",5.6,2
"García, Yimi","554340","36","18",25,"108.3","88.3","78.1","89.4","91.8","384","147",,"11",30.6,"2",5.6,3.3
"King, John","667463","36","4.6",19.4,"107.5","88.9","76.8","92.2","87.2","412","128","396","16",44.4,"1",2.8,2
"Gibaut, Ian","664139","35","11.3",42.9,"108.8","90.3","80.8","93.8","87.7","416","177","411","17",48.6,"2",5.7,3.4
"Rainey, Tanner","663432","35","18.5",34.3,"111.4","91.2","81.8","92.8","87.9","442","212","414","16",45.7,"4",11.4,5.3
"Parker, Blake","453284","35","16.1",37.1,"109.5","88","77.4","94","83.1","386","182","385","13",37.1,"2",5.7,2.9
"Kilome, Franklyn","642584","35","16.9",37.1,"113.8","89.7","76.1","93.6","84.4","415","206","401","16",45.7,"6",17.1,10.3
"Hall, Matt","664180","34","7.6",61.8,"108.9","89","78.2","91.5","85.1","437","189","428","13",38.2,"3",8.8,5.6
"Allen, Logan","663531","34","10.6",32.4,"112.9","90.2","80.6","89.9","91.2","398","160","398","11",32.4,"2",5.9,4.1
"Betances, Dellin","476454","34","10.9",41.2,"102.4","82.5","71.3","88.7","76.7","346","157",,"6",17.6,"0",0,0
"Reed, Cody","642003","34","7.4",41.2,"108.1","87.8","76","91","83.6","418","167","397","14",41.2,"3",8.8,5.5
"Adams, Chance","664856","34","20.8",41.2,"111.3","90.7","81.1","95.7","87.7","418","211","418","14",41.2,"2",5.9,5
"Goudeau, Ashton","623485","34","8",35.3,"108.2","91.9","83.2","96.6","87.5","436","158","404","16",47.1,"4",11.8,10.3
"Pomeranz, Drew","519141","34","15.9",5.9,"103.7","86.7","77.1","92.2","86.3","380","151","380","10",29.4,"1",2.9,1.4
"Alexander, Scott","518397","34","-7.1",20.6,"115.5","90.7","81.5","98.6","87.2","405","88","401","14",41.2,"2",5.9,3.8
"Hader, Josh","623352","34","23.9",26.5,"108","85.4","73.6","92.9","78.7","416","190","402","9",26.5,"5",14.7,6.4
"Garcia, Luis","677651","34","12.6",35.3,"109.7","89.6","80.8","92.5","86.8","436","178","436","13",38.2,"2",5.9,4.1
"Goody, Nick","580792","34","15.2",38.2,"105.4","86.1","75","93.2","79.3","424","195","394","9",26.5,"4",11.8,7.3
"Merryweather, Julian","657240","34","10.2",29.4,"111.2","86.6","75","92.4","82.9","376","143",,"11",32.4,"1",2.9,1.8
"Garcia, Rico","670329","33","12.1",33.3,"107.4","92","83.4","92.4","91.4","402","171","402","16",48.5,"3",9.1,6.8
"Romero, JoJo","668941","33","6.7",33.3,"109.2","87.3","73.9","91.6","87.5","397","120","397","12",36.4,"1",3,2.1
"Hoyt, James","624586","33","14.8",39.4,"112.9","87.7","76","92.5","87.1","400","163","398","12",36.4,"4",12.1,6.5
"Weems, Jordan","607179","33","20.3",39.4,"108.3","90","81.3","88.9","94.7","440","185","440","11",33.3,"4",12.1,6.9
"Smith, Caleb","592761","33","30.7",27.3,"112.8","90.6","82.1","95.9","85.9","444","206","431","13",39.4,"3",9.1,5
"Helsley, Ryan","664854","33","16.9",33.3,"109.6","91.8","83.9","93.6","92.7","402","191","383","15",45.5,"2",6.1,3.8
"Houck, Tanner","656557","32","8.9",34.4,"106.3","87.7","78","94.6","82.5","427","145","427","11",34.4,"2",6.3,3.2
"Castellanos, Humberto","528748","32","10.9",34.4,"105","89.5","80.8","95.3","85.1","386","169","384","10",31.3,"2",6.3,3.9
"Drake, Oliver","543118","32","7.7",25,"118.4","86.5","75.4","94.9","81.2","392","134","382","11",34.4,"2",6.3,4.4
"Rodriguez, Nivaldo","670550","32","16.9",28.1,"108.7","92.2","83.5","92.4","91.3","418","174","410","12",37.5,"3",9.4,6.5
"Gallegos, Giovanny","606149","32","14.9",37.5,"110.4","92.2","82.8","97.2","90.2","406","175","406","13",40.6,"3",9.4,5.3
"Miller, Andrew","453192","31","11",16.1,"108.1","86.6","78.8","90.3","85.5","372","131",,"6",19.4,"0",0,0
"Menez, Conner","669214","31","28.4",25.8,"109.2","85.1","75.4","88.8","86.6","367","186","353","5",16.1,"2",6.5,4.4
"Mejía, Humberto","650668","31","17.7",45.2,"109.5","93","84.4","98.3","80.2","418","250","411","14",45.2,"7",22.6,14.3
"Tarpley, Stephen","605501","31","5.6",25.8,"106.9","89.4","79.1","92.6","87.3","408","140","393","12",38.7,"2",6.5,3.8
"Romano, Jordan","605447","31","-0.5",25.8,"107.4","92.3","84.3","95.9","90.4","401","125","399","16",51.6,"3",9.7,5.3
"Suárez, Andrew","605498","31","13.9",45.2,"106.6","91.9","82.7","95.1","88.1","431","196","378","16",51.6,"6",19.4,14.3
"Sherriff, Ryan","595411","30","4.8",10,"108.4","85","74.4","91.2","84","356","127",,"7",23.3,"0",0,0
"Rodríguez, Joely","570257","30","7.1",33.3,"109.1","88.9","79","95.6","83.7","412","147",,"13",43.3,"3",10,5.8
"Ramirez, Nick","598286","30","10.1",36.7,"107.9","84.4","73.9","87.1","81.7","405","167","377","8",26.7,"2",6.7,4.3
"Smith, Burch","572143","30","21.9",30,"104.6","89.5","81.9","93.3","85","388","199","384","10",33.3,"2",6.7,4.5
"Hess, David","605276","29","17.3",31,"107.3","89.9","82.3","91.3","89.4","405","188","361","10",35.7,"3",10.3,9.4
"Adam, Jason","592094","29","16.8",24.1,"109","84.9","74","88.5","79.4","452","175","398","7",24.1,"1",3.4,1.7
"Crowe, Wil","640444","29","23.1",55.2,"109","90.1","78.6","94.6","89.1","471","233","435","13",44.8,"6",20.7,13
"Mella, Keury","622492","29","11.6",37.9,"110.5","91.6","82","97.5","87.7","416","181","416","14",48.3,"4",13.8,9.5
"Stanek, Ryne","592773","29","20.2",27.6,"110.3","89.8","78","94.1","83.1","431","189","395","13",44.8,"4",13.8,8.3
"Anderson, Nick","623433","29","31.4",34.5,"106.5","89","79.6","95","84.7","427","231","427","12",41.4,"3",10.3,5.2
"Brach, Brad","542960","29","18",20.7,"107.4","83.9","73.1","89.3","76.9","416","176","397","7",24.1,"1",3.4,1.7
"Harvey, Hunter","640451","28","11.3",35.7,"105.3","90.9","81.5","95.7","86.5","406","176","375","14",50,"2",7.1,5.4
"Fulmer, Carson","608334","28","15.2",21.4,"114.1","91.1","82.4","93.6","91.7","453","141","453","11",39.3,"2",7.1,4.3
"Sewald, Paul","623149","28","16.4",42.9,"109.4","85.4","73.4","84.4","85.4","416","176","416","8",28.6,"1",3.6,2.9
"Elledge, Seth","676220","28","16",35.7,"113.1","92","83.8","97.3","89.5","424","198","420","13",46.4,"3",10.7,5.8
"Magill, Matt","543483","28","17.2",25,"112.1","91.1","81.5","90.8","93.1","448","161","424","11",39.3,"3",10.7,6.7
"Neidert, Nick","663734","28","2.7",35.7,"108.6","95.2","87.3","97.3","93.8","429","131","429","18",64.3,"2",7.1,5.9
"Shaw, Bryan","543766","27","4.7",37,"111.7","90.2","80.3","95.2","86.2","410","151","410","11",40.7,"2",7.4,5.3
"Cortes, Nestor","641482","27","21.9",44.4,"105.2","87.4","76.6","92.6","85","402","198","377","10",37,"3",11.1,6.8
"Chafin, Andrew","605177","27","15.1",44.4,"106.3","86.7","75.4","89.6","85.6","398","171","396","10",37,"2",7.4,4.4
"Guilbeau, Taylor","607555","27","15",33.3,"106.7","89.1","80.9","93.7","84.5","374","158",,"9",33.3,"0",0,0
"Grotz, Zac","665093","27","12.4",40.7,"111.9","87.9","74","98.7","81.5","405","169","380","12",44.4,"3",11.1,6.5
"Kimbrel, Craig","518886","27","15.3",55.6,"105.6","91.1","81.4","92.1","88.8","388","201","375","14",51.9,"5",18.5,7.2
"Rosso, Ramón","665759","26","24",46.2,"110.7","93.3","84.2","94","95.4","400","247","398","13",50,"4",15.4,8.7
"Doolittle, Sean","448281","26","31.5",57.7,"107","89.9","80.7","93","94.4","412","256","400","9",34.6,"4",15.4,11.1
"Triggs, Andrew","592811","26","14.2",23.1,"106","90.9","82","95.5","87.6","409","168","390","13",50,"3",11.5,7.7
"Stephenson, Robert","596112","26","26.1",38.5,"109.1","91.2","81.3","95","90.3","434","237","387","14",53.8,"6",23.1,14
"Bashlor, Tyler","641341","26","10.7",42.3,"107.8","91.8","83.3","90.5","93.3","436","162","402","10",38.5,"1",3.8,2.6
"Kelly, Joe","523260","26","-3.6",30.8,"101.7","88.2","79.2","92.6","86.5","345","129",,"9",34.6,"0",0,0
"Quintana, Jose","500779","26","9.6",42.3,"112","94.5","84.6","93.9","95.2","404","170","404","13",50,"2",7.7,4.9
"Leone, Dominic","608678","26","7.9",61.5,"111","87","71.9","96","66.6","429","213","415","13",50,"5",19.2,10.6
"McGowin, Kyle","641851","26","16.7",34.6,"103.1","85.2","73.2","83.8","87","419","170","412","7",26.9,"2",7.7,4.3
"Roe, Chaz","475054","26","21.5",46.2,"105.2","86.1","76.8","85.6","94.2","361","200",,"7",26.9,"0",0,0
"Kittredge, Andrew","552640","26","3",34.6,"110.2","92.2","84.7","91.9","92.9","367","146",,"9",34.6,"1",3.8,3.2
"Leibrandt, Brandon","605335","26","20.2",30.8,"107.7","89.6","81.6","92.5","85.8","387","177",,"10",38.5,"1",3.8,2.8
"García, Luis","472610","25","13.8",44,"111.9","92.6","84","96.4","91.3","426","167","426","12",48,"3",12,6.7
"Burrows, Beau","663366","25","12.6",32,"114.7","90","81.8","91.9","87.3","411","186","389","7",28,"3",12,10
"Bednar, David","670280","25","13.5",40,"108.8","93.7","85.2","96.4","89.5","417","203","417","14",56,"2",8,6.3
"Banda, Anthony","607455","25","9.9",32,"109.6","88.5","77.8","92.8","85.8","455","167","455","10",40,"3",12,8.3
"Webb, Jacob","657097","25","9.3",20,"109.6","89.8","81.5","92.8","89","383","118",,"9",36,"1",4,2.5
"Davis, Austin","656354","25","6.6",24,"108.1","89.7","79","94","87.8","376","135","371","10",40,"2",8,6.3
"Avilán, Luis","501593","25","15.7",32,"110.6","87.5","78.6","90.8","84.4","426","171","408","6",24,"2",8,5.1
"Santos, Antonio","665733","25","12.7",48,"112.3","94.1","85.1","92.6","96.9","438","196","438","12",48,"4",16,11.4
"Rodón, Carlos","607074","25","23.8",44,"113.3","88.8","78.5","92.5","88.3","397","189","395","10",40,"2",8,5.7
"Sparkman, Glenn","642098","24","16.7",20.8,"108.7","89.7","78.9","91.4","91","387","147",,"8",33.3,"2",8.3,7.4
"Lucchesi, Joey","664192","24","12.8",45.8,"106.5","80.3","67.1","85.6","73.2","350","158",,"5",20.8,"0",0,0
"Littell, Zack","641793","24","14.6",41.7,"108.4","87.8","76.4","89.3","84.6","441","209","398","9",37.5,"5",20.8,16.1
"McClain, Reggie","596035","24","15",25,"101.8","86.5","76.7","93.1","80.3","354","144","347","9",37.5,"0",0,0
"McCarthy, Kevin","641838","24","6.5",37.5,"105.4","86.6","73.8","89","86.9","402","158","382","11",45.8,"1",4.2,3.4
"Alvarado, José","621237","24","10.4",37.5,"107.5","87.1","76.2","89.3","90.1","405","165","405","8",33.3,"4",16.7,8.9
"Thornton, Trent","663423","24","16.6",54.2,"104.5","89.1","78.5","90.6","89.3","386","198",,"10",41.7,"2",8.3,6.1
"Guerra, Deolis","500610","24","4.7",25,"110.2","85.9","68.7","94.8","81.7","403","139","386","11",45.8,"4",16.7,11.1
"De Jong, Chase","608328","24","18.6",37.5,"112.5","90.3","82.7","92.6","87.1","418","191","403","6",25,"2",8.3,5.3
"Feyereisen, J.P.","656420","24","20.1",25,"104.6","87.4","77","93","82.7","410","197","383","9",37.5,"3",12.5,8.1
"Swanson, Erik","657024","24","15.7",45.8,"109","93.5","84.7","96.7","87.7","410","201","381","14",58.3,"4",16.7,10.8
"Taylor, Josh","657031","23","11.1",34.8,"109.5","88.4","76.5","93","83.3","426","172","418","11",47.8,"2",8.7,5.6
"Pazos, James","572021","23","17.6",39.1,"110.1","91.6","80.8","91.2","98.4","435","229","418","11",47.8,"2",8.7,6.9
"Burdi, Zack","641420","23","13.5",43.5,"109.7","94.1","84","99.7","89.9","405","207","391","15",65.2,"5",21.7,13.5
"Stiever, Jonathan","680692","22","16.2",31.8,"110.9","91.4","79.6","97.2","90.6","447","180","414","14",63.6,"5",22.7,17.2
"Brogdon, Connor","641401","22","17",22.7,"116.1","90.1","79.1","92.9","85.1","404","178","378","10",45.5,"2",9.1,4.5
"Bailey, Brandon","669064","22","27.2",36.4,"109.9","86.1","76.8","85.6","85.1","445","179","445","5",22.7,"1",4.5,3.3
"Crismatt, Nabil","622503","22","1.3",31.8,"110.4","91.3","82.2","96.6","86","421","170","404","9",40.9,"1",4.5,3.2
"Bailey, Homer","456701","22","13.5",50,"108.5","91.8","81.1","93.8","90.3","438","180","438","11",50,"1",4.5,3
"Garrett, Braxton","666129","21","8.8",33.3,"108.2","88.8","79","92.7","86.4","436","151","413","8",38.1,"3",14.3,8.8
"Brennan, Brandon","592165","21","21.2",33.3,"106.7","93","84.4","94.7","93","414","185","411","12",57.1,"3",14.3,9.1
"Poppen, Sean","664092","21","7.9",28.6,"104.4","88.6","80.4","90.2","90.4","335","121",,"6",28.6,"0",0,0
"Braymer, Ben","664069","21","19.3",33.3,"104.5","90.4","82","91.4","89.8","342","210",,"10",47.6,"0",0,0
"Zimmermann, Bruce","669145","20","12.4",25,"108.8","95","87.6","96.9","93.1","389","176","379","9",45,"2",10,6.5
"Zimmermann, Jordan","519455","20","4.2",45,"106.4","87.3","74.3","88.2","86.1","355","140",,"9",45,"1",5,3.6
"Diehl, Phillip","670426","20","10.3",35,"103.4","90.7","83.6","94.1","87.2","444","173","434","7",35,"2",10,8
"Shafer, Justin","596101","20","37.7",50,"112.9","89.2","77.9","91.2",,"441","264","435","8",40,"4",20,13.3
"Suárez, Ranger","624133","20","15",30,"107","85.5","72.6","91.8","81.3","413","158","413","7",35,"1",5,3.8
"Mujica, José","620445","20","13",40,"110.1","91.9","81.5","92","93.6","414","175","384","9",45,"1",5,4.3
"Smith, Drew","622098","20","21.9",35,"108","88","79","94.4","77.7","453","205","415","5",25,"2",10,6.9
"Speier, Gabe","642100","20","9.6",45,"104.4","89.1","79.7","88.2","93.1","394","168","394","9",45,"1",5,3.3
"Strasburg, Stephen","544931","20","19.6",30,"104","90.7","81","93.6","87.9","371","172","350","10",50,"0",0,0
"Sharp, Sterling","643532","20","-3.2",30,"109.2","84.1","69.7","100","74.8","408","136","408","7",35,"3",15,10.3
"Volquez, Edinson","450172","20","13.9",40,"103.3","82.4","69.8","91.6","81.3","395","135",,"5",25,"1",5,3.8
"Jurado, Ariel","642558","19","19.8",36.8,"105.8","91.6","82.5","97.4","89.5","408","170","408","10",52.6,"3",15.8,14.3
"Davis, Wade","451584","19","15.7",47.4,"110.4","85.5","71.8","96.9","71.7","440","202","421","8",42.1,"4",21.1,16
"Biagini, Joe","607352","19","7.9",42.1,"110.1","93.4","84.8","94.5","92.2","394","160","394","10",52.6,"1",5.3,3.7
"Rodríguez, Dereck","605446","19","23",63.2,"111.1","90","81.5","91.9","77.4","454","266","417","7",36.8,"3",15.8,12.5
"Bummer, Aaron","607481","19","-8.7",21.1,"109","94.2","85.6","95.1","93.8","388","91",,"9",47.4,"1",5.3,2.6
"Tinoco, Jesus","622786","19","-0.3",5.3,"104.4","83.9","72.2","98.4","82.3","342","83",,"4",21.1,"0",0,0
"Schmidt, Clarke","657376","19","14.2",31.6,"106.2","88.1","78.2","91.8","86.6","402","168",,"6",31.6,"2",10.5,6.1
"Pérez, Cionel","672335","18","3.8",27.8,"104.9","90","81.7","91.5","89.6","373","105",,"6",33.3,"0",0,0
"Murphy, Patrick","641907","18","2.7",44.4,"107.8","90","81.3","91.1","88.9","356","141",,"6",33.3,"0",0,0
"Chacín, Jhoulys","468504","18","20.3",61.1,"101.5","84.4","75.2","89","64.8","381","225","355","3",16.7,"0",0,0
"Crick, Kyle","605195","18","16.1",50,"105.1","79.5","65.1","82.9","77.9","344","153",,"4",22.2,"0",0,0
"Topa, Justin","623437","18","-2.2",38.9,"106.8","87.8","76.6","96.8","80.6","416","135","416","7",38.9,"2",11.1,6.7
"Hernández, Darwinzon","650382","18","13.6",22.2,"102.6","84.4","71.9","92.6","84.7","350","143",,"6",33.3,"0",0,0
"Chapman, Aroldis","547973","18","24.7",38.9,"106.8","83.1","71.4","86.6","82.6","426","217","409","5",27.8,"2",11.1,4.4
"Montgomery, Mike","543557","18","8",38.9,"109.8","90.1","79.2","94.2","86.9","389","166","377","7",38.9,"2",11.1,8.7
"Reid-Foley, Sean","656887","18","14.7",5.6,"110.7","88","75.5","94.9","87.5","308","107",,"6",33.3,"0",0,0
"Alvarez, Jose","501625","18","2.8",27.8,"105.5","86.3","74","88.2","83.2","377","119",,"7",38.9,"1",5.6,3.7
"Espino, Paolo","502179","18","16",50,"106.1","87.3","76.2","91.4","82.3","399","172","399","6",33.3,"3",16.7,11.1
"Grimm, Justin","518748","17","28.9",52.9,"105.8","90.9","81.9","93.3","89","393","231","384","8",47.1,"3",17.6,11.1
"Miller, Tyson","668338","17","3.5",29.4,"107","90","80.2","99.3","83.5","420","152","420","8",47.1,"2",11.8,10
"Leyer, Robinson","622490","17","15.9",52.9,"108.6","88.8","77.5","91.4","84.8","419","201","395","7",41.2,"3",17.6,8.8
"Sánchez, Ricardo","645307","17","15.6",23.5,"106","88.9","80.5","93.3","86.4","382","181","382","7",41.2,"1",5.9,3.7
"Thornburg, Tyler","592804","17","31.6",41.2,"100.1","91.1","85.6","92.5","94.7","392","195",,"7",41.2,"1",5.9,3.1
"Heller, Ben","621294","17","18.5",47.1,"107.5","88.8","79.5","96.6","77.7","422","199","405","6",35.3,"1",5.9,3.7
"Irvin, Cole","608344","17","17.2",35.3,"108.3","90.4","80.1","90.5","91.5","438","171","438","9",52.9,"1",5.9,4.5
"Sobotka, Chad","656977","16","22.6",62.5,"109.8","95","88.1","97.8","90.1","395","269",,"8",50,"3",18.8,15
"Bard, Luke","572703","16","27.9",37.5,"105.7","92.4","84.6","97.4","84.4","414","212","397","8",50,"4",25,17.4
"Bergen, Travis","664157","16","10.5",31.3,"107.3","92","83.5","96.2","89.6","416","164","416","7",43.8,"2",12.5,5.6
"Gilmartin, Sean","543219","15","13.7",20,"106.8","89.9","80.6","91.4","88.6","408","180","402","5",33.3,"2",13.3,8.3
"Del Pozo, Miguel","600887","15","1.2",53.3,"109.4","97.9","89.8","101.4","93.3","398","185",,"10",66.7,"4",26.7,16
"Suarez, José","660761","15","7.2",40,"107.9","91.2","80.9","99.1","82.1","405","151","405","10",66.7,"3",20,13
"Buchter, Ryan","488748","15","27",40,"107.7","92.3","84.7","94.6","83.1","426","239","414","8",53.3,"2",13.3,6.9
"Vesia, Alex","681911","15","27.2",33.3,"111.5","91.6","83.1","95.2","76.2","453","242","409","7",46.7,"2",13.3,7.4
"Yajure, Miguel","664337","15","14.9",26.7,"108.2","94.6","87.2","96.8","91.4","404","195","404","11",73.3,"2",13.3,6.9
"Bolaños, Ronald","671790","15","5",33.3,"106.6","92.4","85.4","94.9","90.6","415","161","413","6",40,"2",13.3,9.5
"Kaminsky, Rob","641739","15","3.5",26.7,"107.3","90.3","83.6","94.9","87.2","356","135",,"5",33.3,"0",0,0
"De León, José","592254","14","13",35.7,"113.3","86","76.4","90","87.5","444","160","444","2",14.3,"1",7.1,2.9
"Baez, Michel","673258","14","14",42.9,"105.7","92.1","85.2","94.9","87.1","397","193",,"4",28.6,"1",7.1,4.3
"Frankoff, Seth","571676","14","25.4",21.4,"102.3","81.2","70","87.1","74.1","373","196",,"4",28.6,"0",0,0
"Farrell, Luke","608652","13","25.4",23.1,"103.8","92.3","84.2","94.8","99.8","409","164","409","6",46.2,"3",23.1,11.1
"Fletcher, Aaron","667465","13","7.7",38.5,"108.4","92","82.8","97.7","89.7","379","149","379","6",46.2,"2",15.4,6.9
"Kelley, Trevor","665001","13","12.4",38.5,"106.6","87.8","76.3","95.9","77.2","430","201","400","5",38.5,"1",7.7,5.3
"Moran, Brian","572383","13","9.4",38.5,"104.9","91.4","83.1","97.9","83.9","427","197","427","6",46.2,"1",7.7,3.7
"Yates, Kirby","489446","13","14.9",38.5,"108","86.2","74.8","87","84.9","409","160","409","4",30.8,"1",7.7,4
"Rosario, Randy","600968","13","6.9",46.2,"108.2","91.3","83.3","89.7","92.7","411","158","411","5",38.5,"1",7.7,4.8
"Devenski, Chris","606965","13","16.5",30.8,"107.3","89.9","80.4","94.4","94.4","360","134","360","6",46.2,"1",7.7,4.8
"Verlander, Justin","434378","13","10.1",7.7,"110.9","90.4","79.9","98","85.6","438","146","410","7",53.8,"2",15.4,9.5
"Osuna, Roberto","532077","13","2.2",30.8,"100.1","83.7","72.2","90.8","84.2","356","104",,"4",30.8,"0",0,0
"Eibner, Brett","518649","13","11.5",69.2,"109.6","90.9","80.1","96.2","82.9","450","213","427","6",46.2,"3",23.1,14.3
"Sborz, Josh","622250","13","17.4",30.8,"106.8","92.9","87.4","93","92.8","412","222","412","6",46.2,"1",7.7,6.3
"Bourque, James","630263","13","13.4",53.8,"108.7","94.8","87.4","98.4","82.7","408","249","408","6",46.2,"3",23.1,15.8
"Tapia, Domingo","593619","13","12.5",7.7,"105.6","89.4","82.2","96.4","81.2","371","159","371","6",46.2,"0",0,0
"Crochet, Garrett","676979","13","14.2",7.7,"110.3","90","80.1","96.3","87.1","365","115",,"6",46.2,"0",0,0
"Mears, Nick","683232","12","13.8",33.3,"109.3","93.4","85","95.1","91.1","400","167","400","5",41.7,"1",8.3,3.8
"Davidson, Matt","571602","12","19.8",58.3,"110.3","93.2","83","95","94.4","417","229","417","7",58.3,"3",25,20
"Lewicki, Artie","592499","12","18.2",66.7,"105","92.7","86.7","93","91.2","370","256",,"5",41.7,"1",8.3,5.6
"Freeman, Sam","518693","12","16.4",16.7,"103.9","86.3","77.2","90","83.7","379","150",,"4",33.3,"0",0,0
"Carroll, Cody","606944","12","15.6",50,"107","96.5","89.9","97.6","94.4","356","220",,"8",66.7,"0",0,0
"Fernández, Junior","658551","12","16.1",50,"105.2","90.8","81.1","94.2","87.7","387","187","365","7",58.3,"2",16.7,12.5
"Blewett, Scott","656240","11","10.5",45.5,"107.8","92.9","82.2","98.7","90.2","393","190",,"6",54.5,"2",18.2,12.5
"Strickland, Hunter","519326","11","-1.5",36.4,"105.7","80.7","67","86","78.7","352","117",,"3",27.3,"0",0,0
"Harvey, Joe","642840","11","12.3",36.4,"105.7","91.7","85.8","93.3","88.7","412","203",,"4",36.4,"1",9.1,7.1
"Ríos, Yacksel","605441","11","6.7",27.3,"102","81.5","69.9","87.6","76","338","114",,"3",27.3,"0",0,0
"Rusin, Chris","543734","11","21.1",45.5,"106.8","94.4","87.4","92.4","98.7","412","197","412","5",45.5,"2",18.2,11.8
"Quijada, José","650671","11","15.2",36.4,"106.7","87.6","76.2","91.1","81.5","438","182","438","4",36.4,"1",9.1,5
"Whitley, Kodi","676831","11","11",45.5,"105.9","87.3","77","95.5","72.9","430","220","430","4",36.4,"2",18.2,11.8
"Ramos, AJ","573109","11","24.2",54.5,"106","87.2","80.5","88.9","79.3","410","242","410","2",18.2,"2",18.2,13.3
"García, Edgar","658305","11","26.6",27.3,"109.4","91.4","81.3","92.9","87.8","392","210","372","5",45.5,"2",18.2,12.5
"Medina, Adonis","658431","11","-15.7",0,"99.8","73.5","62.2","99.8","69.5","200","38",,"1",9.1,"0",0,0
"Doyle, Tommy","656382","11","8.6",45.5,"106.4","87.8","76.6","91.9","84.4","302","179",,"4",36.4,"0",0,0
"Cederlind, Blake","664977","11","6.6",36.4,"109.1","89.9","80.3","87.4","91.3","383","143",,"4",36.4,"1",9.1,6.3
"Hamilton, Ian","641656","11","17.2",45.5,"108","89.3","79","89.9","87.7","331","175",,"4",36.4,"0",0,0
"Gaviglio, Sam","543208","11","26.4",45.5,"107","95.8","90.4","95.8","94.9","372","264",,"5",45.5,"1",9.1,5.9
"Hamels, Cole","430935","11","18.9",45.5,"104.1","88.9","79.6","99","84","370","183",,"5",45.5,"2",18.2,14.3
"Kaprielian, James","621076","11","18.8",36.4,"104","88.7","79","97.9","73.2","412","237","398","6",54.5,"4",36.4,23.5
"Keller, Kyle","664918","10","20.8",40,"95","82","75.4","84.2","81.6","340","146",,"1",10,"0",0,0
"Wahl, Bobby","592833","10","26.9",50,"105.5","95.6","90.4","94.9","100.2","451","251","425","5",50,"2",20,18.2
"Jefferies, Daulton","641726","10","23.1",30,"110.8","91.7","82","101.2","88.4","431","167","387","4",40,"1",10,7.7
"Edwards Jr., Carl","605218","10","12.4",10,"101.3","91.6","84.8","99","87","384","121",,"5",50,"0",0,0
"Kline, Branden","571858","10","16.4",40,"109","92.9","83.8","92.9","92.7","380","218",,"4",40,"2",20,10
"Holt, Brock","571788","10","21.9",40,"105.8","94.2","86","98.4","90.1","391","177","391","5",50,"1",10,10
"Blackburn, Paul","621112","10","17.8",20,"102.9","85.9","75.2","85","92","354","141",,"3",30,"0",0,0
"Romero, Seth","656913","10","1.5",30,"107.3","77.3","62.1","91.7","59.3","394","151","394","2",20,"1",10,5.6
"Waddell, Brandon","663399","10","12.5",30,"107.7","81.5","67.7","102.7","71.6","362","141",,"3",30,"0",0,0
"Arcia, Orlando","606115","10","20.6",40,"103.3","90.7","82.1","89.6","95.2","418","227","418","4",40,"1",10,9.1
"Kuhnel, Joel","669270","10","16.2",50,"110.6","88.3","80.3","93.1","77.1","412","248","411","2",20,"2",20,15.4
"Evans, Demarcus","663770","9","21.8",44.4,"106.8","92.4","83.3","101.4","80.9","412","185","412","5",55.6,"2",22.2,14.3
"Foltynewicz, Mike","592314","9","13.8",22.2,"108.5","85.1","74","97.6","72.5","425","181","406","3",33.3,"3",33.3,18.8
"Giles, Ken","571704","9","10.9",44.4,"110.7","98.3","90.8","98.5","98.1","430","199","410","6",66.7,"2",22.2,11.1
"Espinal, Santiago","669289","9","36.8",33.3,"100.5","93.2","89","96.3","94.9","397","261","397","4",44.4,"1",11.1,9.1
"Mantiply, Joe","573009","9","9.4",44.4,"106.1","94.4","86.5","89.5","100.5","348","182",,"5",55.6,"0",0,0
"Ruiz, José","614179","9","14.2",22.2,"103.5","87.3","79.1","90.9","80.1","408","209","408","3",33.3,"1",11.1,7.1
"Morin, Mike","573046","9","22.3",55.6,"108.9","93.2","86.2","91.9","101","362","227",,"4",44.4,"1",11.1,8.3
"Quezada, Johan","629498","9","4.7",33.3,"106.9","86.1","75.6","83.2","88.5","423","152","423","3",33.3,"1",11.1,8.3
"Payamps, Joel","606303","8","17.5",62.5,"108.3","100.3","95.4","101.1","94.6","370","264",,"7",87.5,"2",25,15.4
"Abreu, Bryan","650556","8","13.6",25,"107","85.8","75.8","95.9","73.6","320","159",,"1",12.5,"0",0,0
"Venditte, Pat","519381","8","28.3",25,"106.8","82.7","69.6","93.3","62.7","364","176",,"2",25,"0",0,0
"Flores Jr., Bernardo","641576","8","7.5",62.5,"103.4","75.3","55.7","73.6","76.4","238","121",,"2",25,"0",0,0
"Yacabonis, Jimmy","642231","8","26.4",37.5,"100","88.3","79.3","91.9","93.1","393","201",,"3",37.5,"1",12.5,7.7
"White, Mitch","669952","8","41.9",25,"97.6","83.1","74.1","83.8","93.7","362","189",,"1",12.5,"0",0,0
"Adams, Austin","613534","8","-2.5",12.5,"105.7","84.4","70","98.9","70","408","169","408","3",37.5,"1",12.5,5.9
"Kratz, Erik","456124","8","10.8",25,"107.9","87.8","74.9","96.1","81.4","392","184","372","4",50,"2",25,22.2
"Norwood, James","656803","8","15.1",50,"104.4","91.1","82.2","90.6","92.7","387","151",,"4",50,"1",12.5,11.1
"McRae, Alex","656725","8","29.3",25,"107.9","89.2","81.6","90.9","77","321","237",,"2",25,"0",0,0
"Black, Ray","605143","8","14.9",25,"105.5","86.7","78.6","96.7","79.2","368","164",,"2",25,"1",12.5,7.1
"Lyons, Tyler","544928","8","17.9",50,"114.4","95.1","82.8","99.9","87.1","374","220",,"6",75,"2",25,20
"Nicasio, Juan","504379","8","16.1",50,"109.8","81.5","63.6","91.9","53.1","407","208","407","2",25,"1",12.5,9.1
"Peacock, Brad","502748","7","23.1",42.9,"98","89.4","83","89.2","94.6","380","210",,"4",57.1,"0",0,0
"Peters, Dillon","596071","7","32",28.6,"106.4","88.6","78.9","97.7","81.2","425","222","411","3",42.9,"2",28.6,22.2
"Llovera, Mauricio","661440","7","-0.4",42.9,"109.3","93.4","83.8","99.1","85.7","340","155",,"3",42.9,"0",0,0
"Coulombe, Danny","543056","7","10.8",42.9,"100.1","88.6","82.6","89.5","86.5","387","184",,"2",28.6,"0",0,0
"Davidson, Tucker","656353","7","18.3",57.1,"112.2","89.5","79.5","90.6","86.8","449","222","449","2",28.6,"1",14.3,7.7
"Demeritte, Travis","641513","7","30.4",28.6,"108.2","92.7","82.5","91.5","100.9","423","232","408","3",42.9,"2",28.6,28.6
"Herrera, Kelvin","516969","7","28.6",57.1,"108.3","91.6","84.4","97.7","67","385","244","372","3",42.9,"1",14.3,9.1
"Feliz, Michael","593140","7","21.6",57.1,"100.2","92.5","87.7","92","93.4","375","190","375","3",42.9,"0",0,0
"Rodríguez, José","642578","7","23.7",28.6,"96.6","88.2","83.6","89.6","87.2","356","220",,"1",14.3,"0",0,0
"Kriske, Brooks","621139","7","13.6",57.1,"111.9","90.9","83","90.4","92.1","385","218","385","3",42.9,"1",14.3,4.5
"Sanabria, Carlos","656004","7","28.9",57.1,"106.2","96.3","91.5","99.5","97.1","401","272","387","5",71.4,"2",28.6,16.7
"Lin, Tzu-Wei","624407","7","18.5",42.9,"101.8","95.1","91","95.2","94.7","402","247","402","5",71.4,"0",0,0
"Butera, Drew","460077","7","-0.1",42.9,"104.2","94.1","87.6","100.8","89.1","416","183",,"4",57.1,"2",28.6,25
"Perdomo, Angel","622780","6","-2.3",16.7,"102.8","86.3","78.7","102.8","82.2","386","79",,"1",16.7,"1",16.7,5.3
"Perez, Hector","660431","6","-3.9",33.3,"103","86.4","74.2","98.9","80.1","402","120","402","2",33.3,"1",16.7,10
"Abreu, Albert","656061","6","11.8",50,"106.3","96.3","90","95.9","97.3","404","203","404","5",83.3,"2",33.3,18.2
"Kela, Keone","605309","6","28.8",0,"104.1","97","92.4","92.4","103.9","345","233","345","2",33.3,"0",0,0
"Palumbo, Joe","643478","6","12.7",33.3,"97.2","85","76.9","89.1","76.7","362","185","362","1",16.7,"0",0,0
"Strop, Pedro","467008","6","12.6",16.7,"89.2","79.4","72.2","82.9","75.4","294","105",,"0",0,"0",0,0
"Lambert, Jimmy","669424","6","21.3",16.7,"102.5","88.5","80.1","88.7","88.3","386","213",,"2",33.3,"0",0,0
"Ramírez, Roel","641995","6","13.4",66.7,"112.2","102","95.5","106.8","92.5","425","272","404","5",83.3,"4",66.7,50
"Grace, Matt","594840","6","25.6",16.7,"101","92.1","86.4","100.7","95.5","403","153","403","3",50,"2",33.3,20
"Anderson, Drew","623454","6","32.5",66.7,"107.6","88.2","78.7","88.8",,"421","272","390","2",33.3,"2",33.3,20
"Lopes, Tim","621005","5","15",20,"99.2","89","83.9","96.8","83.9","381","187",,"1",20,"0",0,0
"Brigham, Jeff","656257","5","41.5",40,"94.8","86.3","83.6","88.2",,"339","219",,"0",0,"0",0,0
"Griffin, Foster","656492","5","3.2",20,"92.4","73.5","66.8",,"73.2","83","37",,"0",0,"0",0,0
"Holmes, Clay","605280","5","1.2",20,"98.6","75.9","68","70.3","82.6","226","97",,"1",20,"0",0,0
"Nelson, Kyle","669459","5","8.6",60,"103","94.9","90.6","99.2","92.1","389","173","389","3",60,"1",20,16.7
"Meisinger, Ryan","664682","5","1.9",40,"98.8","84.2","75.2","85.7","83.3","388","128",,"2",40,"1",20,7.7
"Ohtani, Shohei","660271","5","10.8",40,"102","97.6","94.6","97.3","97.9","337","153",,"3",60,"0",0,0
"Guzmán, Jorge","660422","5","16.5",80,"104.4","95.5","89.8","100","77.4","415","283","408","3",60,"2",40,28.6
"Leclerc, José","600917","5","31.4",60,"101","92.9","85.5","98.7",,"331","219",,"3",60,"0",0,0
"Forsythe, Logan","523253","5","22.3",80,"100.9","92.2","87.2","92.2",,"329","261",,"2",40,"0",0,0
"Bickford, Phil","641360","5","18.3",80,"97.1","91.9","89.6","91.9",,"332","246",,"1",20,"0",0,0
"Barrett, Aaron","502578","5","-3.4",40,"105.6","86.6","76.3","94.3","81.5","295","97",,"2",40,"1",20,11.1
"Colina, Edwar","666674","5","5.7",20,"99.3","91.2","86.9","95.4","88.4","355","150","355","2",40,"0",0,0
"Sánchez, Yolmer","570560","4","26.6",50,"101.7","90.5","79.4","101.6","91.9","380","192","380","2",50,"1",25,25
"Maples, Dillon","596027","4","13.2",50,"105","90.6","82.4","94.8","78","319","186",,"1",25,"1",25,11.1
"Kelly, Carson","608348","4","1.7",25,"102.2","89.9","83.6","95.3","84.6","301","149",,"1",25,"0",0,0
"Burdi, Nick","595897","4","26",50,"100.9","82.9","71.7","86.3","72.9","381","241",,"1",25,"1",25,10
"Brothers, Rex","571521","4","19.4",25,"103.7","99.3","96.8","100.7","95","420","243","397","4",100,"1",25,6.7
"Jiménez, Dany","666204","4","15.4",25,"102","94.1","89.3","93.9","94.3","364","193",,"2",50,"0",0,0
"Adrianza, Ehire","501303","4","17.6",50,"105.8","96.2","87.7","101","81.7","425","283","425","2",50,"1",25,20
"Gyorko, Jedd","576397","4","39.6",50,"94","86.6","81.9","88.5",,"225","188",,"0",0,"0",0,0
"Cruz, Jesus","672911","4","22.4",75,"98.9","92.6","89","92.6",,"380","281",,"1",25,"1",25,14.3
"Gearrin, Cory","518715","4","22.6",25,"92.6","82","74.9","84.4","74.9","365","234",,"0",0,"0",0,0
"Romano, Sal","607219","4","23.3",50,"105.3","94.5","84.2","104.8","95.9","326","182",,"3",75,"0",0,0
"Bracho, Silvino","611093","4","14.3",75,"104.8","85.7","73.8","94.5","59.2","409","217","409","1",25,"1",25,20
"Weigel, Patrick","622256","4","14.3",50,"97.4","81.1","73","92.8","57.6","390","197",,"1",25,"0",0,0
"Marquez, Brailyn","666622","3","8.6",66.7,"105.6","90.1","82.3","102.4","65.5","302","186",,"2",66.7,"0",0,0
"Murphy, John Ryan","571974","3","16.8",0,"102.1","96.3","93.4","95.8","96.5","361","187",,"2",66.7,"0",0,0
"Lovelady, Richard","663992","3","23.8",33.3,"106.4","94.3","88.2","106.4","97.1","394","195","394","2",66.7,"1",33.3,25
"Holaday, Bryan","592407","3","18.9",33.3,"102.3","97.6","95.3","95.3","102.3","333","243",,"2",66.7,"0",0,0
"Cleavinger, Garrett","664076","3","8.5",33.3,"111.6","100.6","95.1","104.4","98.7","414","174","414","2",66.7,"1",33.3,25
"Holloway, Jordan","656548","3","6.6",33.3,"109.8","103","99.6","100.1","104.5","378","149",,"3",100,"1",33.3,25
"Heineman, Tyler","623168","3","9.8",33.3,"93.8","87.8","84.9","93.8","84.9","310","158",,"0",0,"0",0,0
"Schrock, Max","621011","3","42.6",0,"105","87.3","78.5","91.8","105","314","130",,"1",33.3,"0",0,0
"Peraza, José","606299","3","7.5",66.7,"105.3","96.6","92.2","96.6",,"174","131",,"2",66.7,"0",0,0
"Castro, Anthony","621593","3","33.1",66.7,"89.4","72.6","64.3","72.6",,"378","265","378","0",0,"0",0,0
"Guillorme, Luis","641645","3","3.2",0,"98.7","84.4","77.2","98.7","77.2","305","105",,"1",33.3,"0",0,0
"Bemboom, Anthony","621532","3","35.8",0,"99.9","91.6","87.5","91.6",,"389","344",,"1",33.3,"1",33.3,25
"Smith, Josh D.","605479","3","3.3",33.3,"98.4","76.6","65.7","98.1","33.5","368","213","368","2",66.7,"0",0,0
"Dermody, Matt","571616","2","-4.6",0,"96.7","89.8","82.8",,"89.8","36","26",,"1",50,"0",0,0
"Beasley, Jeremy","676886","2","16.9",100,"87","83.7","80.4","83.7",,"248","238",,"0",0,"0",0,0
"Frazier, Todd","453943","2","22.7",100,"108.8","104.8","100.8","104.8",,"387","347",,"2",100,"1",50,33.3
"Wieck, Brad","623364","2","47.7",0,"109.6","91.9","74.1","109.6",,"425","287","425","1",50,"1",50,20
"McKay, David","641853","2","24.2",100,"104.3","100.2","96.1","100.2",,"421","373","421","2",100,"1",50,33.3
"Biddle, Jesse","592145","2","-27.3",0,"88.1","79","69.9",,"79","9","6",,"0",0,"0",0,0
"Kahnle, Tommy","592454","2","-10",0,"105.4","101","96.7",,"101","54","30",,"2",100,"0",0,0
"Walker, Neil","435522","2","54.2",0,"84.8","78.2","71.5","84.8",,"311","190",,"0",0,"0",0,0
"Plawecki, Kevin","608700","2","33.7",50,"97.2","93.8","90.4","93.8",,"258","257",,"1",50,"0",0,0
"Kluber, Corey","446372","1","56.6",0,"80.5","80.5","80.5",,,"198","198",,"0",0,"0",0,0
"Culberson, Charlie","518586","1","48.9",0,"79.6","79.6","79.6","79.6",,"236","236",,"0",0,"0",0,0