Name,Team,Level,Age,PA,BABIP,GB/FB,LD%,GB%,FB%,IFFB%,HR/FB,Pull%,Cent%,Oppo%,SwStr%,Balls,Strikes,Pitches,PlayerId
"Adrian Nieto","MIA","AA",29,65,0.173913043,1.470588235,0.125,0.520833333,0.354166666,0.117647058,0.117647058,0.44897959,0.24489796,0.30612245,0.09623431,96,143,239,"10294"
"Tommy Joseph","BOS","AA",27,55,0.382352941,0.933333333,0.121212121,0.424242424,0.454545454,0.333333333,0,0.47058824,0.32352941,0.20588235,0.13861386,60,142,202,"10349"
"Carlos Perez","BAL","AA",28,385,0.255172413,0.707482993,0.15771812,0.348993288,0.49328859,0.238095238,0.095238095,0.5442623,0.22295082,0.23278689,0.07463768,490,890,1380,"10642"
"Arismendy Alcantara","NYM","AA",27,112,0.342857142,0.896551724,0.236111111,0.361111111,0.402777777,0,0.068965517,0.43055556,0.22222222,0.34722222,0.12362031,173,280,453,"10711"
"Andy Wilkins","ATL","AA",30,133,0.283582089,0.459459459,0.228571428,0.242857142,0.528571428,0.27027027,0.108108108,0.50704225,0.23943662,0.25352113,0.13666667,235,365,600,"11251"
"Adrian Sanchez","WSN","AA",28,282,0.348837209,1.183098591,0.292237442,0.383561643,0.324200913,0.225352112,0.084507042,0.37837838,0.28828829,0.33333333,0.08040201,333,662,995,"11338"
"Michael A. Taylor","WSN","AA",28,247,0.314685314,0.628205128,0.158940397,0.324503311,0.516556291,0.141025641,0.115384615,0.53289474,0.22368421,0.24342105,0.14185814,381,620,1001,"11489"
"Cody Asche","BOS","AA",29,91,0.318181818,0.588235294,0.386363636,0.227272727,0.386363636,0.294117647,0.058823529,0.62222222,0.15555556,0.22222222,0.0959596,164,232,396,"11997"
"Brock Stassi","SFG","AA",29,85,0.362068965,1.866666666,0.283333333,0.466666666,0.25,0.2,0.133333333,0.41666667,0.13333333,0.45,0.05475504,146,201,347,"12244"
"Jason Krizan","NYM","AA",30,367,0.256317689,0.796747967,0.221830985,0.345070422,0.433098591,0.105691056,0.097560975,0.46416382,0.25938567,0.27645051,0.05006954,563,875,1438,"12394"
"Taylor Motter","OAK","AA",29,285,0.242937853,1.20289855,0.169398907,0.453551912,0.37704918,0.188405797,0.115942028,0.39459459,0.24324324,0.36216216,0.08221477,459,733,1192,"12399"
"Taylor Featherston","KCR","AA",29,391,0.36683417,1.246376811,0.258373205,0.411483253,0.33014354,0.289855072,0.188405797,0.43396226,0.25471698,0.31132075,0.19807074,516,1039,1555,"12590"
"Dillon Thomas","MIL","AA",26,504,0.345276872,1.321428571,0.171974522,0.471337579,0.356687898,0.098214285,0.116071428,0.3875,0.26875,0.34375,0.15861027,732,1254,1986,"12719"
"Luis Sardinas","WSN","AA",26,192,0.222222222,1.545454545,0.205673758,0.482269503,0.312056737,0.09090909,0.022727272,0.41496599,0.23809524,0.34693878,0.06862745,252,462,714,"13153"
"Robel Garcia","CHC","AA",26,92,0.333333333,0.5,0.105263157,0.298245614,0.596491228,0.294117647,0.176470588,0.42105263,0.26315789,0.31578947,0.1443038,154,241,395,"13167"
"Tyler Goeddel","WSN","AA",26,227,0.310077519,1.525,0.204724409,0.48031496,0.314960629,0.15,0.025,0.51145038,0.16793893,0.32061069,0.13973799,341,575,916,"13180"
"Darnell Sweeney","PIT","AA",28,55,0.296296296,0.846153846,0.172413793,0.379310344,0.448275862,0.23076923,0.153846153,0.44827586,0.27586207,0.27586207,0.13761468,78,140,218,"13284"
"Spencer Kieboom","WSN","AA",28,188,0.23880597,0.806451612,0.151515151,0.378787878,0.469696969,0.258064516,0.016129032,0.48148148,0.22962963,0.28888889,0.10679612,265,456,721,"13300"
"Christian Lopes","TEX","AA",26,301,0.303191489,0.641304347,0.213541666,0.307291666,0.479166666,0.152173913,0.086956521,0.41624365,0.29441624,0.2893401,0.06825658,514,702,1216,"13472"
"Ramon Torres","CHW","AA",26,166,0.251908396,1.260869565,0.1875,0.453125,0.359375,0.413043478,0,0.46969697,0.18939394,0.34090909,0.08781362,170,388,558,"14113"
"Alfredo Gonzalez","CHW","AA",26,195,0.304,1.631578947,0.186991869,0.50406504,0.308943089,0.078947368,0.026315789,0.48062016,0.20155039,0.31782946,0.1280654,269,465,734,"14267"
"Jesmuel Valentin","BAL","AA",25,456,0.313531353,0.899224806,0.207119741,0.37540453,0.417475728,0.170542635,0.062015503,0.47588424,0.29903537,0.22508039,0.07956989,718,1142,1860,"14548"
"Webster Rivas","SDP","AA",28,119,0.321428571,0.848484848,0.26506024,0.337349397,0.397590361,0.181818181,0.03030303,0.48235294,0.24705882,0.27058824,0.1038961,167,295,462,"14636"
"Frank Schwindel","DET","AA",27,188,0.274647887,1.173076923,0.19858156,0.432624113,0.368794326,0.211538461,0.096153846,0.44594595,0.28378378,0.27027027,0.11299435,251,457,708,"15351"
"Justin Williams","STL","AA",23,61,0.256410256,3,0.263157894,0.552631578,0.184210526,0,0.142857142,0.325,0.175,0.5,0.12301587,90,162,252,"15490"
"Jamie Westbrook","ARI","AA",24,388,0.295880149,0.908333333,0.151851851,0.403703703,0.444444444,0.216666666,0.108333333,0.45,0.22857143,0.32142857,0.12592593,491,994,1485,"15504"
"Joseph Odom","SEA","AA",27,310,0.305263157,1.769230769,0.25,0.479166666,0.270833333,0.307692307,0.076923076,0.44615385,0.24615385,0.30769231,0.12785016,440,788,1228,"15535"
"Gosuke Katoh","NYY","AA",24,108,0.328571428,1.636363636,0.134328358,0.537313432,0.328358208,0.227272727,0,0.47142857,0.22857143,0.3,0.1097852,169,250,419,"15697"
"Jose Godoy","STL","AA",24,188,0.28125,1.357142857,0.255639097,0.428571428,0.315789473,0.309523809,0.119047619,0.47407407,0.25185185,0.27407407,0.08857143,256,444,700,"15808"
"Luis Torrens","SDP","AA",23,397,0.330882352,1.973333333,0.209219858,0.524822695,0.265957446,0.173333333,0.2,0.42508711,0.23344948,0.34146341,0.09259259,583,929,1512,"15905"
"Ivan Castillo","SDP","AA",24,466,0.342318059,1.305785123,0.257978723,0.420212765,0.32180851,0.280991735,0.066115702,0.41469816,0.27821522,0.30708661,0.07142857,552,1156,1708,"15971"
"Brian Navarreto","MIN","AA",24,180,0.176,0.579710144,0.1484375,0.3125,0.5390625,0.36231884,0.086956521,0.52941176,0.15441176,0.31617647,0.12913907,204,400,604,"16398"
"Sergio Alcantara","DET","AA",22,378,0.308300395,1.117021276,0.213438735,0.415019762,0.371541501,0.276595744,0.021276595,0.453125,0.21875,0.328125,0.07797538,568,894,1462,"16417"
"Johneshwy Fargas","SFG","AA",24,466,0.311111111,1.070866141,0.162420382,0.433121019,0.404458598,0.244094488,0.039370078,0.40184049,0.28527607,0.31288344,0.10579065,616,1180,1796,"16446"
"Forrest Wall","TOR","AA",23,469,0.346801346,0.785185185,0.18581081,0.358108108,0.456081081,0.162962962,0.066666666,0.42156863,0.2254902,0.35294118,0.09353234,788,1222,2010,"16496"
"Isiah Kiner-Falefa","TEX","AA",24,71,0.3,0.576923076,0.196078431,0.294117647,0.509803921,0.307692307,0.076923076,0.48076923,0.23076923,0.28846154,0.0503876,108,150,258,"16512"
"Kevin Padlo","TBR","AA",22,277,0.298611111,0.712121212,0.256578947,0.309210526,0.434210526,0.287878787,0.181818181,0.58974359,0.23717949,0.17307692,0.11061552,465,656,1121,"16593"
"Brian O'Keefe","STL","AA",25,346,0.254545454,0.81632653,0.222707423,0.349344978,0.427947598,0.244897959,0.132653061,0.46982759,0.27586207,0.25431034,0.11094453,540,794,1334,"16680"
"Braxton Lee","NYM","AA",25,305,0.369791666,1.534482758,0.234375,0.463541666,0.302083333,0.086206896,0.034482758,0.31658291,0.28643216,0.39698492,0.10254307,463,756,1219,"16839"
"Jonah Heim","OAK","AA",24,208,0.306666666,1.116666666,0.164473684,0.440789473,0.394736842,0.216666666,0.083333333,0.41935484,0.27741935,0.30322581,0.09383033,299,479,778,"16930"
"Derek Hill","DET","AA",23,526,0.32051282,0.931297709,0.196825396,0.387301587,0.415873015,0.106870229,0.106870229,0.40425532,0.30699088,0.2887538,0.14213963,705,1286,1991,"16947"
"Gavin Cecchini","NYM","AA",25,156,0.284403669,0.851063829,0.209090909,0.363636363,0.427272727,0.212765957,0.063829787,0.47321429,0.24107143,0.28571429,0.09247649,215,423,638,"17005"
"Magneuris Sierra","MIA","AA",23,197,0.337837837,1.704545454,0.19047619,0.510204081,0.299319727,0.295454545,0.022727272,0.44666667,0.24666667,0.30666667,0.07475317,236,473,709,"17023"
"Meibrys Viloria","KCR","AA",22,248,0.358490566,2.076923076,0.25,0.50625,0.24375,0.282051282,0.025641025,0.43478261,0.25465839,0.31055901,0.09145729,399,596,995,"17109"
"Luis Liberato","SEA","AA",23,211,0.307692307,1.794871794,0.243055555,0.486111111,0.270833333,0.23076923,0.051282051,0.59183673,0.19727891,0.21088435,0.10687961,300,514,814,"17307"
"Yermin Mercedes","CHW","AA",26,167,0.352941176,0.773584905,0.235772357,0.333333333,0.430894308,0.245283018,0.113207547,0.390625,0.203125,0.40625,0.10946746,250,426,676,"17423"
"Jose Siri","CIN","AA",23,405,0.349137931,1.193181818,0.195833333,0.4375,0.366666666,0.113636363,0.125,0.4244898,0.26122449,0.31428571,0.16321406,559,1034,1593,"17452"
"Narciso Crook","CIN","AA",23,76,0.396226415,2.083333333,0.288461538,0.48076923,0.23076923,0.166666666,0,0.56603774,0.32075472,0.11320755,0.09578544,99,162,261,"17473"
"Vimael Machin","CHC","AA",25,498,0.322404371,1.04137931,0.195652173,0.410326086,0.394021739,0.110344827,0.04137931,0.36461126,0.28150134,0.3538874,0.0556975,778,1179,1957,"17684"
"Josh Lester","DET","AA",24,442,0.252669039,0.525,0.170068027,0.285714285,0.544217687,0.18125,0.10625,0.4916388,0.27090301,0.23745819,0.1216992,636,1106,1742,"17737"
"Chris Shaw","SFG","AA",25,182,0.322314049,0.716981132,0.272,0.304,0.424,0.245283018,0.132075471,0.40625,0.2890625,0.3046875,0.1255887,241,396,637,"17738"
"Luis Alexander Basabe","CHW","AA",22,291,0.355029585,1.454545454,0.205882352,0.470588235,0.323529411,0.072727272,0.054545454,0.46285714,0.29142857,0.24571429,0.12563238,464,722,1186,"17839"
"Tyler Nevin","COL","AA",22,540,0.283378746,1.086092715,0.168865435,0.432717678,0.398416886,0.125827814,0.086092715,0.46335079,0.2460733,0.29057592,0.10273973,824,1220,2044,"17893"
"Marcus Wilson","ARI","AA",22,278,0.321167883,0.493333333,0.205673758,0.262411347,0.531914893,0.146666666,0.133333333,0.32653061,0.3537415,0.31972789,0.13297872,454,674,1128,"17910"
"Cedric Mullins","BAL","AA",24,226,0.293413173,0.957746478,0.152439024,0.414634146,0.432926829,0.197183098,0.070422535,0.48837209,0.22674419,0.28488372,0.07531866,343,520,863,"17929"
"Andrew Stevenson","WSN","AA",25,88,0.33898305,1.526315789,0.2,0.483333333,0.316666666,0.157894736,0.052631578,0.45,0.21666667,0.33333333,0.15151515,103,227,330,"17932"
"Tyler Stephenson","CIN","AA",22,363,0.33067729,0.865384615,0.227091633,0.358565737,0.414342629,0.076923076,0.057692307,0.42023346,0.24902724,0.3307393,0.07926829,514,798,1312,"17988"
"Hoy Park","NYY","AA",23,487,0.339506172,2.1125,0.233846153,0.52,0.246153846,0.05,0.0375,0.41741742,0.20720721,0.37537538,0.07142857,809,1179,1988,"18027"
"Sam Haggerty","NYM","AA",25,292,0.369047619,1.163934426,0.214285714,0.422619047,0.363095238,0.13114754,0.032786885,0.47647059,0.27058824,0.25294118,0.11181602,530,731,1261,"18054"
"Ka'ai Tom","CLE","AA",25,343,0.334951456,0.873563218,0.259090909,0.345454545,0.395454545,0.24137931,0.16091954,0.41628959,0.27149321,0.31221719,0.10130246,546,836,1382,"18136"
"Patrick Mazeika","NYM","AA",25,462,0.270700636,0.883561643,0.148606811,0.399380804,0.452012383,0.191780821,0.109589041,0.49249249,0.2042042,0.3033033,0.10438075,664,1185,1849,"18142"
"Kevin Kaczmarski","NYM","AA",27,160,0.319587628,1.424242424,0.183673469,0.479591836,0.336734693,0.212121212,0.06060606,0.39393939,0.26262626,0.34343434,0.11167513,220,371,591,"18146"
"Brett Sullivan","TBR","AA",25,403,0.294871794,1.007874015,0.203125,0.4,0.396875,0.236220472,0.078740157,0.51234568,0.25,0.23765432,0.0584919,523,896,1419,"18217"
"Lewin Diaz","MIN","AA",22,267,0.261111111,0.652631578,0.190721649,0.319587628,0.489690721,0.126315789,0.147368421,0.39690722,0.30412371,0.29896907,0.12102564,338,637,975,"18365"
"Jermaine Palacios","TBR","AA",22,140,0.229166666,1.566666666,0.197916666,0.489583333,0.3125,0.133333333,0.066666666,0.46464646,0.25252525,0.28282828,0.10215054,215,343,558,"18371"
"Travis Blankenhorn","MIN","AA",22,410,0.322580645,1.346534653,0.188356164,0.465753424,0.34589041,0.148514851,0.178217821,0.48821549,0.25252525,0.25925926,0.1625183,454,912,1366,"18395"
"Juan Yepez","STL","AA",21,59,0.263157894,0.94117647,0.153846153,0.41025641,0.435897435,0.411764705,0.117647058,0.53846154,0.23076923,0.23076923,0.13888889,62,154,216,"18400"
"P.J. Higgins","CHC","AA",26,299,0.319444444,1,0.190697674,0.404651162,0.404651162,0.091954022,0.057471264,0.38461538,0.32579186,0.28959276,0.07592752,407,752,1159,"18433"
"Chris Gittens","NYY","AA",25,478,0.370833333,1.554216867,0.175097276,0.501945525,0.322957198,0.120481927,0.277108433,0.41287879,0.25757576,0.32954545,0.12401186,852,1172,2024,"18482"
"Ali Sanchez","NYM","AA",22,294,0.341013824,2.109090909,0.204651162,0.539534883,0.255813953,0.181818181,0.018181818,0.41284404,0.23853211,0.34862385,0.09532888,358,691,1049,"18551"
"Trent Grisham","MIL","AA",22,283,0.268571428,0.790697674,0.167567567,0.367567567,0.464864864,0.162790697,0.15116279,0.47340426,0.30319149,0.22340426,0.07528787,502,627,1129,"18564"
"Luis Arraez","MIN","AA",22,164,0.375939849,2.028571428,0.184615384,0.546153846,0.269230769,0.114285714,0,0.43609023,0.18045113,0.38345865,0.03840246,268,383,651,"18568"
"Brendon Davis","TEX","AA",21,401,0.285106382,0.979591836,0.17094017,0.41025641,0.418803418,0.25510204,0.030612244,0.46638655,0.24789916,0.28571429,0.12469287,608,1020,1628,"18587"
"Jose Azocar","DET","AA",23,538,0.363143631,1.616071428,0.210242587,0.487870619,0.301886792,0.053571428,0.089285714,0.33421053,0.21315789,0.45263158,0.15678185,555,1384,1939,"18821"
"Jahmai Jones","LAA","AA",21,544,0.288,1.06,0.173796791,0.425133689,0.401069518,0.153333333,0.033333333,0.4488189,0.2519685,0.2992126,0.12104188,736,1222,1958,"18872"
"Lucius Fox","TBR","AA",21,431,0.29347826,1.753424657,0.255555555,0.474074074,0.27037037,0.232876712,0.04109589,0.40860215,0.23297491,0.35842294,0.08935129,665,969,1634,"18899"
"Leody Taveras","TEX","AA",20,293,0.326829268,1.074074074,0.180487804,0.424390243,0.395121951,0.185185185,0.037037037,0.37320574,0.30143541,0.32535885,0.10589319,383,703,1086,"18900"
"Yusniel Diaz","BAL","AA",22,322,0.303317535,1,0.172093023,0.413953488,0.413953488,0.191011235,0.123595505,0.49327354,0.25112108,0.25560538,0.11529027,465,758,1223,"18905"
"Taylor Kohlwey","SDP","AA",24,239,0.358620689,1.153846153,0.238095238,0.408163265,0.353741496,0.211538461,0.076923076,0.42666667,0.23333333,0.34,0.06846473,361,603,964,"19212"
"Chris Okey","CIN","AA",24,171,0.296703296,0.930232558,0.153061224,0.408163265,0.43877551,0.139534883,0.162790697,0.53535354,0.24242424,0.22222222,0.14576803,242,396,638,"19245"
"Jake Fraley","SEA","AA",24,259,0.369696969,0.767123287,0.262857142,0.32,0.417142857,0.260273972,0.150684931,0.46892655,0.23163842,0.29943503,0.09584665,351,588,939,"19260"
"Stone Garrett","MIA","AA",23,439,0.317343173,0.705426356,0.211469534,0.326164874,0.462365591,0.217054263,0.108527131,0.42857143,0.26480836,0.30662021,0.19374617,499,1132,1631,"19273"
"Randy Arozarena","STL","AA",24,116,0.38028169,3,0.267605633,0.549295774,0.183098591,0.153846153,0.23076923,0.51351351,0.32432432,0.16216216,0.09772727,166,274,440,"19290"
"Armando Alvarez","NYY","AA",24,230,0.29239766,0.738095238,0.16091954,0.356321839,0.48275862,0.226190476,0.059523809,0.42045455,0.22727273,0.35227273,0.05889145,306,560,866,"19292"
"Alex Call","CLE","AA",24,325,0.276381909,0.885057471,0.18,0.385,0.435,0.264367816,0.057471264,0.48543689,0.24271845,0.27184466,0.14672686,459,870,1329,"19296"
"Donovan Walton","SEA","AA",25,558,0.3325,1.823008849,0.208436724,0.511166253,0.280397022,0.238938053,0.097345132,0.40821256,0.26328502,0.32850242,0.10264901,828,1286,2114,"19314"
"DJ Peters","LAD","AA",23,288,0.331081081,0.842857142,0.173076923,0.378205128,0.448717948,0.228571428,0.157142857,0.47798742,0.19496855,0.32704403,0.1701209,438,720,1158,"19348"
"Weston Wilson","MIL","AA",24,510,0.264150943,1.369747899,0.145454545,0.493939393,0.36060606,0.277310924,0.159663865,0.55621302,0.21301775,0.23076923,0.09169054,811,1283,2094,"19358"
"Austin Hays","BAL","AA",23,61,0.285714285,0.894736842,0.162790697,0.395348837,0.441860465,0.052631578,0.157894736,0.48888889,0.26666667,0.24444444,0.11926606,74,144,218,"19363"
"Trenton Brooks","CLE","AA",23,264,0.292307692,0.54368932,0.205,0.28,0.515,0.310679611,0.08737864,0.50490196,0.22058824,0.2745098,0.0844354,363,620,983,"19384"
"Zach McKinstry","LAD","AA",24,384,0.322957198,1.15625,0.221804511,0.417293233,0.360902255,0.145833333,0.125,0.40520446,0.28624535,0.30855019,0.09462219,544,925,1469,"19392"
"Brian Serven","COL","AA",24,276,0.229885057,0.691489361,0.126373626,0.357142857,0.516483516,0.319148936,0.09574468,0.50537634,0.22580645,0.2688172,0.14828545,387,692,1079,"19422"
"Yonny Hernandez","TEX","AA",21,206,0.324137931,2.382352941,0.190140845,0.570422535,0.239436619,0.205882352,0,0.33561644,0.19863014,0.46575342,0.02896871,342,521,863,"19432"
"Jake Rogers","DET","AA",24,112,0.355932203,0.606060606,0.158730158,0.317460317,0.523809523,0.242424242,0.151515151,0.546875,0.171875,0.28125,0.10123967,206,278,484,"19452"
"Andruw Monasterio","CLE","AA",22,279,0.271794871,0.891566265,0.182291666,0.385416666,0.432291666,0.240963855,0.012048192,0.44444444,0.23737374,0.31818182,0.09834559,387,701,1088,"19455"
"Cooper Hummel","MIL","AA",24,419,0.300884955,1.065217391,0.201680672,0.411764705,0.386554621,0.239130434,0.184782608,0.45081967,0.25819672,0.29098361,0.09375,656,944,1600,"19458"
"Kyle Lewis","SEA","AA",23,517,0.367003367,1.222222222,0.26910299,0.401993355,0.328903654,0.101010101,0.111111111,0.41883117,0.27597403,0.30519481,0.14772727,830,1370,2200,"19508"
"Andrew Young","ARI","AA",25,263,0.304878048,1.028571428,0.159763313,0.426035502,0.414201183,0.271428571,0.114285714,0.48554913,0.25433526,0.26011561,0.1227702,355,598,953,"19521"
"TJ Friedl","CIN","AA",23,269,0.277456647,0.917808219,0.186046511,0.389534883,0.424418604,0.246575342,0.06849315,0.51666667,0.27222222,0.21111111,0.10020243,396,592,988,"19522"
"Jaylin Davis","MIN","AA",24,251,0.345323741,1.695652173,0.132867132,0.545454545,0.321678321,0.217391304,0.217391304,0.37583893,0.26845638,0.3557047,0.15522388,414,591,1005,"19552"
"Zack Short","CHC","AA",24,74,0.340425531,0.863636363,0.108695652,0.413043478,0.478260869,0.09090909,0,0.46808511,0.29787234,0.23404255,0.10126582,122,194,316,"19562"
"Nate Mondou","OAK","AA",24,503,0.301492537,0.804195804,0.234421364,0.34124629,0.424332344,0.195804195,0.034965034,0.39067055,0.25072886,0.35860058,0.06130456,773,1266,2039,"19563"
"Nick Heath","KCR","AA",25,375,0.373205741,2.096153846,0.236966824,0.516587677,0.246445497,0.115384615,0.115384615,0.31818182,0.30909091,0.37272727,0.12890625,569,967,1536,"19577"
"Chas McCormick","HOU","AA",24,223,0.310344827,0.907407407,0.294520547,0.335616438,0.369863013,0.148148148,0.074074074,0.40939597,0.28187919,0.30872483,0.06189968,388,549,937,"19599"
"Bryan De La Cruz","HOU","AA",22,300,0.342857142,1,0.257142857,0.371428571,0.371428571,0.294871794,0.051282051,0.45794393,0.25700935,0.28504673,0.08674304,429,793,1222,"19600"
"Keibert Ruiz","LAD","AA",20,310,0.260869565,1.302325581,0.223529411,0.439215686,0.337254901,0.15116279,0.046511627,0.45136187,0.23735409,0.31128405,0.0508167,410,692,1102,"19610"
"Luis Barrera","OAK","AA",23,240,0.393063583,1.891304347,0.226744186,0.505813953,0.26744186,0.239130434,0.086956521,0.42696629,0.2247191,0.34831461,0.09400705,288,563,851,"19615"
"Jack Kruger","LAA","AA",24,380,0.288808664,1.40625,0.163043478,0.489130434,0.347826086,0.177083333,0.03125,0.40569395,0.24911032,0.34519573,0.08977901,537,911,1448,"19634"
"Daniel Johnson","CLE","AA",23,167,0.275510204,0.647058823,0.214953271,0.308411214,0.476635514,0.196078431,0.196078431,0.42201835,0.26605505,0.31192661,0.13831479,235,394,629,"19643"
"Ben DeLuzio","ARI","AA",24,287,0.326203208,1.328358208,0.147540983,0.486338797,0.366120218,0.253731343,0.029850746,0.48677249,0.24338624,0.26984127,0.11049211,416,661,1077,"19644"
"Zach Reks","LAD","AA",25,133,0.329113924,1.24137931,0.261363636,0.409090909,0.329545454,0.137931034,0.310344827,0.40909091,0.30681818,0.28409091,0.11627907,201,315,516,"19667"
"Edward Olivares","SDP","AA",23,551,0.316622691,1.207692307,0.254545454,0.407792207,0.337662337,0.269230769,0.138461538,0.41854637,0.29323308,0.28822055,0.09170507,771,1399,2170,"19698"
"Ronnie Dawson","HOU","AA",24,459,0.280851063,1.125,0.239837398,0.402439024,0.357723577,0.125,0.193181818,0.44488189,0.25590551,0.2992126,0.14231602,710,1138,1848,"19710"
"Darick Hall","PHI","AA",23,535,0.28618421,1.007518796,0.170807453,0.416149068,0.413043478,0.195488721,0.150375939,0.45538462,0.24307692,0.30153846,0.14195736,807,1257,2064,"19717"
"Joe Dunand","MIA","AA",23,525,0.307471264,1.064748201,0.177650429,0.424068767,0.398280802,0.17266187,0.035971223,0.40793201,0.24645892,0.34560907,0.1505811,693,1286,1979,"19727"
"Josh Rojas","HOU","AA",25,195,0.348148148,1.117647058,0.244755244,0.398601398,0.356643356,0.196078431,0.156862745,0.41258741,0.18881119,0.3986014,0.0698577,308,465,773,"19734"
"Rylan Bannon","BAL","AA",23,444,0.294498381,1.267857142,0.185897435,0.455128205,0.358974358,0.267857142,0.071428571,0.45283019,0.26415094,0.28301887,0.09629187,654,1018,1672,"19768"
"Dairon Blanco","KCR","AA",26,469,0.369718309,1.807228915,0.185314685,0.524475524,0.29020979,0.108433734,0.084337349,0.41296928,0.28327645,0.30375427,0.14895947,656,1170,1826,"19779"
"Zach Remillard","CHW","AA",25,109,0.344827586,0.956521739,0.237288135,0.372881355,0.389830508,0.260869565,0.086956521,0.46666667,0.28333333,0.25,0.14485981,150,278,428,"19788"
"Jhonny Pereda","CHC","AA",23,398,0.280276816,1.833333333,0.170731707,0.536585365,0.292682926,0.178571428,0.023809523,0.37800687,0.18556701,0.43642612,0.06254158,580,923,1503,"19802"
"Jason Delay","PIT","AA",24,252,0.282208588,0.666666666,0.136904761,0.345238095,0.517857142,0.252873563,0.091954022,0.52046784,0.1754386,0.30409357,0.13276231,322,612,934,"19806"
"Charles Leblanc","TEX","AA",23,529,0.332409972,1.307017543,0.275482093,0.410468319,0.314049586,0.245614035,0.061403508,0.41032609,0.24728261,0.3423913,0.07470703,743,1305,2048,"19813"
"Joshua Palacios","TOR","AA",23,341,0.323943661,1.068181818,0.168949771,0.429223744,0.401826484,0.193181818,0.079545454,0.45454545,0.25909091,0.28636364,0.13683432,532,820,1352,"19818"
"Chuckie Robinson","HOU","AA",24,409,0.293650793,1,0.222222222,0.388888888,0.388888888,0.25510204,0.071428571,0.44015444,0.25482625,0.30501931,0.15180266,548,1033,1581,"19824"
"Cody Thomas","LAD","AA",24,532,0.284345047,0.898550724,0.210843373,0.373493975,0.41566265,0.210144927,0.166666666,0.41071429,0.25595238,0.33333333,0.11729804,779,1412,2191,"19828"
"Caleb Hamilton","MIN","AA",24,341,0.29047619,1.225,0.168224299,0.457943925,0.373831775,0.275,0.075,0.48611111,0.21296296,0.30092593,0.13722517,505,814,1319,"19842"
"Abraham Toro","HOU","AA",22,435,0.346153846,0.939130434,0.251677852,0.362416107,0.38590604,0.173913043,0.139130434,0.4620462,0.23432343,0.30363036,0.1019796,608,1059,1667,"19844"
"Rene Pinto","TBR","AA",22,287,0.29787234,1.071428571,0.22459893,0.401069518,0.37433155,0.285714285,0.071428571,0.41450777,0.28497409,0.30051813,0.10507246,411,693,1104,"19859"
"Riley Adams","TOR","AA",23,332,0.362068965,0.729411764,0.183333333,0.344444444,0.472222222,0.211764705,0.129411764,0.45989305,0.21925134,0.32085561,0.13052782,522,880,1402,"19864"
"Greg Deichmann","OAK","AA",24,340,0.289473684,0.906666666,0.281407035,0.341708542,0.376884422,0.186666666,0.146666666,0.41791045,0.24378109,0.33830846,0.12042254,522,898,1420,"19872"
"Drew Ellis","ARI","AA",23,451,0.287356321,0.477419354,0.164233576,0.270072992,0.56569343,0.212903225,0.09032258,0.48727273,0.26909091,0.24363636,0.09371782,794,1148,1942,"19873"
"Tristan Gray","TBR","AA",23,495,0.244444444,0.664516129,0.213414634,0.31402439,0.472560975,0.225806451,0.109677419,0.46846847,0.27327327,0.25825826,0.10971787,761,1153,1914,"19877"
"Adam Haseley","PHI","AA",23,190,0.29032258,1.386363636,0.1796875,0.4765625,0.34375,0.068181818,0.181818181,0.46969697,0.24242424,0.28787879,0.10455764,282,464,746,"19878"
"Emmanuel Rivera","KCR","AA",23,534,0.289473684,1.546875,0.218225419,0.474820143,0.306954436,0.1875,0.0546875,0.44366197,0.27464789,0.28169014,0.09075908,614,1204,1818,"19890"
"Pavin Smith","ARI","AA",23,507,0.310160427,1.2,0.187335092,0.443271767,0.369393139,0.25,0.085714285,0.39793282,0.22739018,0.374677,0.06216216,740,1110,1850,"19892"
"Connor Wong","LAD","AA",23,163,0.467391304,1.322580645,0.287128712,0.405940594,0.306930693,0.161290322,0.29032258,0.48514851,0.25742574,0.25742574,0.1471519,214,418,632,"19896"
"Gavin Sheets","CHW","AA",23,527,0.305084745,1.076923076,0.18852459,0.420765027,0.390710382,0.237762237,0.111888111,0.42162162,0.24324324,0.33513514,0.08953817,820,1302,2122,"19901"
"Jesus Sanchez","TBR","AA",21,316,0.32718894,1.63076923,0.229729729,0.477477477,0.292792792,0.23076923,0.123076923,0.34361233,0.24229075,0.41409692,0.11354079,441,748,1189,"19913"
"Daulton Varsho","ARI","AA",22,452,0.31661442,0.82051282,0.139393939,0.387878787,0.472727272,0.294871794,0.115384615,0.40356083,0.27299703,0.32344214,0.08009423,649,1049,1698,"19918"
"Blake Perkins","KCR","AA",22,122,0.278481012,1.033333333,0.2375,0.3875,0.375,0.233333333,0.066666666,0.43902439,0.23170732,0.32926829,0.10736842,170,305,475,"19921"
"Ryan McKenna","BAL","AA",22,567,0.287292817,1.034482758,0.180555555,0.416666666,0.402777777,0.165517241,0.062068965,0.42592593,0.32010582,0.25396825,0.12529551,830,1285,2115,"19928"
"Luke Williams","PHI","AA",22,504,0.291925465,0.524096385,0.214285714,0.270186335,0.51552795,0.28313253,0.06626506,0.46449704,0.26627219,0.26923077,0.11285425,752,1224,1976,"19931"
"Aaron Whitefield","MIN","AA",22,110,0.208955223,1.142857142,0.076923076,0.492307692,0.43076923,0.142857142,0,0.5,0.25,0.25,0.18446602,141,271,412,"19938"
"Cristian Pache","ATL","AA",20,433,0.35125448,1.009009009,0.214788732,0.394366197,0.39084507,0.234234234,0.099099099,0.56896552,0.19655172,0.23448276,0.14454976,604,1084,1688,"19948"
"Andres Gimenez","NYM","AA",20,479,0.305555555,1.464285714,0.161094224,0.498480243,0.340425531,0.089285714,0.080357142,0.40652819,0.25816024,0.33531157,0.11469933,562,1234,1796,"19950"
"Khalil Lee","KCR","AA",21,546,0.374193548,2.890625,0.201923076,0.592948717,0.205128205,0.21875,0.125,0.34482759,0.22884013,0.42633229,0.12304867,838,1340,2178,"19952"
"Josh Lowe","TBR","AA",21,519,0.315614617,0.854961832,0.231012658,0.354430379,0.414556962,0.152671755,0.13740458,0.38509317,0.31055901,0.30434783,0.12167643,845,1374,2219,"19953"
"Gavin Lux","LAD","AA",21,291,0.357894736,1.886792452,0.23880597,0.497512437,0.263681592,0.075471698,0.245283018,0.43842365,0.27586207,0.28571429,0.08715596,423,667,1090,"19955"
"Mickey Moniak","PHI","AA",21,504,0.307246376,1.061068702,0.228571428,0.397142857,0.374285714,0.167938931,0.083969465,0.48603352,0.22067039,0.29329609,0.14101847,579,1208,1787,"19956"
"Blake Rutherford","CHW","AA",22,480,0.342767295,1.616161616,0.198142414,0.495356037,0.306501547,0.111111111,0.07070707,0.42073171,0.2195122,0.3597561,0.17599068,585,1131,1716,"19957"
"Taylor Trammell","SDP","AA",21,514,0.297734627,0.992248062,0.184126984,0.406349206,0.409523809,0.217054263,0.077519379,0.44514107,0.26645768,0.28840125,0.1258312,773,1182,1955,"19960"
"Colton Welker","COL","AA",21,394,0.28113879,0.933333333,0.188811188,0.391608391,0.419580419,0.1,0.083333333,0.45205479,0.24657534,0.30136986,0.09958791,550,906,1456,"19961"
"Bobby Dalbec","BOS","AA",24,439,0.278260869,0.811965811,0.134693877,0.387755102,0.47755102,0.247863247,0.17094017,0.48015873,0.23015873,0.28968254,0.13446762,736,1086,1822,"19966"
"Ryan Aguilar","MIL","AA",24,81,0.311111111,1.466666666,0.212765957,0.468085106,0.319148936,0.2,0.2,0.41666667,0.22916667,0.35416667,0.11627907,123,221,344,"19967"
"Jared Oliva","PIT","AA",23,507,0.347058823,1.232558139,0.145400593,0.471810089,0.382789317,0.201550387,0.046511627,0.45714286,0.25714286,0.28571429,0.10529101,674,1216,1890,"19968"
"Tres Barrera","WSN","AA",24,403,0.285211267,1.137614678,0.18815331,0.432055749,0.37979094,0.23853211,0.073394495,0.48805461,0.21501706,0.29692833,0.11468813,550,941,1491,"19977"
"Conner Capel","STL","AA",22,368,0.28,0.960784313,0.224806201,0.379844961,0.395348837,0.205882352,0.088235294,0.36538462,0.3,0.33461538,0.13915618,448,903,1351,"19983"
"Santiago Espinal","TOR","AA",24,409,0.309904153,0.890625,0.224358974,0.365384615,0.41025641,0.1796875,0.0390625,0.4875,0.215625,0.296875,0.06978275,566,953,1519,"19997"
"Bryce Johnson","SFG","AA",23,236,0.31372549,1.263157894,0.167741935,0.464516129,0.367741935,0.105263157,0.052631578,0.45512821,0.25,0.29487179,0.09586057,352,566,918,"20002"
"Miles Mastrobuoni","TBR","AA",23,430,0.37037037,1.88,0.27027027,0.476351351,0.253378378,0.12,0.053333333,0.37581699,0.29084967,0.33333333,0.06466513,668,1064,1732,"20017"
"Kramer Robertson","STL","AA",24,246,0.256756756,1.906976744,0.17218543,0.543046357,0.284768211,0.279069767,0.139534883,0.53205128,0.25,0.21794872,0.06987724,457,602,1059,"20022"
"Hunter Owen","PIT","AA",25,268,0.369127516,0.789473684,0.165644171,0.368098159,0.466257668,0.171052631,0.197368421,0.4491018,0.2754491,0.2754491,0.16479017,342,635,977,"20034"
"Isaac Paredes","DET","AA",20,552,0.297560975,1,0.203883495,0.398058252,0.398058252,0.268292682,0.079268292,0.47887324,0.20187793,0.31924883,0.04627134,895,1331,2226,"20036"
"Jorge Ona","SDP","AA",22,103,0.433333333,1.555555555,0.292307692,0.43076923,0.276923076,0.166666666,0.277777777,0.4,0.27692308,0.32307692,0.15186246,122,227,349,"20040"
"Luis Robert Jr.","CHW","AA",21,244,0.384146341,0.650602409,0.189349112,0.319526627,0.49112426,0.313253012,0.096385542,0.39306358,0.26589595,0.34104046,0.16861827,240,614,854,"20043"
"Brian Miller","MIA","AA",23,495,0.31707317,1.478991596,0.189560439,0.483516483,0.326923076,0.142857142,0.016806722,0.49597855,0.27613941,0.22788204,0.08739407,707,1181,1888,"20047"
"Bligh Madris","PIT","AA",23,514,0.313559322,0.863905325,0.115168539,0.410112359,0.474719101,0.207100591,0.047337278,0.38736264,0.25,0.36263736,0.09731374,708,1265,1973,"20054"
"Alan Trejo","COL","AA",23,476,0.285266457,0.97037037,0.196374622,0.395770392,0.407854984,0.17037037,0.111111111,0.41935484,0.26686217,0.31378299,0.13856427,571,1226,1797,"20056"
"Evan White","SEA","AA",23,400,0.346303501,1.225806451,0.230483271,0.423791821,0.345724907,0.204301075,0.193548387,0.46909091,0.27636364,0.25454545,0.12267402,525,926,1451,"20078"
"Mark Contreras","MIN","AA",24,314,0.270718232,0.848837209,0.163157894,0.384210526,0.452631578,0.104651162,0.116279069,0.43005181,0.29533679,0.2746114,0.1722028,371,773,1144,"20122"
"Dylan Carlson","STL","AA",20,483,0.314754098,1.142857142,0.259259259,0.395061728,0.345679012,0.125,0.1875,0.44036697,0.22629969,0.33333333,0.12049383,783,1242,2025,"20126"
"J.J. Matijevic","HOU","AA",23,312,0.33898305,1.032258064,0.318918918,0.345945945,0.335135135,0.225806451,0.14516129,0.43010753,0.24193548,0.32795699,0.14217252,449,803,1252,"20165"
"Brendan McKay","TBR","AA",23,90,0.245283018,2.8,0.25490196,0.549019607,0.196078431,0.3,0,0.50943396,0.1509434,0.33962264,0.10933333,152,223,375,"20186"
"Brandon Marsh","LAA","AA",21,412,0.384030418,1.593023255,0.15530303,0.518939393,0.325757575,0.046511627,0.081395348,0.38148148,0.2962963,0.32222222,0.06976744,656,935,1591,"20202"
"Jo Adell","LAA","AA",20,182,0.369369369,1.186046511,0.20338983,0.432203389,0.364406779,0.186046511,0.186046511,0.43697479,0.27731092,0.28571429,0.12568306,290,442,732,"20220"
"Kevin Smith","TOR","AA",22,468,0.268939393,0.607142857,0.199288256,0.302491103,0.49822064,0.2,0.135714285,0.48409894,0.25088339,0.26501767,0.17765957,640,1240,1880,"20242"
"Jonathan Arauz","HOU","AA",20,119,0.26744186,0.675,0.229885057,0.310344827,0.459770114,0.225,0.075,0.51685393,0.17977528,0.30337079,0.05426357,187,329,516,"20275"
"Ben Rortvedt","MIN","AA",21,226,0.295774647,1.489795918,0.164383561,0.5,0.335616438,0.306122448,0.102040816,0.53741497,0.25170068,0.21088435,0.10176991,353,551,904,"20287"
"Jake Meyers","HOU","AA",23,100,0.264705882,1.166666666,0.235294117,0.411764705,0.352941176,0.166666666,0.041666666,0.52857143,0.24285714,0.22857143,0.12957746,126,229,355,"20308"
"Stuart Fairchild","CIN","AA",23,179,0.301587301,0.793103448,0.1875,0.359375,0.453125,0.206896551,0.068965517,0.54615385,0.20769231,0.24615385,0.11616954,250,387,637,"20321"
"Alex Kirilloff","MIN","AA",21,411,0.333333333,1.5,0.211409395,0.473154362,0.315436241,0.106382978,0.09574468,0.45182724,0.20930233,0.33887043,0.10034843,498,937,1435,"20325"
"Luis Gonzalez","CHW","AA",23,535,0.28051948,1.407692307,0.19121447,0.472868217,0.335917312,0.223076923,0.069230769,0.40909091,0.22727273,0.36363636,0.07876712,771,1273,2044,"20332"
"Ernie Clement","CLE","AA",23,437,0.278688524,1.085271317,0.244382022,0.393258426,0.36235955,0.255813953,0.007751937,0.48238482,0.21138211,0.30623306,0.04169562,451,988,1439,"20352"
"Luis Garcia Jr.","WSN","AA",19,553,0.299086757,1.583941605,0.184331797,0.5,0.315668202,0.131386861,0.02919708,0.36444444,0.25555556,0.38,0.12154696,588,1222,1810,"20391"
"Jared Young","CHC","AA",23,504,0.29226361,1.25,0.1747851,0.458452722,0.366762177,0.2265625,0.0390625,0.45378151,0.21008403,0.33613445,0.12527115,618,1226,1844,"20404"
"Royce Lewis","MIN","AA",20,148,0.287128712,1.024390243,0.17,0.42,0.41,0.170731707,0.048780487,0.62135922,0.19417476,0.18446602,0.12110727,216,362,578,"20437"
"Jazz Chisholm Jr.","MIA","AA",21,458,0.286956521,0.638655462,0.207317073,0.308943089,0.483739837,0.168067226,0.176470588,0.48015873,0.25,0.26984127,0.15456919,744,1171,1915,"20454"
"Irving Lopez","STL","AA",24,338,0.292576419,1.258823529,0.186440677,0.45338983,0.360169491,0.247058823,0.117647058,0.50833333,0.25,0.24166667,0.08597986,431,860,1291,"20463"
"Seth Beer","HOU","AA",22,381,0.315555555,1,0.19327731,0.403361344,0.403361344,0.145833333,0.177083333,0.43801653,0.26033058,0.30165289,0.11934766,488,861,1349,"20493"
"Scott Hurst","STL","AA",23,161,0.276595744,1.916666666,0.255319148,0.489361702,0.255319148,0.291666666,0.041666666,0.46938776,0.16326531,0.36734694,0.13089802,244,413,657,"20501"
"William Contreras","ATL","AA",21,209,0.295302013,1.206896551,0.146666666,0.466666666,0.386666666,0.206896551,0.051724137,0.53947368,0.21710526,0.24342105,0.12367021,258,494,752,"20503"
"Drew Waters","ATL","AA",20,454,0.43581081,1.593023255,0.246621621,0.462837837,0.29054054,0.116279069,0.058139534,0.43189369,0.22259136,0.34551495,0.16822978,560,1146,1706,"20505"
"Nick Madrigal","CHW","AA",22,180,0.348101265,1.636363636,0.251612903,0.464516129,0.283870967,0.272727272,0.022727272,0.4591195,0.17610063,0.36477987,0.02241379,205,375,580,"20521"
"Nolan Jones","CLE","AA",21,211,0.345794392,1.210526315,0.263157894,0.403508771,0.333333333,0.157894736,0.210526315,0.34782609,0.22608696,0.42608696,0.11061453,369,526,895,"20529"
"Mickey McDonald","OAK","AA",24,174,0.348623853,1.5,0.259259259,0.444444444,0.296296296,0.1875,0,0.4954955,0.21621622,0.28828829,0.12389381,242,436,678,"20533"
"Vidal Brujan","TBR","AA",21,233,0.304093567,1.66,0.231213872,0.479768786,0.289017341,0.28,0.06,0.47428571,0.24,0.28571429,0.06382979,310,536,846,"20536"
"Elehuris Montero","STL","AA",20,238,0.244755244,1.434782608,0.232876712,0.452054794,0.315068493,0.195652173,0.152173913,0.38666667,0.27333333,0.34,0.19362456,265,582,847,"20543"
"CJ Alexander","ATL","AA",22,78,0.119047619,1.692307692,0.166666666,0.523809523,0.309523809,0.153846153,0.153846153,0.31818182,0.36363636,0.31818182,0.12944984,110,199,309,"20557"
"Kody Clemens","DET","AA",23,54,0.25,1,0.24137931,0.379310344,0.379310344,0.181818181,0.09090909,0.48275862,0.13793103,0.37931034,0.12608696,91,139,230,"20572"
"Oscar Gonzalez","CLE","AA",21,100,0.215189873,1.266666666,0.139240506,0.481012658,0.379746835,0.233333333,0.033333333,0.4625,0.1875,0.35,0.15568862,88,246,334,"20970"
"Tyler Payne","CHC","AA",26,80,0.283333333,0.8,0.1,0.4,0.5,0.166666666,0.033333333,0.44262295,0.18032787,0.37704918,0.11940299,91,177,268,"21139"
"Lars Nootbaar","STL","AA",21,110,0.347222222,1.947368421,0.222222222,0.513888888,0.263888888,0.157894736,0,0.23611111,0.26388889,0.5,0.08018868,177,247,424,"21454"
"Nico Hoerner","CHC","AA",22,294,0.310638297,1.168674698,0.23076923,0.414529914,0.354700854,0.216867469,0.036144578,0.41176471,0.23109244,0.35714286,0.06088561,364,720,1084,"21479"
"Trevor Larnach","MIN","AA",22,181,0.39,1.46875,0.233009708,0.456310679,0.310679611,0.09375,0.21875,0.42056075,0.26168224,0.31775701,0.1281296,269,410,679,"21501"
"Jonathan India","CIN","AA",22,145,0.313953488,1.064516129,0.247058823,0.388235294,0.364705882,0.225806451,0.096774193,0.41573034,0.38202247,0.20224719,0.09153713,258,321,579,"21523"
"Joey Bart","SFG","AA",22,87,0.381818181,1.130434782,0.169491525,0.440677966,0.389830508,0.173913043,0.173913043,0.38333333,0.2,0.41666667,0.13084112,111,210,321,"21524"
"Cal Raleigh","SEA","AA",22,159,0.285714285,0.54,0.206185567,0.278350515,0.515463917,0.3,0.14,0.46938776,0.28571429,0.24489796,0.1618887,205,388,593,"21534"
"Alec Bohm","PHI","AA",22,270,0.264550264,1.012345679,0.180904522,0.412060301,0.407035175,0.185185185,0.172839506,0.34653465,0.25742574,0.3960396,0.07285429,388,614,1002,"21618"
"Nick Maton","PHI","AA",22,72,0.234042553,0.444444444,0.1875,0.25,0.5625,0.222222222,0.074074074,0.55102041,0.30612245,0.14285714,0.13454545,97,178,275,"21635"
"Oneil Cruz","PIT","AA",20,136,0.364705882,1.258064516,0.166666666,0.464285714,0.369047619,0.129032258,0.032258064,0.40697674,0.24418605,0.34883721,0.16171004,200,338,538,"21711"
"Freddy Fermin","KCR","AA",24,112,0.292682926,1.161290322,0.182926829,0.43902439,0.37804878,0.258064516,0.096774193,0.51764706,0.16470588,0.31764706,0.10487805,117,293,410,"21840"
"Jeter Downs","LAD","AA",20,56,0.333333333,0.333333333,0.263157894,0.184210526,0.552631578,0.285714285,0.238095238,0.44736842,0.28947368,0.26315789,0.11740891,95,152,247,"22202"
"Mason McCoy","BAL","AA",24,471,0.325581395,1.683673469,0.21021021,0.495495495,0.294294294,0.091836734,0.020408163,0.3495702,0.23495702,0.41547278,0.06991051,635,1153,1788,"22232"
"Taylor Walls","TBR","AA",22,243,0.320754716,0.859375,0.265432098,0.339506172,0.395061728,0.171875,0.09375,0.50909091,0.25454545,0.23636364,0.08440171,369,567,936,"22458"
"Heliot Ramos","SFG","AA",19,106,0.33898305,1.866666666,0.295081967,0.459016393,0.245901639,0.2,0.2,0.43548387,0.25806452,0.30645161,0.10730594,152,286,438,"22515"
"Jarred Kelenic","SEA","AA",19,92,0.245901639,0.896551724,0.179104477,0.388059701,0.43283582,0.310344827,0.206896551,0.52238806,0.23880597,0.23880597,0.11314985,130,197,327,"22558"
"Luis Vazquez","CHC","AA",19,89,0.261538461,1.454545454,0.15625,0.5,0.34375,0.181818181,0,0.34328358,0.20895522,0.44776119,0.09202454,103,223,326,"23442"
"Ryan Dorow","TEX","AA",23,211,0.307017543,1.021276595,0.194915254,0.406779661,0.398305084,0.319148936,0.085106382,0.42372881,0.22033898,0.3559322,0.13023256,306,554,860,"23559"
"Jarren Duran","BOS","AA",22,352,0.334745762,1.903225806,0.227467811,0.506437768,0.26609442,0.193548387,0.016129032,0.34710744,0.23553719,0.41735537,0.11728395,470,826,1296,"24617"
"Ryan Jeffers","MIN","AA",22,99,0.328125,0.774193548,0.19117647,0.352941176,0.455882352,0.258064516,0.129032258,0.41176471,0.23529412,0.35294118,0.06824147,140,241,381,"24618"
"Owen Miller","SDP","AA",22,560,0.327628361,1.403100775,0.253012048,0.436144578,0.310843373,0.271317829,0.100775193,0.38352941,0.26117647,0.35529412,0.08244558,760,1399,2159,"24655"
"Vinny Capra","TOR","AA",22,435,0.281045751,0.775362318,0.183333333,0.356666666,0.46,0.217391304,0.02173913,0.52258065,0.22258065,0.25483871,0.07806032,643,1048,1691,"25040"
"Drew Avans","LAD","AA",23,241,0.38,1.434782608,0.277419354,0.425806451,0.296774193,0.282608695,0.130434782,0.37820513,0.29487179,0.32692308,0.11075949,334,614,948,"25183"
"Chris Parmelee","LAD","AA",31,328,0.285714285,0.54347826,0.219780219,0.274725274,0.505494505,0.173913043,0.173913043,0.38586957,0.2826087,0.33152174,0.09381515,599,840,1439,"2554"
"Braden Shewmake","ATL","AA",21,52,0.277777777,2.444444444,0.138888888,0.611111111,0.25,0.111111111,0,0.38888889,0.16666667,0.44444444,0.15675676,55,130,185,"25817"
"Tony Sanchez","TEX","AA",31,256,0.302325581,1.206896551,0.260115606,0.404624277,0.335260115,0.155172413,0.068965517,0.43181818,0.25568182,0.3125,0.13276231,349,585,934,"6178"
"Josh Thole","LAD","AA",32,74,0.38,1.3125,0.26,0.42,0.32,0.125,0,0.40816327,0.28571429,0.30612245,0.07142857,134,202,336,"9689"
"Ivan De Jesus Jr.","MIN","AA",32,80,0.24074074,2.125,0.107142857,0.607142857,0.285714285,0.25,0.125,0.44642857,0.17857143,0.375,0.04857143,148,202,350,"9886"
"Brandon Sandoval","LAA","AA",24,291,0.362745098,1.483870967,0.24137931,0.45320197,0.305418719,0.225806451,0.032258064,0.47087379,0.2038835,0.32524272,0.11850501,384,713,1097,"sa3002728"
"Brock Lundquist","TOR","AA",23,413,0.306513409,1.25,0.2007722,0.444015444,0.355212355,0.097826086,0.065217391,0.42007435,0.2527881,0.32713755,0.13931298,565,1007,1572,"sa3002834"
"Evan Mendoza","STL","AA",23,223,0.306748466,2.048780487,0.193548387,0.541935483,0.264516129,0.170731707,0.024390243,0.3030303,0.23030303,0.46666667,0.0971564,250,594,844,"sa3002836"
"Zach Jarrett","BAL","AA",24,98,0.279411764,1.714285714,0.149253731,0.537313432,0.313432835,0,0,0.42647059,0.16176471,0.41176471,0.18181818,126,237,363,"sa3002883"
"Luke Burch","DET","AA",25,137,0.512195121,1.904761904,0.217948717,0.512820512,0.269230769,0.19047619,0,0.25301205,0.37349398,0.37349398,0.18541667,144,336,480,"sa3003950"
"Ernie De La Trinidad","MIN","AA",23,148,0.252747252,1.222222222,0.139784946,0.473118279,0.387096774,0.166666666,0.055555555,0.53191489,0.19148936,0.27659574,0.08450704,245,323,568,"sa3003955"
"Cullen Large","TOR","AA",23,99,0.349206349,1.476190476,0.147540983,0.508196721,0.344262295,0.238095238,0,0.42857143,0.15873016,0.41269841,0.14084507,114,241,355,"sa3003959"
"Chase Pinder","STL","AA",23,56,0.258064516,0.6,0.466666666,0.2,0.333333333,0.3,0,0.57575758,0.09090909,0.33333333,0.17721519,80,157,237,"sa3003961"
"Jake Adams","HOU","AA",23,108,0.29032258,1.086956521,0.294117647,0.367647058,0.338235294,0.391304347,0.304347826,0.50724638,0.2173913,0.27536232,0.14285714,154,273,427,"sa3003962"
"Ryan Grotjohn","ARI","AA",24,261,0.3081761,0.828947368,0.136645962,0.391304347,0.472049689,0.157894736,0.039473684,0.56097561,0.20121951,0.23780488,0.12584705,379,654,1033,"sa3003964"
"Cole Peterson","DET","AA",23,142,0.275229357,2.444444444,0.122641509,0.622641509,0.254716981,0.222222222,0,0.36036036,0.22522523,0.41441441,0.07531381,155,323,478,"sa3003965"
"Joey Morgan","DET","AA",22,62,0.205128205,1.333333333,0.102564102,0.512820512,0.384615384,0.266666666,0,0.46153846,0.17948718,0.35897436,0.14782609,84,146,230,"sa3004032"
"Zane Gurwitz","LAA","AA",24,116,0.273972602,0.875,0.178082191,0.383561643,0.438356164,0.3125,0.03125,0.36486486,0.31081081,0.32432432,0.1353211,156,280,436,"sa3004062"
"Ryan Costello","MIN","AA",23,153,0.307692307,0.702702702,0.240963855,0.313253012,0.445783132,0.27027027,0.189189189,0.4,0.18823529,0.41176471,0.14285714,258,358,616,"sa3004071"
"Jordan Gore","MIN","AA",24,338,0.265765765,1.69117647,0.175675675,0.518018018,0.306306306,0.102941176,0.044117647,0.4254386,0.21052632,0.36403509,0.12664093,461,834,1295,"sa3004127"
"Laz Rivera","CHW","AA",24,455,0.300291545,1.184,0.194690265,0.436578171,0.368731563,0.256,0.016,0.39541547,0.26934097,0.33524355,0.12955466,438,1044,1482,"sa3004128"
"Austin Listi","PHI","AA",25,251,0.242236024,0.61728395,0.201219512,0.304878048,0.493902439,0.296296296,0.086419753,0.47337278,0.24260355,0.28402367,0.10029499,425,592,1017,"sa3004170"
"Chad Spanberger","TOR","AA",23,480,0.292763157,1.136,0.149681528,0.452229299,0.398089171,0.192,0.104,0.44479495,0.25867508,0.29652997,0.13412655,680,1169,1849,"sa3004242"
"Renae Martinez","ARI","AA",25,100,0.277777777,0.666666666,0.236111111,0.305555555,0.458333333,0.242424242,0,0.41666667,0.26388889,0.31944444,0.09268293,154,256,410,"sa3004255"
"Michael Osinski","BOS","AA",23,61,0.285714285,2.875,0.114285714,0.657142857,0.228571428,0,0,0.4,0.17142857,0.42857143,0.15261044,86,163,249,"sa3004298"
"Eric Peterson","LAD","AA",25,57,0.344827586,1.625,0.322580645,0.419354838,0.258064516,0.375,0.25,0.41935484,0.22580645,0.35483871,0.13488372,81,134,215,"sa3004405"
"Brett Pope","PIT","AA",23,317,0.30941704,1.633802816,0.157657657,0.522522522,0.319819819,0.169014084,0.028169014,0.4845815,0.21585903,0.29955947,0.0788825,451,766,1217,"sa3004513"
"Ryan Peurifoy","PIT","AA",24,53,0.148148148,1.875,0.148148148,0.555555555,0.296296296,0.375,0.125,0.46428571,0.25,0.28571429,0.14883721,82,133,215,"sa3004686"
"Chris Sharpe","PIT","AA",23,258,0.25,0.689655172,0.098159509,0.368098159,0.533742331,0.103448275,0.126436781,0.43786982,0.28994083,0.27218935,0.10465116,387,645,1032,"sa3004726"
"Brett Netzer","BOS","AA",23,512,0.323987538,0.787671232,0.199386503,0.352760736,0.44785276,0.09589041,0.05479452,0.48348348,0.24624625,0.27027027,0.11327175,745,1312,2057,"sa3004804"
"Logan Warmoth","TOR","AA",23,254,0.295302013,1.254545454,0.156462585,0.469387755,0.374149659,0.09090909,0,0.53333333,0.27333333,0.19333333,0.14402451,371,608,979,"sa3004813"
"Robbie Glendinning","PIT","AA",23,213,0.370689655,1.142857142,0.125,0.466666666,0.408333333,0.061224489,0.102040816,0.42276423,0.17886179,0.39837398,0.16995074,307,505,812,"sa3004978"
"Jimmy Kerrigan","MIN","AA",25,309,0.251282051,0.873563218,0.172588832,0.385786802,0.441624365,0.264367816,0.103448275,0.41346154,0.22596154,0.36057692,0.18406072,322,732,1054,"sa3005235"
"Taylor Grzelakowski","MIN","AA",25,226,0.238095238,2.23076923,0.136986301,0.59589041,0.267123287,0.076923076,0.025641025,0.35135135,0.27027027,0.37837838,0.10514786,354,559,913,"sa3005298"
"Lorenzo Quintana","HOU","AA",30,179,0.364406779,1.042553191,0.244094488,0.385826771,0.37007874,0.234042553,0.234042553,0.51937984,0.24806202,0.23255814,0.12802276,259,444,703,"sa3005394"
"Christian Donahue","CHC","AA",24,370,0.2578125,1.137254901,0.1484375,0.453125,0.3984375,0.117647058,0.029411764,0.36226415,0.27924528,0.35849057,0.10588235,481,879,1360,"sa3005401"
"Justin Toerner","STL","AA",22,199,0.269230769,1.102564102,0.254545454,0.39090909,0.354545454,0.051282051,0.179487179,0.39285714,0.29464286,0.3125,0.13032581,320,478,798,"sa3006735"
"Trey Harris","ATL","AA",23,156,0.351351351,1.142857142,0.181818181,0.436363636,0.381818181,0.19047619,0.047619047,0.32743363,0.27433628,0.39823009,0.13035382,161,376,537,"sa3006876"
"Chase Calabuig","OAK","AA",23,476,0.359735973,2.16,0.220394736,0.532894736,0.246710526,0.16,0.053333333,0.38235294,0.27777778,0.33986928,0.08688784,765,1134,1899,"sa3006927"
"Greyson Jenista","ATL","AA",22,256,0.333333333,0.952380952,0.168918918,0.405405405,0.425675675,0.111111111,0.079365079,0.32894737,0.31578947,0.35526316,0.1417004,360,628,988,"sa3007044"
"Max Burt","NYY","AA",22,78,0.333333333,1.8125,0.166666666,0.537037037,0.296296296,0.5,0,0.57407407,0.18518519,0.24074074,0.12635379,87,190,277,"sa3007631"
"Clayton Daniel","CHC","AA",24,88,0.342857142,1.24,0.176470588,0.455882352,0.367647058,0.28,0,0.43835616,0.21917808,0.34246575,0.05014749,123,216,339,"sa3007646"
"Michael Davis","MIN","AA",23,71,0.28125,1.875,0.303030303,0.454545454,0.242424242,0,0.125,0.36363636,0.33333333,0.3030303,0.21202532,104,212,316,"sa3008248"
"Victor Mesa","MIA","AA",22,113,0.208791208,2.291666666,0.102272727,0.625,0.272727272,0.333333333,0,0.36170213,0.24468085,0.39361702,0.09756098,116,253,369,"sa3008602"
"Martin Cervenka","BAL","AA",26,179,0.276190476,0.936170212,0.157407407,0.407407407,0.435185185,0.212765957,0.085106382,0.43119266,0.29357798,0.27522936,0.14165498,257,456,713,"sa492636"
"Francisco Diaz","NYY","AA",29,51,0.344827586,1.09090909,0.206896551,0.413793103,0.379310344,0.272727272,0,0.27586207,0.17241379,0.55172414,0.05603448,101,131,232,"sa505229"
"Anderson Feliz","BAL","AA",27,157,0.36,1.052631578,0.227722772,0.396039603,0.376237623,0.026315789,0.078947368,0.46153846,0.22115385,0.31730769,0.14548495,238,360,598,"sa505526"
"Ali Castillo","PHI","AA",30,60,0.45,2.222222222,0.275,0.5,0.225,0.333333333,0.111111111,0.30232558,0.18604651,0.51162791,0.08849558,88,138,226,"sa507143"
"Levi Michael","SFG","AA",28,89,0.258064516,1.208333333,0.13114754,0.475409836,0.393442622,0.083333333,0,0.30645161,0.33870968,0.35483871,0.09763314,123,215,338,"sa526207"
"Rodrigo Vigil","MIA","AA",26,128,0.252747252,1.703703703,0.17977528,0.516853932,0.303370786,0.259259259,0.037037037,0.52688172,0.23655914,0.23655914,0.11538462,153,289,442,"sa547818"
"Gioskar Amaya","CHC","AA",26,295,0.323232323,1.012345679,0.176767676,0.414141414,0.409090909,0.135802469,0.024691358,0.45544554,0.28217822,0.26237624,0.14474929,348,709,1057,"sa547898"
"Erick Salcedo","LAA","AA",26,262,0.235576923,1.371428571,0.209523809,0.457142857,0.333333333,0.271428571,0.028571428,0.54976303,0.1943128,0.25592417,0.09307605,293,588,881,"sa548029"
"Matt Lipka","NYY","AA",27,255,0.333333333,0.75,0.166666666,0.357142857,0.476190476,0.3625,0.025,0.45505618,0.24719101,0.29775281,0.13986784,284,624,908,"sa548175"
"Kellin Deglan","NYY","AA",27,255,0.353333333,0.934426229,0.243589743,0.365384615,0.391025641,0.245901639,0.13114754,0.57324841,0.20382166,0.22292994,0.22311213,271,603,874,"sa548189"
"Roberto Pena","LAA","AA",27,74,0.31372549,1.111111111,0.208333333,0.416666666,0.375,0.388888888,0,0.54901961,0.21568627,0.23529412,0.10355987,117,192,309,"sa548359"
"Hunter Jones","WSN","AA",27,174,0.221153846,1.5625,0.219047619,0.476190476,0.304761904,0.15625,0.09375,0.53271028,0.28971963,0.17757009,0.14536741,234,392,626,"sa548556"
"Chace Numata","DET","AA",26,258,0.278074866,1.06849315,0.19680851,0.414893617,0.388297872,0.150684931,0.05479452,0.38743455,0.2513089,0.36125654,0.10212336,369,620,989,"sa549139"
"Ryan Casteel","ATL","AA",28,458,0.32103321,1.041322314,0.139372822,0.43902439,0.421602787,0.20661157,0.173553719,0.48474576,0.25423729,0.26101695,0.16394336,687,1149,1836,"sa549286"
"Michael O'Neill","MIL","AA",27,319,0.390243902,1.854838709,0.140776699,0.558252427,0.300970873,0.193548387,0.080645161,0.41509434,0.25943396,0.3254717,0.13485114,378,764,1142,"sa550175"
"Damek Tomscha","CHW","AA",27,174,0.316666666,1.065217391,0.214876033,0.404958677,0.380165289,0.152173913,0.086956521,0.49193548,0.24193548,0.26612903,0.11383285,251,443,694,"sa550391"
"Barrett Barnes","NYM","AA",27,374,0.286407766,0.607142857,0.154929577,0.319248826,0.525821596,0.232142857,0.107142857,0.51834862,0.22477064,0.25688073,0.09198423,633,889,1522,"sa577859"
"Wilson Garcia","CLE","AA",25,275,0.276995305,1.1875,0.200913242,0.433789954,0.365296803,0.225,0.125,0.45982143,0.1875,0.35267857,0.125,290,630,920,"sa596287"
"Jeffrey Baez","ARI","AA",25,397,0.302521008,0.674796747,0.176,0.332,0.492,0.235772357,0.121951219,0.50980392,0.25882353,0.23137255,0.13804277,552,991,1543,"sa597088"
"Alfredo Reyes","PIT","AA",25,172,0.274725274,2.28,0.108695652,0.619565217,0.27173913,0.16,0.04,0.40425532,0.20212766,0.39361702,0.16196137,245,428,673,"sa597093"
"Bryan Mejia","WSN","AA",25,79,0.276595744,0.608695652,0.212765957,0.29787234,0.489361702,0.391304347,0.04347826,0.55102041,0.14285714,0.30612245,0.18811881,73,230,303,"sa597100"
"Alberto Triunfel","STL","AA",25,234,0.263157894,1.142857142,0.194630872,0.429530201,0.375838926,0.428571428,0,0.53846154,0.23076923,0.23076923,0.08686441,331,613,944,"sa597103"
"Deiner Lopez","BOS","AA",25,92,0.28,1.875,0.098039215,0.588235294,0.31372549,0.1875,0.0625,0.56603774,0.18867925,0.24528302,0.20809249,97,249,346,"sa597152"
"Angelo Mora","LAD","AA",26,184,0.357723577,2.419354838,0.16535433,0.590551181,0.244094488,0.161290322,0.129032258,0.390625,0.25,0.359375,0.13011696,249,435,684,"sa597177"
"Hamlet Marte","SFG","AA",25,210,0.270491803,1.717948717,0.14516129,0.54032258,0.314516129,0.102564102,0.051282051,0.464,0.248,0.288,0.15288221,279,519,798,"sa597218"
"Dante Bichette","WSN","AA",26,280,0.339449541,2.790697674,0.248847926,0.552995391,0.198156682,0.069767441,0.046511627,0.33333333,0.22522523,0.44144144,0.1088632,359,679,1038,"sa597776"
"Granden Goetzman","HOU","AA",26,347,0.260869565,0.932584269,0.214611872,0.378995433,0.406392694,0.359550561,0.168539325,0.53603604,0.18018018,0.28378378,0.14180207,513,841,1354,"sa597785"
"Brett Austin","SFG","AA",26,84,0.2,0.65,0.057142857,0.371428571,0.571428571,0.15,0,0.4,0.31428571,0.28571429,0.20057307,129,220,349,"sa597795"
"Patrick Leonard","MIL","AA",26,403,0.404166666,1.211111111,0.17768595,0.450413223,0.371900826,0.166666666,0.111111111,0.47808765,0.27091633,0.25099602,0.13470173,596,963,1559,"sa597839"
"C.J. McElroy","SFG","AA",26,59,0.256410256,1.909090909,0.157894736,0.552631578,0.289473684,0.545454545,0,0.41025641,0.20512821,0.38461538,0.08943089,88,158,246,"sa597861"
"Dan Gamache","OAK","AA",28,169,0.254545454,1.59375,0.231481481,0.472222222,0.296296296,0.21875,0,0.40909091,0.18181818,0.40909091,0.08490566,230,406,636,"sa597966"
"Daniel Lockhart","ATL","AA",26,280,0.279792746,1.108108108,0.204081632,0.418367346,0.37755102,0.162162162,0.067567567,0.46534653,0.22772277,0.30693069,0.10830999,372,699,1071,"sa598065"
"Aneury Tavarez","BOS","AA",27,81,0.254545454,1.75,0.16981132,0.528301886,0.301886792,0.1875,0,0.32727273,0.30909091,0.36363636,0.13924051,108,208,316,"sa598684"
"Tanner English","MIN","AA",26,146,0.2625,1,0.139240506,0.430379746,0.430379746,0.294117647,0.058823529,0.48148148,0.18518519,0.33333333,0.14188034,211,374,585,"sa599081"
"Austin Davidson","WSN","AA",26,246,0.275,0.857142857,0.207317073,0.365853658,0.426829268,0.242857142,0.057142857,0.42331288,0.24539877,0.33128834,0.11016949,363,581,944,"sa599216"
"Zach Houchins","SFG","AA",26,404,0.277372262,0.779527559,0.184115523,0.357400722,0.458483754,0.212598425,0.078740157,0.48943662,0.25704225,0.25352113,0.15003394,486,987,1473,"sa599235"
"Josh Tobias","BOS","AA",26,97,0.410714285,1.105263157,0.310344827,0.362068965,0.327586206,0.263157894,0.105263157,0.37931034,0.25862069,0.36206897,0.10440835,157,274,431,"sa599333"
"Jerrick Suiter","PIT","AA",26,441,0.275449101,1.089552238,0.164179104,0.435820895,0.4,0.231343283,0.029850746,0.36390533,0.27218935,0.36390533,0.11237374,510,1074,1584,"sa599740"
"Chris Mariscal","SEA","AA",26,73,0.386363636,2.111111111,0.348837209,0.441860465,0.209302325,0.333333333,0.333333333,0.55319149,0.23404255,0.21276596,0.08143322,110,197,307,"sa600255"
"David Masters","WSN","AA",26,79,0.333333333,0.863636363,0.196078431,0.372549019,0.431372549,0.227272727,0.045454545,0.45283019,0.22641509,0.32075472,0.09148265,125,192,317,"sa602586"
"Nate Esposito","KCR","AA",26,92,0.278688524,1,0.220338983,0.389830508,0.389830508,0.260869565,0,0.41935484,0.24193548,0.33870968,0.12063492,103,212,315,"sa602817"
"Preston Beck","TEX","AA",28,421,0.294545454,0.753846153,0.2,0.343859649,0.45614035,0.253846153,0.084615384,0.43706294,0.21678322,0.34615385,0.08209399,619,1062,1681,"sa621361"
"Jin-De Jhang","SFG","AA",26,100,0.153846153,1.24137931,0.166666666,0.461538461,0.371794871,0.24137931,0.034482758,0.43037975,0.24050633,0.32911392,0.06756757,139,231,370,"sa653546"
"Arvicent Perez","COL","AA",25,197,0.304635761,1.461538461,0.146666666,0.506666666,0.346666666,0.307692307,0.038461538,0.36942675,0.21656051,0.41401274,0.1223565,171,491,662,"sa655950"
"Eliezer Alvarez","TEX","AA",24,403,0.325791855,1.567567567,0.155555555,0.515555555,0.328888888,0.148648648,0.121621621,0.42424242,0.25108225,0.32467532,0.13168972,663,1000,1663,"sa657261"
"Roberto Caro","CHC","AA",25,446,0.315412186,1.24,0.188405797,0.449275362,0.36231884,0.15,0.02,0.40989399,0.23674912,0.35335689,0.08797814,735,1095,1830,"sa657285"
"Angel Aguilar","NYY","AA",24,154,0.294736842,0.681818181,0.244897959,0.306122448,0.448979591,0.25,0.068181818,0.53535354,0.22222222,0.24242424,0.16726619,177,379,556,"sa657323"
"Alberti Chavez","CIN","AA",23,108,0.297297297,1.458333333,0.169014084,0.492957746,0.338028169,0.208333333,0,0.35135135,0.25675676,0.39189189,0.13043478,148,289,437,"sa657456"
"Jhoan Urena","LAA","AA",24,522,0.354231974,1.663157894,0.221538461,0.486153846,0.292307692,0.136842105,0.094736842,0.44817073,0.23780488,0.31402439,0.16618774,775,1313,2088,"sa657511"
"Angelo Castellano","KCR","AA",24,254,0.269230769,0.984615384,0.183544303,0.405063291,0.411392405,0.307692307,0.076923076,0.50299401,0.23353293,0.26347305,0.11489362,327,613,940,"sa657521"
"Santiago Chavez","MIA","AA",23,272,0.257668711,1.362068965,0.14375,0.49375,0.3625,0.24137931,0.017241379,0.46470588,0.21764706,0.31764706,0.14396887,345,683,1028,"sa657706"
"Mitch Nay","CIN","AA",25,284,0.326530612,1.128205128,0.198067632,0.425120772,0.376811594,0.179487179,0.166666666,0.4784689,0.24401914,0.27751196,0.10078878,435,706,1141,"sa657873"
"Joe DeCarlo","SEA","AA",25,198,0.261682242,0.928571428,0.221153846,0.375,0.403846153,0.214285714,0.023809523,0.40740741,0.26851852,0.32407407,0.13436693,294,480,774,"sa657935"
"Chuck Taylor","WSN","AA",25,301,0.279187817,0.741573033,0.225,0.33,0.445,0.191011235,0.08988764,0.46859903,0.26570048,0.26570048,0.08213716,492,762,1254,"sa658001"
"Bralin Jackson","PIT","AA",25,293,0.344827586,1.766666666,0.17,0.53,0.3,0.166666666,0,0.34146341,0.21463415,0.44390244,0.160697,335,698,1033,"sa658012"
"Joey Curletta","BOS","AA",25,374,0.276381909,0.872093023,0.206896551,0.369458128,0.42364532,0.127906976,0.104651162,0.47115385,0.21634615,0.3125,0.12765957,638,913,1551,"sa658025"
"Luis Valenzuela","ATL","AA",25,319,0.245762711,1.690140845,0.18025751,0.515021459,0.30472103,0.183098591,0.042253521,0.40167364,0.15899582,0.43933054,0.14008811,338,797,1135,"sa658081"
"Rashad Crawford","NYY","AA",25,444,0.337931034,0.933333333,0.205479452,0.383561643,0.410958904,0.291666666,0.058333333,0.47157191,0.22742475,0.30100334,0.13185459,585,1038,1623,"sa658166"
"Connor Lien","ATL","AA",25,200,0.389610389,0.6,0.247058823,0.282352941,0.470588235,0.225,0.225,0.5862069,0.1954023,0.2183908,0.22170362,312,545,857,"sa658195"
"John Silviano","MIA","AA",24,230,0.223140495,1.25,0.129032258,0.483870967,0.387096774,0.166666666,0.083333333,0.432,0.224,0.344,0.16552511,338,538,876,"sa658243"
"Dario Pizzano","NYM","AA",28,137,0.227722772,1.222222222,0.215686274,0.431372549,0.352941176,0.361111111,0.083333333,0.40952381,0.21904762,0.37142857,0.06902985,215,321,536,"sa658253"
"Nellie Rodriguez","CLE","AA",25,314,0.29054054,0.602564102,0.203821656,0.299363057,0.496815286,0.243589743,0.153846153,0.47826087,0.26086957,0.26086957,0.1704797,546,809,1355,"sa658264"
"Bruce Caldwell","MIL","AA",27,354,0.273148148,1.09090909,0.178571428,0.428571428,0.392857142,0.125,0.102272727,0.3876652,0.2246696,0.3876652,0.09566414,540,913,1453,"sa658271"
"Kody Eaves","DET","AA",25,434,0.296992481,0.629629629,0.205776173,0.306859205,0.48736462,0.207407407,0.111111111,0.45390071,0.28368794,0.26241135,0.12100313,596,999,1595,"sa658290"
"Chuck Moorman","TEX","AA",25,69,0.236842105,0.736842105,0.195121951,0.341463414,0.463414634,0.421052631,0.157894736,0.35714286,0.14285714,0.5,0.12121212,103,161,264,"sa658355"
"Ryan Ripken","BAL","AA",25,108,0.358974358,1.541666666,0.217948717,0.474358974,0.307692307,0.375,0.041666666,0.50632911,0.17721519,0.3164557,0.11502347,147,279,426,"sa658502"
"Tate Matheny","BOS","AA",25,353,0.325688073,0.988636363,0.21875,0.388392857,0.392857142,0.125,0.09090909,0.36956522,0.24782609,0.3826087,0.18990203,423,904,1327,"sa658567"
"Rhett Wiseman","WSN","AA",25,380,0.285,0.741935483,0.232227488,0.327014218,0.440758293,0.258064516,0.161290322,0.56744186,0.18604651,0.24651163,0.20386266,497,901,1398,"sa658608"
"C.J. Hinojosa","MIL","AA",24,460,0.308571428,1.276923076,0.156695156,0.472934472,0.37037037,0.207692307,0.061538461,0.36111111,0.24166667,0.39722222,0.07546049,604,1079,1683,"sa658616"
"Vance Vizcaino","COL","AA",24,342,0.362745098,1.128205128,0.198067632,0.425120772,0.376811594,0.179487179,0.089743589,0.4084507,0.2629108,0.3286385,0.14581734,498,805,1303,"sa658828"
"Jorge Saez","NYY","AA",28,130,0.183098591,0.729729729,0.146666666,0.36,0.493333333,0.351351351,0.135135135,0.43421053,0.19736842,0.36842105,0.11500975,201,312,513,"sa658909"
"Mikey White","OAK","AA",25,441,0.327402135,1.337078651,0.265017667,0.420494699,0.314487632,0.303370786,0.11235955,0.48805461,0.19795222,0.31399317,0.1102986,592,1049,1641,"sa658966"
"Ian Rice","CHC","AA",25,215,0.261538461,0.963636363,0.169230769,0.407692307,0.423076923,0.254545454,0.018181818,0.48854962,0.20610687,0.30534351,0.09204545,354,526,880,"sa658968"
"Tyler Krieger","CLE","AA",25,185,0.258333333,1.512195121,0.141666666,0.516666666,0.341666666,0.195121951,0.073170731,0.432,0.248,0.32,0.10362694,277,495,772,"sa658994"
"Gio Brusa","SFG","AA",25,337,0.297297297,0.774193548,0.153846153,0.369230769,0.476923076,0.333333333,0.129032258,0.48730964,0.2284264,0.28426396,0.14418938,530,864,1394,"sa659068"
"Austin Rei","BOS","AA",25,90,0.226415094,0.692307692,0.185185185,0.333333333,0.481481481,0.23076923,0.038461538,0.4,0.27272727,0.32727273,0.14326648,124,225,349,"sa659079"
"Nick Lovullo","BOS","AA",25,68,0.261904761,0.75,0.125,0.375,0.5,0.5,0,0.45238095,0.26190476,0.28571429,0.10752688,90,189,279,"sa659264"
"Cam Gibson","DET","AA",25,457,0.29109589,0.921875,0.163265306,0.401360544,0.435374149,0.1875,0.0703125,0.51162791,0.2192691,0.26910299,0.13950829,647,1102,1749,"sa659281"
"David Thompson","NYM","AA",25,312,0.271028037,0.879120879,0.189573459,0.379146919,0.43127962,0.219780219,0.065934065,0.45945946,0.24774775,0.29279279,0.10773241,416,735,1151,"sa659290"
"Alberto Mineo","TOR","AA",24,339,0.308080808,1.131578947,0.19402985,0.427860696,0.378109452,0.105263157,0.065789473,0.46601942,0.25242718,0.2815534,0.14981818,508,867,1375,"sa660295"
"Mike Ahmed","SEA","AA",27,238,0.338235294,0.762711864,0.235294117,0.330882352,0.433823529,0.186440677,0.06779661,0.4893617,0.26241135,0.24822695,0.11959799,370,625,995,"sa705802"
"Galli Cribbs Jr.","ARI","AA",26,275,0.326388888,1.160714285,0.147887323,0.457746478,0.394366197,0.071428571,0.035714285,0.40268456,0.22818792,0.36912752,0.15799257,387,689,1076,"sa708444"
"Calten Daal","CIN","AA",25,291,0.368421052,3.476190476,0.156950672,0.65470852,0.188340807,0.166666666,0,0.43103448,0.20689655,0.36206897,0.12280702,290,679,969,"sa729572"
"David Rodriguez","TBR","AA",23,295,0.275132275,1.944444444,0.158730158,0.555555555,0.285714285,0.166666666,0.129629629,0.38190955,0.19095477,0.42713568,0.10824313,431,770,1201,"sa735825"
"Grenny Cumana","PHI","AA",23,169,0.35,1.057692307,0.230215827,0.395683453,0.374100719,0.269230769,0.038461538,0.45833333,0.25,0.29166667,0.06959707,192,354,546,"sa735846"
"Rayder Ascanio","STL","AA",23,292,0.317307692,1.471428571,0.176190476,0.49047619,0.333333333,0.271428571,0.085714285,0.37850467,0.22429907,0.39719626,0.0985782,338,717,1055,"sa735861"
"Jorma Rodriguez","CLE","AA",23,129,0.325301204,4,0.135802469,0.691358024,0.172839506,0.142857142,0,0.3253012,0.30120482,0.37349398,0.14020619,155,330,485,"sa736694"
"Ray-Patrick Didder","ATL","AA",24,407,0.29953917,1.174418604,0.138248847,0.465437788,0.396313364,0.395348837,0.046511627,0.50900901,0.18468468,0.30630631,0.1270037,658,964,1622,"sa736824"
"Luis Gonzalez","CIN","AA",24,51,0.384615384,1.1875,0.078947368,0.5,0.421052631,0.0625,0,0.48717949,0.23076923,0.28205128,0.10404624,55,118,173,"sa736875"
"Ademar Rifaela","BAL","AA",24,239,0.331034482,1.2,0.187919463,0.44295302,0.369127516,0.163636363,0.145454545,0.42857143,0.25324675,0.31818182,0.13066386,334,615,949,"sa736911"
"Jhon Nunez","BOS","AA",24,233,0.323353293,1.421052631,0.178571428,0.482142857,0.339285714,0.298245614,0.087719298,0.50289017,0.19653179,0.30057803,0.10231023,299,610,909,"sa736923"
"Michael Beltre","CIN","AA",23,268,0.293103448,1.897959183,0.169590643,0.543859649,0.286549707,0.122448979,0.061224489,0.3480663,0.27071823,0.38121547,0.08795411,417,629,1046,"sa736945"
"Luis Castro","COL","AA",23,76,0.261904761,0.882352941,0.272727272,0.34090909,0.386363636,0.588235294,0.117647058,0.5,0.13636364,0.36363636,0.08626198,127,186,313,"sa736954"
"Jose Martinez","STL","AA",22,91,0.311475409,2,0.275862068,0.48275862,0.24137931,0.142857142,0.071428571,0.51612903,0.09677419,0.38709677,0.07915567,137,242,379,"sa736960"
"Juremi Profar","TEX","AA",23,383,0.315972222,1.112149532,0.233898305,0.40338983,0.362711864,0.271028037,0.093457943,0.45637584,0.20805369,0.33557047,0.09057437,508,850,1358,"sa736995"
"Brallan Perez","OAK","AA",23,305,0.30316742,1.915254237,0.203703703,0.523148148,0.273148148,0.288135593,0.016949152,0.42035398,0.18584071,0.39380531,0.06954225,392,744,1136,"sa736999"
"Ibandel Isabel","CIN","AA",24,368,0.350318471,1.27118644,0.255555555,0.416666666,0.327777777,0.13559322,0.440677966,0.5136612,0.27868852,0.20765027,0.22905759,549,979,1528,"sa737017"
"Carlos Martinez","ATL","AA",24,207,0.230263157,2.093023255,0.119205298,0.59602649,0.284768211,0.209302325,0.046511627,0.43225806,0.23225806,0.33548387,0.0844504,250,496,746,"sa737214"
"Riley Unroe","ATL","AA",23,303,0.349514563,1.178082191,0.228155339,0.417475728,0.354368932,0.150684931,0.06849315,0.44392523,0.27570093,0.28037383,0.10217755,459,735,1194,"sa737614"
"Thomas Milone","TBR","AA",24,96,0.265625,2.3125,0.171875,0.578125,0.25,0.125,0.0625,0.43076923,0.30769231,0.26153846,0.12573099,135,207,342,"sa737640"
"Drew Ward","WSN","AA",24,205,0.384615384,1.967741935,0.185840707,0.539823008,0.274336283,0.096774193,0.29032258,0.44642857,0.22321429,0.33035714,0.1620603,296,500,796,"sa737690"
"Charcer Burks","CHC","AA",24,450,0.310104529,0.719696969,0.206293706,0.332167832,0.461538461,0.181818181,0.015151515,0.35958904,0.28424658,0.35616438,0.10190736,728,1107,1835,"sa737838"
"Trey Michalczewski","CHW","AA",24,170,0.315217391,0.888888888,0.252747252,0.351648351,0.395604395,0.222222222,0.055555555,0.53191489,0.19148936,0.27659574,0.15764331,228,400,628,"sa737859"
"Nelson Molina","COL","AA",24,62,0.268292682,2.5,0.146341463,0.609756097,0.243902439,0.1,0,0.48780488,0.31707317,0.19512195,0.11811024,96,158,254,"sa737886"
"Heath Quinn","SFG","AA",24,113,0.29032258,0.580645161,0.222222222,0.285714285,0.492063492,0.096774193,0.064516129,0.359375,0.328125,0.3125,0.15137615,165,271,436,"sa737904"
"Xavier Fernandez","KCR","AA",23,58,0.222222222,1.909090909,0.111111111,0.583333333,0.305555555,0.363636363,0.181818181,0.44736842,0.23684211,0.31578947,0.10878661,69,170,239,"sa737922"
"Edwin Diaz","OAK","AA",23,520,0.323129251,0.717391304,0.215231788,0.327814569,0.456953642,0.239130434,0.101449275,0.53225806,0.2516129,0.21612903,0.1451767,769,1325,2094,"sa738152"
"Jonah Arenado","SFG","AA",24,409,0.297297297,0.753731343,0.206081081,0.341216216,0.452702702,0.305970149,0.029850746,0.46052632,0.27631579,0.26315789,0.1114149,489,974,1463,"sa738199"
"Daniel Pinero","DET","AA",25,357,0.285714285,1,0.22077922,0.389610389,0.389610389,0.266666666,0.122222222,0.48510638,0.22978723,0.28510638,0.09507287,544,897,1441,"sa738204"
"Nick Zammarelli III","SEA","AA",24,387,0.306034482,1,0.257383966,0.371308016,0.371308016,0.227272727,0.102272727,0.44628099,0.24793388,0.30578512,0.14363885,485,977,1462,"sa738401"
"Stephen Wrenn","HOU","AA",24,438,0.322097378,1.531645569,0.264705882,0.444852941,0.290441176,0.202531645,0.101265822,0.39130435,0.26086957,0.34782609,0.10108108,677,1173,1850,"sa738419"
"Luis Aviles Jr.","MIL","AA",24,341,0.345794392,1.413333333,0.142180094,0.502369668,0.355450236,0.173333333,0.026666666,0.39449541,0.25229358,0.35321101,0.14992151,454,820,1274,"sa738445"
"Kacy Clemens","TOR","AA",24,97,0.214285714,1.8125,0.181818181,0.527272727,0.29090909,0,0,0.43859649,0.26315789,0.29824561,0.15609756,155,255,410,"sa738624"
"Cooper Goldby","OAK","AA",24,71,0.225806451,1.6,0.161290322,0.516129032,0.322580645,0.3,0,0.25806452,0.25806452,0.48387097,0.16845878,93,186,279,"sa738676"
"Luke Persico","OAK","AA",23,152,0.340206185,1.342857142,0.171717171,0.474747474,0.353535353,0.228571428,0.057142857,0.44554455,0.17821782,0.37623762,0.08551483,215,358,573,"sa738678"
"Michael Reed","SDP","AA",24,441,0.294354838,0.970297029,0.219607843,0.384313725,0.396078431,0.207920792,0.138613861,0.5112782,0.23308271,0.2556391,0.16579407,623,1096,1719,"sa738683"
"Jordan Cowan","SEA","AA",24,504,0.319327731,2.104651162,0.25,0.508426966,0.241573033,0.127906976,0.023255813,0.38842975,0.25895317,0.35261708,0.08825065,715,1200,1915,"sa738703"
"Willie Abreu","COL","AA",24,182,0.293577981,1.529411764,0.196261682,0.485981308,0.317757009,0.205882352,0.058823529,0.27433628,0.3539823,0.37168142,0.13333333,247,413,660,"sa738883"
"Jake Romanski","BOS","AA",28,96,0.287878787,1.842105263,0.114754098,0.573770491,0.311475409,0.210526315,0,0.44117647,0.22058824,0.33823529,0.13196481,109,232,341,"sa738897"
"Jacob Heyward","SFG","AA",23,476,0.305676855,0.969072164,0.187234042,0.4,0.412765957,0.257731958,0.103092783,0.55,0.22083333,0.22916667,0.10945274,873,1137,2010,"sa738955"
"Mark Karaviotis","ARI","AA",23,127,0.227848101,1.193548387,0.139240506,0.46835443,0.392405063,0.064516129,0.032258064,0.45679012,0.22222222,0.32098765,0.126294,170,313,483,"sa738977"
"Brandon Wagner","NYY","AA",23,456,0.256302521,0.947368421,0.23553719,0.371900826,0.392561983,0.115789473,0.084210526,0.5203252,0.18699187,0.29268293,0.10666667,768,1107,1875,"sa738979"
"Robbie Tenerowicz","TBR","AA",24,290,0.268421052,1.130434782,0.213903743,0.417112299,0.368983957,0.275362318,0.057971014,0.45641026,0.25128205,0.29230769,0.11524164,386,690,1076,"sa738999"
"Dominic Miroglio","ARI","AA",24,164,0.27118644,1.130434782,0.169491525,0.440677966,0.389830508,0.282608695,0.04347826,0.38333333,0.28333333,0.33333333,0.0799373,237,401,638,"sa739013"
"Jesse Hodges","CHC","AA",25,134,0.258823529,0.775,0.183908045,0.356321839,0.459770114,0.3,0.05,0.55172414,0.24137931,0.20689655,0.14177694,176,353,529,"sa739560"
"Samir Duenez","KCR","AA",23,183,0.242424242,1.318181818,0.227272727,0.439393939,0.333333333,0.25,0.045454545,0.42537313,0.21641791,0.35820896,0.1202346,229,453,682,"sa739574"
"Julian Leon","LAA","AA",23,261,0.270491803,0.777777777,0.213114754,0.344262295,0.44262295,0.222222222,0.092592592,0.546875,0.234375,0.21875,0.15450237,434,621,1055,"sa739577"
"Wendell Rijo","NYY","AA",23,208,0.281481481,1.107142857,0.138686131,0.452554744,0.408759124,0.321428571,0.107142857,0.5,0.19014085,0.30985915,0.10983397,296,487,783,"sa739597"
"Rodrigo Orozco","SDP","AA",24,307,0.319634703,1.774193548,0.207373271,0.506912442,0.285714285,0.209677419,0.032258064,0.36363636,0.28181818,0.35454545,0.06410256,494,832,1326,"sa740813"
"Johan Mieses","STL","AA",23,367,0.237668161,0.731481481,0.186956521,0.34347826,0.469565217,0.416666666,0.148148148,0.46887967,0.22821577,0.30290456,0.13253012,563,931,1494,"sa747574"
"Michael De Leon","TEX","AA",22,516,0.291566265,1.559701492,0.171497584,0.504830917,0.323671497,0.246268656,0.022388059,0.47016706,0.22434368,0.30548926,0.09783784,599,1251,1850,"sa823925"
"Alexander Alvarez","MIL","AA",22,157,0.354838709,1.48275862,0.208791208,0.472527472,0.318681318,0.137931034,0.034482758,0.4375,0.27083333,0.29166667,0.15241058,223,420,643,"sa826656"
"Jose Antequera","PHI","AA",23,91,0.3125,2.117647058,0.158730158,0.571428571,0.269841269,0.117647058,0,0.28787879,0.28787879,0.42424242,0.09939759,113,219,332,"sa826778"
"Kyle Overstreet","SDP","AA",25,406,0.310954063,1.45054945,0.228373702,0.456747404,0.314878892,0.186813186,0.076923076,0.45172414,0.22758621,0.32068966,0.10823373,548,958,1506,"sa827140"
"Gunnar Heidt","TOR","AA",26,57,0.266666666,0.928571428,0.129032258,0.419354838,0.451612903,0.071428571,0.071428571,0.38709677,0.25806452,0.35483871,0.15720524,84,145,229,"sa827195"
"Will Maddox","SFG","AA",27,140,0.233009708,0.928571428,0.221153846,0.375,0.403846153,0.166666666,0.023809523,0.45192308,0.27884615,0.26923077,0.1091954,186,336,522,"sa827323"
"Chris Chinea","STL","AA",25,306,0.360824742,1.886792452,0.23880597,0.497512437,0.263681592,0.320754716,0.188679245,0.38235294,0.23529412,0.38235294,0.12310287,392,794,1186,"sa827344"
"Alejandro Salazar","ATL","AA",22,431,0.273648648,1.907894736,0.237931034,0.5,0.262068965,0.157894736,0.026315789,0.31772575,0.2541806,0.42809365,0.15364412,445,1078,1523,"sa827937"
"Luis Carpio","NYM","AA",21,276,0.319371727,0.9875,0.176165803,0.409326424,0.414507772,0.2375,0.0375,0.48717949,0.27179487,0.24102564,0.07841239,405,628,1033,"sa827960"
"Joantgel Segovia","MIL","AA",22,276,0.28110599,1.311688311,0.183486238,0.463302752,0.353211009,0.142857142,0.025974025,0.40182648,0.20091324,0.39726027,0.0747296,347,670,1017,"sa827979"
"Adrian Valerio","PIT","AA",22,113,0.272727272,0.75,0.171052631,0.355263157,0.47368421,0.472222222,0,0.4025974,0.2987013,0.2987013,0.15649867,121,256,377,"sa828164"
"Ramon Hernandez","ARI","AA",23,341,0.269565217,0.805309734,0.139240506,0.383966244,0.476793248,0.194690265,0.097345132,0.42738589,0.22821577,0.34439834,0.12793522,422,813,1235,"sa828281"
"Osvaldo Duarte","HOU","AA",23,497,0.318791946,1.576086956,0.217821782,0.478547854,0.303630363,0.141304347,0.130434782,0.46129032,0.24516129,0.29354839,0.18121178,591,1208,1799,"sa828299"
"Manuel Melendez","COL","AA",22,537,0.279545454,1.314814814,0.137931034,0.489655172,0.372413793,0.271604938,0.037037037,0.41906874,0.23503326,0.345898,0.08245711,533,1274,1807,"sa828329"
"Jose Gomez","PHI","AA",22,322,0.322727272,1.567164179,0.203703703,0.486111111,0.310185185,0.164179104,0.044776119,0.44690265,0.25221239,0.30088496,0.1365105,432,806,1238,"sa828331"
"Jake Gatewood","MIL","AA",23,385,0.259803921,0.9375,0.130841121,0.420560747,0.44859813,0.1875,0.135416666,0.41935484,0.26267281,0.31797235,0.20271103,523,1100,1623,"sa828685"
"Justin Twine","MIA","AA",23,392,0.317164179,1.344086021,0.174242424,0.473484848,0.352272727,0.311827956,0.010752688,0.49442379,0.22304833,0.28252788,0.16058394,451,919,1370,"sa828686"
"Ti'Quan Forbes","CHW","AA",22,449,0.323943661,1.986666666,0.205673758,0.528368794,0.265957446,0.106666666,0.04,0.39236111,0.24305556,0.36458333,0.15415939,615,1104,1719,"sa828696"
"Gareth Morgan","LAA","AA",23,116,0.411764705,2,0.25,0.5,0.25,0.307692307,0.076923076,0.42307692,0.15384615,0.42307692,0.23777778,158,292,450,"sa828708"
"Brian Schales","MIN","AA",23,112,0.357142857,1.117647058,0.2,0.422222222,0.377777777,0.117647058,0.235294117,0.43478261,0.26086957,0.30434783,0.17391304,211,295,506,"sa828808"
"D.J. Burt","KCR","AA",23,296,0.287958115,1.888888888,0.195876288,0.525773195,0.278350515,0.129629629,0.055555555,0.27411168,0.25888325,0.46700508,0.09445958,393,708,1101,"sa828876"
"Gavin LaValley","CIN","AA",24,449,0.327272727,0.811023622,0.187279151,0.363957597,0.44876325,0.173228346,0.078740157,0.42307692,0.27272727,0.3041958,0.13271783,629,1104,1733,"sa828878"
"Keith Curcio","BOS","AA",26,104,0.273972602,0.657142857,0.205479452,0.315068493,0.479452054,0.342857142,0.057142857,0.64473684,0.18421053,0.17105263,0.1155914,128,244,372,"sa829045"
"Chris Rabago","COL","AA",26,175,0.27184466,0.95,0.25,0.365384615,0.384615384,0.425,0.05,0.57943925,0.19626168,0.22429907,0.12449799,277,470,747,"sa829062"
"Anfernee Seymour","MIA","AA",24,303,0.371727748,1.238095238,0.257894736,0.410526315,0.331578947,0.158730158,0.015873015,0.41624365,0.26395939,0.31979695,0.12752294,361,729,1090,"sa829114"
"Zack Zehner","NYY","AA",26,195,0.235294117,1.475,0.168067226,0.495798319,0.336134453,0.175,0.075,0.48360656,0.20491803,0.31147541,0.10185185,321,543,864,"sa829122"
"Bo Way","LAA","AA",27,338,0.300411522,1.188888888,0.202429149,0.43319838,0.364372469,0.177777777,0.077777777,0.5,0.228,0.272,0.09090909,443,811,1254,"sa829126"
"Ryan Metzler","COL","AA",26,95,0.264150943,1.647058823,0.150943396,0.528301886,0.320754716,0.352941176,0.058823529,0.48148148,0.14814815,0.37037037,0.12060302,144,254,398,"sa829159"
"Alexis Pantoja","CLE","AA",23,453,0.304347826,1.548076923,0.225146198,0.470760233,0.304093567,0.259615384,0.019230769,0.4045584,0.23646724,0.35897436,0.10755993,514,1113,1627,"sa829182"
"Jeremy Rivera","BOS","AA",24,375,0.28030303,1.805194805,0.191011235,0.52059925,0.288389513,0.181818181,0.077922077,0.390681,0.26523297,0.34408602,0.10526316,459,928,1387,"sa829240"
"Gianpaul Gonzalez","CLE","AA",23,59,0.214285714,1.375,0.321428571,0.392857142,0.285714285,0.25,0,0.26666667,0.2,0.53333333,0.17699115,80,146,226,"sa829276"
"Isiah Gilliam","NYY","AA",22,177,0.217391304,0.603773584,0.15,0.32,0.53,0.264150943,0.16981132,0.36633663,0.25742574,0.37623762,0.15616046,251,447,698,"sa829343"
"Jordan Procyshen","LAD","AA",26,85,0.177419354,0.928571428,0.15625,0.40625,0.4375,0.25,0.071428571,0.4375,0.234375,0.328125,0.12684366,118,221,339,"sa829345"
"Jared Walker","LAD","AA",23,387,0.314285714,0.674698795,0.256684491,0.29946524,0.443850267,0.228915662,0.156626506,0.43915344,0.20634921,0.35449735,0.17283202,617,1032,1649,"sa829364"
"Cristian Santana","LAD","AA",22,413,0.363036303,2.338028169,0.23051948,0.538961038,0.23051948,0.253521126,0.14084507,0.43312102,0.24522293,0.32165605,0.13264605,445,1010,1455,"sa829387"
"Will Toffey","NYM","AA",24,323,0.308571428,1.764705882,0.20338983,0.508474576,0.288135593,0.156862745,0.098039215,0.44198895,0.20994475,0.3480663,0.13100437,565,809,1374,"sa829401"
"Dom Thompson-Williams","SEA","AA",24,479,0.327205882,1.028301886,0.223826714,0.393501805,0.38267148,0.179245283,0.113207547,0.37676056,0.21126761,0.41197183,0.17480315,662,1243,1905,"sa829483"
"Christian Williams","TOR","AA",24,301,0.363636363,1.452830188,0.212121212,0.466666666,0.321212121,0.094339622,0.075471698,0.4260355,0.25443787,0.31952663,0.18693285,372,730,1102,"sa829560"
"Luke Tendler","BOS","AA",27,461,0.291525423,0.873134328,0.168874172,0.387417218,0.443708609,0.268656716,0.082089552,0.47077922,0.23376623,0.29545455,0.1185446,615,1089,1704,"sa829644"
"Quinn Brodey","NYM","AA",23,276,0.309782608,1.194444444,0.164021164,0.455026455,0.38095238,0.097222222,0.069444444,0.32984293,0.28272251,0.38743455,0.12477064,348,742,1090,"sa829783"
"Jeff Hendrix","NYY","AA",25,88,0.31372549,1.052631578,0.170212765,0.425531914,0.404255319,0.421052631,0,0.2962963,0.27777778,0.42592593,0.10619469,118,221,339,"sa829803"
"Travis Jones","KCR","AA",23,227,0.355555555,2.125,0.264705882,0.5,0.235294117,0.15625,0.09375,0.38129496,0.21582734,0.4028777,0.1009667,358,573,931,"sa829805"
"Carl Chester","TBR","AA",23,127,0.34090909,1.379310344,0.21590909,0.454545454,0.329545454,0.24137931,0.068965517,0.57777778,0.13333333,0.28888889,0.13616071,152,296,448,"sa829813"
"Riley Mahan","MIA","AA",23,222,0.283687943,0.833333333,0.153846153,0.384615384,0.461538461,0.121212121,0.09090909,0.38666667,0.28666667,0.32666667,0.1778058,250,543,793,"sa829844"
"Bryson Brigman","MIA","AA",24,357,0.305220883,1.4,0.180722891,0.477911646,0.341365461,0.282352941,0.023529411,0.49411765,0.22745098,0.27843137,0.08590806,515,812,1327,"sa829857"
"Andretty Cordero","TEX","AA",22,534,0.30670103,1.465648854,0.19047619,0.481203007,0.328320802,0.221374045,0.122137404,0.41439206,0.25310174,0.3325062,0.14096663,541,1197,1738,"sa830037"
"Carlos Herrera","COL","AA",22,178,0.273504273,1.113636363,0.211864406,0.415254237,0.372881355,0.318181818,0.022727272,0.55371901,0.27272727,0.17355372,0.15519766,223,460,683,"sa830140"
"Kungkuan Giljegiljaw","CLE","AA",25,231,0.309352517,1.055555555,0.223776223,0.398601398,0.377622377,0.185185185,0.092592592,0.47916667,0.1875,0.33333333,0.15977654,314,581,895,"sa830277"
"Ruddy Giron","SDP","AA",22,64,0.217391304,0.894736842,0.234042553,0.361702127,0.404255319,0.157894736,0.105263157,0.52083333,0.29166667,0.1875,0.15,76,144,220,"sa830284"
"Micker Adolfo","CHW","AA",22,95,0.372093023,0.588235294,0.341463414,0.243902439,0.414634146,0.117647058,0,0.39534884,0.37209302,0.23255814,0.1875,166,250,416,"sa830303"
"Billy Fleming","MIA","AA",26,71,0.422222222,1.133333333,0.319148936,0.361702127,0.319148936,0.133333333,0.133333333,0.52083333,0.1875,0.29166667,0.10646388,102,161,263,"sa836204"
"Blake Allemand","MIL","AA",26,54,0.3,0.866666666,0.125,0.40625,0.46875,0.333333333,0.133333333,0.625,0.15625,0.21875,0.12107623,78,145,223,"sa857217"
"Ryan Howard","SFG","AA",24,338,0.252873563,0.990291262,0.20233463,0.396887159,0.40077821,0.184466019,0.029126213,0.41353383,0.27819549,0.30827068,0.07050243,435,799,1234,"sa857225"
"Roberto Baldoquin","LAA","AA",25,299,0.30049261,1.692307692,0.133663366,0.544554455,0.321782178,0.23076923,0.03076923,0.38536585,0.17560976,0.43902439,0.10694184,345,721,1066,"sa857538"
"Joe Cronin","MIN","AA",25,280,0.26,0.733333333,0.139072847,0.36423841,0.496688741,0.32,0.066666666,0.47770701,0.1910828,0.33121019,0.11986002,477,666,1143,"sa857761"
"Errol Robinson","LAD","AA",24,177,0.381355932,2,0.243697478,0.50420168,0.25210084,0.233333333,0.1,0.4214876,0.29752066,0.28099174,0.10322581,231,389,620,"sa857819"
"Preston Palmeiro","BAL","AA",24,384,0.295454545,1.340425531,0.17293233,0.47368421,0.353383458,0.159574468,0.053191489,0.42647059,0.25367647,0.31985294,0.17846821,484,900,1384,"sa857823"
"Anderson Miller","KCR","AA",25,330,0.32718894,1.931034482,0.216589861,0.516129032,0.267281105,0.327586206,0.086206896,0.50672646,0.21973094,0.2735426,0.13477537,418,784,1202,"sa857824"
"Logan Taylor","SEA","AA",25,423,0.296442687,1.41025641,0.262745098,0.431372549,0.305882352,0.128205128,0.089743589,0.48461538,0.23846154,0.27692308,0.15938303,519,1037,1556,"sa857838"
"Kyle Holder","NYY","AA",25,472,0.29498525,1.193548387,0.209302325,0.430232558,0.360465116,0.193548387,0.072580645,0.43888889,0.26944444,0.29166667,0.07954545,596,1076,1672,"sa857840"
"Connor Marabell","CLE","AA",25,456,0.293956043,1.28,0.217032967,0.439560439,0.343406593,0.232,0.064,0.3655914,0.2311828,0.40322581,0.06541451,534,1010,1544,"sa858026"
"Brendon Sanger","LAA","AA",25,413,0.267857142,0.658119658,0.17094017,0.329059829,0.5,0.273504273,0.102564102,0.51898734,0.17299578,0.30801688,0.12237762,695,1021,1716,"sa858055"
"Matt Winn","SFG","AA",26,106,0.188679245,1.142857142,0.166666666,0.444444444,0.388888888,0.238095238,0.047619047,0.48148148,0.2962963,0.22222222,0.16904762,176,244,420,"sa858059"
"Arden Pabst","PIT","AA",24,270,0.25,0.698924731,0.11235955,0.365168539,0.52247191,0.311827956,0.043010752,0.44021739,0.24456522,0.31521739,0.14498934,289,649,938,"sa858812"
"Mitchell Tolman","PIT","AA",25,461,0.327759197,0.976744186,0.155629139,0.417218543,0.427152317,0.131782945,0.031007751,0.4267101,0.22801303,0.34527687,0.11080332,673,1132,1805,"sa858829"
"Raul Rivas","PHI","AA",22,164,0.280373831,1.666666666,0.128712871,0.544554455,0.326732673,0.09090909,0,0.44954128,0.16513761,0.3853211,0.120954,194,393,587,"sa871433"
"Tyler Ramirez","OAK","AA",24,336,0.329787234,1.070422535,0.234375,0.395833333,0.369791666,0.14084507,0.070422535,0.38860104,0.26943005,0.34196891,0.1085044,536,828,1364,"sa873260"
"Aaron Knapp","SEA","AA",24,310,0.305084745,1.132352941,0.185393258,0.432584269,0.382022471,0.205882352,0.044117647,0.43169399,0.23497268,0.33333333,0.11902897,501,776,1277,"sa873277"
"Connor Justus","LAA","AA",24,400,0.244094488,0.8125,0.191235059,0.3625498,0.446215139,0.25,0.017857142,0.42023346,0.20233463,0.37743191,0.14138817,566,990,1556,"sa873634"
"T.J. Nichting","BAL","AA",24,378,0.3,1.404040404,0.153024911,0.494661921,0.352313167,0.232323232,0.06060606,0.41666667,0.26041667,0.32291667,0.13077525,378,899,1277,"sa873681"
"Nick Banks","WSN","AA",24,173,0.385964912,1.485714285,0.209090909,0.472727272,0.318181818,0.2,0.028571428,0.43478261,0.24347826,0.32173913,0.17084639,220,418,638,"sa873982"
"C.J. Chatham","BOS","AA",24,376,0.354385964,1.573170731,0.246428571,0.460714285,0.292857142,0.109756097,0.036585365,0.44137931,0.24137931,0.31724138,0.13890963,437,902,1339,"sa873984"
"Camden Duzenack","ARI","AA",24,85,0.163265306,0.535714285,0.122448979,0.306122448,0.571428571,0.321428571,0.071428571,0.43137255,0.15686275,0.41176471,0.13483146,139,217,356,"sa873988"
"Vince Fernandez","COL","AA",23,263,0.338461538,0.761194029,0.180555555,0.354166666,0.465277777,0.089552238,0.223880597,0.43835616,0.28767123,0.2739726,0.18543689,397,633,1030,"sa873990"
"Michael Paez","NYM","AA",24,354,0.258964143,0.845454545,0.191235059,0.370517928,0.438247011,0.254545454,0.027272727,0.4980695,0.2046332,0.2972973,0.08749096,521,862,1383,"sa874101"
"Kort Peterson","KCR","AA",25,318,0.292929292,1.222222222,0.219512195,0.429268292,0.351219512,0.111111111,0.111111111,0.42995169,0.25603865,0.31400966,0.147343,451,791,1242,"sa874104"
"Mitch Longo","CLE","AA",24,366,0.304,0.91588785,0.176706827,0.393574297,0.429718875,0.224299065,0.046728971,0.375,0.22265625,0.40234375,0.11003717,459,886,1345,"sa874178"
"Corey Bird","MIA","AA",23,325,0.269387755,1.123595505,0.219008264,0.41322314,0.367768595,0.202247191,0.033707865,0.4501992,0.23904382,0.31075697,0.08243131,428,773,1201,"sa874209"
"Cornelius Randolph","PHI","AA",22,389,0.320675105,1.129032258,0.195121951,0.426829268,0.37804878,0.118279569,0.107526881,0.3562753,0.28340081,0.36032389,0.12169994,613,940,1553,"sa874241"
"Jalen Miller","SFG","AA",22,550,0.25065963,1.006493506,0.203608247,0.399484536,0.396907216,0.207792207,0.071428571,0.44387755,0.22959184,0.32653061,0.12683173,707,1272,1979,"sa875016"
"Kade Scivicque","DET","AA",26,143,0.362745098,1.297297297,0.212962962,0.444444444,0.342592592,0.162162162,0.189189189,0.57272727,0.18181818,0.24545455,0.09708738,188,327,515,"sa875053"
"Gabriel Cancel","KCR","AA",22,513,0.312703583,0.975,0.261682242,0.364485981,0.373831775,0.258333333,0.15,0.49382716,0.25,0.25617284,0.13862434,663,1227,1890,"sa875231"
"Sean Miller","BAL","AA",24,56,0.147058823,1.307692307,0.117647058,0.5,0.382352941,0.076923076,0,0.31428571,0.31428571,0.37142857,0.15625,71,153,224,"sa875243"
"Logan Landon","LAD","AA",26,230,0.280821917,1.215686274,0.231292517,0.421768707,0.346938775,0.196078431,0.098039215,0.47019868,0.20529801,0.32450331,0.10502283,320,556,876,"sa875279"
"Josh Altmann","TEX","AA",24,184,0.273504273,0.72,0.277310924,0.302521008,0.420168067,0.32,0.08,0.57024793,0.2231405,0.20661157,0.11884058,221,469,690,"sa875314"
"Brantley Bell","CIN","AA",24,398,0.278350515,1.080357142,0.18245614,0.424561403,0.392982456,0.142857142,0.053571428,0.42809365,0.26086957,0.31103679,0.08616011,550,924,1474,"sa875352"
"LeDarious Clark","TEX","AA",25,124,0.242857142,0.882352941,0.135135135,0.405405405,0.459459459,0.205882352,0.147058823,0.35526316,0.31578947,0.32894737,0.20212766,170,300,470,"sa875568"
"Peter Van Gansen","SDP","AA",25,187,0.305785123,1.186046511,0.259842519,0.401574803,0.338582677,0.279069767,0.186046511,0.45801527,0.20610687,0.33587786,0.10673443,283,504,787,"sa875579"
"Mylz Jones","COL","AA",25,347,0.277310924,0.803738317,0.192468619,0.359832635,0.447698744,0.271028037,0.084112149,0.47580645,0.27016129,0.25403226,0.14085667,379,835,1214,"sa875606"
"Max McDowell","MIL","AA",25,315,0.256281407,0.58095238,0.174129353,0.303482587,0.522388059,0.2,0.038095238,0.48803828,0.28229665,0.22966507,0.07480315,480,790,1270,"sa875626"
"Jerry Downs","BOS","AA",25,176,0.263157894,1.179487179,0.114583333,0.479166666,0.40625,0.179487179,0.051282051,0.31313131,0.29292929,0.39393939,0.16139241,225,407,632,"sa875630"
"Brad Zunica","SDP","AA",23,431,0.28458498,0.906542056,0.227272727,0.367424242,0.40530303,0.233644859,0.14953271,0.40148699,0.2527881,0.34572491,0.14774044,642,1084,1726,"sa875647"
"Austin Bossart","NYM","AA",25,306,0.227979274,0.858695652,0.118556701,0.407216494,0.474226804,0.25,0.076086956,0.5,0.21287129,0.28712871,0.10254237,444,736,1180,"sa875667"
"Ian Sagdal","WSN","AA",26,492,0.320113314,0.978102189,0.243016759,0.374301675,0.382681564,0.211678832,0.05839416,0.35,0.26111111,0.38888889,0.10866057,685,1174,1859,"sa875695"
"Anthony Miller","OAK","AA",24,93,0.375,1.8,0.3,0.45,0.25,0,0,0.275,0.225,0.5,0.19210526,144,236,380,"sa875767"
"Scott Burcham","COL","AA",26,249,0.269736842,1.161290322,0.106666666,0.48,0.413333333,0.306451612,0.048387096,0.52564103,0.19230769,0.28205128,0.13144059,339,612,951,"sa875782"
"Jonathan Morales","ATL","AA",24,178,0.231343283,1.476190476,0.20610687,0.473282442,0.320610687,0.214285714,0,0.50735294,0.20588235,0.28676471,0.07207207,250,416,666,"sa875808"
"Logan Hill","PIT","AA",26,458,0.333333333,0.976,0.145328719,0.422145328,0.432525951,0.144,0.096,0.45704467,0.26460481,0.27835052,0.14220445,608,1143,1751,"sa875822"
"A.J. Kennedy","SDP","AA",25,67,0.235294117,0.428571428,0.166666666,0.25,0.583333333,0.38095238,0.095238095,0.59459459,0.16216216,0.24324324,0.18888889,89,181,270,"sa876029"
"Collin Theroux","OAK","AA",25,364,0.358333333,0.424242424,0.276923076,0.215384615,0.507692307,0.166666666,0.181818181,0.45112782,0.31578947,0.23308271,0.16253776,670,985,1655,"sa876102"
"L.T. Tolbert","ARI","AA",23,112,0.302325581,2.04,0.126436781,0.586206896,0.287356321,0.16,0.04,0.44186047,0.24418605,0.31395349,0.12098765,118,287,405,"sa876146"
"Jordan George","KCR","AA",26,112,0.352112676,1.260869565,0.257142857,0.414285714,0.328571428,0.260869565,0,0.46478873,0.21126761,0.32394366,0.08713693,200,282,482,"sa876211"
"Dalton Kelly","TBR","AA",24,205,0.362068965,2.75,0.237288135,0.559322033,0.20338983,0.125,0.125,0.3697479,0.21008403,0.42016807,0.07649667,381,521,902,"sa876363"
"Nash Knight","TOR","AA",26,415,0.313953488,1.224489795,0.155038759,0.465116279,0.379844961,0.173469387,0.071428571,0.50373134,0.22761194,0.26865672,0.0934466,693,955,1648,"sa876814"
"Arquimedes Gamboa","PHI","AA",21,421,0.264462809,1.021276595,0.20502092,0.40167364,0.393305439,0.223404255,0.031914893,0.416,0.244,0.34,0.12174405,685,1081,1766,"sa877497"
"Peter Maris","SFG","AA",25,146,0.268518518,0.508771929,0.203703703,0.268518518,0.527777777,0.140350877,0.017543859,0.53211009,0.25688073,0.21100917,0.1350365,193,355,548,"sa877608"
"Anibal Sierra","HOU","AA",25,358,0.29326923,1.766666666,0.201923076,0.509615384,0.288461538,0.383333333,0.083333333,0.54460094,0.20187793,0.25352113,0.16436252,428,874,1302,"sa908626"
"Logan Ice","CLE","AA",24,281,0.24074074,0.842105263,0.151515151,0.387878787,0.46060606,0.184210526,0.052631578,0.45238095,0.2797619,0.26785714,0.1112069,438,722,1160,"sa913305"
"Eddy Martinez","CHC","AA",24,160,0.247706422,0.769230769,0.140186915,0.373831775,0.485981308,0.384615384,0.057692307,0.50442478,0.22123894,0.27433628,0.08856683,243,378,621,"sa914203"
"Omar Estevez","LAD","AA",21,336,0.355263157,1,0.255411255,0.372294372,0.372294372,0.186046511,0.069767441,0.43829787,0.2893617,0.27234043,0.11871069,482,790,1272,"sa914242"
"Willy Yahn","BAL","AA",23,116,0.277777777,1.081081081,0.13483146,0.449438202,0.415730337,0.27027027,0,0.48913043,0.29347826,0.2173913,0.15466667,93,282,375,"sa915589"
"Tyler Friis","CLE","AA",23,82,0.288135593,1.421052631,0.206896551,0.465517241,0.327586206,0.210526315,0.052631578,0.45,0.23333333,0.31666667,0.08403361,134,223,357,"sa915593"
"Brett Cumberland","BAL","AA",24,157,0.306818181,0.775,0.202247191,0.348314606,0.449438202,0.275,0.1,0.44565217,0.22826087,0.32608696,0.08885542,265,399,664,"sa915611"
"Donovan Casey","LAD","AA",23,101,0.298245614,1.8,0.288135593,0.457627118,0.254237288,0.266666666,0.2,0.4,0.35,0.25,0.18069307,143,261,404,"sa915654"
"Kevin Merrell","KCR","AA",23,494,0.305949008,1.574074074,0.189504373,0.495626822,0.314868804,0.194444444,0.018518518,0.44413408,0.32122905,0.23463687,0.09316428,651,1163,1814,"sa915707"
"Jordan Zimmerman","LAA","AA",24,134,0.344086021,0.714285714,0.217391304,0.326086956,0.456521739,0.238095238,0.047619047,0.44210526,0.17894737,0.37894737,0.15612648,163,343,506,"sa915727"
"Zach Kirtley","STL","AA",22,217,0.299212598,1,0.212121212,0.393939393,0.393939393,0.211538461,0.096153846,0.44444444,0.24444444,0.31111111,0.1168688,322,585,907,"sa915820"
"Colton Shaver","HOU","AA",23,227,0.27,0.519230769,0.300884955,0.238938053,0.460176991,0.134615384,0.288461538,0.48695652,0.26956522,0.24347826,0.12852665,383,574,957,"sa915847"
"Carlos Rincon","LAD","AA",21,277,0.28125,0.743589743,0.185628742,0.347305389,0.467065868,0.217948717,0.128205128,0.48235294,0.27058824,0.24705882,0.17979611,364,715,1079,"sa917319"
"Hudson Potts","SDP","AA",20,448,0.288389513,1.175257731,0.246428571,0.407142857,0.346428571,0.319587628,0.164948453,0.55319149,0.23049645,0.21631206,0.15851503,598,1099,1697,"sa917936"
"Alexis Torres","BAL","AA",21,55,0.34375,1.25,0.205882352,0.44117647,0.352941176,0.166666666,0.166666666,0.41176471,0.20588235,0.38235294,0.1352657,74,133,207,"sa918010"
"Henri Lartigue","PHI","AA",24,287,0.173333333,1.142857142,0.123376623,0.467532467,0.409090909,0.269841269,0.111111111,0.59493671,0.21518987,0.18987342,0.15131023,448,735,1183,"sa918028"
"Nate Nolan","CHW","AA",24,174,0.282608695,0.666666666,0.157894736,0.336842105,0.505263157,0.270833333,0.083333333,0.40625,0.25,0.34375,0.21107784,227,441,668,"sa918101"
"Troy Montgomery","DET","AA",24,63,0.194444444,2.1,0.138888888,0.583333333,0.277777777,0.2,0.1,0.57894737,0.23684211,0.18421053,0.08914729,105,153,258,"sa918108"
"Tyler Neslony","ATL","AA",25,217,0.351724137,1.468085106,0.210884353,0.469387755,0.319727891,0.212765957,0.106382978,0.46,0.22,0.32,0.10659898,282,506,788,"sa918131"
"Mitchell Kranson","MIN","AA",25,134,0.226804123,1.147058823,0.262626262,0.393939393,0.343434343,0.235294117,0.117647058,0.38235294,0.30392157,0.31372549,0.07924528,197,333,530,"sa918156"
"Josh Stephen","PHI","AA",21,403,0.356846473,0.914285714,0.189516129,0.387096774,0.423387096,0.2,0.114285714,0.46640316,0.22924901,0.30434783,0.11309524,564,948,1512,"sa918203"
"Mitch Roman","CHW","AA",24,139,0.226190476,2.25,0.166666666,0.576923076,0.256410256,0.1,0.05,0.39285714,0.20238095,0.4047619,0.08566108,187,350,537,"sa918259"
"Carmen Benedetti","HOU","AA",24,82,0.3,0.666666666,0.23076923,0.307692307,0.461538461,0.222222222,0,0.35,0.2,0.45,0.16666667,127,221,348,"sa918269"
"Alex Kowalczyk","TEX","AA",25,187,0.356521739,1,0.224137931,0.387931034,0.387931034,0.133333333,0.066666666,0.37288136,0.27118644,0.3559322,0.13630042,231,488,719,"sa918272"
"Chris Baker","SDP","AA",24,120,0.268656716,1.041666666,0.246153846,0.384615384,0.369230769,0.333333333,0.083333333,0.50724638,0.33333333,0.15942029,0.12525253,182,313,495,"sa918365"
"Jacob Zanon","NYM","AA",24,53,0.257142857,1,0.03030303,0.484848484,0.484848484,0.1875,0,0.48571429,0.25714286,0.25714286,0.0880829,64,129,193,"sa918370"
"Jim Haley","TBR","AA",24,142,0.288461538,1.472222222,0.175925925,0.49074074,0.333333333,0.222222222,0.222222222,0.51785714,0.24107143,0.24107143,0.10638298,165,352,517,"sa918418"
"Brandon Van Horn","SFG","AA",25,147,0.247311827,1.081081081,0.17204301,0.430107526,0.397849462,0.324324324,0.027027027,0.4,0.27368421,0.32631579,0.14285714,177,383,560,"sa918436"
"Chris Clare","BAL","AA",24,118,0.226666666,1.809523809,0.191780821,0.520547945,0.287671232,0.333333333,0,0.48051948,0.12987013,0.38961039,0.08510638,196,321,517,"sa918466"
"Joel Booker","CHW","AA",25,301,0.325242718,1.818181818,0.243902439,0.487804878,0.268292682,0.381818181,0.054545454,0.51904762,0.22380952,0.25714286,0.13178295,393,768,1161,"sa918497"
"Charlie Madden","BOS","AA",23,75,0.282051282,0.761904761,0.119047619,0.38095238,0.5,0.142857142,0.238095238,0.37777778,0.24444444,0.37777778,0.18556701,94,197,291,"sa918568"
"Chad Sedio","DET","AA",25,83,0.258620689,1.181818181,0.186440677,0.440677966,0.372881355,0.318181818,0.045454545,0.3559322,0.23728814,0.40677966,0.08940397,109,193,302,"sa918611"
"Connor Myers","CHC","AA",25,375,0.377192982,1.045977011,0.219298245,0.399122807,0.381578947,0.103448275,0.034482758,0.48085106,0.26382979,0.25531915,0.15194346,424,991,1415,"sa918641"
"Ben Ruta","NYY","AA",25,497,0.30140845,0.796296296,0.182584269,0.36235955,0.455056179,0.308641975,0.049382716,0.42424242,0.2231405,0.35261708,0.06574761,753,1133,1886,"sa918694"
"Bret Boswell","COL","AA",24,404,0.282608695,0.952830188,0.141078838,0.419087136,0.439834024,0.216981132,0.141509433,0.4796748,0.23170732,0.28861789,0.16449086,538,994,1532,"sa918769"
"Zach Davis","CHC","AA",25,87,0.278688524,1.875,0.206896551,0.517241379,0.275862068,0.125,0,0.40983607,0.26229508,0.32786885,0.08529412,139,201,340,"sa918888"
"Nate Easley","SDP","AA",23,57,0.304347826,1.5,0.347826086,0.391304347,0.260869565,0.166666666,0,0.47826087,0.08695652,0.43478261,0.21138211,83,163,246,"sa919164"
"Yariel Gonzalez","STL","AA",25,234,0.280701754,0.985915492,0.212290502,0.391061452,0.396648044,0.211267605,0.154929577,0.46153846,0.20879121,0.32967033,0.10836278,291,558,849,"sa920278"
"Luis Santana","HOU","AA",19,66,0.270833333,1.533333333,0.191489361,0.489361702,0.319148936,0.266666666,0,0.4375,0.22916667,0.33333333,0.09504132,89,153,242,"sa921577"
"J.C. Millan","MIA","AA",23,293,0.307339449,1.413333333,0.180995475,0.479638009,0.339366515,0.2,0.066666666,0.46188341,0.25112108,0.28699552,0.11727842,381,736,1117,"sa922148"
"Alfredo Rodriguez","CIN","AA",25,436,0.334293948,1.736842105,0.244186046,0.479651162,0.27616279,0.178947368,0.010526315,0.38285714,0.23714286,0.38,0.09630607,507,1009,1516,"sa922180"