Name,Team,Level,Age,G,AB,PA,H,1B,2B,3B,HR,R,RBI,BB,IBB,SO,HBP,SF,SH,GDP,SB,CS,AVG,PlayerId
"Dustin Peterson","PIT","AA",29,45,159,180,35,24,6,0,5,18,23,17,0,51,2,2,0,3,2,2,0.220125786,"15189"
"Matt Beaty","ARI","AA",31,45,158,179,47,37,5,0,5,21,20,14,0,18,7,0,0,4,0,0,0.297468354,"17710"
"Josh Lester","KCR","AA",29,112,403,454,106,65,21,2,18,57,70,40,0,90,3,7,0,5,2,0,0.263027295,"17737"
"David Fletcher","ATL","AA",30,54,142,156,31,28,2,1,0,15,7,11,0,23,1,2,0,0,10,1,0.218309859,"17992"
"Brendon Davis","LAD","AA",26,115,388,468,87,56,21,1,9,74,43,62,1,109,13,5,0,8,24,0,0.224226804,"18587"
"Alex De Goti","TEX","AA",29,45,128,150,25,20,4,1,0,16,3,17,0,33,4,0,1,5,8,4,0.1953125,"19477"
"Zach Reks","SDP","AA",30,64,197,242,25,15,7,0,3,18,19,38,1,71,4,2,1,6,1,2,0.126903553,"19667"
"Caleb Hamilton","LAA","AA",29,39,113,134,14,10,0,0,4,11,11,17,0,47,2,1,1,3,3,0,0.123893805,"19842"
"Jared Oliva","SEA","AA",28,69,214,248,63,45,7,4,7,45,40,24,0,45,6,2,2,7,37,3,0.294392523,"19968"
"J.C. Escarra","NYY","AA",29,72,257,292,60,35,18,3,4,41,30,28,0,38,6,1,0,9,1,2,0.233463035,"20084"
"Seth Beer","PIT","AA",27,55,199,228,56,43,7,2,4,19,21,18,0,48,9,1,0,6,1,0,0.281407035,"20493"
"Dermis Garcia","WSN","AA",26,108,373,424,68,41,12,1,14,39,38,44,1,127,4,2,0,8,2,1,0.18230563,"20926"
"Tyler Payne","LAA","AA",31,73,270,290,63,48,11,0,4,27,26,14,0,53,4,1,1,14,3,0,0.233333333,"21139"
"Sebastian Rivero","ATL","AA",25,46,148,162,25,16,8,0,1,7,19,7,0,38,3,1,3,4,0,0,0.168918918,"21735"
"Jeremiah Jackson","NYM","AA",24,121,453,482,93,55,19,0,19,49,61,23,0,123,2,4,0,17,11,2,0.205298013,"22239"
"Joe Perez","PIT","AA",24,62,230,259,53,34,11,2,6,20,38,22,0,78,2,5,0,6,2,0,0.230434782,"22254"
"Bubba Thompson","CIN","AA",26,57,211,221,49,40,7,1,1,23,14,8,0,63,1,0,1,2,13,4,0.232227488,"22261"
"Gustavo Campero","LAA","AA",26,93,312,373,87,52,17,4,14,56,45,39,1,60,20,0,2,3,29,7,0.278846153,"22707"
"Israel Pineda","WSN","AA",24,75,246,262,40,35,4,0,1,13,19,14,0,68,0,2,0,8,2,0,0.162601626,"22906"
"Canaan Smith-Njigba","CHW","AA",25,16,55,62,10,7,2,0,1,3,6,5,0,15,1,1,0,3,1,0,0.181818181,"23264"
"Eric Wagaman","LAA","AA",26,94,346,388,90,51,23,2,14,56,46,38,0,69,2,2,0,15,9,3,0.260115606,"23395"
"Jordan Groshans","NYY","AA",24,84,283,320,67,51,12,1,3,38,27,32,0,56,1,4,0,5,0,2,0.236749116,"23794"
"Anthony Seigler","NYY","AA",25,118,364,433,85,49,24,0,12,61,49,64,0,77,2,2,1,11,29,3,0.233516483,"23802"
"Jose Rodriguez","PHI","AA",23,38,147,164,39,25,9,1,4,30,18,13,0,21,2,2,0,3,12,2,0.265306122,"24388"
"Cody Wilson","WSN","AA",27,88,237,273,45,31,12,0,2,30,19,25,0,101,7,2,2,2,13,1,0.189873417,"24671"
"Mickey Gasper","BOS","AA",28,44,142,176,40,23,13,0,4,28,22,26,0,22,5,3,0,4,3,0,0.28169014,"24759"
"Heriberto Hernandez","TBR","AA",24,60,209,245,56,24,17,1,14,40,40,29,2,68,3,4,0,6,3,1,0.267942583,"24878"
"Justin Dean","ATL","AA",27,92,315,362,77,61,11,2,3,44,31,39,0,92,4,4,0,4,47,7,0.244444444,"25005"
"Will Wilson","SFG","AA",25,84,317,360,71,52,14,0,5,36,40,34,1,70,1,3,5,6,6,3,0.223974763,"25434"
"TJ Hopkins","DET","AA",27,22,79,95,15,8,5,0,2,10,4,16,0,24,0,0,0,3,2,1,0.189873417,"25482"
"Bryan Ramos","CHW","AA",22,24,88,98,16,9,5,0,2,9,11,7,0,28,3,0,0,2,2,0,0.181818181,"25621"
"Cody Freeman","TEX","AA",23,123,470,518,124,75,33,2,14,68,63,37,1,94,5,6,0,16,15,1,0.263829787,"25629"
"Grant McCray","SFG","AA",23,50,181,208,38,15,14,3,6,27,24,24,0,67,3,0,0,0,6,0,0.209944751,"25690"
"Tyler Tolbert","KCR","AA",26,101,393,462,102,75,21,2,4,58,38,38,0,103,10,2,19,8,40,4,0.259541984,"25779"
"C.J. Stubbs","WSN","AA",27,70,229,269,43,25,10,0,8,30,21,27,0,97,11,1,1,2,4,0,0.187772925,"25814"
"Kevin Alcantara","CHC","AA",21,76,291,325,79,57,13,0,9,38,39,30,0,80,2,2,0,5,7,3,0.271477663,"25971"
"Matthew Lugo","BOS","AA",23,43,146,171,46,21,10,4,11,27,35,20,1,36,2,0,0,1,9,1,0.315068493,"25980"
"Kenedy Corona","HOU","AA",24,78,279,325,61,45,12,2,2,34,23,34,2,77,11,1,0,4,24,5,0.218637992,"26244"
"Kyren Paris","LAA","AA",22,23,77,92,7,5,1,1,0,8,7,9,0,36,2,3,0,2,8,1,0.09090909,"26420"
"Warming Bernabel","COL","AA",22,120,479,506,126,99,17,1,9,51,64,18,0,72,6,3,0,12,12,4,0.263048016,"26536"
"Agustin Ramirez","NYY","AA",22,58,228,261,66,35,14,1,16,46,49,28,1,43,3,2,0,4,13,1,0.289473684,"26546"
"Robert Hassell III","WSN","AA",22,60,229,264,62,50,6,1,5,33,21,29,1,55,3,2,1,3,12,4,0.270742358,"27482"
"Tyler Callihan","CIN","AA",24,69,247,282,67,49,9,1,8,27,25,27,0,78,2,2,4,1,21,5,0.27125506,"27497"
"Nick Yorke","BOS","AA",22,45,175,197,44,32,8,0,4,21,27,18,0,36,2,2,0,3,8,2,0.251428571,"27504"
"Duke Ellis","NYM","AA",26,41,126,148,33,29,3,0,1,24,12,13,0,32,4,2,3,1,34,2,0.261904761,"27543"
"Gage Workman","DET","AA",24,126,483,556,135,82,29,6,18,85,89,65,2,153,3,3,0,4,30,13,0.279503105,"27573"
"Christian Koss","SFG","AA",26,25,83,96,32,17,12,1,2,16,21,10,0,12,1,1,1,1,6,1,0.385542168,"27653"
"Eric Yang","CIN","AA",26,19,48,61,7,5,2,0,0,4,2,11,0,15,2,0,0,4,0,0,0.145833333,"27698"
"Zac Veen","COL","AA",22,36,127,145,34,22,5,2,5,24,14,16,0,38,2,0,0,1,10,1,0.267716535,"27770"
"Alejandro Osuna","TEX","AA",21,57,235,265,72,42,18,3,9,46,32,22,1,57,6,1,1,2,7,3,0.306382978,"27915"
"Petey Halpin","CLE","AA",22,90,356,405,83,52,15,4,12,54,45,43,0,95,1,4,1,0,12,7,0.233146067,"27931"
"Adael Amador","COL","AA",21,100,383,455,88,61,12,1,14,61,52,62,0,88,5,2,1,4,35,11,0.229765013,"27962"
"Maximo Acosta","TEX","AA",21,104,386,434,111,77,23,3,8,57,58,34,0,58,8,6,0,11,26,9,0.287564766,"27963"
"Edgar Quero","CHW","AA",21,72,255,292,70,46,12,0,12,28,53,26,0,49,9,2,0,10,1,1,0.274509803,"28022"
"Jhostynxon Garcia","BOS","AA",21,30,114,126,30,22,4,2,2,14,10,6,0,24,4,1,0,0,2,4,0.263157894,"28142"
"Javier Sanoja","MIA","AA",21,15,57,61,14,12,1,0,1,4,7,3,0,6,0,1,0,0,3,1,0.245614035,"28253"
"Tsung-Che Cheng","PIT","AA",22,126,422,500,92,62,19,0,11,64,54,61,0,117,4,3,10,3,16,7,0.218009478,"28344"
"Yanquiel Fernandez","COL","AA",21,89,314,346,89,61,17,1,10,40,46,26,3,66,2,3,0,3,1,0,0.28343949,"28552"
"Denzer Guzman","LAA","AA",20,83,296,342,61,45,9,1,6,26,30,36,0,90,3,2,4,5,7,6,0.206081081,"28816"
"Moises Ballesteros","CHC","AA",20,56,194,223,58,39,9,1,9,27,43,22,1,33,3,4,0,2,1,0,0.298969072,"28820"
"Samuel Basallo","BAL","AA",19,106,398,446,115,77,22,0,16,57,55,41,1,85,2,4,1,9,9,5,0.288944723,"28824"
"Carter Jensen","KCR","AA",20,41,150,170,35,17,7,3,8,20,28,15,0,45,1,4,0,1,1,1,0.233333333,"29478"
"Tim Tawa","ARI","AA",25,105,411,456,111,66,22,2,21,62,64,40,0,96,4,1,0,10,11,6,0.270072992,"29571"
"Billy Cook","BAL","AA",25,15,51,63,13,9,2,1,1,10,10,8,0,11,2,2,0,1,4,0,0.25490196,"29573"
"Ben Rice","NYY","AA",25,49,180,218,47,26,9,0,12,36,26,32,0,46,4,1,0,4,8,0,0.261111111,"29576"
"Chad Stevens","LAA","AA",25,41,142,159,31,20,8,0,3,9,15,12,0,46,3,2,0,4,4,2,0.218309859,"29614"
"Marcelo Mayer","BOS","AA",21,77,300,335,92,56,28,0,8,60,38,30,1,66,2,3,0,6,13,2,0.306666666,"29668"
"Braxton Fulford","COL","AA",25,92,323,379,78,45,21,2,10,47,46,38,0,95,13,4,0,6,10,2,0.241486068,"29704"
"Jack Winkler","OAK","AA",25,127,470,536,105,65,31,1,8,66,57,48,1,117,13,4,1,10,28,5,0.223404255,"29830"
"Liam Hicks","TEX","AA",25,113,406,494,107,81,20,0,6,67,47,64,0,58,16,8,0,6,3,1,0.263546798,"29844"
"Denzel Clarke","OAK","AA",24,116,431,478,116,74,21,8,13,74,53,39,0,143,7,1,0,6,36,9,0.269141531,"29858"
"Harry Ford","SEA","AA",21,116,430,523,107,72,26,2,7,72,45,74,0,115,16,2,1,10,35,9,0.248837209,"29958"
"Brady House","WSN","AA",21,75,274,306,64,39,11,1,13,38,34,24,0,75,7,1,0,10,5,2,0.233576642,"29993"
"Daylen Lile","WSN","AA",21,73,275,316,70,48,15,4,3,34,21,33,0,58,5,2,1,2,11,3,0.254545454,"29995"
"Bob Seymour","TBR","AA",25,66,262,292,76,49,17,1,9,39,51,22,0,80,4,4,0,5,2,0,0.290076335,"30028"
"Carson Williams","TBR","AA",21,115,433,505,111,65,20,6,20,83,69,58,1,144,9,5,0,2,33,11,0.256351039,"30038"
"Jimmy Crooks","STL","AA",22,90,315,371,101,69,19,2,11,42,62,43,0,78,8,5,0,2,4,0,0.32063492,"31354"
"Nathan Church","STL","AA",23,127,482,541,129,97,22,1,9,81,66,43,2,60,6,6,3,10,24,4,0.267634854,"31357"
"Graham Pauley","MIA","AA",23,38,138,160,33,21,8,0,4,19,17,18,0,35,1,3,0,2,4,0,0.239130434,"31363"
"Jakob Marsee","MIA","AA",23,115,405,510,75,48,14,4,9,76,42,80,0,115,17,3,5,1,44,7,0.185185185,"31370"
"Dalton Rushing","LAD","AA",23,77,281,334,76,43,15,1,17,44,59,38,1,69,12,2,0,2,0,2,0.270462633,"31382"
"Brooks Baldwin","CHW","AA",23,74,286,319,92,70,16,0,6,34,37,28,0,56,3,2,0,2,16,4,0.321678321,"31394"
"Tyler Locklear","SEA","AA",23,41,158,188,46,25,12,1,8,30,26,23,2,49,6,0,0,2,4,1,0.29113924,"31396"
"Ryan Ritter","COL","AA",23,91,318,373,86,60,17,2,7,57,32,35,1,88,16,1,3,3,17,0,0.270440251,"31500"
"Tim Elko","CHW","AA",25,91,343,371,99,73,16,1,9,36,40,21,1,109,5,1,0,10,2,0,0.288629737,"31522"
"Drake Baldwin","ATL","AA",23,52,193,217,47,37,6,0,4,18,33,20,0,41,1,3,0,3,1,1,0.243523316,"31539"
"Zach Dezenzo","HOU","AA",24,22,81,91,18,10,6,0,2,8,7,9,0,23,1,0,0,2,2,1,0.222222222,"31562"
"Alan Roden","TOR","AA",24,54,206,244,55,36,11,1,7,31,27,29,1,34,7,2,0,5,6,1,0.266990291,"31564"
"Zach Cole","HOU","AA",23,70,262,295,56,27,17,2,10,29,36,24,1,113,9,0,0,1,14,2,0.213740458,"31583"
"Jacob Melton","HOU","AA",23,58,226,251,56,34,10,2,10,32,34,18,0,56,2,2,0,2,19,4,0.24778761,"31661"
"Alex Freeland","LAD","AA",22,74,282,341,69,42,15,1,11,59,35,45,0,73,12,2,0,3,24,2,0.244680851,"31665"
"Cole Young","SEA","AA",20,124,469,552,127,91,25,2,9,67,57,67,0,87,8,4,3,6,23,11,0.270788912,"31680"
"Dylan Beavers","BAL","AA",22,119,431,509,104,65,19,5,15,67,50,67,0,115,3,6,2,4,31,3,0.241299303,"31695"
"Nacho Alvarez Jr.","ATL","AA",21,48,170,202,45,38,6,1,0,18,15,29,0,38,3,0,0,6,16,1,0.264705882,"31765"
"Otto Kemp","PHI","AA",24,64,233,273,60,34,12,3,11,38,39,23,0,62,13,3,0,6,9,5,0.257510729,"31792"
"Rhylan Thomas","NYM","AA",24,25,96,109,31,23,8,0,0,11,13,8,0,13,1,1,3,0,6,3,0.322916666,"31793"
"Roman Anthony","BOS","AA",20,84,323,376,87,49,20,3,15,60,45,48,2,96,3,2,0,2,16,5,0.269349845,"31812"
"Colby Thomas","OAK","AA",23,59,234,261,66,30,19,3,14,32,47,17,0,47,5,3,0,2,12,1,0.282051282,"31855"
"Chandler Simpson","TBR","AA",23,78,322,358,113,98,13,1,1,56,20,29,1,27,0,3,4,2,73,12,0.350931677,"31912"
"Rafael Flores Jr.","NYY","AA",23,65,241,273,66,37,14,0,15,40,33,28,0,73,4,0,0,7,6,0,0.273858921,"31991"
"Chase DeLauter","CLE","AA",22,30,111,128,28,17,6,0,5,18,16,14,0,19,0,3,0,1,1,1,0.252252252,"32127"
"Carson McCusker","MIN","AA",26,98,370,420,104,60,26,3,15,56,64,38,0,117,8,4,0,6,7,7,0.281081081,"33098"
"Ben Williamson","SEA","AA",23,95,356,411,97,69,23,2,3,50,43,44,0,97,9,2,0,5,15,6,0.27247191,"33197"
"Jacob Wilson","OAK","AA",22,22,88,93,40,24,13,0,3,18,19,2,0,10,2,1,0,1,2,1,0.454545454,"33266"
"Brice Matthews","HOU","AA",22,42,151,181,38,20,8,1,9,28,21,24,0,61,6,0,0,2,16,4,0.251655629,"33280"
"Luke Keaschall","MIN","AA",21,58,221,267,62,44,9,1,8,43,27,32,1,51,11,3,0,3,9,5,0.280542986,"33321"
"Matt Shaw","CHC","AA",22,86,312,371,87,59,11,3,14,60,50,45,0,65,6,7,0,4,25,8,0.278846153,"33322"
"Dylan Crews","WSN","AA",22,51,186,211,51,32,11,3,5,26,38,16,0,50,5,3,0,1,15,3,0.274193548,"33541"
"Kyle Teel","BOS","AA",22,84,325,382,97,66,20,0,11,65,60,48,0,87,4,5,0,7,9,5,0.298461538,"33549"
"Kristian Campbell","BOS","AA",22,56,213,255,77,49,17,3,8,48,35,35,0,38,6,1,0,2,17,5,0.361502347,"33644"
"Nolan McLean","NYM","AA",22,35,63,69,10,5,2,0,3,6,8,6,0,36,0,0,0,0,0,0,0.158730158,"33703"
"CJ Kayfus","CLE","AA",22,67,251,298,66,38,14,4,10,38,55,36,0,84,7,4,0,3,1,2,0.262948207,"33704"
"Christian Moore","LAA","AA",21,23,90,98,29,20,4,0,5,18,14,8,0,29,0,0,0,3,2,0,0.322222222,"34979"
"Carter Bins","PIT","AA",25,66,212,247,41,24,8,1,8,34,18,29,0,87,4,0,1,4,6,1,0.193396226,"sa1115884"
"Nick Kahle","MIL","AA",26,30,93,107,16,13,2,0,1,10,13,11,0,24,2,1,0,2,0,0,0.17204301,"sa1115979"
"Quincy McAfee","CIN","AA",26,59,210,234,43,27,7,0,9,24,26,16,0,42,7,1,0,1,5,3,0.204761904,"sa1159899"
"Ivan Johnson","CIN","AA",25,75,230,273,54,28,17,2,7,34,25,36,0,85,6,1,0,0,12,3,0.234782608,"sa1169627"
"Clay Dungan","SDP","AA",28,34,124,152,27,20,5,0,2,19,10,24,0,35,1,3,0,2,9,2,0.217741935,"sa1169803"
"Cody Milligan","ATL","AA",25,105,388,426,94,65,18,6,5,45,38,33,0,104,3,1,1,5,38,8,0.242268041,"sa1169818"
"Brandon Parker","ATL","AA",25,74,232,257,46,26,11,0,9,27,29,17,0,95,6,2,0,2,7,1,0.198275862,"sa1169878"
"Aaron Shackelford","PIT","AA",27,23,88,95,19,11,3,1,4,9,14,3,1,34,3,1,0,0,1,1,0.21590909,"sa1169950"
"Matt Lloyd","STL","AA",28,120,413,486,111,69,25,0,17,70,77,56,1,98,7,10,0,8,16,2,0.268765133,"sa1169978"
"Bryce Ball","PHI","AA",25,54,176,206,34,18,12,1,3,25,19,26,0,67,2,2,0,4,0,0,0.193181818,"sa1170451"
"Alex Isola","MIN","AA",25,19,70,78,15,11,2,0,2,7,8,7,0,15,1,0,0,0,0,1,0.214285714,"sa1170516"
"Chandler Redmond","STL","AA",27,83,268,319,62,47,6,0,9,32,50,36,0,99,3,4,0,5,5,1,0.231343283,"sa1170749"
"Robert Perez Jr.","SDP","AA",24,120,405,476,91,61,21,0,9,50,46,52,1,148,16,3,0,8,14,9,0.224691358,"sa3002851"
"Ernesto Martinez Jr.","MIL","AA",25,110,401,457,114,69,30,2,13,52,62,40,1,77,13,3,0,13,20,5,0.284289276,"sa3003173"
"Eliezer Alfonzo","DET","AA",24,97,364,396,93,70,14,0,9,41,52,23,1,31,4,4,0,13,2,2,0.255494505,"sa3003262"
"Luis Mieses","TEX","AA",24,33,128,136,36,25,5,0,6,12,20,4,0,31,1,2,0,1,0,0,0.28125,"sa3003274"
"Diego Infante","MIA","AA",24,27,93,99,27,25,1,0,1,11,7,6,0,30,0,0,0,3,4,0,0.29032258,"sa3003280"
"Jose Peroza","NYM","AA",24,23,70,82,17,12,3,0,2,13,7,10,0,27,1,1,0,1,0,0,0.242857142,"sa3003288"
"Jeremy Arocho","HOU","AA",25,109,370,443,79,67,8,3,1,42,34,66,0,79,2,2,3,3,34,5,0.213513513,"sa3004046"
"Austin Beck","LAD","AA",25,65,229,262,49,26,9,1,13,31,45,25,0,92,3,5,0,2,1,0,0.213973799,"sa3004055"
"Jancarlos Cintron","ARI","AA",29,80,315,344,76,58,14,1,3,45,35,19,0,50,4,3,3,10,4,3,0.241269841,"sa3004065"
"Jeisson Rosario","OAK","AA",24,74,252,292,65,52,6,4,3,34,38,37,0,75,1,0,2,3,8,6,0.257936507,"sa3004146"
"Jordy Barley","WSN","AA",24,37,108,129,17,13,2,0,2,12,8,20,0,44,0,0,1,3,10,3,0.157407407,"sa3004148"
"Abrahan Gutierrez","PIT","AA",24,44,171,180,43,32,10,1,0,15,20,7,0,29,1,1,0,9,2,1,0.251461988,"sa3004263"
"Logan Warmoth","ARI","AA",28,45,150,181,29,23,5,0,1,15,21,28,0,44,1,2,0,2,5,1,0.193333333,"sa3004813"
"Micael Ramirez","CLE","AA",25,45,141,160,38,33,2,0,3,11,17,15,0,27,1,1,2,5,0,2,0.269503546,"sa3004883"
"Lamar Sparks","MIL","AA",25,103,357,392,99,69,19,1,10,45,43,33,1,117,0,2,0,11,12,8,0.277310924,"sa3004932"
"Adam Hall","MIL","AA",25,53,172,208,45,42,3,0,0,24,16,23,0,51,10,2,0,2,10,2,0.261627906,"sa3005077"
"Tyler Dearden","MIN","AA",25,27,95,105,21,12,9,0,0,9,6,7,1,27,1,2,0,2,0,0,0.221052631,"sa3005103"
"Jeferson Morales","MIN","AA",25,88,327,371,91,60,21,1,9,39,52,30,1,57,11,3,0,3,4,4,0.278287461,"sa3005472"
"Carlos Rodriguez","MIL","AA",23,84,326,372,97,77,12,4,4,53,42,42,0,41,1,3,0,8,15,4,0.297546012,"sa3005478"
"Miguel Hiraldo","TOR","AA",23,45,154,168,35,26,8,0,1,22,16,9,0,40,4,1,0,0,10,4,0.227272727,"sa3005486"
"Keyber Rodriguez","TEX","AA",23,94,355,387,83,54,18,3,8,49,52,23,0,75,4,4,1,9,7,3,0.233802816,"sa3005488"
"Jesus Valdez","ARI","AA",26,67,198,222,47,31,10,1,5,26,15,22,0,64,0,1,1,3,2,1,0.237373737,"sa3005492"
"Fabian Pertuz","CHC","AA",23,42,147,158,35,26,6,0,3,14,17,8,0,53,3,0,0,3,4,1,0.238095238,"sa3005500"
"Allan Cerda","SFG","AA",24,29,92,105,17,9,2,1,5,13,11,13,0,32,0,0,0,1,1,0,0.184782608,"sa3005504"
"Alexfri Planez","CLE","AA",22,104,402,425,88,56,14,2,16,46,48,16,0,123,4,3,0,12,3,1,0.218905472,"sa3005515"
"Luis Toribio","SFG","AA",23,69,206,239,43,25,8,2,8,32,33,27,0,90,3,2,1,2,0,2,0.208737864,"sa3005541"
"Neyfy Castillo","ARI","AA",23,49,194,213,40,24,10,1,5,22,23,17,0,77,1,1,0,1,5,1,0.206185567,"sa3005544"
"Rainer Nunez","TOR","AA",23,105,385,433,106,78,14,2,12,40,54,44,0,87,1,3,0,20,2,0,0.275324675,"sa3005551"
"Daniel Vellojin","CIN","AA",24,64,182,215,31,23,5,1,2,13,18,31,0,51,1,1,0,3,1,0,0.17032967,"sa3005587"
"Alberto Rodriguez","SEA","AA",23,93,353,384,85,62,18,2,3,33,47,22,1,103,3,5,1,5,10,4,0.240793201,"sa3005603"
"Ronaiker Palma","COL","AA",24,55,178,209,43,38,4,0,1,21,18,25,0,34,4,0,2,7,7,0,0.241573033,"sa3005624"
"Stanley Consuegra","NYM","AA",23,58,204,221,41,27,10,1,3,24,22,12,0,63,5,0,0,2,4,2,0.200980392,"sa3005628"
"Dalvy Rosario","MIA","AA",23,41,122,131,25,21,2,1,1,17,9,5,0,36,0,1,3,2,6,2,0.204918032,"sa3005712"
"Brandon Valenzuela","SDP","AA",23,84,307,347,74,49,16,0,9,38,43,33,1,80,3,4,0,4,0,2,0.241042345,"sa3005729"
"Junior Perez","OAK","AA",22,97,341,390,75,41,24,2,8,50,52,42,0,138,1,4,2,2,28,5,0.219941348,"sa3005744"
"Diego Hernandez","KCR","AA",23,104,366,395,88,64,15,1,8,39,43,16,0,97,1,4,8,2,5,7,0.240437158,"sa3005759"
"Rolando Espinosa","HOU","AA",23,84,265,300,59,37,11,1,10,36,39,29,0,101,1,5,0,1,13,2,0.222641509,"sa3005774"
"Yoyner Fajardo","PIT","AA",25,63,220,265,66,53,10,3,0,40,20,35,0,37,5,1,0,1,17,5,0.3,"sa3005938"
"Pablo Aliendo","CHC","AA",23,58,197,231,49,28,10,1,10,29,33,24,0,75,7,3,0,3,2,0,0.248730964,"sa3006220"
"Bladimir Restituyo","COL","AA",22,111,408,444,110,87,18,0,5,50,47,25,0,73,3,6,0,2,25,9,0.269607843,"sa3006621"
"Orlando Martinez","LAA","AA",26,77,274,324,72,51,15,1,5,34,36,41,1,51,1,7,0,4,4,0,0.262773722,"sa3006664"
"Jake Anchia","SEA","AA",27,79,271,290,57,35,13,0,9,33,39,9,0,85,5,4,1,4,3,1,0.210332103,"sa3006674"
"Nick Podkul","CHW","AA",27,22,82,95,21,14,4,1,2,12,7,12,0,26,1,0,0,0,0,0,0.25609756,"sa3006720"
"Kendall Simmons","PHI","AA",24,64,202,228,51,29,12,1,9,31,27,17,0,65,8,1,0,3,6,0,0.252475247,"sa3006867"
"Trey Harris","WSN","AA",28,51,188,202,39,28,10,1,0,13,16,10,0,47,3,1,0,8,2,3,0.207446808,"sa3006876"
"Kristian Robinson","ARI","AA",23,110,351,419,75,50,13,1,11,48,42,63,0,150,3,2,0,4,10,4,0.213675213,"sa3006884"
"Luis Verdugo","CHC","AA",23,109,405,447,104,80,21,1,2,34,42,34,0,74,2,6,0,12,4,2,0.256790123,"sa3006888"
"Reivaj Garcia","CHC","AA",22,17,56,63,12,9,3,0,0,4,4,3,0,7,0,2,2,0,0,0,0.214285714,"sa3006900"
"Carlos De La Cruz","PHI","AA",24,65,248,279,65,42,13,2,8,36,35,24,0,85,6,1,0,5,5,1,0.262096774,"sa3006903"
"Jeremy Eierman","OAK","AA",27,72,235,260,52,34,6,0,12,26,36,15,0,83,6,3,1,0,2,0,0.221276595,"sa3007005"
"Frainyer Chavez","TEX","AA",25,78,259,297,64,49,8,3,4,36,30,34,1,61,1,1,2,5,15,2,0.247104247,"sa3007019"
"Jarryd Dale","SDP","AA",23,33,85,93,12,7,2,0,3,7,6,3,0,28,2,1,2,3,1,1,0.14117647,"sa3007022"
"Grant Witherspoon","SEA","AA",27,41,137,157,21,14,3,1,3,13,16,17,0,53,1,1,1,3,2,2,0.153284671,"sa3007047"
"Mateo Gil","NYM","AA",23,25,86,92,14,10,3,0,1,8,6,4,0,31,0,1,1,2,1,0,0.162790697,"sa3007050"
"Kekai Rios","TOR","AA",27,18,52,56,7,3,3,0,1,3,3,4,0,14,0,0,0,0,1,0,0.134615384,"sa3007282"
"Ramon Mendoza","STL","AA",23,53,155,188,37,26,8,0,3,17,24,25,0,41,4,2,2,9,2,0,0.238709677,"sa3007513"
"Max Burt","NYY","AA",27,72,213,237,31,21,5,0,5,35,20,17,0,80,4,3,0,3,14,2,0.145539906,"sa3007631"
"Nick Schnell","TBR","AA",24,81,294,326,77,48,19,1,9,43,41,25,0,78,5,2,0,8,9,5,0.261904761,"sa3007639"
"Nicholas Northcut","CIN","AA",25,107,391,425,75,32,15,2,26,45,65,28,1,128,6,0,0,5,0,0,0.191815856,"sa3007640"
"Sean Roby","MIA","AA",25,44,153,172,30,23,1,1,5,17,16,16,0,52,0,3,0,1,0,0,0.196078431,"sa3007788"
"Elih Marrero","BOS","AA",27,50,164,183,44,26,12,0,6,25,22,16,0,39,1,1,1,0,11,3,0.268292682,"sa3007822"
"Connor Hollis","SDP","AA",29,86,320,362,77,62,11,2,2,39,25,23,0,57,14,1,2,4,18,5,0.240625,"sa3007870"
"Wilderd Patino","ARI","AA",22,65,244,268,54,41,9,0,4,28,14,17,0,94,3,1,3,5,17,3,0.221311475,"sa3007874"
"Ezequiel Pagan","CHC","AA",23,67,217,233,40,27,6,1,6,27,15,8,0,49,5,3,0,3,7,0,0.184331797,"sa3007975"
"Joe Gray Jr.","KCR","AA",24,30,81,96,11,8,2,1,0,4,1,12,0,27,1,1,1,6,4,0,0.135802469,"sa3008005"
"Onix Vega","WSN","AA",25,34,105,124,20,18,1,0,1,10,8,17,0,21,0,1,1,3,2,0,0.19047619,"sa3008007"
"Kyle Datres","COL","AA",28,69,226,268,51,31,11,0,9,30,32,37,0,71,4,1,0,4,13,2,0.225663716,"sa3008029"
"Josh Breaux","PHI","AA",26,25,87,97,20,12,4,0,4,8,20,8,0,27,0,2,0,3,0,0,0.229885057,"sa3008051"
"Connor Scott","PIT","AA",24,65,221,241,47,28,15,0,4,30,29,16,0,62,2,2,0,1,0,3,0.212669683,"sa3008080"
"Cole Roederer","CHC","AA",24,46,150,181,23,12,9,1,1,15,15,27,0,54,3,1,0,4,3,3,0.153333333,"sa3008184"
"Andy Weber","ARI","AA",26,34,134,149,44,26,14,0,4,21,15,12,1,29,1,0,2,2,2,1,0.328358208,"sa3008282"
"Jaylen Palmer","NYM","AA",23,83,273,310,61,27,22,0,12,35,33,33,0,119,4,0,0,4,10,4,0.223443223,"sa3008297"
"Nick Decker","BOS","AA",24,56,180,203,32,14,12,0,6,28,24,21,0,89,1,1,0,1,7,1,0.177777777,"sa3008590"
"Diego Cartaya","LAD","AA",22,46,161,192,38,25,8,0,5,27,27,27,1,56,3,1,0,4,1,0,0.236024844,"sa3008742"
"Juan Guerrero","COL","AA",22,29,115,124,36,32,2,0,2,17,17,7,0,15,0,1,1,2,4,3,0.313043478,"sa3008759"
"Victor Bericoto","SFG","AA",22,115,445,479,116,83,22,0,11,58,60,30,1,115,2,2,0,15,6,4,0.260674157,"sa3008767"
"Dayan Frias","CLE","AA",22,114,370,429,75,51,16,3,5,42,46,49,0,104,5,4,1,8,6,6,0.202702702,"sa3008768"
"Alex De Jesus","TOR","AA",22,99,385,425,100,72,19,1,8,48,45,35,0,119,4,0,0,5,6,5,0.259740259,"sa3008842"
"Jose Ramos","LAD","AA",23,123,443,506,98,60,19,2,17,57,64,57,1,172,1,5,0,8,7,5,0.221218961,"sa3008845"
"Alexander Vargas","NYY","AA",22,73,240,256,61,45,7,5,4,23,30,11,0,65,3,2,0,2,14,9,0.254166666,"sa3008851"
"Gabriel Martinez","TOR","AA",21,102,363,397,77,50,20,1,6,28,38,28,0,62,2,4,0,11,2,2,0.212121212,"sa3008865"
"Brayan Buelvas","OAK","AA",22,33,121,131,31,21,8,1,1,11,11,8,0,34,1,1,0,5,5,1,0.256198347,"sa3008868"
"J.J. D'Orazio","ARI","AA",22,73,256,284,57,40,12,0,5,33,25,23,0,61,2,2,1,12,0,1,0.22265625,"sa3008876"
"Euribiel Angeles","OAK","AA",22,33,99,108,22,15,5,1,1,11,10,6,0,13,2,1,0,2,4,0,0.222222222,"sa3008877"
"Jesus Rodriguez","NYY","AA",22,23,84,90,19,13,1,0,5,9,14,4,0,19,2,0,0,2,2,1,0.226190476,"sa3008916"
"Jorge Burgos","CLE","AA",21,15,55,60,7,3,1,0,3,5,9,5,0,23,0,0,0,2,0,0,0.127272727,"sa3008929"
"Geraldo Quintero","ATL","AA",22,94,288,338,69,55,8,3,3,47,29,33,0,66,10,4,0,3,32,16,0.239583333,"sa3008942"
"Carlos Mendoza","DET","AA",24,114,420,515,113,85,17,6,5,86,46,70,1,89,18,2,5,9,32,5,0.269047619,"sa3008944"
"Felix Stevens","CHC","AA",24,65,208,247,47,28,10,2,7,29,35,34,1,85,4,1,0,5,2,0,0.225961538,"sa3008946"
"Miguel Palma","HOU","AA",22,53,169,193,34,27,3,1,3,16,14,22,0,48,2,0,0,4,1,0,0.201183431,"sa3009279"
"Eddinson Paulino","BOS","AA",21,73,260,295,69,46,17,3,3,34,36,29,1,66,4,2,0,4,11,8,0.265384615,"sa3009538"
"Yohendrick Pinango","TOR","AA",22,88,314,352,65,41,18,1,5,28,32,34,1,74,3,1,0,7,8,1,0.207006369,"sa3009539"
"Morgan McCullough","SEA","AA",26,54,167,203,35,21,8,2,4,25,20,30,1,53,2,1,2,5,9,4,0.209580838,"sa3009868"
"Trevor Schwecke","PHI","AA",26,76,245,282,63,38,18,2,5,31,35,25,0,69,2,4,0,8,14,0,0.257142857,"sa3009874"
"Aaron Bracho","CLE","AA",23,97,358,405,79,55,14,2,8,41,49,36,1,80,5,6,0,5,3,1,0.220670391,"sa3010018"
"Jairo Pomares","SFG","AA",23,82,311,336,74,40,19,3,12,38,47,12,0,84,6,0,2,5,9,2,0.237942122,"sa3010023"
"Joe Naranjo","CLE","AA",23,34,109,128,23,19,3,0,1,12,13,16,0,34,0,3,0,4,2,0,0.211009174,"sa3010025"
"Christian Cairo","CLE","AA",23,39,131,156,33,26,4,1,2,14,9,19,0,38,3,3,0,5,14,0,0.251908396,"sa3010028"
"Brandon Lewis","LAD","AA",25,73,236,269,49,32,7,1,9,33,39,26,0,94,2,4,1,3,0,0,0.207627118,"sa3010035"
"J.T. Arruda","WSN","AA",26,119,387,442,85,59,20,3,3,45,35,41,0,93,4,3,7,11,9,2,0.219638242,"sa3010036"
"Yordys Valdes","CLE","AA",22,109,360,411,83,63,9,3,8,50,41,44,0,123,2,1,4,4,19,2,0.230555555,"sa3010037"
"DJ Gladney","CHW","AA",22,24,97,105,27,17,4,0,6,12,18,4,0,23,2,2,0,2,1,0,0.278350515,"sa3010043"
"Ripken Reyes","SDP","AA",27,119,408,506,92,69,15,4,4,56,42,45,0,63,34,4,15,5,16,7,0.225490196,"sa3010159"
"Joshua Mears","SDP","AA",23,18,69,74,12,3,3,0,6,9,13,4,0,35,1,0,0,0,1,1,0.173913043,"sa3010162"
"Dilan Rosario","SFG","AA",23,31,81,97,15,11,2,1,1,10,7,15,0,29,0,1,0,2,4,1,0.185185185,"sa3010165"
"Kellen Strahm","TEX","AA",27,69,262,300,73,56,10,2,5,52,25,35,1,61,1,2,0,5,15,1,0.278625954,"sa3010278"
"Glenn Santiago","TOR","AA",23,22,54,63,7,4,2,0,1,7,9,6,0,15,2,1,0,1,1,0,0.129629629,"sa3010341"
"Cooper Johnson","TEX","AA",26,79,251,300,59,27,18,0,14,40,46,44,0,78,3,1,1,3,0,0,0.23505976,"sa3010584"
"Jake Holton","DET","AA",26,96,351,410,98,63,21,0,14,62,71,44,0,91,11,4,0,13,6,2,0.279202279,"sa3010599"
"Andrick Nava","PHI","AA",22,22,62,74,13,12,1,0,0,3,3,11,0,9,1,0,0,0,0,1,0.209677419,"sa3010693"
"Colin Barber","HOU","AA",23,70,252,282,56,39,9,0,8,27,27,21,0,85,4,5,0,6,4,2,0.222222222,"sa3010696"
"Cade Bunnell","ATL","AA",27,73,200,247,31,18,12,0,1,17,10,46,0,97,0,1,0,2,1,2,0.155,"sa3010702"
"Sammy Siani","PIT","AA",23,96,351,394,89,65,13,6,5,49,36,35,0,81,3,2,3,4,14,5,0.253561253,"sa3010704"
"Daniel Mateo","TEX","AA",22,61,193,208,31,22,4,0,5,21,17,13,0,51,2,0,0,7,10,3,0.160621761,"sa3010886"
"Javier Valdes","ATL","AA",25,25,84,91,16,11,2,0,3,8,11,5,0,14,2,0,0,4,0,0,0.19047619,"sa3010902"
"Logan Wyatt","SFG","AA",26,14,45,50,7,3,2,0,2,5,5,5,1,16,0,0,0,2,1,0,0.155555555,"sa3011259"
"Kervin Pichardo","PIT","AA",22,118,421,459,106,79,14,2,11,57,49,27,0,128,6,0,4,8,8,4,0.251781472,"sa3011260"
"Jase Bowen","PIT","AA",23,110,407,450,98,69,17,2,10,57,43,29,0,106,6,5,3,4,22,8,0.24078624,"sa3011267"
"Jeremy De La Rosa","WSN","AA",22,44,161,180,26,15,5,1,5,12,18,16,1,52,1,2,0,1,4,4,0.161490683,"sa3011329"
"Darrien Miller","MIL","AA",23,93,306,403,65,46,16,1,2,51,29,64,0,82,28,3,2,4,2,0,0.2124183,"sa3011330"
"Phil Clarke","TOR","AA",26,29,101,121,31,25,6,0,0,15,8,16,0,5,4,0,0,3,2,0,0.306930693,"sa3011379"
"Hunter Bishop","SFG","AA",26,26,95,105,23,16,5,0,2,9,6,9,0,33,1,0,0,2,5,0,0.242105263,"sa3011413"
"Marcus Lee Sang","PHI","AA",23,103,385,425,92,62,12,5,13,61,47,30,0,100,4,5,1,8,12,6,0.238961038,"sa3011445"
"Stephen Scott","DET","AA",27,29,94,111,27,16,5,1,5,18,19,12,0,24,3,2,0,2,6,0,0.287234042,"sa3011469"
"Yolbert Sanchez","ATL","AA",27,84,308,331,92,76,13,1,2,40,32,13,0,53,2,6,1,9,4,4,0.298701298,"sa3011471"
"Dasan Brown","TOR","AA",22,32,106,119,23,15,7,1,0,12,2,6,0,34,4,0,2,2,13,2,0.216981132,"sa3011717"
"Jordan Brewer","HOU","AA",26,84,295,334,66,40,18,1,7,33,31,26,0,66,10,3,0,5,10,0,0.223728813,"sa3011737"
"Karson Simas","BOS","AA",23,16,46,53,7,4,3,0,0,5,4,1,0,15,5,0,1,2,5,2,0.152173913,"sa3011739"
"Erick Brito","PHI","AA",22,41,147,161,31,23,7,1,0,16,10,7,0,25,4,1,2,7,7,3,0.210884353,"sa3011753"
"Shane Sasaki","MIA","AA",23,66,217,250,52,41,10,0,1,28,8,29,0,69,3,0,1,0,21,4,0.239631336,"sa3011754"
"Willy Vasquez","TBR","AA",22,97,344,371,73,48,18,2,5,29,41,24,0,118,1,2,0,10,11,6,0.212209302,"sa3011821"
"Trei Cruz","DET","AA",25,102,384,440,100,67,23,1,9,57,48,49,1,112,1,4,2,5,9,8,0.260416666,"sa3014420"
"Baron Radcliff","PHI","AA",25,45,152,168,24,15,4,0,5,14,8,15,0,79,0,1,0,0,0,0,0.157894736,"sa3014424"
"Hayden Cantrelle","CHC","AA",25,21,62,71,16,10,3,1,2,11,6,5,0,23,3,0,1,0,2,2,0.258064516,"sa3014426"
"Alerick Soularie","SFG","AA",24,55,130,160,25,16,6,0,3,26,19,17,0,40,4,5,4,2,15,6,0.192307692,"sa3014436"
"Carson Taylor","PHI","AA",25,109,372,450,103,68,16,3,16,53,75,67,1,96,5,6,0,4,5,1,0.27688172,"sa3014468"
"Anthony Servideo","BAL","AA",25,83,259,304,41,26,10,0,5,41,21,42,0,96,3,0,0,7,9,3,0.158301158,"sa3014472"
"Aaron Sabato","MIN","AA",25,85,306,350,63,39,14,0,10,35,33,38,1,104,5,1,0,9,8,2,0.205882352,"sa3014494"
"Kaden Polcovich","SEA","AA",25,81,241,287,55,37,12,3,3,31,30,33,0,74,9,3,1,2,17,7,0.228215767,"sa3014496"
"Freddy Zamora","MIL","AA",25,27,86,107,16,11,3,0,2,11,7,13,0,20,7,1,0,3,2,1,0.186046511,"sa3014500"
"David Calabrese","LAA","AA",21,38,110,136,23,16,3,0,4,14,11,23,0,41,0,0,3,0,4,2,0.209090909,"sa3014507"
"Austin Hendrick","CIN","AA",23,121,437,474,82,60,11,0,11,42,30,25,1,173,8,3,1,4,14,7,0.18764302,"sa3014521"
"Casey Martin","PHI","AA",25,97,315,352,49,32,6,2,9,44,33,24,0,108,6,7,0,1,9,1,0.155555555,"sa3014524"
"A.J. Vukovich","ARI","AA",22,121,456,512,123,74,29,3,17,59,80,48,1,153,4,4,0,12,6,3,0.269736842,"sa3014525"
"Blaze Jordan","BOS","AA",21,89,353,380,92,62,22,1,7,35,61,18,0,46,6,3,0,9,2,1,0.260623229,"sa3014537"
"Milan Tolentino","CLE","AA",22,111,395,441,95,64,20,2,9,53,43,41,0,112,2,3,0,3,17,6,0.240506329,"sa3014544"
"Jimmy Glowenke","SFG","AA",25,105,337,392,67,44,16,0,7,47,30,32,0,88,18,3,2,6,5,2,0.198813056,"sa3014548"
"Zavier Warren","MIL","AA",25,99,316,370,65,45,8,1,11,36,52,43,0,98,6,5,0,6,4,3,0.205696202,"sa3014549"
"Kevin Made","WSN","AA",21,21,76,85,12,10,1,0,1,9,5,6,0,22,1,1,1,1,2,1,0.157894736,"sa3014679"
"Arol Vera","LAA","AA",21,76,251,277,43,32,10,0,1,19,21,19,0,84,2,2,3,1,1,5,0.171314741,"sa3014687"
"Emmanuel Rodriguez","MIN","AA",21,37,124,167,37,15,12,2,8,40,20,42,1,46,1,0,0,1,9,3,0.298387096,"sa3014693"
"Alex Ramirez","NYM","AA",21,123,481,542,101,71,22,3,5,62,46,55,0,123,1,3,0,7,40,8,0.209979209,"sa3014695"
"Zach Britton","TOR","AA",25,55,205,231,42,28,10,0,4,24,28,21,0,74,4,1,0,6,5,1,0.204878048,"sa3014821"
"J.C. Correa","HOU","AA",25,42,159,172,38,28,8,0,2,16,16,10,0,22,0,3,0,5,3,0,0.23899371,"sa3014823"
"Elijah Dunham","NYY","AA",26,99,347,394,86,48,19,4,15,49,56,42,0,107,3,2,0,5,19,4,0.247838616,"sa3014827"
"Sheng-Ping Chen","ARI","AA",23,25,82,90,15,12,2,0,1,3,8,5,0,22,1,1,1,1,2,0,0.182926829,"sa3014837"
"Noah Campbell","MIL","AA",25,46,139,169,38,26,7,3,2,17,22,28,0,50,2,0,0,1,3,0,0.273381294,"sa3014878"
"Sahid Valenzuela","OAK","AA",26,35,109,118,20,17,3,0,0,9,5,7,0,22,0,1,1,5,1,1,0.183486238,"sa3014882"
"Matthew Dyer","TBR","AA",25,39,118,135,25,16,6,2,1,17,9,15,0,46,1,0,1,1,5,0,0.211864406,"sa3014883"
"William Simoneit","CHC","AA",27,37,120,140,23,11,8,1,3,15,16,10,0,56,8,2,0,2,2,0,0.191666666,"sa3014885"
"Bryson Horne","ATL","AA",25,107,366,396,87,62,15,2,8,34,48,27,1,115,1,2,0,9,6,2,0.237704918,"sa3014891"
"Kale Emshoff","KCR","AA",26,23,87,93,19,10,6,0,3,7,10,5,0,38,1,0,0,0,0,0,0.218390804,"sa3014934"
"Zach Daniels","HOU","AA",25,16,54,58,8,6,1,0,1,5,4,4,0,24,0,0,0,3,4,0,0.148148148,"sa3014935"
"Brett Auerbach","SFG","AA",25,22,65,74,14,9,4,1,0,7,3,8,0,18,1,0,0,1,4,1,0.215384615,"sa3014941"
"Francisco Urbaez","CIN","AA",26,74,270,315,71,50,12,2,7,29,41,31,1,42,7,6,0,6,4,6,0.262962962,"sa3014944"
"Paul Witt","WSN","AA",26,48,169,181,34,17,9,0,8,16,25,8,0,44,1,1,2,7,0,0,0.201183431,"sa3014949"
"Justin Dirden","MIL","AA",26,24,79,88,14,11,1,2,0,7,4,7,0,32,0,2,0,3,3,0,0.177215189,"sa3014986"
"Jacob Buchberger","STL","AA",26,108,374,426,93,67,15,4,7,66,42,48,0,100,3,1,0,10,13,7,0.248663101,"sa3014987"
"AJ Lewis","COL","AA",26,24,76,86,15,12,3,0,0,8,10,8,0,27,2,0,0,3,1,1,0.197368421,"sa3015014"
"Victor Labrada","SEA","AA",24,54,193,218,45,28,10,2,5,30,27,18,0,67,5,0,1,1,25,7,0.233160621,"sa3015062"
"Brandon McIlwain","NYM","AA",26,44,152,171,34,23,7,1,3,16,9,14,0,44,4,0,1,1,6,3,0.22368421,"sa3015076"
"Aaron Palensky","NYY","AA",25,53,157,193,34,24,9,0,1,23,22,29,0,39,4,2,1,0,13,4,0.216560509,"sa3015077"
"TT Bowens","BAL","AA",26,81,309,336,76,44,19,1,12,38,52,20,0,94,4,3,0,6,7,1,0.245954692,"sa3015107"
"Ethan Workinger","ATL","AA",22,30,111,121,23,17,4,1,1,15,11,10,0,19,0,0,0,3,1,1,0.207207207,"sa3015166"
"Deyvison De Los Santos","ARI","AA",21,38,148,162,55,36,4,1,14,28,37,12,3,36,2,0,0,4,1,1,0.371621621,"sa3015168"
"Wilfred Veras","CHW","AA",21,128,491,536,131,87,27,1,16,62,60,34,2,140,6,5,0,15,25,9,0.266802443,"sa3015178"
"Yeiner Fernandez","LAD","AA",21,105,364,419,89,62,24,0,3,54,40,39,1,56,13,3,0,9,8,2,0.244505494,"sa3015182"
"Adrian Sugastey","SFG","AA",21,52,181,191,38,25,10,2,1,14,22,5,0,38,3,2,0,5,0,0,0.209944751,"sa3015190"
"Jeremy Rivas","STL","AA",21,123,395,459,104,92,8,1,3,61,34,46,0,85,8,4,6,7,27,10,0.263291139,"sa3015193"
"Kala'i Rosario","MIN","AA",21,67,264,299,62,34,19,1,8,36,34,32,0,91,2,1,0,7,3,0,0.234848484,"sa3015199"
"Ricardo Olivar","MIN","AA",22,19,67,77,15,12,2,0,1,7,7,9,0,18,1,0,0,0,3,0,0.223880597,"sa3015234"
"Jean Walters","ARI","AA",22,33,112,130,24,19,3,1,1,10,13,6,0,22,1,3,8,0,2,2,0.214285714,"sa3015236"
"Jared Serna","MIA","AA",22,39,154,175,41,26,13,0,2,19,23,14,0,33,5,2,0,2,3,3,0.266233766,"sa3015579"
"Christian Cerda","ARI","AA",21,17,50,66,10,7,3,0,0,7,7,16,0,22,0,0,0,0,1,0,0.2,"sa3015623"
"Leonardo Bernal","STL","AA",20,14,49,55,10,8,1,0,1,2,4,6,0,9,0,0,0,1,0,2,0.204081632,"sa3015773"
"Allan Castro","BOS","AA",21,28,100,117,18,15,2,0,1,15,9,13,0,30,1,3,0,0,6,3,0.18,"sa3016084"
"Diego Velasquez","SFG","AA",20,42,147,170,46,40,4,1,1,14,20,16,0,29,3,1,3,2,3,4,0.31292517,"sa3016144"
"Luis Ravelo","BOS","AA",20,14,44,52,9,9,0,0,0,7,5,7,0,9,1,0,0,0,0,0,0.204545454,"sa3016171"
"Ahbram Liendo","BOS","AA",20,26,76,84,15,13,2,0,0,7,7,8,0,29,0,0,0,1,7,1,0.197368421,"sa3016173"
"Frederick Bencosme","BAL","AA",21,125,445,504,107,78,18,3,8,64,45,49,0,82,3,3,4,4,28,5,0.240449438,"sa3016779"
"Spencer Packard","SEA","AA",26,50,186,227,53,43,5,0,5,27,29,34,1,38,5,2,0,2,2,0,0.284946236,"sa3016803"
"Tanner Murray","TBR","AA",24,111,420,448,122,83,29,3,7,56,66,21,0,73,4,3,0,6,4,0,0.29047619,"sa3016805"
"Marcos Castanon","SDP","AA",25,110,405,466,92,59,20,0,13,37,54,45,0,104,10,6,0,7,3,0,0.227160493,"sa3016818"
"Max Ferguson","BOS","AA",24,25,82,94,13,8,2,0,3,13,10,11,0,27,0,1,0,0,6,2,0.158536585,"sa3016819"
"Lucas Dunn","SDP","AA",25,29,75,86,15,10,3,2,0,13,5,9,0,30,1,0,1,2,0,0,0.2,"sa3016820"
"Cole Cummings","SDP","AA",26,123,452,517,99,64,23,2,10,63,54,50,0,173,9,6,0,6,10,2,0.219026548,"sa3016830"
"Tanner Allen","MIA","AA",26,44,129,148,29,17,10,0,2,17,12,14,0,34,3,0,2,1,4,3,0.224806201,"sa3016854"
"Zach Zubia","MIA","AA",26,68,232,274,44,27,6,1,10,31,26,38,1,87,3,1,0,2,2,0,0.189655172,"sa3016861"
"Myles Emmerson","LAA","AA",26,35,99,119,24,19,4,0,1,14,9,17,0,28,1,1,1,4,0,1,0.242424242,"sa3016862"
"Tyler McDonough","BOS","AA",25,85,296,325,74,49,18,2,5,39,36,27,1,92,0,1,1,7,15,5,0.25,"sa3016869"
"Mike Antico","STL","AA",26,70,244,276,66,50,5,2,9,47,33,22,0,54,4,3,2,2,18,3,0.270491803,"sa3016922"
"Abimelec Ortiz","TEX","AA",22,115,419,476,102,61,21,2,18,68,64,50,0,104,4,3,0,6,2,4,0.243436754,"sa3016926"
"Ben Ramirez","SEA","AA",25,90,299,329,62,47,13,0,2,29,19,20,0,87,3,2,4,5,9,4,0.207357859,"sa3016950"
"Andy Thomas","SFG","AA",26,115,378,432,85,63,16,1,5,49,38,43,0,87,6,1,4,5,4,2,0.224867724,"sa3016953"
"Tyler Hardman","NYY","AA",25,74,269,309,47,32,6,1,8,36,32,33,0,120,2,4,0,4,12,2,0.174721189,"sa3016955"
"Chris Meyers","DET","AA",25,122,442,503,113,72,23,0,18,67,58,46,0,130,13,2,0,6,4,2,0.255656108,"sa3016956"
"Caleb Roberts","ARI","AA",24,113,416,485,101,57,20,4,20,68,65,55,1,120,8,5,1,8,11,2,0.242788461,"sa3016959"
"Tyler Tolve","ATL","AA",23,84,300,326,64,32,20,1,11,35,43,16,0,112,8,2,0,3,0,0,0.213333333,"sa3016960"
"Corey Rosier","BOS","AA",24,34,102,116,23,17,5,0,1,9,9,11,0,23,1,2,0,0,8,0,0.225490196,"sa3016961"
"Grant Richardson","NYY","AA",24,108,389,431,100,64,25,2,9,53,47,32,0,121,5,4,1,3,16,6,0.257069408,"sa3016964"
"Cooper Bowman","OAK","AA",24,80,313,371,88,56,18,2,12,62,53,46,0,75,5,4,3,3,35,5,0.281150159,"sa3016966"
"Austin Murr","DET","AA",25,71,234,273,56,31,14,3,8,40,37,28,0,55,7,4,0,4,7,3,0.239316239,"sa3016967"
"Ben Malgeri","DET","AA",24,117,421,470,106,68,22,4,12,67,57,43,0,148,3,3,0,7,20,4,0.251781472,"sa3016975"
"Ben Cowles","NYY","AA",24,92,339,395,97,60,25,3,9,54,51,41,0,70,9,6,0,8,14,2,0.286135693,"sa3016976"
"Aaron McKeithan","STL","AA",24,55,163,191,43,36,5,1,1,11,16,17,0,30,8,3,0,6,0,0,0.26380368,"sa3016977"
"Noah Mendlinger","STL","AA",23,103,355,401,100,80,20,0,0,44,45,29,0,50,13,2,2,6,4,4,0.28169014,"sa3017001"
"Jack Rogers","CIN","AA",25,65,226,242,42,33,4,1,4,28,19,13,0,76,2,1,0,3,2,0,0.185840707,"sa3017017"
"Adam Hackenberg","CHW","AA",24,26,86,95,20,17,3,0,0,8,7,9,0,31,0,0,0,3,0,1,0.232558139,"sa3017041"
"Alex Binelas","BOS","AA",24,88,298,350,75,49,13,5,8,45,57,46,0,87,3,3,0,4,13,0,0.251677852,"sa3017044"
"Wes Clarke","MIL","AA",24,13,44,52,11,4,4,0,3,6,10,8,0,13,0,0,0,1,1,0,0.25,"sa3017045"
"Ethan Murray","MIL","AA",24,82,277,317,49,33,13,1,2,27,22,33,0,78,4,1,2,10,6,2,0.176895306,"sa3017051"
"Ruben Ibarra","CIN","AA",25,82,288,326,67,38,17,0,12,35,44,29,1,82,6,2,0,6,0,1,0.232638888,"sa3017053"
"Drake Osborn","NYM","AA",25,62,200,217,47,34,11,0,2,17,24,12,0,50,3,1,1,5,1,0,0.235,"sa3017077"
"Riley Tirotta","TOR","AA",25,18,56,73,16,11,2,1,2,11,8,16,1,19,0,1,0,0,2,2,0.285714285,"sa3017078"
"Cal Conley","ATL","AA",24,126,462,515,112,87,21,1,3,54,35,43,0,91,1,5,4,7,42,10,0.242424242,"sa3017080"
"Wyatt Young","NYM","AA",24,102,320,380,92,77,10,1,4,49,31,49,0,79,7,1,3,3,16,7,0.2875,"sa3017081"
"Tyler Miller","BOS","AA",24,58,202,226,46,31,14,0,1,22,25,16,0,38,3,5,0,1,2,2,0.227722772,"sa3017109"
"Peyton Wilson","KCR","AA",24,120,439,517,100,64,19,3,14,69,58,68,1,115,7,3,0,7,22,3,0.227790432,"sa3017110"
"Dillan Shrum","KCR","AA",26,111,397,457,93,55,19,3,16,60,57,45,0,144,12,3,0,9,0,0,0.234256926,"sa3017111"
"Phillip Sikes","BOS","AA",25,106,377,432,90,53,23,1,13,64,48,42,0,126,10,3,0,3,24,9,0.23872679,"sa3017113"
"Shawn Goosenberg","CHW","AA",24,33,115,128,23,14,7,0,2,15,11,9,0,27,2,1,1,2,8,2,0.2,"sa3017116"
"River Town","KCR","AA",24,67,196,249,46,36,7,2,1,33,17,41,1,33,9,3,0,4,3,5,0.234693877,"sa3017118"
"Bennett Hostetler","MIA","AA",26,44,154,164,34,22,11,0,1,14,7,7,0,55,2,1,0,4,5,0,0.22077922,"sa3017120"
"Austin Gauthier","LAD","AA",25,24,82,110,23,15,3,1,4,20,17,22,1,16,4,2,0,0,2,2,0.280487804,"sa3017121"
"Donta' Williams","BAL","AA",25,50,147,177,32,23,8,1,0,18,9,29,0,42,1,0,0,2,10,7,0.217687074,"sa3017152"
"Connor Pavolony","BAL","AA",24,58,184,210,27,20,4,0,3,13,11,22,0,68,3,0,1,2,1,0,0.14673913,"sa3017156"
"Cody Morissette","MIA","AA",24,112,380,418,76,47,17,2,10,40,46,30,1,108,5,3,0,3,16,3,0.2,"sa3017158"
"Nic Kent","COL","AA",24,101,326,364,81,66,13,0,2,36,35,23,0,83,7,1,7,2,10,0,0.248466257,"sa3017160"
"John Rhodes","BAL","AA",23,104,376,413,76,52,16,0,8,27,47,31,0,98,5,1,0,10,4,1,0.202127659,"sa3017162"
"Wyatt Hendrie","PIT","AA",25,20,63,72,16,11,4,0,1,8,13,4,0,16,1,1,3,2,4,0,0.253968253,"sa3017163"
"Zach Kokoska","COL","AA",25,104,343,398,74,31,22,1,20,57,67,35,2,122,14,5,1,5,15,4,0.21574344,"sa3017165"
"Garrett Spain","TOR","AA",23,102,329,369,55,34,9,1,11,35,32,34,1,99,2,0,2,4,12,2,0.167173252,"sa3017174"
"Collin Burns","BAL","AA",24,101,330,371,72,52,12,3,5,34,37,29,0,81,7,2,3,2,15,5,0.218181818,"sa3017176"
"Damon Keith","LAD","AA",24,75,282,318,73,40,15,2,16,45,38,32,1,94,3,1,0,8,13,6,0.258865248,"sa3017179"
"Rowdey Jordan","NYM","AA",25,116,413,466,90,62,19,0,9,53,53,42,1,123,6,3,1,13,25,7,0.217917675,"sa3017214"
"Quincy Hamilton","HOU","AA",26,18,61,77,8,6,1,0,1,5,5,13,0,15,3,0,0,0,3,1,0.13114754,"sa3017215"
"Ryan Higgins","BAL","AA",24,76,222,257,43,29,7,0,7,23,20,20,0,88,8,1,6,4,6,2,0.193693693,"sa3017220"
"Adam Zebrowski","ATL","AA",23,15,51,56,11,10,1,0,0,2,4,5,0,5,0,0,0,0,0,0,0.215686274,"sa3017221"
"Vaun Brown","SFG","AA",26,47,132,145,19,10,5,1,3,18,16,7,0,71,1,4,1,1,8,0,0.143939393,"sa3017282"
"Shane McGuire","OAK","AA",25,74,248,297,59,41,14,0,4,42,35,45,0,52,2,1,1,5,6,1,0.237903225,"sa3017284"
"Damon Dues","SFG","AA",26,30,81,96,15,14,1,0,0,8,3,13,0,28,1,1,0,0,4,1,0.185185185,"sa3017285"
"BJ Murray","CHC","AA",24,15,58,65,9,8,1,0,0,5,4,7,0,14,0,0,0,0,4,0,0.155172413,"sa3017287"
"James Triantos","CHC","AA",21,89,357,391,107,77,18,5,7,63,40,20,0,38,8,6,0,11,38,7,0.299719887,"sa3017295"
"Mat Nelson","CIN","AA",25,76,247,300,49,35,10,0,4,26,21,30,0,68,19,3,1,6,0,0,0.198380566,"sa3017328"
"Ethan Wilson","PHI","AA",24,91,317,352,67,43,14,1,9,31,36,25,0,75,3,6,1,5,9,5,0.211356466,"sa3017329"
"Dru Baker","TBR","AA",24,110,424,467,122,107,13,2,0,50,44,34,0,96,4,3,2,8,42,12,0.287735849,"sa3017331"
"Braiden Ward","COL","AA",25,85,268,323,65,48,8,4,5,50,19,24,0,81,23,2,6,3,32,5,0.242537313,"sa3017332"
"Matt Rudick","NYM","AA",25,114,415,491,99,63,27,1,8,54,41,64,0,106,10,2,0,2,12,7,0.238554216,"sa3017334"
"Terrell Tatum","CHW","AA",24,116,430,495,94,71,15,3,5,59,43,59,0,130,3,0,3,5,30,8,0.218604651,"sa3017338"
"JT Schwartz","NYM","AA",24,64,217,262,64,47,11,1,5,25,27,39,0,41,4,2,0,1,7,1,0.294930875,"sa3017371"
"Paul McIntosh","MIA","AA",26,117,418,480,103,71,18,2,12,50,55,50,1,95,10,2,0,19,8,3,0.246411483,"sa3017372"
"Joe Mack","MIA","AA",21,112,423,475,102,55,25,0,22,63,65,46,2,122,5,1,0,11,2,0,0.241134751,"sa3017374"
"Luca Tresh","KCR","AA",24,97,352,400,88,54,19,1,14,47,58,37,0,98,4,6,1,8,0,0,0.25,"sa3017394"
"Justice Thompson","CIN","AA",23,69,228,252,46,33,7,1,5,25,18,22,0,80,2,0,0,3,2,1,0.201754385,"sa3017395"
"Jose Torres","CIN","AA",24,79,254,279,55,39,11,0,5,35,21,17,0,82,4,2,1,2,9,3,0.216535433,"sa3017396"
"Brenden Dixon","PIT","AA",23,64,197,224,37,23,6,0,8,23,30,24,0,69,2,1,0,1,6,0,0.187817258,"sa3017397"
"Nathan Hickey","BOS","AA",24,26,82,106,17,7,10,0,0,14,9,23,0,28,1,0,0,1,1,1,0.207317073,"sa3017398"
"Mike Jarvis","PIT","AA",26,27,87,99,9,5,3,0,1,7,2,9,0,31,1,1,1,1,4,1,0.103448275,"sa3017401"
"Austin Callahan","CIN","AA",23,53,187,216,39,24,11,1,3,21,17,24,0,65,1,3,1,5,3,1,0.208556149,"sa3017407"
"Jackson Glenn","PIT","AA",26,73,224,249,43,30,9,0,4,28,20,19,0,75,0,3,3,6,2,2,0.191964285,"sa3017478"
"Casey Opitz","CHC","AA",25,40,131,155,23,15,4,2,2,16,11,23,0,41,1,0,0,2,3,0,0.175572519,"sa3017509"
"Christian Franklin","CHC","AA",24,98,347,427,93,71,15,2,5,63,38,71,0,89,6,3,0,13,34,7,0.268011527,"sa3017510"
"Tucker Mitchell","TEX","AA",23,21,70,78,7,5,1,1,0,7,3,7,0,16,1,0,0,3,0,0,0.1,"sa3017511"
"Noah Miller","LAD","AA",21,33,129,136,29,24,5,0,0,7,8,6,0,28,0,1,0,4,2,2,0.224806201,"sa3017512"
"Kahlil Watson","CLE","AA",21,96,359,407,79,46,15,2,16,56,41,42,0,125,3,3,0,4,15,9,0.22005571,"sa3017513"
"Kyler Fedko","MIN","AA",24,76,251,294,57,40,14,0,3,24,21,37,0,59,2,4,0,5,7,4,0.227091633,"sa3017561"
"Creed Willems","BAL","AA",21,16,65,69,17,10,3,0,4,5,14,2,0,13,0,2,0,1,1,0,0.261538461,"sa3017562"
"Andres Sosa","TOR","AA",26,57,173,208,35,23,7,1,4,22,16,25,0,63,9,0,1,2,1,0,0.202312138,"sa3017605"
"Noah Cardenas","MIN","AA",24,75,254,305,44,28,11,0,5,32,32,43,0,71,8,0,0,3,4,4,0.173228346,"sa3017624"
"Anthony Vilar","SDP","AA",25,26,80,100,11,7,3,0,1,15,6,18,0,32,1,0,1,1,3,0,0.1375,"sa3017660"
"Logan Cerny","HOU","AA",24,33,122,130,22,14,5,1,2,18,9,8,0,37,0,0,0,2,6,1,0.180327868,"sa3017661"
"Kenny Piper","TBR","AA",25,58,207,243,45,27,9,2,7,31,31,27,0,72,5,4,0,4,2,0,0.217391304,"sa3017664"
"Aaron Zavala","TEX","AA",24,118,416,498,93,70,17,1,5,53,52,63,2,139,9,8,2,5,12,5,0.223557692,"sa3017665"
"Connor Kokx","CLE","AA",24,35,95,109,22,19,3,0,0,13,7,8,0,26,6,0,0,1,9,3,0.231578947,"sa3017735"
"Jake Rucker","MIN","AA",24,121,468,515,122,89,23,1,9,55,68,35,1,77,8,3,1,14,5,4,0.26068376,"sa3017757"
"Mason Auer","TBR","AA",23,86,295,331,56,32,14,4,6,32,30,25,0,87,6,3,2,7,23,7,0.189830508,"sa3017791"
"Hao-Yu  Lee","DET","AA",21,87,342,386,102,66,19,5,12,55,56,33,0,69,5,6,0,10,16,1,0.298245614,"sa3017863"
"Brady Allen","DET","AA",24,108,366,410,75,46,17,3,9,40,47,33,0,139,6,5,0,8,6,7,0.204918032,"sa3018098"
"Jason Matthews","CHW","AA",27,117,360,418,70,55,8,3,4,41,31,43,0,117,6,3,6,4,8,2,0.194444444,"sa3018152"
"Alsander Womack","CHW","AA",25,44,131,147,28,24,3,0,1,20,12,11,0,30,2,3,0,3,4,1,0.213740458,"sa3018214"
"Nelson Rada","LAA","AA",18,123,428,502,100,87,12,0,1,53,31,57,0,117,8,5,4,8,35,11,0.233644859,"sa3018421"
"Luis Baez","HOU","AA",20,14,51,61,11,7,3,0,1,4,9,8,0,11,0,2,0,3,2,0,0.215686274,"sa3018482"
"Griffin Lockwood-Powell","LAD","AA",26,111,420,469,97,67,16,0,14,49,55,40,0,108,5,4,0,15,2,1,0.23095238,"sa3019303"
"Hogan Windish","SEA","AA",25,124,436,518,95,54,25,1,15,66,62,65,0,167,12,5,0,12,19,2,0.217889908,"sa3019805"
"Jacob Berry","MIA","AA",23,104,386,425,92,64,18,1,9,40,45,31,0,87,7,1,0,4,12,2,0.238341968,"sa3019825"
"R.J. Yeager","STL","AA",25,113,422,467,107,75,17,0,15,62,65,32,0,60,8,5,0,12,10,2,0.253554502,"sa3019840"
"Tucker Flint","LAA","AA",23,121,422,506,104,66,19,3,16,61,58,71,0,150,9,3,1,3,15,8,0.246445497,"sa3019856"
"Ivan Melendez","ARI","AA",24,107,399,442,95,62,10,1,22,58,47,34,0,133,9,0,0,13,3,1,0.238095238,"sa3019859"
"Chris Rotondo","STL","AA",25,60,171,187,35,24,7,1,3,25,16,11,0,65,3,0,2,0,7,2,0.204678362,"sa3019861"
"Romeo Sanabria","SDP","AA",22,32,111,136,30,25,4,0,1,9,19,21,0,38,0,4,0,2,0,2,0.27027027,"sa3019865"
"Ben Gobbel","LAA","AA",24,68,241,255,55,40,7,0,8,29,33,10,0,59,3,0,1,6,10,3,0.228215767,"sa3019870"
"Keshawn Ogans","ATL","AA",22,100,357,393,78,62,13,2,1,40,26,27,0,75,7,1,1,11,16,8,0.218487394,"sa3019893"
"Bryson Worrell","ATL","AA",25,22,67,73,8,6,0,0,2,6,7,4,0,32,1,1,0,0,1,0,0.119402985,"sa3019897"
"Bubba Alleyne","LAD","AA",25,97,286,325,72,50,14,2,6,37,35,33,0,87,4,2,0,3,15,9,0.251748251,"sa3019902"
"Javi Vaz","KCR","AA",23,115,433,523,114,82,22,2,8,80,42,73,2,60,6,2,9,1,16,3,0.263279445,"sa3019906"
"Taylor Young","LAD","AA",25,128,474,547,112,78,28,2,4,66,43,59,0,138,11,2,0,4,46,10,0.236286919,"sa3019907"
"Caleb Ricketts","PHI","AA",24,75,260,308,57,41,8,1,7,40,31,32,0,61,13,3,0,3,1,0,0.219230769,"sa3019917"
"Cade Fergus","PHI","AA",23,37,119,137,24,16,4,0,4,14,13,14,0,54,4,0,0,0,7,2,0.201680672,"sa3019919"
"Eric Brown Jr.","MIL","AA",23,105,390,441,72,51,16,1,4,47,38,41,1,83,6,4,0,3,20,8,0.184615384,"sa3019923"
"Robert Moore","PHI","AA",22,107,379,435,91,62,20,0,9,48,41,39,1,73,9,3,5,4,19,11,0.24010554,"sa3019928"
"Jacob Burke","CHW","AA",23,71,223,256,43,36,6,1,0,26,17,26,0,67,5,1,1,2,24,2,0.192825112,"sa3019934"
"Collin Price","HOU","AA",24,83,275,320,61,39,12,0,10,34,30,36,0,78,4,5,0,3,5,1,0.221818181,"sa3019935"
"Jud Fabian","BAL","AA",23,98,361,422,84,49,16,1,18,53,58,46,0,126,7,6,2,4,13,5,0.23268698,"sa3019942"
"David McCabe","ATL","AA",24,35,117,141,16,11,3,0,2,12,9,24,0,42,0,0,0,4,2,0,0.136752136,"sa3019964"
"Zach Morgan","SFG","AA",24,24,84,93,19,14,3,0,2,13,6,8,0,22,0,0,1,4,3,0,0.226190476,"sa3019968"
"Spencer Jones","NYY","AA",23,122,482,544,125,72,30,6,17,73,78,54,2,200,4,4,0,3,25,9,0.259336099,"sa3019969"
"Chris Newell","LAD","AA",23,27,99,113,16,11,3,0,2,9,9,11,0,37,1,2,0,1,7,0,0.161616161,"sa3019971"
"Brennan Milone","OAK","AA",23,127,478,548,133,87,29,2,15,75,70,59,0,117,6,5,0,12,8,5,0.278242677,"sa3019974"
"Silas Ardoin","BAL","AA",23,104,360,417,72,54,13,1,4,26,34,47,0,116,5,3,2,6,3,2,0.2,"sa3019976"
"Nathan Martorella","SDP","AA",23,127,467,527,107,71,17,1,18,64,55,49,0,96,5,6,0,10,8,0,0.229122055,"sa3019978"
"Kody Huff","CLE","AA",23,98,335,389,82,57,17,1,7,45,28,44,0,87,6,3,1,9,7,0,0.244776119,"sa3019982"
"Gavin Cross","KCR","AA",23,101,383,436,100,66,19,0,15,54,59,45,4,105,4,4,0,2,30,2,0.261096605,"sa3019985"
"Caeden Trenkle","OAK","AA",23,74,236,267,46,30,11,1,4,29,23,25,0,82,0,3,1,5,3,0,0.194915254,"sa3019991"
"Cayden Wallace","KCR","AA",22,45,167,185,43,30,10,0,3,23,19,11,0,33,5,2,0,4,3,3,0.257485029,"sa3019996"
"Daniel Susac","OAK","AA",23,88,343,370,88,54,19,3,12,39,50,16,0,96,7,4,0,8,7,2,0.256559766,"sa3019997"
"Jose Izarra","LAD","AA",22,28,61,73,10,6,3,0,1,6,4,11,0,30,0,0,1,0,3,1,0.163934426,"sa3019998"
"Sterlin Thompson","COL","AA",23,119,462,518,113,78,18,4,13,62,57,43,0,122,9,4,0,12,12,4,0.244588744,"sa3019999"
"Henry Bolte","OAK","AA",20,54,202,227,51,32,13,2,4,32,21,20,0,88,4,0,0,6,18,6,0.252475247,"sa3020006"
"Blake Rambusch","SEA","AA",24,60,182,216,48,43,4,1,0,35,12,25,0,37,6,1,2,2,20,7,0.263736263,"sa3020008"
"Tanner Schobel","MIN","AA",23,122,455,520,96,62,20,4,10,67,53,59,0,124,1,4,1,7,13,6,0.21098901,"sa3020009"
"Kevin Graham","ARI","AA",24,94,310,347,66,43,16,2,5,44,31,32,1,106,3,1,1,6,6,0,0.212903225,"sa3020087"
"Jorel Ortega","MIN","AA",23,121,364,417,78,52,13,3,10,49,44,44,0,102,6,2,1,4,11,6,0.214285714,"sa3020090"
"Harrison Spohn","MIA","AA",25,89,279,313,51,32,10,2,7,25,29,30,0,117,1,2,1,4,6,4,0.182795698,"sa3020093"
"Matt Donlan","BOS","AA",24,16,41,51,6,3,3,0,0,3,4,4,0,13,5,1,0,0,0,0,0.146341463,"sa3020107"
"Josh Hatcher","TEX","AA",25,107,417,454,125,90,20,3,12,60,68,30,2,122,4,3,0,7,23,7,0.299760191,"sa3020115"
"Tres Gonzalez","PIT","AA",23,95,322,363,77,67,9,1,0,34,24,28,1,75,7,1,5,3,10,8,0.239130434,"sa3020121"
"Tommy Sacco Jr.","HOU","AA",25,102,391,448,95,66,16,3,10,49,33,52,1,83,3,2,0,5,16,6,0.242966751,"sa3020125"
"Ryan Clifford","NYM","AA",20,98,333,405,77,38,21,0,18,53,58,63,3,117,5,3,0,2,3,2,0.231231231,"sa3020126"
"Matt Higgins","SFG","AA",24,32,103,119,27,22,4,0,1,11,15,12,0,27,1,2,0,1,2,1,0.262135922,"sa3020128"
"Nick Cimillo","PIT","AA",24,44,161,185,36,22,9,1,4,17,23,22,0,32,2,0,0,4,1,0,0.223602484,"sa3020129"
"Haydn McGeary","CHC","AA",24,102,356,407,74,47,14,1,12,38,63,39,1,126,5,5,0,7,7,0,0.207865168,"sa3020133"
"Jett Williams","NYM","AA",20,22,87,101,15,10,4,1,0,12,3,10,0,25,4,0,0,1,2,2,0.172413793,"sa3020134"
"Carter Howell","SFG","AA",25,115,445,505,121,81,30,7,3,64,42,47,0,99,6,4,3,6,15,4,0.271910112,"sa3020139"
"Andrew Kachel","SFG","AA",23,18,57,67,13,8,3,0,2,6,11,7,0,16,3,0,0,1,1,0,0.228070175,"sa3020140"
"Devonte Brown","TOR","AA",24,101,350,413,81,57,12,2,10,53,43,54,0,148,7,2,0,0,15,2,0.231428571,"sa3020189"
"Mario Camilletti","CHW","AA",25,47,155,204,37,28,7,0,2,22,14,45,0,38,2,2,0,3,3,2,0.238709677,"sa3020192"
"Dominic Keegan","TBR","AA",23,104,375,442,107,72,23,3,9,58,60,50,1,90,7,10,0,4,0,0,0.285333333,"sa3020194"
"Michael Turconi","TOR","AA",25,76,244,296,60,45,13,0,2,33,29,44,0,82,5,2,1,2,9,1,0.245901639,"sa3020195"
"Cade Doughty","TOR","AA",23,30,108,114,23,18,3,1,1,6,9,5,0,31,0,0,1,3,0,2,0.212962962,"sa3020196"
"Cortland Lawson","WSN","AA",24,105,350,391,76,60,15,1,0,39,31,30,0,88,4,4,3,4,10,5,0.217142857,"sa3020202"
"Josh Kasevich","TOR","AA",23,87,363,393,103,80,20,0,3,51,41,26,1,42,2,2,0,13,10,1,0.283746556,"sa3020203"
"Jalen Battles","TBR","AA",24,76,258,286,59,44,12,2,1,36,25,21,0,70,4,2,1,6,5,0,0.22868217,"sa3020205"
"Termarr Johnson","PIT","AA",20,14,48,57,11,7,2,0,2,9,8,7,1,11,0,2,0,0,2,1,0.229166666,"sa3020214"
"Mikey Romero","BOS","AA",20,16,70,74,17,8,3,0,6,11,12,2,0,25,0,2,0,1,0,0,0.242857142,"sa3020216"
"Dylan O'Rae","MIL","AA",20,64,246,298,42,34,7,0,1,28,13,45,0,71,5,1,1,1,29,7,0.170731707,"sa3020220"
"Ryan Wrobleski","HOU","AA",24,35,121,137,25,20,4,0,1,10,8,9,0,36,7,0,0,3,6,0,0.20661157,"sa3020239"
"Justin Crawford","PHI","AA",20,40,165,180,55,41,11,0,3,25,26,11,0,29,2,1,1,2,15,1,0.333333333,"sa3020240"
"Ryan McCarty","TOR","AA",25,73,261,286,63,41,13,0,9,40,24,18,0,74,6,1,0,3,5,5,0.24137931,"sa3020244"
"Dalton Shuffield","MIN","AA",25,38,123,139,28,18,6,0,4,20,19,13,0,38,2,1,0,0,7,1,0.227642276,"sa3020270"
"Ben Ross","MIN","AA",23,123,410,458,87,57,18,1,11,48,38,40,0,136,3,4,1,4,20,7,0.212195121,"sa3020353"
"Matt Coutney","LAA","AA",24,28,103,114,20,16,3,0,1,6,8,10,1,42,0,0,1,0,0,0,0.194174757,"sa3020413"
"Max Wagner","BAL","AA",22,19,64,72,7,6,0,0,1,4,3,7,0,29,1,0,0,1,2,0,0.109375,"sa3020415"
"Andrew Cossetti","MIN","AA",24,86,317,368,61,32,18,3,8,34,43,41,0,115,8,2,0,8,5,1,0.192429022,"sa3020493"
"Xavier Isaac","TBR","AA",20,31,109,133,23,15,4,1,3,14,17,21,0,54,2,1,0,4,1,1,0.211009174,"sa3020498"
"Kevin Parada","NYM","AA",22,114,398,454,85,54,17,1,13,41,43,45,1,153,8,3,0,6,0,1,0.213567839,"sa3020575"
"Joe Lampe","CLE","AA",23,105,361,406,90,63,18,5,4,49,38,36,0,78,4,2,2,2,20,4,0.249307479,"sa3020642"
"Michael Turner","CHW","AA",25,96,330,385,72,56,13,1,2,38,33,50,0,77,3,2,0,5,6,0,0.218181818,"sa3020658"
"Andrew Pintar","ARI","AA",23,43,163,191,31,24,6,1,0,19,14,20,0,47,3,2,3,2,6,0,0.190184049,"sa3020715"
"Geisel Cepeda","TEX","AA",26,50,161,183,33,22,10,0,1,25,17,17,0,23,3,0,2,5,8,0,0.204968944,"sa3020717"
"Gabriel Rincones Jr.","PHI","AA",23,59,224,258,59,32,15,1,11,35,29,30,0,66,3,1,0,3,20,7,0.263392857,"sa3020758"
"Jack Pineda","KCR","AA",24,39,128,155,30,20,7,0,3,21,23,13,0,37,3,2,9,2,4,1,0.234375,"sa3020762"
"Nate Furman","CLE","AA",22,13,40,51,5,3,1,1,0,6,4,8,0,8,2,0,1,1,2,0,0.125,"sa3020763"
"Guy Lipscomb","CLE","AA",23,26,66,79,18,11,6,0,1,9,3,12,0,13,0,1,0,0,8,1,0.272727272,"sa3020764"
"Turner Hill","SFG","AA",25,57,188,222,50,41,7,2,0,23,20,24,0,31,6,2,2,3,14,3,0.265957446,"sa3020943"
"Robert Brooks","TOR","AA",25,23,59,67,12,8,2,0,2,4,7,7,0,25,1,0,0,0,0,0,0.20338983,"sa3022160"
"Cole Fontenelle","LAA","AA",22,22,72,89,20,14,4,0,2,16,9,11,0,23,5,1,0,1,12,1,0.277777777,"sa3022429"
"Dakota Harris","STL","AA",22,45,150,168,35,25,9,0,1,20,13,9,0,41,6,2,1,2,3,1,0.233333333,"sa3022431"
"Brock Rodden","SEA","AA",24,64,240,266,50,30,13,2,5,27,31,18,1,74,1,5,2,2,8,3,0.208333333,"sa3022432"
"Mac McCroskey","LAA","AA",24,71,213,246,46,38,7,0,1,25,16,26,0,77,2,1,4,1,11,1,0.215962441,"sa3022444"
"Johnny Olmstead","MIA","AA",23,26,87,96,25,17,4,1,3,13,15,7,0,16,1,1,0,2,3,2,0.287356321,"sa3022494"
"Jacob Gonzalez","CHW","AA",22,94,365,407,82,57,20,0,5,40,42,28,0,57,5,7,2,4,10,5,0.224657534,"sa3022498"
"Brock Wilken","MIL","AA",22,108,402,471,80,48,15,0,17,58,51,63,0,133,4,2,0,10,1,0,0.199004975,"sa3022499"
"Will Simpson","OAK","AA",22,18,69,76,24,18,4,0,2,10,9,7,0,18,0,0,0,2,1,0,0.347826086,"sa3022530"
"Jeron Williams","HOU","AA",23,40,142,154,29,17,6,3,3,16,13,10,0,27,2,0,0,3,14,3,0.204225352,"sa3022566"
"Josh Rivera","CHC","AA",23,102,325,368,55,42,7,2,4,35,21,40,0,105,1,2,0,3,9,2,0.169230769,"sa3022590"
"Zach Arnold","PHI","AA",23,19,67,72,10,8,2,0,0,6,1,2,0,24,3,0,0,2,2,1,0.149253731,"sa3022593"
"RJ Schreck","SEA","AA",23,36,122,148,28,12,9,2,5,21,19,20,1,34,5,1,0,2,6,2,0.229508196,"sa3022602"
"Brett Bateman","CHC","AA",22,28,112,128,27,26,1,0,0,16,5,15,0,29,0,0,1,2,8,4,0.241071428,"sa3022603"
"Mike Boeve","MIL","AA",22,66,255,289,78,57,12,3,6,34,28,27,0,49,3,4,0,6,1,0,0.305882352,"sa3022658"
"Andrew Pinckney","WSN","AA",23,114,437,487,113,83,20,3,7,54,44,36,0,130,10,2,2,3,22,9,0.258581235,"sa3022670"
"Yohandy Morales","WSN","AA",22,69,245,282,66,49,11,1,5,25,34,31,0,69,5,1,0,3,4,3,0.269387755,"sa3022672"
"Phillip Glasser","WSN","AA",24,18,58,68,10,10,0,0,0,4,5,6,0,10,4,0,0,1,1,2,0.172413793,"sa3022680"
"Justin Wishkoski","SFG","AA",23,32,103,120,25,19,4,0,2,17,13,10,0,21,4,1,2,3,2,1,0.242718446,"sa3022686"
"Jared Wegner","NYY","AA",24,93,304,358,64,40,15,2,7,38,39,42,0,105,7,5,0,8,9,5,0.210526315,"sa3022695"
"Pascanel Ferreras","HOU","AA",22,88,314,359,63,40,11,6,6,31,30,37,0,98,6,2,0,12,8,3,0.200636942,"sa3022702"
"Drew Ehrhard","BOS","AA",25,21,68,78,18,10,5,1,2,11,8,7,0,18,3,0,0,1,0,1,0.264705882,"sa3022748"
"Dominic Pitelli","CIN","AA",22,79,279,319,66,55,8,2,1,35,20,32,0,82,1,2,5,6,33,5,0.236559139,"sa3022809"
"Cole Gabrielson","NYY","AA",23,16,43,52,11,8,2,1,0,6,6,8,0,15,1,0,0,0,3,1,0.255813953,"sa3022811"
"Austin Deming","HOU","AA",24,30,94,112,24,15,2,0,7,11,18,13,0,26,3,2,0,3,5,1,0.255319148,"sa3022813"
"Matthew Etzel","TBR","AA",22,68,240,270,59,42,6,4,7,32,29,25,1,72,2,3,0,3,14,6,0.245833333,"sa3022815"
"Charles McAdoo","TOR","AA",22,64,228,261,51,29,12,2,8,28,26,27,1,72,4,2,0,3,7,1,0.22368421,"sa3022823"
"Jonathon Long","CHC","AA",22,46,159,200,54,38,9,0,7,42,29,35,1,33,2,4,0,4,0,0,0.339622641,"sa3022864"
"LuJames Groover","ARI","AA",22,13,50,55,17,10,4,0,3,8,6,5,0,9,0,0,0,1,1,0,0.34,"sa3022887"
"Enrique Bradfield Jr.","BAL","AA",22,27,101,120,29,22,4,2,1,25,9,15,0,14,3,0,1,0,15,4,0.287128712,"sa3022917"
"Tre' Morgan","TBR","AA",21,21,76,91,16,11,2,1,2,12,13,12,0,17,1,1,0,1,1,1,0.210526315,"sa3022919"
"Brayden Taylor","TBR","AA",22,30,108,125,21,10,2,3,6,17,17,15,0,46,0,1,1,0,3,1,0.194444444,"sa3022921"
"Cooper Ingle","CLE","AA",22,25,89,103,25,17,6,0,2,9,12,14,0,16,0,0,0,0,4,0,0.280898876,"sa3023069"
"Rikuu Nishida","CHW","AA",23,11,45,50,15,15,0,0,0,10,2,4,0,0,1,0,0,0,4,1,0.333333333,"sa3023234"
"Sam Brown","LAA","AA",22,126,440,505,94,65,23,2,4,44,53,44,0,105,12,7,2,16,5,0,0.213636363,"sa3023367"
"Matt Hogan","CHW","AA",24,53,156,185,27,16,9,1,1,17,18,23,0,71,4,1,0,1,12,3,0.173076923,"sa3023375"
"David Mershon","LAA","AA",21,29,114,130,29,24,5,0,0,13,8,12,0,31,1,2,1,2,5,1,0.254385964,"sa3025335"
"Ray-Patrick Didder","SDP","AA",29,111,360,441,61,35,16,1,9,42,31,57,0,116,21,3,0,5,28,5,0.169444444,"sa736824"
"Michael De La Cruz","SDP","AA",31,71,235,274,49,40,8,0,1,27,24,33,0,37,1,2,2,4,6,2,0.208510638,"sa736830"
"Robbie Tenerowicz","SEA","AA",29,113,383,466,90,62,16,0,12,48,49,35,0,86,40,7,1,20,4,1,0.234986945,"sa738999"
"Cristian Santana","LAD","AA",27,16,59,64,13,10,1,1,1,5,5,5,0,18,0,0,0,3,0,1,0.220338983,"sa829387"
"Rodolfo Duran","KCR","AA",26,56,221,243,64,34,19,2,9,39,45,13,0,50,4,5,0,7,1,0,0.28959276,"sa877500"
"Bryan Torres","STL","AA",26,120,447,528,148,116,28,2,2,79,56,69,1,75,1,5,6,3,33,10,0.331096196,"sa885119"
"Juan Zabala","SDP","AA",24,59,191,209,43,32,8,0,3,19,19,16,0,55,1,1,0,7,2,4,0.22513089,"sa913717"
"Donovan Casey","LAD","AA",28,30,87,98,14,12,2,0,0,10,10,7,0,31,4,0,0,1,9,2,0.16091954,"sa915654"
"Ricardo Genoves","TBR","AA",25,28,93,108,20,7,8,0,5,14,14,12,0,29,1,1,1,2,0,0,0.215053763,"sa916844"
"Miguel Hernandez","CIN","AA",25,56,185,193,36,29,6,0,1,13,16,5,0,29,1,1,1,7,2,0,0.194594594,"sa917055"
"Shervyen Newton","KCR","AA",25,16,54,62,8,5,2,0,1,4,5,7,0,26,0,0,1,0,1,0,0.148148148,"sa917119"
"Ismael Munguia","SFG","AA",25,43,167,194,53,39,9,0,5,30,21,15,1,14,10,1,1,0,11,3,0.317365269,"sa917132"
"Leonel Valera","KCR","AA",24,83,273,290,66,49,11,5,1,42,25,13,0,70,2,1,1,2,14,1,0.241758241,"sa917320"
"Julio E. Rodriguez","DET","AA",27,30,97,104,18,11,6,0,1,10,7,5,0,22,2,0,0,5,0,0,0.18556701,"sa917669"
"Lolo Sanchez","SEA","AA",25,37,116,133,24,20,1,3,0,12,9,13,0,23,2,0,1,4,1,3,0.206896551,"sa917767"
"Andy Yerzy","MIL","AA",25,22,67,75,13,10,1,0,2,3,14,7,0,15,0,1,0,1,1,0,0.19402985,"sa917939"
"Tyler Neslony","CHW","AA",30,43,133,144,30,22,8,0,0,11,13,7,0,28,1,3,0,4,5,3,0.225563909,"sa918131"
"Brady Whalen","SFG","AA",26,17,65,74,11,8,2,0,1,5,7,9,0,17,0,0,0,3,0,0,0.169230769,"sa918278"
"Lyle Lin","ARI","AA",27,14,44,50,18,13,4,0,1,3,7,3,0,6,3,0,0,0,0,0,0.409090909,"sa918343"
"Jim Haley","PHI","AA",29,17,59,68,13,10,1,1,1,6,6,7,0,21,2,0,0,1,2,0,0.220338983,"sa918418"
"Brandon Martorano","SFG","AA",26,24,79,92,17,11,5,0,1,11,9,10,0,32,1,2,0,1,0,2,0.215189873,"sa918686"
"Eli Wilson","PIT","AA",25,25,67,75,11,7,1,0,3,7,6,7,0,20,0,1,0,2,3,1,0.164179104,"sa918961"
"Matt Fraizer","PIT","AA",26,56,192,218,46,33,7,1,5,25,21,20,1,59,3,2,1,3,10,3,0.239583333,"sa918983"
"Luis Santana","DET","AA",24,29,97,115,16,11,5,0,0,8,6,11,0,22,4,3,0,3,2,1,0.164948453,"sa921577"
"Lazaro Armenteros","OAK","AA",25,16,52,64,14,11,2,0,1,10,5,10,0,24,2,0,0,1,4,2,0.269230769,"sa969091"