Name,Team,PA,BB%,K%,BB/K,AVG,OBP,SLG,OPS,ISO,Spd,BABIP,UBR,wGDP,XBR,wSB,wRC,wRAA,wOBA,wRC+,NameASCII,PlayerId,MLBAMID
"Aaron Judge","NYY",704,0.188920454,0.242897727,0.777777777,0.322003577,0.458036984,0.701252236,1.15928922,0.379248659,3.920110021496349,0.367469879,2.299999952316284,-1,-0.8520598411560059,0.3662685975432396,176.15959543642595,93.8070330089052,0.4757340011100992,219.79886140937825,"Aaron Judge",15640,592450
"Juan Soto","NYY",713,0.180925666,0.16690042,1.084033613,0.288194444,0.419354838,0.569444444,0.988799282,0.28125,4.300614076383838,0.297619047,-4.300000190734863,1,-1.902435064315796,-1.964250959455967,146.7634593501984,63.35809427800763,0.4205848819428188,181.0058447502526,"Juan Soto",20123,665742
"Shohei Ohtani","LAD",731,0.110807113,0.221614227,0.5,0.309748427,0.39010989,0.646226415,1.036336305,0.336477988,8.105655160534827,0.336470588,1.8999998569488525,2.200000047683716,0.9350389242172241,8.798800624907017,156.33115792539346,70.82018756386266,0.43054929176412915,179.68991951126623,"Shohei Ohtani",19755,660271
"Bobby Witt Jr.","KCR",709,0.080394922,0.149506346,0.537735849,0.331761006,0.389280677,0.588050314,0.977330991,0.256289308,7.2023241576855455,0.35375494,3,2.4000000953674316,4.558211326599121,-0.07282041758298874,139.75057346715485,56.81312068148408,0.40973835374627793,169.12444444445453,"Bobby Witt Jr.",25764,677951
"Yordan Alvarez","HOU",635,0.108661417,0.149606299,0.726315789,0.307971014,0.392125984,0.567028985,0.959154969,0.259057971,3.845090797636476,0.316901408,-3.099999785423279,-0.6000000238418579,-2.8197038173675537,-0.07857240736484528,120.99862006165301,46.717544576602336,0.40158736975397163,167.07068408499794,"Yordan Alvarez",19556,670541
"Vladimir Guerrero Jr.","TOR",697,0.103299856,0.137733142,0.75,0.323051948,0.395982783,0.543831168,0.939813951,0.22077922,2.159302274889306,0.342105263,-5.300000309944153,-0.8999999761581421,-3.6985690593719482,-1.9016806408762932,130.73860448194316,49.20488855583241,0.39789022276871394,164.35300978204202,"Vladimir Guerrero Jr.",19611,665489
"Brent Rooker","OAK",614,0.096091205,0.288273615,0.333333333,0.293040293,0.364820846,0.562271062,0.927091908,0.269230769,4.276088545836224,0.362275449,0.6999999284744263,1.899999976158142,0.9793129563331604,-0.22255981713533401,112.35029903558612,40.52576305476546,0.39218441668103954,163.63141597278016,"Brent Rooker",19627,667670
"Marcell Ozuna","ATL",688,0.107558139,0.247093023,0.435294117,0.301980198,0.378457059,0.54620462,0.924661679,0.244224422,1.7297226310352216,0.359102244,-1.6000001430511475,-3.200000047683716,-3.3239994049072266,-1.2837754040956497,127.17431047463819,46.693397193197455,0.39450213334856243,154.36143982133862,"Marcell Ozuna",10324,542303
"Gunnar Henderson","BAL",719,0.108484005,0.221140472,0.490566037,0.28095238,0.364394993,0.528571428,0.892966421,0.247619048,6.711413310786194,0.319634703,2.9000000953674316,2.5,2.869885206222534,1.1119838654994965,125.35989116745752,41.252657665486744,0.38146476194387025,153.7138782514112,"Gunnar Henderson",26289,683002
"Ketel Marte","ARI",583,0.111492281,0.181818181,0.613207547,0.291666666,0.372212692,0.559523809,0.931736501,0.267857143,4.320483194670562,0.299191374,2.0000000447034836,0.20000000298023224,1.1142367124557495,-0.18097732216119766,106.12190957899442,37.9236938187038,0.3909995480337077,151.5016936584436,"Ketel Marte",13613,606466
"Bryce Harper","PHI",631,0.12044374,0.218700475,0.550724637,0.285454545,0.373015873,0.525454545,0.898470418,0.24,2.767145354128121,0.330729166,-0.6000000238418579,-1.2999999523162842,0.9213276505470276,-1.419673815369606,109.38315203397026,35.56998883543959,0.38021706340771305,143.48706463222692,"Bryce Harper",11579,547180
"Corey Seager","TEX",533,0.099437148,0.18011257,0.552083333,0.277894736,0.35272045,0.511578947,0.864299397,0.233684211,1.573348342249205,0.29059829,-4.099999845027924,0.699999988079071,-4.037429332733154,-1.1994516253471375,85.72261842286782,23.37330624407726,0.364663478286787,141.70737394636365,"Corey Seager",13624,608369
"José Ramírez","CLE",682,0.079178885,0.120234604,0.658536585,0.279032258,0.334801762,0.537096774,0.871898536,0.258064516,6.627416628901248,0.265346534,0.5,2.799999952316284,1.9885700941085815,4.291585817933083,109.47380956544085,29.69476471378013,0.3642762730118049,141.56230017761496,"Jose Ramirez",13510,608070
"Mookie Betts","LAD",516,0.118217054,0.110465116,1.070175438,0.288888888,0.372093023,0.491111111,0.863204134,0.202222223,6.294592030484924,0.293650793,-1.399999976158142,-0.6000000238418579,-0.6597516536712646,1.2692632526159286,85.60721453790048,25.246529576819928,0.3709689515573969,139.58826654924889,"Mookie Betts",13611,605141
"Jurickson Profar","SDP",668,0.113772455,0.151197604,0.752475247,0.280141843,0.380090497,0.459219858,0.839310355,0.179078015,3.6232297817421055,0.301801801,-3.5000001192092896,0.6000000238418579,-0.010630891658365726,-0.7540415599942207,107.77482664995253,29.633474801111813,0.365296050431334,139.0482625124775,"Jurickson Profar",10815,595777
"Seiya Suzuki","CHC",585,0.107692307,0.273504273,0.39375,0.283203125,0.365811965,0.482421875,0.84823384,0.19921875,5.7790041590865755,0.370149253,-1.5,2.0999999046325684,-0.34251993894577026,-0.4691487178206444,94.18438053726358,25.752208633712957,0.36487284691882704,137.04940226830053,"Seiya Suzuki",30116,673548
"Francisco Lindor","NYM",689,0.081277213,0.184325108,0.440944881,0.273462783,0.343976777,0.5,0.843976777,0.226537217,5.650956853192346,0.295010845,2.2000001668930054,1.600000023841858,1.1131991147994995,2.885617181658745,109.82636414417776,29.228472791107027,0.36288581496572286,136.88434045427996,"Francisco Lindor",12916,596019
"Freddie Freeman","LAD",638,0.122257053,0.156739811,0.78,0.282287822,0.377742946,0.47601476,0.853757706,0.193726938,4.09725074533176,0.306074766,-0.20000000298023224,0.10000000149011612,-1.096237301826477,-0.3754018619656563,102.96599371057994,28.33398401063927,0.36535710949207906,135.81111216912672,"Freddie Freeman",5361,518692
"Rafael Devers","BOS",601,0.111480865,0.244592346,0.455782312,0.272380952,0.354409317,0.516190476,0.870599793,0.243809524,4.6673906424774545,0.323033707,-1.2999999523162842,-0.5,-0.45952650904655457,-0.44179974496364594,96.35161241729715,26.047791367666516,0.36402783280133794,135.56321950373743,"Rafael Devers",17350,646240
"Riley Greene","DET",584,0.109589041,0.267123287,0.41025641,0.26171875,0.34819897,0.478515625,0.826714595,0.216796875,4.895374963546641,0.329341317,0.20000004768371582,1.5,0.9737738966941833,-1.1386292055249214,89.56901136052309,21.253817528602468,0.35539623961366457,133.9164145492124,"Riley Greene",25976,682985
"Kyle Schwarber","PHI",692,0.15317919,0.28468208,0.538071065,0.247818499,0.365606936,0.485165794,0.85077273,0.237347295,2.8862746911738246,0.300578034,-0.10000002384185791,0.6000000238418579,-0.7096487283706665,-1.7066870406270027,111.93187423265138,30.98304866469064,0.36580757077696713,133.78848837650378,"Kyle Schwarber",16478,656941
"Teoscar Hernández","LAD",652,0.081288343,0.288343558,0.281914893,0.271646859,0.339477726,0.500848896,0.840326622,0.229202037,4.415695283835049,0.344173441,0.7999999523162842,1.7000000476837158,0.6048876643180847,-0.006774969398975372,102.33031413060182,26.06061142784112,0.359840165041847,132.0978303888234,"Teoscar Hernandez",13066,606192
"William Contreras","MIL",679,0.114874815,0.204712812,0.561151079,0.280672268,0.365243004,0.465546218,0.830789222,0.18487395,4.415599497166965,0.330275229,-0.2999999523162842,-3.0999999046325684,-2.134981393814087,-0.4385412409901619,105.95967461599218,26.53156397922146,0.3587271837346278,131.66159897082017,"William Contreras",20503,661388
"Steven Kwan","CLE",540,0.098148148,0.094444444,1.039215686,0.291666666,0.368029739,0.425,0.793029739,0.133333334,5.102867599411571,0.303614457,1.7999999970197678,0.20000000298023224,1.1071525812149048,-0.9272817000746727,80.23567458205726,17.067515901856677,0.3494486094185854,131.13221880055934,"Steven Kwan",24610,680757
"Jarren Duran","BOS",735,0.073469387,0.217687074,0.3375,0.284649776,0.341961852,0.491803278,0.83376513,0.207153502,7.982662395677068,0.344827586,2.099999964237213,0.699999988079071,5.671164035797119,2.6469207033514977,113.59841430554036,27.619531657489574,0.3568673902286514,130.52641796994712,"Jarren Duran",24617,680776
"Jackson Merrill","SDP",593,0.048903878,0.170320404,0.287128712,0.292418772,0.32597623,0.5,0.82597623,0.207581228,6.132499834830481,0.31797235,,,2.762700319290161,0.9589659124612808,89.09346624302768,19.725469766437037,0.351507786788097,129.76781594820272,"Jackson Merrill",29490,701538
"Anthony Santander","BAL",665,0.087218045,0.193984962,0.449612403,0.235294117,0.308270676,0.505882352,0.814153028,0.270588235,3.2090874754210423,0.224824355,-1.100000023841858,1,-2.0920820236206055,-0.633907325565815,96.5210349187663,18.730617284815597,0.3451743663437777,128.18647287598864,"Anthony Santander",14551,623993
"Jose Altuve","HOU",682,0.068914956,0.174486803,0.394957983,0.294585987,0.350439882,0.439490445,0.789930327,0.144904458,4.423971485211609,0.337423312,-0.3999999761581421,-1.399999976158142,-0.8066286444664001,0.09696464240550995,98.47424143025732,18.695196578596605,0.344237520589548,126.72962900331002,"Jose Altuve",5417,514888
"Trea Turner","PHI",539,0.050092764,0.181818181,0.275510204,0.295049504,0.337662337,0.46930693,0.806969267,0.174257426,5.2825283821312405,0.330749354,1.7999998331069946,0.8999999761581421,1.5277154445648193,1.106604978442192,79.92134567935344,16.870165070782857,0.3490665514084315,122.52063480906867,"Trea Turner",16252,607208
"Nathaniel Lowe","TEX",565,0.125663716,0.221238938,0.568,0.265432098,0.361061946,0.401234567,0.762296513,0.135802469,2.6362931825550135,0.323782234,-0.30000001192092896,0.6000000238418579,0.0954488143324852,-0.9417117983102798,78.41105763695643,12.318447166005836,0.3372676782574214,122.43660873784535,"Nathaniel Lowe",19566,663993
"Manny Machado","SDP",643,0.069984447,0.192846034,0.362903225,0.274873524,0.32503888,0.472175379,0.797214259,0.197301855,3.5726913585907174,0.301801801,0.2999999523162842,-2.5,-0.6153727769851685,0.25347839295864105,90.47638189995419,15.259481841863511,0.3396645368923385,121.7964969591834,"Manny Machado",11493,592518
"Pete Alonso","NYM",695,0.100719424,0.247482014,0.406976744,0.240131578,0.329496402,0.458881578,0.78837798,0.21875,2.750297248737655,0.275862068,-1.6000000014901161,0.10000000149011612,-3.5637903213500977,-0.6627875715494156,97.89861168860448,16.598851905753733,0.3398528206020637,121.38155642447019,"Pete Alonso",19251,624413
"Ian Happ","CHC",657,0.121765601,0.255707762,0.476190476,0.242530755,0.340943683,0.44112478,0.782068463,0.198594025,4.8940028570369805,0.298941798,0.20000004768371582,0.8999999761581421,0.7414231896400452,0.5114147961139679,93.17625490495568,16.321661844044968,0.34104491788439634,121.011572715351,"Ian Happ",17919,664023
"Matt Chapman","SFG",647,0.098918083,0.244204018,0.405063291,0.246956521,0.327666151,0.462608695,0.790274846,0.215652174,5.571659057504478,0.293367346,6.100000001490116,-0.10000000149011612,2.6017322540283203,1.0771556720137596,91.28461153238707,15.59979918777637,0.34013576694527026,120.8136118890585,"Matt Chapman",16505,656305
"Willy Adames","MIL",688,0.107558139,0.251453488,0.427745664,0.250819672,0.331395348,0.462295081,0.793690429,0.211475409,4.433158213874132,0.296568627,0.4999999850988388,0.20000000298023224,-0.09257011115550995,1.3171868473291397,98.06381335588893,17.582900074448172,0.34193181539103934,120.35716481776153,"Willy Adames",15986,642715
"Yandy Díaz","TBR",621,0.080515297,0.152979066,0.526315789,0.280639431,0.341384863,0.413854351,0.755239214,0.13321492,1.0887334275,0.31441048,-2,-1.2999999523162842,-2.3256711959838867,-1.3101421147584915,82.81682198841915,10.173439506188483,0.3305333292234731,120.34472436052373,"Yandy Diaz",16578,650490
"JJ Bleday","OAK",642,0.10436137,0.194704049,0.536,0.243006993,0.324492979,0.437062937,0.761555916,0.194055944,3.2025446969557985,0.278688524,-2.0999999046325684,1.399999976158142,-0.6886841654777527,-1.9120659306645393,85.45509124868353,10.35516926222285,0.33021923363302047,120.0438407845668,"JJ Bleday",26368,668709
"Heliot Ramos","SFG",518,0.071428571,0.26061776,0.274074074,0.269473684,0.322393822,0.469473684,0.791867506,0.2,4.190042005948293,0.329192546,-0.9999999403953552,-0.30000001192092896,-0.4907782971858978,-0.12841980904340744,72.5186920903445,11.924050986003946,0.3387795454540918,119.90078186173474,"Heliot Ramos",22515,671218
"Jorge Soler","- - -",574,0.118466898,0.245644599,0.482269503,0.24137931,0.338003502,0.442190669,0.780194171,0.200811359,3.073100454545923,0.292537313,-3.600000187754631,0.6999999731779099,-3.518749237060547,-0.8812618628144264,80.85228074645777,13.706867630837152,0.33977710313429554,119.6547747179425,"Jorge Soler",14221,624585
"Christian Walker","ARI",552,0.099637681,0.240942028,0.413533834,0.25052192,0.335144927,0.467640918,0.802785845,0.217118998,2.2282734236255486,0.286585365,1.3999999538064003,-0.10000000149011612,-1.7844569683074951,-1.428135298192501,79.35263953700093,14.780743997240332,0.3434478165241924,119.49611886445915,"Christian Walker",13419,572233
"Elly De La Cruz","CIN",696,0.099137931,0.31321839,0.316513761,0.258899676,0.338616714,0.470873786,0.8094905,0.21197411,8.693407955542142,0.359042553,,,1.8167731761932373,5.641325235366821,102.9665163871542,21.54977853267347,0.34864824028373453,118.98628118151379,"Elly De La Cruz",26668,682829
"Josh Naylor","CLE",633,0.091627172,0.165876777,0.552380952,0.243339253,0.319620253,0.456483126,0.776103379,0.213143873,3.236399162571689,0.245939675,-1.9000000953674316,-2.0999999046325684,-1.8630763292312622,-0.6912746652960777,84.96071058268845,10.913591240897764,0.33160023488998414,118.57730766360805,"Josh Naylor",18839,647304
"Colton Cowser","BAL",561,0.092691622,0.306595365,0.302325581,0.242484969,0.320855614,0.446893787,0.767749401,0.204408818,5.033934289179484,0.316993464,,,1.9450657367706299,-0.8223632499575615,75.2324724524203,9.607774267989695,0.3314574734042923,118.53773026055624,"Colton Cowser",29591,681297
"Bryan Reynolds","PIT",692,0.082369942,0.225433526,0.365384615,0.274919614,0.343930635,0.446945337,0.790875972,0.172025723,4.17227248054702,0.330337078,2.799999952316284,2.700000047683716,1.196487545967102,-0.22275639325380325,99.08665101128608,18.137825443325344,0.3427446141990418,118.32794949371922,"Bryan Reynolds",19326,668804
"Jackson Chourio","MIL",573,0.068062827,0.211169284,0.322314049,0.274621212,0.326923076,0.464015151,0.790938227,0.189393939,6.058048917317218,0.319587628,,,3.4135067462921143,0.5468327179551125,80.11255150211129,13.084116458120667,0.33854969905715593,118.0807686940073,"Jackson Chourio",28806,694192
"Michael Busch","CHC",567,0.111111111,0.285714285,0.388888888,0.24798387,0.335097001,0.439516129,0.77461313,0.191532259,3.391394675610845,0.321766561,,,-0.518538236618042,-1.0941606909036636,78.31988909346772,11.993322479257113,0.3364596908168321,117.92540059922176,"Michael Busch",26319,683737
"Jesse Winker","- - -",508,0.124015748,0.208661417,0.594339622,0.253488372,0.359683794,0.404651162,0.764334956,0.15116279,4.073787002388085,0.303514376,-1,0,-2.877276474609971,0.05135800689458847,70.77096228716752,11.346101899126984,0.33783508328691364,117.73833741010053,"Jesse Winker",13590,608385
"Cal Raleigh","SEA",628,0.111464968,0.280254777,0.397727272,0.219780219,0.31210191,0.435897435,0.747999345,0.216117216,2.925951453449971,0.251461988,-2.0999999046325684,1.7000000476837158,-2.255796194076538,-0.3257303684949875,79.72345096858389,6.26122198494322,0.32256641812049425,117.65010850027649,"Cal Raleigh",21534,663728
"Matt Olson","ATL",685,0.103649635,0.248175182,0.417647058,0.246666666,0.332846715,0.456666666,0.789513381,0.21,1.62969924,0.293103448,-3.900000050663948,0.20000000298023224,-2.382702589035034,-1.2312178909778595,96.26796071291908,16.13798164636834,0.33945008884457983,117.30764026450444,"Matt Olson",14344,621566
"Alex Bregman","HOU",634,0.06940063,0.135646687,0.511627906,0.259896729,0.315457413,0.452667814,0.768125227,0.192771085,3.402246487145928,0.264270613,-4.400000192224979,0.10000000149011612,-1.4043354988098145,-0.917837955057621,84.63770555524611,10.473608141825439,0.3307042115295856,117.21002303782264,"Alex Bregman",17678,608324
"Salvador Perez","KCR",652,0.067484662,0.19785276,0.341085271,0.27118644,0.330261136,0.455932203,0.786193339,0.184745763,0.6124899025,0.302272727,-6.5,-1.5,-4.445250511169434,-1.1917557790875435,89.30747447071532,13.037771767954624,0.33502383720466283,116.56872771422258,"Salvador Perez",7304,521692
"Isaac Paredes","- - -",641,0.118564742,0.163806552,0.723809523,0.23800738,0.346333853,0.392988929,0.739322782,0.154981549,2.0046116080021834,0.259433962,-2.0999998599290848,-1.1999999731779099,0.7976831197738647,-1.5861803218722343,83.88869838359423,8.905754468763552,0.327380766424588,116.47276687368301,"Isaac Paredes",20036,670623
"Justin Turner","- - -",539,0.109461966,0.176252319,0.621052631,0.258695652,0.354359925,0.382608695,0.73696862,0.123913043,1.5937731634966572,0.299168975,-0.3999999165534973,-1.100000023841858,-2.528888702392578,-2.0254458636045456,70.16775145710807,7.116570848537485,0.32655321508368523,116.40862472487915,"Justin Turner",5235,457759
"Julio Rodríguez","SEA",613,0.061990212,0.254486133,0.243589743,0.273368606,0.324632952,0.409171075,0.733804027,0.135802469,4.681229840187874,0.34351145,0.6999999284744263,1.100000023841858,0.4447171986103058,1.504288025200367,76.82602889591074,5.118470986720089,0.32055336402522194,116.2340851397447,"Julio Rodriguez",23697,677594
"Yainer Diaz","HOU",619,0.038772213,0.17285945,0.224299065,0.299145299,0.324717285,0.441025641,0.765742926,0.141880342,3.392803347699853,0.338297872,-3.3999998569488525,-2.299999952316284,-0.7642021179199219,-0.7996481955051422,81.69596596564222,9.28653962667155,0.3288189165028939,115.88386801518342,"Yainer Diaz",23003,673237
"Eugenio Suárez","ARI",640,0.0765625,0.275,0.27840909,0.255691768,0.31875,0.469352014,0.788102014,0.213660246,3.414200836861119,0.308510638,1.899999976158142,1.100000023841858,0.02515803463757038,-1.1415152251720428,88.83375562520754,13.96778978200687,0.3372951490804553,115.3549519331638,"Eugenio Suarez",12552,553993
"Brendan Donovan","STL",652,0.072085889,0.124233128,0.580246913,0.277683134,0.342024539,0.41737649,0.759401029,0.139693356,3.2426383552299267,0.299798792,-0.800000011920929,1.600000023841858,0.5921086072921753,-2.382528677582741,87.84516057547722,11.57545787271653,0.33223725133146975,114.98287267231325,"Brendan Donovan",24679,680977
"Zach Neto","LAA",602,0.064784053,0.232558139,0.278571428,0.24907749,0.317725752,0.442804428,0.76053018,0.193726938,5.427538901161581,0.294736842,,,0.8575674891471863,0.9160286709666252,80.00337641831858,9.582577297057938,0.32995627543435024,114.95819848216256,"Zach Neto",31347,687263
"Randy Arozarena","- - -",648,0.11265432,0.260802469,0.431952662,0.218579234,0.331790123,0.387978142,0.719768265,0.169398908,4.181215446977907,0.274725274,0.30000004172325134,2.1000000536441803,0.17917677015066147,-1.3286364525556564,81.12859974818394,5.326809331943249,0.3203924835464101,114.28453875414755,"Randy Arozarena",19290,668227
"Alec Bohm","PHI",606,0.0660066,0.141914191,0.465116279,0.279783393,0.331683168,0.447653429,0.779336597,0.167870036,3.42681256860347,0.305010893,-2.700000047683716,-2.200000047683716,-1.7238798141479492,-0.8991670906543732,83.13111350644228,12.242402098661634,0.3352790382129467,113.24069334757137,"Alec Bohm",21618,664761
"Carlos Santana","MIN",594,0.109427609,0.166666666,0.656565656,0.238003838,0.328282828,0.420345489,0.748628317,0.182341651,2.6731777933845136,0.251870324,-0.8999999463558197,-0.4000000059604645,-0.632049024105072,-0.3286163881421089,77.26411797228867,7.779143424068036,0.32645044845171184,113.0982169316068,"Carlos Santana",2396,467793
"Tyler Stephenson","CIN",515,0.093203883,0.227184466,0.41025641,0.258205689,0.337864077,0.444201312,0.782065389,0.185995623,2.877410740252479,0.306501547,-2.700000047683716,-0.5,-2.603573799133301,-0.7944452166557312,72.34023636037915,12.096529470928589,0.33936225926434554,112.736179437225,"Tyler Stephenson",17988,663886
"Josh Smith","TEX",592,0.077702702,0.204391891,0.380165289,0.258126195,0.337288135,0.393881453,0.731169588,0.135755258,4.4904452847743235,0.311224489,-1.899999976158142,1,-0.7485028505325317,0.17455416917800903,75.22339675601444,5.972378351053811,0.3227134973367325,112.19890065761936,"Josh Smith",26396,669701
"Taylor Ward","LAA",663,0.095022624,0.245852187,0.386503067,0.246153846,0.322775263,0.425641025,0.748416288,0.179487179,3.3095988622312538,0.29382716,1.2000000476837158,0,-0.8784506916999817,-1.690705619752407,85.66883817261484,8.112376681924133,0.32538151929820824,111.74022159186099,"Taylor Ward",17548,621493
"Wyatt Langford","TEX",557,0.091561938,0.206463195,0.44347826,0.25250501,0.324955116,0.414829659,0.739784775,0.162324649,6.406735742071665,0.296495956,,,2.8321900367736816,1.535288654267788,70.05496922773125,4.898183329820664,0.32110500604667386,111.06745503612115,"Wyatt Langford",33333,694671
"Jazz Chisholm Jr.","- - -",621,0.085346215,0.244766505,0.34868421,0.256227758,0.323671497,0.43594306,0.759614557,0.179715302,6.272166708751539,0.30927835,2.6000000834465027,1.5999999642372131,3.3580040335655212,2.7897499427199364,81.15295556868125,8.509573086450589,0.32729744707996195,110.59718482869822,"Jazz Chisholm Jr.",20454,665862
"Oneil Cruz","PIT",599,0.085141903,0.302170283,0.281767955,0.258780036,0.323873121,0.449168207,0.773041328,0.190388171,6.152637337221064,0.346938775,1.7999999523162842,1.2999999523162842,2.283703565597534,2.9610863253474236,80.11566634367087,10.045801437300227,0.3310161504881952,110.43388947529661,"Oneil Cruz",21711,665833
"Luis García Jr.","WSN",528,0.051136363,0.162878787,0.313953488,0.282,0.318181818,0.444,0.762181818,0.162,4.923515832280151,0.309823677,-1.0999999046325684,-1,-0.8755801916122437,1.4120924919843674,69.3944942768419,7.630072456201328,0.3281335896412229,110.3460315445858,"Luis Garcia Jr.",20391,671277
"Shea Langeliers","OAK",534,0.076779026,0.27153558,0.28275862,0.22406639,0.288389513,0.450207468,0.738596981,0.226141078,3.487135490739641,0.251592356,-1.7000000476837158,-1.2000000476837158,-1.969914436340332,-0.8229323104023933,64.63247663984555,2.1661863894249764,0.31521909476671006,109.4924367781867,"Shea Langeliers",25816,669127
"Luis Arraez","- - -",672,0.035714285,0.043154761,0.827586206,0.313971742,0.346268656,0.392464678,0.738733334,0.078492936,4.393829729977638,0.323966942,1.3999999165534973,-3.0000000596046448,-0.058573514223098755,-0.914579451084137,85.42912508984362,6.819860954482912,0.3227873320343612,109.27941870398315,"Luis Arraez",18568,650333
"Vinnie Pasquantino","KCR",554,0.072202166,0.128158844,0.563380281,0.262096774,0.314647377,0.445564516,0.760211893,0.183467742,2.8406562026626996,0.264916467,-1.3999999463558197,-0.4000000059604645,-0.6825032234191895,-0.7628755271434784,71.22685591829213,6.421004235271538,0.3245793902787609,109.2218904535424,"Vinnie Pasquantino",27676,686469
"Will Smith","LAD",544,0.09375,0.193014705,0.485714285,0.247899159,0.327205882,0.432773109,0.759978991,0.18487395,3.1997860280674426,0.272980501,0.19999998807907104,0.6000000238418579,-0.006350936368107796,-1.1994516253471375,70.45455301706157,6.818482050340984,0.3257519090928996,109.15409751650505,"Will Smith",19197,669257
"Jonathan India","CIN",637,0.125588697,0.196232339,0.64,0.247654784,0.357480314,0.392120075,0.749600389,0.144465291,4.992068191498279,0.2925,1.2000000476837158,-2.200000047683716,-0.4041203260421753,0.35356634855270386,86.40549932319597,11.890467694885283,0.33337109332948217,108.70371409170815,"Jonathan India",21523,663697
"Brandon Nimmo","NYM",663,0.116138763,0.238310708,0.487341772,0.224168126,0.32730015,0.399299474,0.726599624,0.175131348,5.749694400311572,0.267175572,-1.2000000476837158,1.399999976158142,0.7765007615089417,1.6977503523230553,83.07112107393141,5.514659583240708,0.32051343887234024,108.36482688022168,"Brandon Nimmo",12927,607043
"Lourdes Gurriel Jr.","ARI",553,0.052441229,0.182640144,0.287128712,0.278752436,0.32188065,0.434697855,0.756578505,0.155945419,4.581023880110067,0.313283208,1.7999999523162842,-1.5,-0.6254972219467163,-0.07048340886831284,72.0436165194006,7.35474290801,0.32670330580161966,108.2259153764382,"Lourdes Gurriel Jr.",19238,666971
"Cody Bellinger","CHC",569,0.079086115,0.156414762,0.505617977,0.265503875,0.32513181,0.426356589,0.751488399,0.160852714,4.798991267724389,0.287439613,0.10000002384185791,0.800000011920929,1.4651042222976685,-0.0675973892211914,71.89068459512491,5.330161837654315,0.32181783715176837,108.07042943994863,"Cody Bellinger",15998,641355
"Ryan Mountcastle","BAL",507,0.053254437,0.224852071,0.236842105,0.270613107,0.307692307,0.424947145,0.732639452,0.154334038,3.62369804080058,0.326704545,-4.000000238418579,-1.2999999523162842,-0.5590474009513855,-0.2760588750243187,61.48589440916657,2.1780120927560267,0.3155164792692873,107.3245094443448,"Ryan Mountcastle",18373,663624
"Matt Vierling","DET",567,0.072310405,0.21340388,0.338842975,0.256756756,0.312169312,0.422779922,0.734949234,0.166023166,5.746383003794344,0.303108808,1.4999998807907104,0.6000000238418579,2.9754624366760254,-0.20734403282403946,69.6290746544762,3.302508040265589,0.3174157493316664,107.20016205998932,"Matt Vierling",21558,663837
"Corbin Carroll","ARI",684,0.106725146,0.190058479,0.561538461,0.23089983,0.321585903,0.427843803,0.749429706,0.196943973,8.673990006610342,0.255605381,5.199999809265137,2.5,8.600539207458496,2.489268831908703,88.09539101040404,8.08239001548332,0.3248603077011837,106.98545132442207,"Corbin Carroll",25878,682998
"Jake Burger","MIA",579,0.053540587,0.259067357,0.206666666,0.250467289,0.300518134,0.459813084,0.760331218,0.209345795,2.3689747878250884,0.291666666,-0.09999999403953552,0.30000001192092896,0.4606970250606537,-1.144204668700695,74.8316999047782,7.1013964310075846,0.3254176387547207,106.9487441119215,"Jake Burger",22275,669394
"Willi Castro","MIN",635,0.08031496,0.236220472,0.34,0.247311827,0.331230283,0.385304659,0.716534942,0.137992832,5.860423195953466,0.315,3.199999988079071,0.800000011920929,1.514543056488037,-2.1236300617456436,77.83034141732156,3.549265932270889,0.3171236067540262,106.53752601181398,"Willi Castro",17338,650489
"CJ Abrams","WSN",602,0.066445182,0.212624584,0.3125,0.245841035,0.314475873,0.432532347,0.74700822,0.186691312,7.090476989515588,0.28463476,0.7000000476837158,1.2000000476837158,1.3007062673568726,0.30601585656404495,76.26904206467003,5.848242943409398,0.32224908431238153,106.38535609809556,"CJ Abrams",25768,682928
"Andrew McCutchen","PIT",515,0.112621359,0.258252427,0.436090225,0.232142857,0.328155339,0.410714285,0.738869624,0.178571428,3.1518899720872278,0.282828282,-1.3999999463558197,-0.4000000059604645,-1.6402416229248047,-1.2281352952122688,66.18151879251677,5.93781190306622,0.32450418655510543,106.05089137827612,"Andrew McCutchen",9847,457705
"Alec Burleson","STL",595,0.058823529,0.127731092,0.460526315,0.268738574,0.314189189,0.420475319,0.734664508,0.151736745,3.4029375020937627,0.276315789,-1,1.399999976158142,-2.0702643394470215,-0.9644268527626991,73.61949532929351,4.017542709442874,0.31856830126127683,105.78273232118309,"Alec Burleson",27615,676475
"Jake Cronenworth","SDP",656,0.092987804,0.179878048,0.516949152,0.240901213,0.323619631,0.389948006,0.713567637,0.149046793,3.847668830979695,0.274157303,1.5,-0.6000000238418579,1.1783044338226318,-1.08858522772789,79.2223652448987,2.4847502556179957,0.31488512410708,105.11825362137968,"Jake Cronenworth",18036,630105
"Gleyber Torres","NYY",665,0.09774436,0.204511278,0.477941176,0.257240204,0.330316742,0.378194207,0.708510949,0.120954003,2.5920787753358905,0.306306306,-2.0999999046325684,1.2000000476837158,-2.7697572708129883,-1.8198703974485397,79.12511066433575,1.3346930303850437,0.31267272580982514,105.09823038035606,"Gleyber Torres",16997,650402
"Nolan Schanuel","LAA",607,0.112026359,0.169686985,0.660194174,0.250481695,0.343283582,0.362235067,0.705518649,0.111753372,3.5542422437535883,0.285365853,,,-3.691298007965088,0.2138197049498558,73.5916175285399,2.58592804912926,0.3154721189889544,104.76974704787405,"Nolan Schanuel",33189,694384
"Joey Ortiz","MIL",511,0.109589041,0.201565557,0.54368932,0.238636363,0.328740157,0.397727272,0.726467429,0.159090909,5.634865006625256,0.28313253,,,1.0649632215499878,-1.2165912166237831,63.2859641471291,3.5101695441985528,0.3187137223838821,104.72979671307836,"Joey Ortiz",25493,687401
"Masyn Winn","STL",637,0.064364207,0.171114599,0.376146788,0.267461669,0.313880126,0.415672913,0.729553039,0.148211244,5.474891199282469,0.303418803,,,3.1916697025299072,-0.9773256778717041,77.23457812164074,2.719546493330055,0.315483457292614,103.70642087609824,"Masyn Winn",27479,691026
"Nick Castellanos","PHI",659,0.062215477,0.210925644,0.294964028,0.254125412,0.311077389,0.430693069,0.741770458,0.176567657,4.518512308072733,0.293721973,-1.5,-1,-3.089686393737793,-0.7623064666986465,82.69967208424984,5.6111228800791375,0.32075803446806006,103.46706246837414,"Nick Castellanos",11737,592206
"Adley Rutschman","BAL",638,0.09090909,0.161442006,0.563106796,0.250437828,0.318181818,0.390542907,0.708724725,0.140105079,2.0712860585714807,0.271929824,-0.30000001192092896,0.8999999761581421,-1.9099003076553345,-1.0548951551318169,73.9763895997617,-0.6556201001789808,0.30890228964212374,102.67195338783029,"Adley Rutschman",26288,668939
"Nolan Arenado","STL",635,0.069291338,0.144881889,0.478260869,0.271626297,0.324921135,0.394463667,0.719384802,0.12283737,2.028599066280086,0.295597484,-0.3999999761581421,-0.6000000238418579,-0.3905630111694336,-1.7122625038027763,76.05951885990382,1.7784433748531427,0.3136587862538386,102.47829219282916,"Nolan Arenado",9777,571448
"Nico Hoerner","CHC",641,0.068642745,0.102964118,0.666666666,0.273195876,0.335413416,0.372852233,0.708265649,0.099656357,5.706708243522376,0.296875,3.199999950826168,0.10000000149011612,2.565288782119751,2.4203574135899544,76.4997140464478,1.5167701316171294,0.3131190129555762,102.21552448501048,"Nico Hoerner",21479,663538
"Logan O'Hoppe","LAA",522,0.06321839,0.296934865,0.212903225,0.244258872,0.303262955,0.409185803,0.712448758,0.164926931,2.82343567764418,0.318032786,-0.09999999403953552,0.4000000059604645,-2.981663465499878,-1.7621099054813385,61.43545356621047,0.37290017534991593,0.31106662246865185,101.67083082791726,"Logan O'Hoppe",24729,681351
"Josh Bell","- - -",603,0.084577114,0.199004975,0.425,0.249070631,0.319397993,0.40520446,0.724602453,0.156133829,2.044744430906532,0.286069651,-2.5,-3.299999952316284,-2.5322567522525787,-1.5573000758886337,73.8188598494476,3.2810826565569577,0.31676103881056383,101.35305795293132,"Josh Bell",13145,605137
"Jesús Sánchez","MIA",537,0.076350093,0.260707635,0.292857142,0.251533742,0.313432835,0.417177914,0.730610749,0.165644172,4.906349293134188,0.315315315,-1.4999998807907104,-0.6000000238418579,-0.7707599401473999,1.4271117001771927,65.74755874813602,2.9303342828254375,0.31695893931478153,101.25545957756898,"Jesus Sanchez",19913,660821
"Rhys Hoskins","MIL",517,0.102514506,0.28820116,0.355704697,0.213808463,0.302912621,0.41870824,0.721620861,0.204899777,2.736229482794799,0.25,-4.400000214576721,-0.8999999761581421,-3.0113494396209717,-0.3076285645365715,61.8312778886088,1.3536148558982546,0.31343205418104325,101.17487197455137,"Rhys Hoskins",16472,656555
"Marcus Semien","TEX",718,0.08913649,0.146239554,0.609523809,0.236923076,0.307799442,0.39076923,0.698568672,0.153846154,4.285067644552573,0.250478011,2.0999998450279236,0.30000001192092896,2.424487590789795,-0.9330537393689156,81.5074980787842,-2.4827573515565704,0.30588280763373027,100.35984980981347,"Marcus Semien",12533,543760
"Paul Goldschmidt","STL",654,0.071865443,0.264525993,0.2716763,0.245409015,0.301538461,0.414023372,0.715561833,0.168614357,4.457351272426405,0.307881773,1.7000000476837158,-1.7000000476837158,-1.1705609560012817,1.1108457446098328,76.31600522846554,-0.1876536175551534,0.30982255549342547,99.89624593222524,"Paul Goldschmidt",9218,502671
"Jeremy Peña","HOU",650,0.038461538,0.17076923,0.225225225,0.26578073,0.307573415,0.393687707,0.701261122,0.127906977,5.44180708344053,0.300829875,3.4000001549720764,-0.30000001192092896,1.8114709854125977,0.3624209836125374,73.35626578424237,-2.6794807752583316,0.3050573243998891,99.16947887864572,"Jeremy Pena",21636,665161
"Lane Thomas","- - -",528,0.083333333,0.259469696,0.321167883,0.237288135,0.308712121,0.400423728,0.709135849,0.163135593,6.450685431719183,0.298461538,2.8999999165534973,1.300000011920929,4.182709813117981,-0.20139546692371368,61.17557645427036,-0.5888453663702036,0.3088420941662291,98.89677608885745,"Lane Thomas",16939,657041
"Daulton Varsho","TOR",513,0.093567251,0.26705653,0.350364963,0.213507625,0.29296875,0.407407407,0.700376157,0.193899782,7.29091479168161,0.262295081,2.3999998569488525,2.299999952316284,1.1812564134597778,0.3770677074790001,57.572060990072096,-2.4376897561184534,0.304275134421608,98.50224486267393,"Daulton Varsho",19918,662139
"Dansby Swanson","CHC",593,0.091062394,0.242833052,0.375,0.241573033,0.311973018,0.389513108,0.701486126,0.147940075,5.818804777357938,0.299734748,2.6999999284744263,0.8999999761581421,2.9305830001831055,1.495826542377472,67.6451766038508,-1.7228198727398238,0.30656940884598216,97.80719196911348,"Dansby Swanson",18314,621020
"Spencer Steer","CIN",656,0.109756097,0.208841463,0.525547445,0.224738675,0.31859756,0.402439024,0.721036584,0.177700349,6.0359583176139235,0.260143198,1.7000000476837158,1.2999999523162842,1.9258482456207275,2.601117491722107,80.06436122540954,3.3267462361288374,0.3164798483593773,97.33474839703044,"Spencer Steer",26323,668715
"Andrew Vaughn","CHW",619,0.061389337,0.213247172,0.287878787,0.245614035,0.297253634,0.401754385,0.699008019,0.15614035,2.4990387234478275,0.285377358,-0.4999999403953552,-0.800000011920929,-1.8081666231155396,-0.6575845927000046,69.21183787646312,-3.1975884625075373,0.3037608829183994,97.24803654331959,"Andrew Vaughn",26197,683734
"Brenton Doyle","COL",603,0.07628524,0.253731343,0.300653594,0.260147601,0.317195325,0.446494464,0.763689789,0.186346863,6.862344664422878,0.315508021,,,2.4682328701019287,2.885813757777214,79.17775559901763,8.63997840612698,0.3279812993811923,96.71998247922502,"Brenton Doyle",25479,686668
"Colt Keith","DET",556,0.064748201,0.197841726,0.327272727,0.259689922,0.309352517,0.379844961,0.689197478,0.120155039,4.492582264796475,0.306329113,,,0.439444899559021,-0.09416067600250244,60.82924073419582,-4.210567092084773,0.3007700167838417,95.49121385226842,"Colt Keith",27899,690993
"Ezequiel Tovar","COL",695,0.033093525,0.287769784,0.115,0.26870229,0.294629898,0.46870229,0.763332188,0.2,4.227253679400746,0.344036697,0,-1.399999976158142,1.8950070142745972,-1.8273696675896645,89.26019085949174,7.9604310766409965,0.3244099165637826,94.31619703856902,"Ezequiel Tovar",24064,678662
"George Springer","TOR",614,0.097719869,0.187296416,0.52173913,0.220183486,0.303425774,0.370642201,0.674067975,0.150458715,5.705144882559493,0.244552058,1.600000023841858,-1.899999976158142,1.792576789855957,1.6505923941731453,65.96461653497713,-5.859919445843533,0.2983212936760745,94.31419169492194,"George Springer",12856,543807
"Ty France","- - -",535,0.071028037,0.213084112,0.333333333,0.233820459,0.304672897,0.365344467,0.670017364,0.131524008,1.5851350114081542,0.277310924,-1.7999999523162842,-1.399999976158142,-2.4355478286743164,-1.1994516253471375,56.53363487736132,-6.049633444689243,0.29612975432493976,93.44463330694319,"Ty France",17982,664034
"Adolis García","TEX",637,0.070643642,0.277864992,0.254237288,0.224137931,0.284144427,0.4,0.684144427,0.175862069,3.4816528285459327,0.2734375,-1.899999976158142,0.5,0.12175488471984863,-0.8273696526885033,67.14660527981111,-7.3684263484995665,0.2958071366069824,93.27241704761627,"Adolis Garcia",19287,666969
"Andrew Benintendi","CHW",522,0.078544061,0.183908045,0.427083333,0.22851153,0.28927203,0.396226415,0.685498445,0.167714885,2.108044494327818,0.244505494,0.5,-0.30000001192092896,-0.8162076473236084,-1.078179270029068,55.90262175743762,-5.159931633422929,0.29789751367697104,93.12362287913389,"Andrew Benintendi",17901,643217
"Ryan McMahon","COL",645,0.106976744,0.286821705,0.372972972,0.241622574,0.32503888,0.396825396,0.721864276,0.155202822,1.9477345316382575,0.319672131,3.099999964237213,0.699999988079071,0.20559139549732208,-2.8691487535834312,78.16321390273743,2.712357701386733,0.31540381861777744,88.25447578757442,"Ryan McMahon",15112,641857
"Brice Turang","MIL",619,0.080775444,0.169628432,0.476190476,0.254025044,0.315960912,0.348837209,0.664798121,0.094812165,7.153037090320793,0.3,,,0.9223564267158508,6.3229589611291885,64.46465855729862,-7.944767781672045,0.29423238577694916,88.25217907526188,"Brice Turang",22186,668930
"Anthony Volpe","NYY",689,0.06095791,0.226415094,0.269230769,0.2433281,0.293002915,0.364207221,0.657210136,0.120879121,7.132715750361162,0.302966101,,,3.4949886798858643,1.5495221763849258,67.93934466117163,-12.658546691899103,0.28735230665137296,87.2873304591721,"Anthony Volpe",27647,683011
"Brendan Rodgers","COL",539,0.057513914,0.244897959,0.234848484,0.267465069,0.314126394,0.407185628,0.721312022,0.139720559,2.9536097602226405,0.337988826,0,-1.5,-0.08017858862876892,-0.786552794277668,64.53602559065281,1.484844982082237,0.31360177787322574,87.04157884353747,"Brendan Rodgers",17907,663898
"Sal Frelick","MIL",524,0.07442748,0.148854961,0.5,0.258947368,0.319845857,0.334736842,0.654582699,0.075789474,6.34139375302016,0.305555555,,,1.9722222089767456,1.2958265393972397,53.652346411063746,-7.644163123056809,0.29205405206808926,86.78601117281185,"Sal Frelick",29622,686217
"Bryson Stott","PHI",571,0.092819614,0.162872154,0.569892473,0.245059288,0.315236427,0.355731225,0.670967652,0.110671937,6.095890512070868,0.274939172,1.6000000834465027,0.800000011920929,0.5750425457954407,4.024794779717922,60.24005813514168,-6.554420765588932,0.2959171467705777,86.74744230077522,"Bryson Stott",26294,681082
"Jake Meyers","HOU",513,0.06822612,0.228070175,0.299145299,0.219088937,0.286274509,0.360086767,0.646361276,0.14099783,5.285995862322004,0.262686567,2.299999952316284,-1,2.0832505226135254,0.11681434512138367,49.44046067334625,-10.569290072844298,0.28458094643611537,84.76597645718722,"Jake Meyers",20308,676694
"Alex Verdugo","NYY",621,0.078904991,0.149758454,0.52688172,0.232558139,0.290791599,0.355992844,0.646784443,0.123434705,2.94164272916458,0.252699784,-1.0000000447034836,-0.20000000298023224,-1.4032317399978638,-1.0941606909036636,59.269123477086204,-13.374259005144458,0.2834208144509927,84.52183855780628,"Alex Verdugo",17027,657077
"Jacob Young","WSN",521,0.057581573,0.195777351,0.294117647,0.256410256,0.31640625,0.331196581,0.647602831,0.074786325,6.68388386426377,0.320547945,,,2.779649257659912,1.4923514127731323,52.31927450119618,-8.62630081803437,0.2896075388416648,84.4153585440587,"Jacob Young",29931,696285
"Leody Taveras","TEX",529,0.079395085,0.211720226,0.375,0.229166666,0.288973384,0.352083333,0.641056717,0.122916667,6.124604608561074,0.272222222,1.199999988079071,0.800000011920929,0.3723720908164978,1.2228709310293198,49.944738747428495,-11.936661144842072,0.28214366399743257,83.66125138319265,"Leody Taveras",18900,665750
"Andrés Giménez","CLE",633,0.041074249,0.153238546,0.268041237,0.252144082,0.298412698,0.339622641,0.638035339,0.087478559,5.412758345616595,0.285714285,-0.10000002384185791,0.8999999761581421,-0.5410836935043335,2.7516425773501396,59.43467876659239,-14.612440575198288,0.28149777878259435,83.33421686207402,"Andres Gimenez",19950,665926
"Zack Gelof","OAK",547,0.069469835,0.34369287,0.202127659,0.211267605,0.270220588,0.362173038,0.632393626,0.150905433,6.3944593804763175,0.296296296,,,1.3505513668060303,2.9325992316007614,49.12452357969951,-14.862481601911073,0.2764205327805351,82.200735945859,"Zack Gelof",29766,680869
"Christopher Morel","- - -",611,0.099836333,0.260229132,0.383647798,0.196261682,0.288052373,0.345794392,0.633846765,0.14953271,3.8400641683701764,0.233333333,0.30000002682209015,-1.3999999538064003,0.07140683382749557,-2.3241991251707077,56.8411842593753,-14.632417506555354,0.28043045436865405,81.37536481752417,"Christopher Morel",21897,666624
"Ceddanne Rafaela","BOS",571,0.026269702,0.264448336,0.099337748,0.246323529,0.274165202,0.389705882,0.663871084,0.143382353,6.622561129224165,0.312335958,,,1.7177541255950928,-1.1340153366327286,55.70084342620756,-11.09363547452304,0.28604016988210273,80.70510476838729,"Ceddanne Rafaela",24262,678882
"Bryan De La Cruz","- - -",622,0.046623794,0.273311897,0.170588235,0.232876712,0.2705314,0.383561643,0.654093043,0.150684931,2.8215931404902204,0.288944723,-1.2999999523162842,0.4000000059604645,-1.843717873096466,-0.7649959102272987,58.9903798562678,-13.76998069759286,0.28260191400204937,78.10247805987485,"Bryan De La Cruz",19600,650559
"Orlando Arcia","ATL",602,0.068106312,0.212624584,0.3203125,0.217785843,0.271214642,0.353901996,0.625116638,0.136116153,2.0444970432687226,0.249394673,-0.8999998569488525,-1.2999999523162842,-0.545058012008667,-0.554983101785183,52.2538383383485,-18.166960782912145,0.2726847584048907,72.36999637229492,"Orlando Arcia",13185,606115
"Maikel Garcia","KCR",626,0.067092651,0.164536741,0.40776699,0.231304347,0.281350482,0.332173913,0.613524395,0.100869566,7.985479513283506,0.268085106,2.8000000715255737,0.6000000238418579,2.551229238510132,5.516617849469185,53.02579406843255,-20.202478771948112,0.27008225181861706,70.88749033834847,"Maikel Garcia",22715,672580