"id","name","bbe","gb_rate","air_rate","fb_rate","ld_rate","pu_rate","pull_rate","straight_rate","oppo_rate","pull_gb_rate","straight_gb_rate","oppo_gb_rate","pull_air_rate","straight_air_rate","oppo_air_rate"
641857,"McMahon, Ryan",386,0.39378238341968913,0.6062176165803108,0.27979274611398963,0.2772020725388601,0.04922279792746114,0.2823834196891192,0.39378238341968913,0.3238341968911917,0.15025906735751296,0.18911917098445596,0.054404145077720206,0.13212435233160622,0.20466321243523317,0.26943005181347146
606132,"Tapia, Raimel",422,0.6800947867298578,0.31990521327014215,0.12322274881516587,0.16824644549763032,0.02843601895734597,0.26540284360189575,0.4146919431279621,0.31990521327014215,0.2132701421800948,0.28672985781990523,0.18009478672985782,0.05213270142180096,0.12796208530805686,0.13981042654028433
453568,"Blackmon, Charlie",426,0.47417840375586856,0.5258215962441314,0.22300469483568075,0.24413145539906103,0.05868544600938967,0.3568075117370892,0.41784037558685444,0.22535211267605634,0.22300469483568075,0.20892018779342722,0.04225352112676056,0.13380281690140844,0.20892018779342722,0.18309859154929578
641658,"Hampson, Garrett",340,0.4235294117647059,0.5764705882352941,0.2823529411764706,0.23823529411764705,0.05588235294117647,0.3264705882352941,0.4,0.2735294117647059,0.18823529411764706,0.1676470588235294,0.06764705882352941,0.13823529411764707,0.23235294117647062,0.20588235294117652
663898,"Rodgers, Brendan",305,0.5081967213114754,0.49180327868852464,0.2098360655737705,0.24262295081967214,0.03934426229508197,0.3081967213114754,0.4065573770491803,0.28524590163934427,0.2,0.21639344262295082,0.09180327868852459,0.1081967213114754,0.1901639344262295,0.19344262295081968
543068,"Cron, C.J.",357,0.3865546218487395,0.6134453781512604,0.32492997198879553,0.21288515406162464,0.07563025210084033,0.38935574229691877,0.3557422969187675,0.2549019607843137,0.21288515406162464,0.12324929971988796,0.05042016806722689,0.17647058823529413,0.23249299719887956,0.20448179271708683
596115,"Story, Trevor",392,0.3647959183673469,0.635204081632653,0.3086734693877551,0.2423469387755102,0.08418367346938775,0.3392857142857143,0.375,0.2857142857142857,0.16581632653061223,0.15051020408163265,0.04846938775510204,0.17346938775510207,0.22448979591836735,0.23724489795918366
553869,"Díaz, Elias",279,0.40860215053763443,0.5913978494623656,0.25448028673835127,0.24014336917562723,0.0967741935483871,0.3763440860215054,0.35842293906810035,0.26523297491039427,0.16845878136200718,0.17562724014336917,0.06451612903225806,0.2078853046594982,0.1827956989247312,0.2007168458781362
457763,"Posey, Buster",310,0.4645161290322581,0.535483870967742,0.23225806451612904,0.26129032258064516,0.041935483870967745,0.3032258064516129,0.4483870967741935,0.24838709677419354,0.1774193548387097,0.24516129032258063,0.041935483870967745,0.12580645161290321,0.2032258064516129,0.2064516129032258
664774,"Wade Jr., LaMonte",254,0.35826771653543305,0.6417322834645669,0.31496062992125984,0.23622047244094488,0.09055118110236221,0.4645669291338583,0.3031496062992126,0.23228346456692914,0.2204724409448819,0.08267716535433071,0.05511811023622047,0.2440944881889764,0.2204724409448819,0.17716535433070868
527038,"Flores, Wilmer",336,0.37202380952380953,0.6279761904761905,0.32142857142857145,0.22916666666666666,0.07738095238095238,0.4375,0.3601190476190476,0.20238095238095238,0.2113095238095238,0.13392857142857142,0.026785714285714284,0.2261904761904762,0.2261904761904762,0.1755952380952381
543063,"Crawford, Brandon",383,0.4046997389033943,0.5953002610966058,0.28720626631853785,0.2297650130548303,0.0783289817232376,0.33159268929503916,0.391644908616188,0.27676240208877284,0.1671018276762402,0.16971279373368145,0.06788511749347259,0.16449086161879894,0.22193211488250655,0.20887728459530025
456781,"Solano, Donovan",254,0.421259842519685,0.5787401574803149,0.27165354330708663,0.28346456692913385,0.023622047244094488,0.33070866141732286,0.39763779527559057,0.27165354330708663,0.20866141732283464,0.16929133858267717,0.04330708661417323,0.12204724409448822,0.2283464566929134,0.2283464566929134
592178,"Bryant, Kris",380,0.37894736842105264,0.6210526315789473,0.29473684210526313,0.2631578947368421,0.06315789473684211,0.3815789473684211,0.3894736842105263,0.22894736842105262,0.1868421052631579,0.14736842105263157,0.04473684210526316,0.19473684210526318,0.24210526315789474,0.18421052631578946
573262,"Yastrzemski, Mike",341,0.34310850439882695,0.6568914956011731,0.35777126099706746,0.21994134897360704,0.07917888563049853,0.4633431085043988,0.3313782991202346,0.20527859237536658,0.21407624633431085,0.10850439882697947,0.020527859237536656,0.24926686217008795,0.2228739002932551,0.18475073313782991
607208,"Turner, Trea",489,0.4560327198364008,0.5439672801635992,0.23517382413087934,0.24539877300613497,0.06339468302658487,0.3660531697341513,0.37627811860940696,0.2556237218813906,0.2147239263803681,0.16973415132924335,0.06952965235173825,0.1513292433537832,0.2065439672801636,0.18609406952965235
571970,"Muncy, Max",378,0.3862433862433862,0.6137566137566137,0.3306878306878307,0.2275132275132275,0.05555555555555555,0.3888888888888889,0.3941798941798942,0.21693121693121692,0.1931216931216931,0.16666666666666666,0.026455026455026454,0.19576719576719578,0.22751322751322753,0.19047619047619047
666158,"Lux, Gavin",254,0.468503937007874,0.5314960629921259,0.2204724409448819,0.24803149606299213,0.06299212598425197,0.3937007874015748,0.3779527559055118,0.2283464566929134,0.24015748031496062,0.17716535433070865,0.051181102362204724,0.1535433070866142,0.20078740157480315,0.17716535433070868
457759,"Turner, Justin",441,0.35374149659863946,0.6462585034013606,0.3310657596371882,0.24489795918367346,0.07029478458049887,0.3129251700680272,0.3854875283446712,0.30158730158730157,0.18820861678004536,0.13378684807256236,0.031746031746031744,0.12471655328798187,0.25170068027210885,0.2698412698412698
572041,"Pollock, AJ",306,0.3954248366013072,0.6045751633986929,0.2777777777777778,0.2679738562091503,0.058823529411764705,0.38235294117647056,0.39215686274509803,0.22549019607843138,0.19607843137254902,0.16993464052287582,0.029411764705882353,0.18627450980392155,0.2222222222222222,0.19607843137254902
621035,"Taylor, Chris",344,0.3691860465116279,0.6308139534883721,0.3226744186046512,0.24709302325581395,0.061046511627906974,0.42151162790697677,0.3546511627906977,0.2238372093023256,0.2238372093023256,0.10465116279069768,0.040697674418604654,0.19767441860465118,0.25,0.18313953488372092
608369,"Seager, Corey",290,0.46551724137931033,0.5344827586206896,0.2413793103448276,0.2517241379310345,0.041379310344827586,0.33793103448275863,0.4206896551724138,0.2413793103448276,0.22758620689655173,0.20344827586206896,0.034482758620689655,0.1103448275862069,0.21724137931034485,0.20689655172413796
605141,"Betts, Mookie",385,0.34805194805194806,0.6519480519480519,0.32987012987012987,0.23636363636363636,0.08571428571428572,0.45194805194805193,0.3220779220779221,0.22597402597402597,0.22077922077922077,0.1038961038961039,0.023376623376623377,0.23116883116883116,0.21818181818181817,0.20259740259740258
669257,"Smith, Will",324,0.3117283950617284,0.6882716049382717,0.41358024691358025,0.21604938271604937,0.05864197530864197,0.3425925925925926,0.4104938271604938,0.24691358024691357,0.16666666666666666,0.12654320987654322,0.018518518518518517,0.17592592592592596,0.2839506172839506,0.22839506172839505
624585,"Soler, Jorge",379,0.41424802110817943,0.58311345646438,0.2955145118733509,0.20052770448548812,0.0870712401055409,0.5065963060686016,0.29023746701846964,0.20052770448548812,0.2612137203166227,0.11609498680738786,0.036939313984168866,0.2453825857519789,0.17414248021108178,0.16358839050131926
645277,"Albies, Ozzie",508,0.31496062992125984,0.6850393700787402,0.3799212598425197,0.2283464566929134,0.07677165354330709,0.4251968503937008,0.3188976377952756,0.2559055118110236,0.19488188976377951,0.0984251968503937,0.021653543307086614,0.2303149606299213,0.2204724409448819,0.234251968503937
663586,"Riley, Austin",430,0.3883720930232558,0.6116279069767442,0.24883720930232558,0.28604651162790695,0.07674418604651163,0.3953488372093023,0.3674418604651163,0.2372093023255814,0.1813953488372093,0.14883720930232558,0.05813953488372093,0.213953488372093,0.2186046511627907,0.17906976744186048
518692,"Freeman, Freddie",495,0.43232323232323233,0.5676767676767676,0.28888888888888886,0.2505050505050505,0.028282828282828285,0.3616161616161616,0.37777777777777777,0.2606060606060606,0.21818181818181817,0.17777777777777778,0.03636363636363636,0.14343434343434344,0.19999999999999998,0.22424242424242424
621020,"Swanson, Dansby",429,0.40093240093240096,0.5990675990675991,0.289044289044289,0.24475524475524477,0.06526806526806526,0.40326340326340326,0.3543123543123543,0.24242424242424243,0.21678321678321677,0.13752913752913754,0.046620046620046623,0.1864801864801865,0.21678321678321677,0.1958041958041958
594807,"Duvall, Adam",342,0.30701754385964913,0.6929824561403509,0.40058479532163743,0.1783625730994152,0.11403508771929824,0.4678362573099415,0.3538011695906433,0.1783625730994152,0.1871345029239766,0.10526315789473684,0.014619883040935672,0.2807017543859649,0.24853801169590645,0.16374269005847952
592626,"Pederson, Joc",317,0.40063091482649843,0.5993690851735015,0.29337539432176657,0.22712933753943218,0.07886435331230283,0.3438485804416404,0.39747634069400634,0.2586750788643533,0.17665615141955837,0.138801261829653,0.08517350157728706,0.16719242902208203,0.25867507886435337,0.17350157728706625
592696,"Rosario, Eddie",324,0.38580246913580246,0.6141975308641975,0.28703703703703703,0.24691358024691357,0.08024691358024691,0.4012345679012346,0.35185185185185186,0.24691358024691357,0.17901234567901234,0.16666666666666666,0.040123456790123455,0.22222222222222224,0.1851851851851852,0.2067901234567901
663656,"Tucker, Kyle",421,0.33966745843230406,0.6603325415676959,0.334916864608076,0.27078384798099764,0.05463182897862233,0.3491686460807601,0.4085510688836104,0.24228028503562946,0.1543942992874109,0.15201900237529692,0.0332541567695962,0.19477434679334918,0.2565320665083135,0.20902612826603326
514888,"Altuve, Jose",517,0.41005802707930367,0.5899419729206963,0.24564796905222436,0.23597678916827852,0.10831721470019343,0.49709864603481624,0.3578336557059961,0.1450676982591876,0.21083172147001933,0.16827852998065765,0.030947775628626693,0.2862669245647969,0.18955512572533847,0.11411992263056092
455117,"Maldonado, Martín",247,0.3724696356275304,0.6275303643724696,0.32388663967611336,0.23481781376518218,0.06882591093117409,0.4008097165991903,0.340080971659919,0.2591093117408907,0.19433198380566802,0.14979757085020243,0.02834008097165992,0.20647773279352227,0.1902834008097166,0.23076923076923078
608324,"Bregman, Alex",299,0.41471571906354515,0.5852842809364549,0.2709030100334448,0.23076923076923078,0.08361204013377926,0.4816053511705686,0.3311036789297659,0.18729096989966554,0.22408026755852842,0.14715719063545152,0.043478260869565216,0.2575250836120402,0.18394648829431437,0.14381270903010032
621043,"Correa, Carlos",445,0.4247191011235955,0.5752808988764044,0.23370786516853934,0.2606741573033708,0.08089887640449438,0.3348314606741573,0.38202247191011235,0.28314606741573034,0.18651685393258427,0.1797752808988764,0.058426966292134834,0.14831460674157304,0.20224719101123595,0.2247191011235955
670541,"Alvarez, Yordan",395,0.379746835443038,0.620253164556962,0.3012658227848101,0.2759493670886076,0.043037974683544304,0.34177215189873417,0.37468354430379747,0.28354430379746837,0.1848101265822785,0.14430379746835442,0.05063291139240506,0.15696202531645567,0.23037974683544304,0.2329113924050633
628338,"Heredia, Guillermo",225,0.44,0.56,0.22666666666666666,0.2577777777777778,0.07555555555555556,0.37777777777777777,0.38222222222222224,0.24,0.17777777777777778,0.2,0.06222222222222222,0.19999999999999998,0.18222222222222223,0.17777777777777776
596019,"Lindor, Francisco",365,0.41643835616438357,0.5835616438356164,0.29863013698630136,0.2191780821917808,0.06575342465753424,0.39452054794520547,0.3726027397260274,0.2328767123287671,0.19726027397260273,0.14794520547945206,0.07123287671232877,0.19726027397260273,0.22465753424657536,0.16164383561643836
624413,"Alonso, Pete",438,0.3904109589041096,0.6095890410958904,0.3082191780821918,0.228310502283105,0.0730593607305936,0.3835616438356164,0.3515981735159817,0.2648401826484018,0.18949771689497716,0.1643835616438356,0.0365296803652968,0.19406392694063926,0.1872146118721461,0.228310502283105
607043,"Nimmo, Brandon",248,0.4838709677419355,0.5161290322580645,0.18548387096774194,0.27419354838709675,0.056451612903225805,0.32661290322580644,0.35080645161290325,0.3225806451612903,0.2056451612903226,0.17338709677419356,0.10483870967741936,0.12096774193548385,0.1774193548387097,0.21774193548387094
642086,"Smith, Dominic",340,0.3941176470588235,0.6058823529411764,0.2852941176470588,0.27647058823529413,0.04411764705882353,0.37058823529411766,0.3911764705882353,0.23823529411764705,0.20588235294117646,0.15,0.03823529411764706,0.1647058823529412,0.2411764705882353,0.19999999999999998
624424,"Conforto, Michael",304,0.4506578947368421,0.5493421052631579,0.29276315789473684,0.2138157894736842,0.04276315789473684,0.42105263157894735,0.35526315789473684,0.2236842105263158,0.23355263157894737,0.17434210526315788,0.04276315789473684,0.18749999999999997,0.18092105263157895,0.18092105263157895
542340,"Villar, Jonathan",324,0.49074074074074076,0.5092592592592593,0.2345679012345679,0.2191358024691358,0.05555555555555555,0.37962962962962965,0.33641975308641975,0.2839506172839506,0.23148148148148148,0.1697530864197531,0.08950617283950617,0.14814814814814817,0.16666666666666666,0.19444444444444442
543510,"McCann, James",263,0.5209125475285171,0.4790874524714829,0.23954372623574144,0.20152091254752852,0.03802281368821293,0.35361216730038025,0.3916349809885932,0.25475285171102663,0.23954372623574144,0.21292775665399238,0.06844106463878327,0.11406844106463881,0.1787072243346008,0.18631178707224336
607680,"Pillar, Kevin",245,0.35918367346938773,0.6408163265306122,0.30612244897959184,0.19183673469387755,0.14285714285714285,0.4204081632653061,0.34285714285714286,0.23673469387755103,0.17551020408163265,0.14285714285714285,0.04081632653061224,0.24489795918367346,0.2,0.1959183673469388
643446,"McNeil, Jeff",329,0.46808510638297873,0.5319148936170213,0.22492401215805471,0.22796352583586627,0.0790273556231003,0.3495440729483283,0.3465045592705167,0.303951367781155,0.2188449848024316,0.16109422492401215,0.08814589665653495,0.13069908814589667,0.18541033434650456,0.21580547112462006
595879,"Báez, Javier",321,0.4672897196261682,0.5327102803738317,0.24922118380062305,0.205607476635514,0.0778816199376947,0.40186915887850466,0.37694704049844235,0.22118380062305296,0.20249221183800623,0.20249221183800623,0.06230529595015576,0.19937694704049844,0.17445482866043613,0.1588785046728972
543543,"Miller, Brad",219,0.4474885844748858,0.5525114155251141,0.2648401826484018,0.2191780821917808,0.0684931506849315,0.3744292237442922,0.4200913242009132,0.2054794520547945,0.2009132420091324,0.2054794520547945,0.0410958904109589,0.1735159817351598,0.2146118721461187,0.1643835616438356
546318,"Herrera, Odúbel",379,0.5013192612137203,0.49868073878627966,0.17678100263852242,0.25857519788918204,0.0633245382585752,0.3113456464379947,0.41424802110817943,0.27440633245382584,0.17678100263852242,0.22427440633245382,0.10026385224274406,0.1345646437994723,0.1899736147757256,0.17414248021108178
544369,"Gregorius, Didi",308,0.38311688311688313,0.6168831168831168,0.2597402597402597,0.21753246753246752,0.1396103896103896,0.4448051948051948,0.3246753246753247,0.2305194805194805,0.22077922077922077,0.11363636363636363,0.048701298701298704,0.22402597402597405,0.21103896103896103,0.18181818181818182
547180,"Harper, Bryce",360,0.41944444444444445,0.5805555555555555,0.2638888888888889,0.2722222222222222,0.044444444444444446,0.3638888888888889,0.3527777777777778,0.2833333333333333,0.20555555555555555,0.17222222222222222,0.041666666666666664,0.15833333333333333,0.18055555555555558,0.24166666666666667
516416,"Segura, Jean",441,0.5238095238095238,0.47619047619047616,0.19047619047619047,0.22675736961451248,0.05895691609977324,0.30158730158730157,0.41496598639455784,0.2834467120181406,0.1836734693877551,0.23129251700680273,0.10884353741496598,0.11791383219954646,0.1836734693877551,0.1746031746031746
591720,"Torreyes, Ronald",283,0.48056537102473496,0.5194346289752649,0.2226148409893993,0.22614840989399293,0.0706713780918728,0.38162544169611307,0.3745583038869258,0.24381625441696114,0.22614840989399293,0.20848056537102475,0.045936395759717315,0.15547703180212014,0.16607773851590105,0.19787985865724383
592663,"Realmuto, J.T.",349,0.4670487106017192,0.5329512893982808,0.24355300859598855,0.23209169054441262,0.05730659025787966,0.3151862464183381,0.35816618911174786,0.32664756446991405,0.18051575931232092,0.20057306590257878,0.08595988538681948,0.13467048710601717,0.15759312320916907,0.24068767908309457
664761,"Bohm, Alec",273,0.5274725274725275,0.4725274725274725,0.16483516483516483,0.28205128205128205,0.02564102564102564,0.2600732600732601,0.4249084249084249,0.315018315018315,0.18315018315018314,0.2600732600732601,0.08424908424908426,0.07692307692307696,0.1648351648351648,0.23076923076923075
457705,"McCutchen, Andrew",357,0.40896358543417366,0.5910364145658263,0.30532212885154064,0.21568627450980393,0.0700280112044818,0.48739495798319327,0.3277310924369748,0.18487394957983194,0.26330532212885155,0.11764705882352941,0.028011204481792718,0.22408963585434172,0.21008403361344538,0.1568627450980392
520471,"Galvis, Freddy",284,0.397887323943662,0.602112676056338,0.2640845070422535,0.22887323943661972,0.10915492957746478,0.4154929577464789,0.352112676056338,0.2323943661971831,0.19014084507042253,0.1267605633802817,0.08098591549295775,0.22535211267605634,0.22535211267605632,0.15140845070422534
624428,"Frazier, Adam",512,0.423828125,0.576171875,0.203125,0.3125,0.060546875,0.35546875,0.330078125,0.314453125,0.203125,0.146484375,0.07421875,0.15234375,0.18359375,0.240234375
595777,"Profar, Jurickson",291,0.4329896907216495,0.5670103092783505,0.20618556701030927,0.23711340206185566,0.12371134020618557,0.35738831615120276,0.3436426116838488,0.29896907216494845,0.16838487972508592,0.16838487972508592,0.09621993127147767,0.18900343642611683,0.17525773195876287,0.2027491408934708
502054,"Pham, Tommy",351,0.49572649572649574,0.5042735042735043,0.21367521367521367,0.24786324786324787,0.042735042735042736,0.3076923076923077,0.4074074074074074,0.2849002849002849,0.21367521367521367,0.21082621082621084,0.07122507122507123,0.09401709401709404,0.19658119658119655,0.2136752136752137
543333,"Hosmer, Eric",413,0.5617433414043583,0.4382566585956416,0.14769975786924938,0.2324455205811138,0.05811138014527845,0.2639225181598063,0.42857142857142855,0.3075060532687651,0.1791767554479419,0.2639225181598063,0.11864406779661017,0.08474576271186438,0.16464891041162227,0.18886198547215494
605170,"Caratini, Victor",235,0.5063829787234042,0.49361702127659574,0.2170212765957447,0.225531914893617,0.05106382978723404,0.3446808510638298,0.4,0.2553191489361702,0.2127659574468085,0.2170212765957447,0.07659574468085106,0.13191489361702127,0.18297872340425533,0.17872340425531913
592518,"Machado, Manny",473,0.3953488372093023,0.6046511627906976,0.2536997885835095,0.2642706131078224,0.08668076109936575,0.38266384778012685,0.39957716701902746,0.21775898520084566,0.17970401691331925,0.17124735729386892,0.04439746300211417,0.2029598308668076,0.22832980972515854,0.1733615221987315
571976,"Myers, Wil",305,0.4524590163934426,0.5475409836065573,0.2721311475409836,0.21311475409836064,0.06229508196721312,0.3770491803278688,0.42295081967213116,0.2,0.21311475409836064,0.19344262295081968,0.04590163934426229,0.16393442622950818,0.22950819672131148,0.15409836065573773
663757,"Grisham, Trent",348,0.41954022988505746,0.5804597701149425,0.23275862068965517,0.26436781609195403,0.08333333333333333,0.3850574712643678,0.35919540229885055,0.2557471264367816,0.22413793103448276,0.13793103448275862,0.05747126436781609,0.16091954022988503,0.22126436781609193,0.19827586206896552
630105,"Cronenworth, Jake",483,0.4306418219461698,0.5693581780538303,0.2360248447204969,0.2608695652173913,0.07246376811594203,0.32919254658385094,0.3830227743271222,0.28778467908902694,0.18012422360248448,0.18840579710144928,0.062111801242236024,0.14906832298136646,0.1946169772256729,0.2256728778467909
665487,"Tatis Jr., Fernando",329,0.41033434650455924,0.5896656534954406,0.2978723404255319,0.21580547112462006,0.07598784194528875,0.42249240121580545,0.3617021276595745,0.21580547112462006,0.2006079027355623,0.15501519756838905,0.0547112462006079,0.22188449848024314,0.20668693009118544,0.16109422492401215
444482,"Peralta, David",397,0.5491183879093199,0.4508816120906801,0.1561712846347607,0.23173803526448364,0.06297229219143577,0.3123425692695214,0.4080604534005038,0.2795969773299748,0.20151133501259447,0.25692695214105793,0.0906801007556675,0.11083123425692695,0.15113350125944586,0.18891687657430728
572233,"Walker, Christian",297,0.3939393939393939,0.6060606060606061,0.2828282828282828,0.24242424242424243,0.08080808080808081,0.3838383838383838,0.3333333333333333,0.2828282828282828,0.19865319865319866,0.1414141414141414,0.05387205387205387,0.18518518518518515,0.1919191919191919,0.22895622895622894
608348,"Kelly, Carson",235,0.3191489361702128,0.6808510638297872,0.3276595744680851,0.26382978723404255,0.08936170212765958,0.3829787234042553,0.32340425531914896,0.2936170212765957,0.18723404255319148,0.1148936170212766,0.01702127659574468,0.19574468085106383,0.20851063829787236,0.276595744680851
668942,"Rojas, Josh",351,0.49572649572649574,0.5042735042735043,0.20797720797720798,0.27635327635327633,0.019943019943019943,0.358974358974359,0.3903133903133903,0.25071225071225073,0.21367521367521367,0.19943019943019943,0.08262108262108261,0.1452991452991453,0.19088319088319086,0.1680911680911681
656976,"Smith, Pavin",393,0.47837150127226463,0.5216284987277353,0.22391857506361323,0.2340966921119593,0.06361323155216285,0.3435114503816794,0.4020356234096692,0.2544529262086514,0.19592875318066158,0.19592875318066158,0.08651399491094147,0.14758269720101783,0.20610687022900762,0.16793893129770993
606466,"Marte, Ketel",281,0.4626334519572954,0.5373665480427046,0.199288256227758,0.26334519572953735,0.07473309608540925,0.3701067615658363,0.36298932384341637,0.2669039145907473,0.2206405693950178,0.19217081850533807,0.0498220640569395,0.14946619217081847,0.1708185053380783,0.2170818505338078
474832,"Belt, Brandon",223,0.2914798206278027,0.7085201793721974,0.4170403587443946,0.21524663677130046,0.07623318385650224,0.4304932735426009,0.3094170403587444,0.2600896860986547,0.16591928251121077,0.08520179372197309,0.04035874439461883,0.2645739910313901,0.2242152466367713,0.21973094170403584
606192,"Hernández, Teoscar",404,0.3935643564356436,0.6064356435643565,0.2747524752475248,0.27722772277227725,0.054455445544554455,0.40594059405940597,0.3341584158415842,0.2599009900990099,0.20544554455445543,0.14603960396039603,0.04207920792079208,0.20049504950495053,0.18811881188118815,0.21782178217821782
543760,"Semien, Marcus",509,0.3104125736738703,0.6895874263261297,0.36738703339882123,0.2318271119842829,0.09037328094302555,0.46954813359528486,0.33595284872298625,0.1944990176817289,0.18271119842829076,0.11198428290766209,0.015717092337917484,0.2868369351669941,0.22396856581532415,0.1787819253438114
543807,"Springer, George",221,0.3257918552036199,0.6742081447963801,0.3031674208144796,0.2579185520361991,0.11312217194570136,0.4660633484162896,0.334841628959276,0.19909502262443438,0.2081447963800905,0.09502262443438914,0.02262443438914027,0.25791855203619907,0.23981900452488686,0.1764705882352941
666182,"Bichette, Bo",507,0.4930966469428008,0.5069033530571992,0.22287968441814596,0.23865877712031558,0.045364891518737675,0.28994082840236685,0.3747534516765286,0.33530571992110453,0.16568047337278108,0.21104536489151873,0.11637080867850098,0.12426035502958577,0.1637080867850099,0.21893491124260356
666971,"Gurriel Jr., Lourdes",405,0.454320987654321,0.545679012345679,0.2518518518518518,0.24444444444444444,0.04938271604938271,0.3432098765432099,0.37777777777777777,0.27901234567901234,0.18271604938271604,0.19506172839506172,0.07654320987654321,0.16049382716049385,0.18271604938271604,0.2024691358024691
572816,"Dickerson, Corey",269,0.4944237918215613,0.5055762081784387,0.20074349442379183,0.22676579925650558,0.07806691449814127,0.3643122676579926,0.35315985130111527,0.2825278810408922,0.21933085501858737,0.18587360594795538,0.08921933085501858,0.1449814126394052,0.1672862453531599,0.19330855018587362
665489,"Guerrero Jr., Vladimir",496,0.45564516129032256,0.5443548387096774,0.25201612903225806,0.2439516129032258,0.04838709677419355,0.3790322580645161,0.3588709677419355,0.2620967741935484,0.2318548387096774,0.16129032258064516,0.0625,0.14717741935483872,0.19758064516129034,0.19959677419354838
545341,"Grichuk, Randal",401,0.39650872817955113,0.6034912718204488,0.2942643391521197,0.19950124688279303,0.10972568578553615,0.3640897755610973,0.3740648379052369,0.26184538653366585,0.1770573566084788,0.16957605985037408,0.04987531172069826,0.1870324189526185,0.20448877805486285,0.2119700748129676
502110,"Martinez, J.D.",425,0.3411764705882353,0.6588235294117647,0.31529411764705884,0.28941176470588237,0.05411764705882353,0.3341176470588235,0.36,0.3058823529411765,0.1811764705882353,0.12705882352941175,0.03294117647058824,0.15294117647058822,0.23294117647058823,0.27294117647058824
656941,"Schwarber, Kyle",274,0.39416058394160586,0.6058394160583941,0.3357664233576642,0.20802919708029197,0.06204379562043796,0.43795620437956206,0.3613138686131387,0.20072992700729927,0.2116788321167883,0.145985401459854,0.0364963503649635,0.22627737226277375,0.21532846715328469,0.1642335766423358
578428,"Iglesias, Jose",409,0.42053789731051344,0.5794621026894866,0.2200488997555012,0.293398533007335,0.06601466992665037,0.32273838630806845,0.44254278728606355,0.23471882640586797,0.15403422982885084,0.2200488997555012,0.04645476772616137,0.1687041564792176,0.22249388753056235,0.1882640586797066
592669,"Renfroe, Hunter",397,0.3853904282115869,0.614609571788413,0.2695214105793451,0.22921914357682618,0.11586901763224182,0.4181360201511335,0.31738035264483627,0.26448362720403024,0.21158690176322417,0.11586901763224182,0.05793450881612091,0.20654911838790932,0.20151133501259444,0.20654911838790932
571771,"Hernández, Enrique",405,0.3358024691358025,0.6641975308641975,0.32592592592592595,0.24938271604938272,0.08888888888888889,0.4246913580246914,0.31851851851851853,0.25679012345679014,0.2,0.1037037037037037,0.03209876543209877,0.22469135802469137,0.21481481481481485,0.22469135802469137
646240,"Devers, Rafael",452,0.4225663716814159,0.5774336283185841,0.26327433628318586,0.23893805309734514,0.0752212389380531,0.32964601769911506,0.4247787610619469,0.24557522123893805,0.1570796460176991,0.21902654867256638,0.046460176991150445,0.17256637168141595,0.20575221238938052,0.1991150442477876
657077,"Verdugo, Alex",453,0.5033112582781457,0.4966887417218543,0.2097130242825607,0.24282560706401765,0.04415011037527594,0.33112582781456956,0.40397350993377484,0.26490066225165565,0.20750551876379691,0.2163355408388521,0.07947019867549669,0.12362030905077265,0.18763796909492275,0.18543046357615894
593428,"Bogaerts, Xander",423,0.40189125295508277,0.5981087470449172,0.23877068557919623,0.28841607565011823,0.07092198581560284,0.4160756501182033,0.34988179669030733,0.23404255319148937,0.20567375886524822,0.14420803782505912,0.05200945626477541,0.21040189125295508,0.20567375886524822,0.18203309692671396
666915,"Dalbec, Bobby",262,0.3702290076335878,0.6297709923664122,0.33969465648854963,0.22900763358778625,0.061068702290076333,0.35877862595419846,0.3816793893129771,0.2595419847328244,0.16412213740458015,0.16412213740458015,0.04198473282442748,0.1946564885496183,0.21755725190839698,0.21755725190839692
543877,"Vázquez, Christian",379,0.42216358839050133,0.5778364116094987,0.2796833773087071,0.22427440633245382,0.07387862796833773,0.287598944591029,0.38258575197889183,0.32981530343007914,0.16886543535620052,0.1662269129287599,0.0870712401055409,0.1187335092348285,0.21635883905013192,0.24274406332453824
666969,"García, Adolis",391,0.4296675191815857,0.5703324808184144,0.3069053708439898,0.1969309462915601,0.06649616368286446,0.40153452685422,0.3631713554987212,0.23529411764705882,0.21994884910485935,0.16112531969309463,0.04859335038363171,0.18158567774936063,0.20204603580562658,0.1867007672634271
643396,"Kiner-Falefa, Isiah",548,0.5437956204379562,0.4562043795620438,0.1551094890510949,0.2591240875912409,0.041970802919708027,0.3156934306569343,0.38503649635036497,0.29927007299270075,0.2062043795620438,0.23357664233576642,0.10401459854014598,0.10948905109489049,0.15145985401459855,0.19525547445255476
663993,"Lowe, Nathaniel",398,0.5452261306532663,0.4547738693467337,0.23366834170854273,0.20854271356783918,0.01256281407035176,0.24874371859296482,0.39949748743718594,0.35175879396984927,0.17587939698492464,0.25125628140703515,0.11809045226130653,0.07286432160804018,0.14824120603015079,0.23366834170854273
669256,"Solak, Nick",355,0.5464788732394367,0.4535211267605634,0.19718309859154928,0.2,0.056338028169014086,0.30140845070422534,0.4309859154929577,0.2676056338028169,0.19436619718309858,0.2619718309859155,0.09014084507042254,0.10704225352112676,0.16901408450704225,0.17746478873239435
605137,"Bell, Josh",400,0.5425,0.4575,0.2125,0.22,0.025,0.3675,0.3925,0.24,0.2225,0.2425,0.0775,0.145,0.15000000000000002,0.16249999999999998
444876,"Escobar, Alcides",267,0.45318352059925093,0.5468164794007491,0.20599250936329588,0.2883895131086142,0.052434456928838954,0.31086142322097376,0.38202247191011235,0.30711610486891383,0.1647940074906367,0.19850187265917604,0.0898876404494382,0.14606741573033707,0.1835205992509363,0.21722846441947563
665742,"Soto, Juan",414,0.5289855072463768,0.4710144927536232,0.20772946859903382,0.2246376811594203,0.03864734299516908,0.2898550724637681,0.4444444444444444,0.26570048309178745,0.19806763285024154,0.2608695652173913,0.07004830917874397,0.09178743961352659,0.18357487922705312,0.1956521739130435
641820,"Mancini, Trey",414,0.49033816425120774,0.5096618357487923,0.22705314009661837,0.2318840579710145,0.050724637681159424,0.3357487922705314,0.38164251207729466,0.2826086956521739,0.22946859903381642,0.20531400966183574,0.05555555555555555,0.10628019323671498,0.17632850241545892,0.22705314009661834
600474,"Severino, Pedro",275,0.3927272727272727,0.6072727272727273,0.20363636363636364,0.28,0.12363636363636364,0.43272727272727274,0.3090909090909091,0.2581818181818182,0.20727272727272728,0.12727272727272726,0.05818181818181818,0.22545454545454546,0.18181818181818182,0.2
669720,"Hays, Austin",385,0.43376623376623374,0.5662337662337662,0.2675324675324675,0.22597402597402597,0.07272727272727272,0.38441558441558443,0.37142857142857144,0.24415584415584415,0.18961038961038962,0.16883116883116883,0.07532467532467532,0.19480519480519481,0.2025974025974026,0.16883116883116883
656775,"Mullins, Cedric",482,0.4066390041493776,0.5933609958506225,0.27800829875518673,0.23858921161825727,0.07676348547717843,0.4170124481327801,0.33195020746887965,0.25103734439834025,0.2033195020746888,0.14107883817427386,0.06224066390041494,0.2136929460580913,0.1908713692946058,0.1887966804979253
663624,"Mountcastle, Ryan",380,0.35526315789473684,0.644736842105263,0.3394736842105263,0.24736842105263157,0.05789473684210526,0.3868421052631579,0.32894736842105265,0.28421052631578947,0.18157894736842106,0.13157894736842105,0.042105263157894736,0.20526315789473681,0.1973684210526316,0.24210526315789474
592450,"Judge, Aaron",397,0.42065491183879095,0.579345088161209,0.2795969773299748,0.27204030226700254,0.027707808564231738,0.35768261964735515,0.37279596977329976,0.2695214105793451,0.22670025188916876,0.1385390428211587,0.055415617128463476,0.1309823677581864,0.23425692695214106,0.2141057934508816
608336,"Gallo, Joey",286,0.36363636363636365,0.6363636363636364,0.35664335664335667,0.15734265734265734,0.12237762237762238,0.43006993006993005,0.34265734265734266,0.22727272727272727,0.19230769230769232,0.1258741258741259,0.045454545454545456,0.23776223776223773,0.21678321678321677,0.18181818181818182
458731,"Gardner, Brett",298,0.4597315436241611,0.5402684563758389,0.2181208053691275,0.21476510067114093,0.10738255033557047,0.33557046979865773,0.37583892617449666,0.28859060402684567,0.18456375838926176,0.1912751677852349,0.08389261744966443,0.15100671140939598,0.18456375838926176,0.20469798657718125
519203,"Rizzo, Anthony",414,0.41304347826086957,0.5869565217391305,0.27053140096618356,0.2391304347826087,0.07729468599033816,0.4323671497584541,0.34541062801932365,0.2222222222222222,0.2246376811594203,0.1497584541062802,0.03864734299516908,0.2077294685990338,0.19565217391304346,0.18357487922705312
519317,"Stanton, Giancarlo",356,0.4550561797752809,0.5449438202247191,0.2303370786516854,0.24157303370786518,0.07303370786516854,0.34831460674157305,0.3595505617977528,0.29213483146067415,0.20224719101123595,0.1853932584269663,0.06741573033707865,0.1460674157303371,0.1741573033707865,0.2247191011235955
650402,"Torres, Gleyber",361,0.4182825484764543,0.5817174515235456,0.2631578947368421,0.25761772853185594,0.060941828254847646,0.34349030470914127,0.39058171745152354,0.2659279778393352,0.21052631578947367,0.1745152354570637,0.0332409972299169,0.1329639889196676,0.21606648199445982,0.23268698060941828
570482,"Urshela, Gio",312,0.483974358974359,0.516025641025641,0.23717948717948717,0.2564102564102564,0.022435897435897436,0.3108974358974359,0.40384615384615385,0.28525641025641024,0.20512820512820512,0.20512820512820512,0.07371794871794872,0.10576923076923078,0.19871794871794873,0.2115384615384615
518934,"LeMahieu, DJ",508,0.5196850393700787,0.4803149606299213,0.1830708661417323,0.2677165354330709,0.02952755905511811,0.234251968503937,0.39960629921259844,0.3661417322834646,0.1732283464566929,0.22440944881889763,0.1220472440944882,0.0610236220472441,0.1751968503937008,0.2440944881889764
596142,"Sánchez, Gary",262,0.35877862595419846,0.6412213740458015,0.31297709923664124,0.20610687022900764,0.12213740458015267,0.5458015267175572,0.2633587786259542,0.19083969465648856,0.24045801526717558,0.09923664122137404,0.019083969465648856,0.30534351145038163,0.16412213740458015,0.1717557251908397
596059,"Odor, Rougned",223,0.40358744394618834,0.5964125560538117,0.3094170403587444,0.16143497757847533,0.12556053811659193,0.515695067264574,0.26905829596412556,0.21524663677130046,0.2645739910313901,0.09865470852017937,0.04035874439461883,0.2511210762331839,0.17040358744394618,0.17488789237668162
623993,"Santander, Anthony",310,0.35161290322580646,0.6483870967741935,0.2645161290322581,0.267741935483871,0.11612903225806452,0.3903225806451613,0.3741935483870968,0.23548387096774193,0.16774193548387098,0.14838709677419354,0.035483870967741936,0.2225806451612903,0.22580645161290325,0.19999999999999998
571448,"Arenado, Nolan",504,0.3134920634920635,0.6865079365079365,0.3273809523809524,0.24801587301587302,0.1111111111111111,0.4583333333333333,0.3333333333333333,0.20833333333333334,0.15476190476190477,0.12698412698412698,0.031746031746031744,0.30357142857142855,0.20634920634920634,0.1765873015873016
425877,"Molina, Yadier",364,0.4258241758241758,0.5741758241758241,0.29120879120879123,0.21703296703296704,0.06593406593406594,0.4340659340659341,0.3434065934065934,0.22252747252747251,0.23076923076923078,0.1565934065934066,0.038461538461538464,0.2032967032967033,0.18681318681318682,0.18406593406593405
664056,"Bader, Harrison",284,0.44014084507042256,0.5598591549295775,0.28169014084507044,0.1795774647887324,0.09859154929577464,0.38380281690140844,0.3591549295774648,0.25704225352112675,0.1936619718309859,0.18661971830985916,0.05985915492957746,0.19014084507042253,0.17253521126760565,0.19718309859154928
502671,"Goldschmidt, Paul",472,0.3728813559322034,0.6271186440677966,0.3114406779661017,0.2457627118644068,0.06991525423728813,0.3707627118644068,0.3855932203389831,0.24364406779661016,0.1906779661016949,0.1504237288135593,0.03177966101694915,0.18008474576271188,0.23516949152542377,0.211864406779661
641933,"O'Neill, Tyler",318,0.36163522012578614,0.6383647798742138,0.31446540880503143,0.24842767295597484,0.07547169811320754,0.36163522012578614,0.36792452830188677,0.27044025157232704,0.1761006289308176,0.14779874213836477,0.03773584905660377,0.18553459119496854,0.220125786163522,0.23270440251572327
669242,"Edman, Tommy",552,0.4692028985507246,0.5307971014492754,0.23731884057971014,0.24456521739130435,0.04891304347826087,0.411231884057971,0.34601449275362317,0.2427536231884058,0.2318840579710145,0.17753623188405798,0.059782608695652176,0.1793478260869565,0.1684782608695652,0.1829710144927536
666185,"Carlson, Dylan",399,0.40100250626566414,0.5964912280701753,0.3107769423558897,0.24310776942355888,0.042606516290726815,0.39348370927318294,0.3258145363408521,0.2807017543859649,0.22055137844611528,0.13283208020050125,0.047619047619047616,0.17293233082706766,0.19298245614035087,0.23308270676691728
657557,"DeJong, Paul",255,0.3843137254901961,0.6156862745098038,0.34509803921568627,0.19607843137254902,0.07450980392156863,0.41568627450980394,0.3568627450980392,0.22745098039215686,0.19215686274509805,0.12941176470588237,0.06274509803921569,0.2235294117647059,0.22745098039215686,0.16470588235294117
621028,"Newman, Kevin",485,0.4577319587628866,0.5422680412371135,0.21443298969072164,0.2515463917525773,0.07628865979381444,0.31752577319587627,0.4288659793814433,0.2536082474226804,0.1979381443298969,0.19175257731958764,0.06804123711340206,0.11958762886597937,0.23711340206185563,0.18556701030927836
607732,"Stallings, Jacob",291,0.44673539518900346,0.5532646048109966,0.23367697594501718,0.27147766323024053,0.048109965635738834,0.35051546391752575,0.43986254295532645,0.20962199312714777,0.19243986254295534,0.21649484536082475,0.037800687285223365,0.1580756013745704,0.2233676975945017,0.1718213058419244
592567,"Moran, Colin",234,0.5128205128205128,0.4871794871794871,0.20512820512820512,0.24358974358974358,0.038461538461538464,0.3247863247863248,0.42735042735042733,0.24786324786324787,0.2264957264957265,0.2222222222222222,0.0641025641025641,0.0982905982905983,0.20512820512820512,0.18376068376068377
668804,"Reynolds, Bryan",444,0.39864864864864863,0.5990990990990991,0.28603603603603606,0.268018018018018,0.04504504504504504,0.39864864864864863,0.36936936936936937,0.22972972972972974,0.20270270270270271,0.1463963963963964,0.04954954954954955,0.19594594594594592,0.22297297297297297,0.1801801801801802
592325,"Gamel, Ben",241,0.3236514522821577,0.6763485477178424,0.29045643153526973,0.33195020746887965,0.05394190871369295,0.3900414937759336,0.3817427385892116,0.22821576763485477,0.17842323651452283,0.11203319502074689,0.03319502074688797,0.21161825726141079,0.2697095435684647,0.1950207468879668
592743,"Simmons, Andrelton",354,0.5480225988700564,0.4519774011299435,0.1638418079096045,0.2175141242937853,0.07062146892655367,0.3700564971751412,0.4209039548022599,0.20903954802259886,0.22033898305084745,0.23163841807909605,0.096045197740113,0.14971751412429377,0.18926553672316385,0.11299435028248586
593934,"Sanó, Miguel",288,0.3923611111111111,0.607638888888889,0.2986111111111111,0.22569444444444445,0.08333333333333333,0.4375,0.3020833333333333,0.2604166666666667,0.23958333333333334,0.1076388888888889,0.04513888888888889,0.19791666666666666,0.19444444444444442,0.2152777777777778
518626,"Donaldson, Josh",351,0.43874643874643876,0.5612535612535613,0.2849002849002849,0.20512820512820512,0.07122507122507123,0.42450142450142453,0.358974358974359,0.21652421652421652,0.2222222222222222,0.17094017094017094,0.045584045584045586,0.20227920227920232,0.18803418803418803,0.17094017094017094
593871,"Polanco, Jorge",476,0.32983193277310924,0.6701680672268907,0.3277310924369748,0.2710084033613445,0.07142857142857142,0.5189075630252101,0.296218487394958,0.18487394957983194,0.20798319327731093,0.10504201680672269,0.01680672268907563,0.31092436974789917,0.19117647058823528,0.16806722689075632
650333,"Arraez, Luis",386,0.46632124352331605,0.5336787564766841,0.23316062176165803,0.2849740932642487,0.015544041450777202,0.2694300518134715,0.4119170984455959,0.31865284974093266,0.17098445595854922,0.22538860103626943,0.06994818652849741,0.0984455958549223,0.18652849740932645,0.24870466321243526
596146,"Kepler, Max",334,0.3772455089820359,0.6227544910179641,0.281437125748503,0.24850299401197604,0.09281437125748503,0.41916167664670656,0.36826347305389223,0.2125748502994012,0.20958083832335328,0.12874251497005987,0.038922155688622756,0.20958083832335328,0.23952095808383236,0.17365269461077845
598265,"Bradley Jr., Jackie",258,0.49612403100775193,0.5038759689922481,0.20930232558139536,0.22868217054263565,0.06589147286821706,0.3643410852713178,0.4418604651162791,0.1937984496124031,0.2248062015503876,0.2364341085271318,0.03488372093023256,0.1395348837209302,0.2054263565891473,0.15891472868217055
500871,"Escobar, Eduardo",426,0.3333333333333333,0.6666666666666666,0.3333333333333333,0.2300469483568075,0.10328638497652583,0.45305164319248825,0.30985915492957744,0.23708920187793428,0.19953051643192488,0.10328638497652583,0.03051643192488263,0.2535211267605634,0.20657276995305163,0.20657276995305165
592885,"Yelich, Christian",289,0.5570934256055363,0.4429065743944637,0.1695501730103806,0.23875432525951557,0.03460207612456748,0.3391003460207612,0.3633217993079585,0.2975778546712803,0.23529411764705882,0.19377162629757785,0.12802768166089964,0.1038062283737024,0.16955017301038064,0.16955017301038064
649966,"Urías, Luis",378,0.41798941798941797,0.582010582010582,0.2619047619047619,0.21164021164021163,0.10846560846560846,0.42063492063492064,0.36772486772486773,0.21164021164021163,0.19047619047619047,0.164021164021164,0.06349206349206349,0.23015873015873017,0.20370370370370372,0.14814814814814814
553882,"Narváez, Omar",313,0.34185303514376997,0.6581469648562299,0.30990415335463256,0.2747603833865815,0.07348242811501597,0.3706070287539936,0.36421725239616615,0.26517571884984026,0.17252396166134185,0.11501597444089456,0.054313099041533544,0.19808306709265175,0.24920127795527158,0.21086261980830673
543939,"Wong, Kolten",365,0.4383561643835616,0.5616438356164384,0.23013698630136986,0.2684931506849315,0.06301369863013699,0.3780821917808219,0.3698630136986301,0.25205479452054796,0.2054794520547945,0.17534246575342466,0.057534246575342465,0.1726027397260274,0.19452054794520546,0.1945205479452055
650489,"Castro, Willi",310,0.4806451612903226,0.5193548387096774,0.22903225806451613,0.22580645161290322,0.06451612903225806,0.2967741935483871,0.35161290322580646,0.35161290322580646,0.19032258064516128,0.18064516129032257,0.10967741935483871,0.1064516129032258,0.1709677419354839,0.24193548387096775
606992,"Haase, Eric",234,0.38461538461538464,0.6153846153846154,0.3247863247863248,0.21367521367521367,0.07692307692307693,0.44017094017094016,0.3076923076923077,0.25213675213675213,0.20512820512820512,0.1452991452991453,0.03418803418803419,0.23504273504273504,0.1623931623931624,0.21794871794871795
668731,"Baddoo, Akil",294,0.40476190476190477,0.5952380952380952,0.30612244897959184,0.22789115646258504,0.061224489795918366,0.3741496598639456,0.36054421768707484,0.2653061224489796,0.19387755102040816,0.15306122448979592,0.05782312925170068,0.18027210884353745,0.20748299319727892,0.20748299319727892
570731,"Schoop, Jonathan",498,0.4839357429718876,0.5160642570281124,0.20281124497991967,0.21686746987951808,0.0963855421686747,0.35943775100401604,0.3895582329317269,0.25100401606425704,0.22088353413654618,0.19477911646586346,0.06827309236947791,0.13855421686746985,0.19477911646586346,0.1827309236947791
600869,"Candelario, Jeimer",422,0.4075829383886256,0.5924170616113744,0.2559241706161137,0.2890995260663507,0.04739336492890995,0.4075829383886256,0.3578199052132701,0.23459715639810427,0.20853080568720378,0.13981042654028436,0.05924170616113744,0.1990521327014218,0.21800947867298576,0.17535545023696683
408234,"Cabrera, Miguel",363,0.4903581267217631,0.509641873278237,0.25895316804407714,0.21487603305785125,0.03581267217630854,0.3278236914600551,0.371900826446281,0.3002754820936639,0.2534435261707989,0.18732782369146006,0.049586776859504134,0.07438016528925617,0.18457300275482091,0.25068870523415976
543257,"Grossman, Robbie",410,0.3,0.7,0.35853658536585364,0.2682926829268293,0.07317073170731707,0.43902439024390244,0.3073170731707317,0.25365853658536586,0.1878048780487805,0.08780487804878048,0.024390243902439025,0.25121951219512195,0.21951219512195122,0.22926829268292684
663697,"India, Jonathan",396,0.4494949494949495,0.5505050505050506,0.26262626262626265,0.22727272727272727,0.06060606060606061,0.48484848484848486,0.3409090909090909,0.17424242424242425,0.25,0.15404040404040403,0.045454545454545456,0.23484848484848486,0.18686868686868685,0.12878787878787878
571657,"Farmer, Kyle",392,0.40816326530612246,0.5918367346938775,0.25510204081632654,0.25255102040816324,0.08418367346938775,0.35459183673469385,0.39540816326530615,0.25,0.17091836734693877,0.1760204081632653,0.061224489795918366,0.18367346938775508,0.21938775510204084,0.18877551020408162
553993,"Suárez, Eugenio",339,0.36283185840707965,0.6371681415929203,0.35693215339233036,0.20353982300884957,0.07669616519174041,0.4631268436578171,0.32448377581120946,0.21238938053097345,0.2536873156342183,0.0855457227138643,0.02359882005899705,0.20943952802359878,0.23893805309734517,0.1887905604719764
663886,"Stephenson, Tyler",280,0.5,0.5,0.18571428571428572,0.2785714285714286,0.03571428571428571,0.31785714285714284,0.3357142857142857,0.3464285714285714,0.23214285714285715,0.18928571428571428,0.07857142857142857,0.08571428571428569,0.1464285714285714,0.26785714285714285
458015,"Votto, Joey",325,0.3323076923076923,0.6676923076923078,0.36923076923076925,0.2523076923076923,0.046153846153846156,0.40923076923076923,0.36923076923076925,0.22153846153846155,0.18153846153846154,0.14153846153846153,0.009230769230769232,0.2276923076923077,0.22769230769230772,0.2123076923076923
571466,"Barnhart, Tucker",251,0.4262948207171315,0.5737051792828685,0.2868525896414343,0.23107569721115537,0.055776892430278883,0.41434262948207173,0.33067729083665337,0.2549800796812749,0.24302788844621515,0.13147410358565736,0.05179282868525897,0.1713147410358566,0.199203187250996,0.20318725099601592
592206,"Castellanos, Nick",416,0.3798076923076923,0.6201923076923077,0.29086538461538464,0.2932692307692308,0.036057692307692304,0.3918269230769231,0.3581730769230769,0.25,0.22115384615384615,0.12259615384615384,0.036057692307692304,0.17067307692307693,0.23557692307692307,0.2139423076923077
452678,"Cabrera, Asdrúbal",233,0.4248927038626609,0.575107296137339,0.27896995708154504,0.2145922746781116,0.0815450643776824,0.463519313304721,0.3218884120171674,0.2145922746781116,0.2532188841201717,0.13733905579399142,0.034334763948497854,0.21030042918454933,0.18454935622317598,0.18025751072961374
642708,"Rosario, Amed",434,0.5138248847926268,0.48617511520737333,0.1889400921658986,0.2511520737327189,0.04608294930875576,0.27880184331797236,0.41935483870967744,0.30184331797235026,0.1774193548387097,0.2350230414746544,0.10138248847926268,0.10138248847926268,0.18433179723502305,0.20046082949308758
608070,"Ramírez, José",470,0.3617021276595745,0.6382978723404255,0.2702127659574468,0.2404255319148936,0.1276595744680851,0.5468085106382978,0.3021276595744681,0.15106382978723404,0.225531914893617,0.11914893617021277,0.01702127659574468,0.3212765957446808,0.1829787234042553,0.13404255319148936
664702,"Straw, Myles",448,0.4107142857142857,0.5892857142857142,0.24553571428571427,0.31473214285714285,0.029017857142857144,0.25669642857142855,0.38839285714285715,0.3549107142857143,0.16964285714285715,0.19642857142857142,0.044642857142857144,0.0870535714285714,0.19196428571428573,0.31026785714285715
623912,"Ramírez, Harold",286,0.5314685314685315,0.46853146853146854,0.1853146853146853,0.2202797202797203,0.06293706293706294,0.3006993006993007,0.4125874125874126,0.2867132867132867,0.19230769230769232,0.24125874125874125,0.0979020979020979,0.10839160839160836,0.17132867132867136,0.1888111888111888
614177,"Reyes, Franmil",272,0.4632352941176471,0.5367647058823529,0.25,0.21691176470588236,0.06985294117647059,0.375,0.40441176470588236,0.22058823529411764,0.22058823529411764,0.18382352941176472,0.058823529411764705,0.15441176470588236,0.22058823529411764,0.16176470588235292
605548,"Zimmer, Bradley",181,0.5027624309392266,0.49723756906077343,0.2154696132596685,0.23204419889502761,0.049723756906077346,0.3812154696132597,0.3701657458563536,0.24861878453038674,0.2430939226519337,0.19337016574585636,0.06629834254143646,0.138121546961326,0.17679558011049723,0.18232044198895028
641313,"Anderson, Tim",409,0.5599022004889975,0.4400977995110025,0.19315403422982885,0.22982885085574573,0.017114914425427872,0.3105134474327628,0.4156479217603912,0.27383863080684595,0.23227383863080683,0.26405867970660146,0.06356968215158924,0.07823960880195599,0.15158924205378976,0.2102689486552567
544725,"García, Leury",332,0.5692771084337349,0.4307228915662651,0.18674698795180722,0.21686746987951808,0.02710843373493976,0.3493975903614458,0.39759036144578314,0.25301204819277107,0.24096385542168675,0.2289156626506024,0.09939759036144578,0.10843373493975905,0.16867469879518074,0.15361445783132527
518735,"Grandal, Yasmani",203,0.41379310344827586,0.5862068965517242,0.27586206896551724,0.21674876847290642,0.09359605911330049,0.4433497536945813,0.35960591133004927,0.19704433497536947,0.2512315270935961,0.11822660098522167,0.04433497536945813,0.1921182266009852,0.2413793103448276,0.15270935960591134
660162,"Moncada, Yoán",365,0.4410958904109589,0.5589041095890411,0.20273972602739726,0.3095890410958904,0.04657534246575343,0.3561643835616438,0.37534246575342467,0.2684931506849315,0.20821917808219179,0.18356164383561643,0.049315068493150684,0.14794520547945203,0.19178082191780824,0.21917808219178084
547989,"Abreu, José",433,0.47344110854503463,0.5265588914549654,0.25635103926096997,0.21709006928406466,0.053117782909930716,0.3510392609699769,0.4133949191685912,0.23556581986143188,0.21478060046189376,0.20554272517321015,0.053117782909930716,0.13625866050808313,0.20785219399538107,0.18244803695150116
514917,"Hernández, César",438,0.4726027397260274,0.5273972602739726,0.2511415525114155,0.2374429223744292,0.03881278538812785,0.3515981735159817,0.410958904109589,0.2374429223744292,0.21232876712328766,0.19406392694063926,0.06621004566210045,0.13926940639269406,0.21689497716894976,0.17123287671232876
683734,"Vaughn, Andrew",321,0.4392523364485981,0.5607476635514018,0.2772585669781931,0.24610591900311526,0.037383177570093455,0.308411214953271,0.38317757009345793,0.308411214953271,0.18691588785046728,0.19003115264797507,0.06230529595015576,0.12149532710280372,0.19314641744548286,0.24610591900311524
663647,"Hayes, Ke'Bryan",277,0.5740072202166066,0.4259927797833935,0.19855595667870035,0.19494584837545126,0.032490974729241874,0.21299638989169675,0.4693140794223827,0.3176895306859206,0.16606498194945848,0.2851985559566787,0.12274368231046931,0.04693140794223827,0.18411552346570398,0.19494584837545129
593160,"Merrifield, Whit",573,0.41710296684118675,0.5828970331588132,0.2582897033158813,0.2670157068062827,0.05759162303664921,0.3403141361256545,0.34205933682373474,0.31762652705061084,0.17452006980802792,0.1849912739965096,0.05759162303664921,0.16579406631762655,0.15706806282722513,0.2600349040139616
572191,"Taylor, Michael A.",346,0.4624277456647399,0.5375722543352601,0.2745664739884393,0.2254335260115607,0.03757225433526012,0.3236994219653179,0.4190751445086705,0.25722543352601157,0.21965317919075145,0.1936416184971098,0.049132947976878616,0.10404624277456648,0.2254335260115607,0.20809248554913296
643217,"Benintendi, Andrew",403,0.3945409429280397,0.6054590570719602,0.34491315136476425,0.21836228287841192,0.04218362282878412,0.3598014888337469,0.3970223325062035,0.24317617866004962,0.19602977667493796,0.1588089330024814,0.03970223325062035,0.16377171215880895,0.2382133995037221,0.20347394540942926
670032,"Lopez, Nicky",438,0.5799086757990868,0.4200913242009132,0.1689497716894977,0.22146118721461186,0.02968036529680365,0.24885844748858446,0.4611872146118721,0.2899543378995434,0.1917808219178082,0.3013698630136986,0.0867579908675799,0.05707762557077625,0.1598173515981735,0.2031963470319635
521692,"Perez, Salvador",454,0.3744493392070485,0.6255506607929516,0.3303964757709251,0.2356828193832599,0.05947136563876652,0.42731277533039647,0.3502202643171806,0.22246696035242292,0.21365638766519823,0.1277533039647577,0.03303964757709251,0.21365638766519823,0.22246696035242292,0.1894273127753304
467793,"Santana, Carlos",468,0.452991452991453,0.5448717948717949,0.26495726495726496,0.19230769230769232,0.0876068376068376,0.4337606837606838,0.39316239316239315,0.17094017094017094,0.24145299145299146,0.1794871794871795,0.03205128205128205,0.19230769230769232,0.21367521367521367,0.1388888888888889
641531,"Dozier, Hunter",339,0.3834808259587021,0.616519174041298,0.27728613569321536,0.24778761061946902,0.09144542772861357,0.3746312684365782,0.41297935103244837,0.21238938053097345,0.1710914454277286,0.1710914454277286,0.04129793510324484,0.20353982300884957,0.24188790560471976,0.1710914454277286
668227,"Arozarena, Randy",364,0.49175824175824173,0.5082417582417582,0.20604395604395603,0.22802197802197802,0.07417582417582418,0.3543956043956044,0.4258241758241758,0.21978021978021978,0.2032967032967033,0.22802197802197802,0.06043956043956044,0.15109890109890112,0.1978021978021978,0.15934065934065933
650490,"Díaz, Yandy",384,0.5208333333333334,0.4791666666666667,0.2265625,0.1953125,0.057291666666666664,0.3125,0.4114583333333333,0.2760416666666667,0.21354166666666666,0.234375,0.07291666666666667,0.09895833333333334,0.17708333333333331,0.203125
621563,"Wendle, Joey",350,0.5,0.5,0.22,0.25142857142857145,0.02857142857142857,0.35714285714285715,0.34285714285714286,0.3,0.2057142857142857,0.19714285714285715,0.09714285714285714,0.15142857142857144,0.1457142857142857,0.20285714285714285
664040,"Lowe, Brandon",371,0.3477088948787062,0.6522911051212938,0.3288409703504043,0.24797843665768193,0.07547169811320754,0.3935309973045822,0.353099730458221,0.25336927223719674,0.16172506738544473,0.1347708894878706,0.05121293800539083,0.23180592991913745,0.2183288409703504,0.2021563342318059
640457,"Meadows, Austin",404,0.2871287128712871,0.7128712871287128,0.3688118811881188,0.2376237623762376,0.10643564356435643,0.4034653465346535,0.3415841584158416,0.25495049504950495,0.16584158415841585,0.08415841584158416,0.03712871287128713,0.23762376237623764,0.25742574257425743,0.21782178217821782
572287,"Zunino, Mike",202,0.30198019801980197,0.698019801980198,0.32673267326732675,0.19801980198019803,0.17326732673267325,0.5495049504950495,0.28217821782178215,0.16831683168316833,0.18811881188118812,0.09405940594059406,0.019801980198019802,0.36138613861386143,0.1881188118811881,0.14851485148514854
622534,"Margot, Manuel",356,0.4803370786516854,0.5196629213483146,0.22191011235955055,0.21629213483146068,0.08146067415730338,0.32865168539325845,0.44662921348314605,0.2247191011235955,0.21348314606741572,0.19662921348314608,0.0702247191011236,0.11516853932584273,0.24999999999999997,0.1544943820224719
443558,"Cruz, Nelson",396,0.43434343434343436,0.5656565656565656,0.255050505050505,0.2196969696969697,0.09090909090909091,0.3661616161616162,0.36363636363636365,0.2702020202020202,0.19696969696969696,0.16666666666666666,0.0707070707070707,0.16919191919191923,0.196969696969697,0.1994949494949495
643393,"Kemp, Tony",288,0.3784722222222222,0.6215277777777778,0.3055555555555556,0.2534722222222222,0.0625,0.3576388888888889,0.4409722222222222,0.2013888888888889,0.1701388888888889,0.16666666666666666,0.041666666666666664,0.1875,0.2743055555555556,0.15972222222222224
621566,"Olson, Matt",463,0.4038876889848812,0.5961123110151187,0.3023758099352052,0.19654427645788336,0.09719222462203024,0.3952483801295896,0.3369330453563715,0.2678185745140389,0.1771058315334773,0.15982721382289417,0.06695464362850972,0.21814254859611232,0.1771058315334773,0.20086393088552917
592192,"Canha, Mark",393,0.4223918575063613,0.5776081424936386,0.24427480916030533,0.2595419847328244,0.0737913486005089,0.3969465648854962,0.3638676844783715,0.23918575063613232,0.21119592875318066,0.17557251908396945,0.035623409669211195,0.18575063613231552,0.18829516539440203,0.2035623409669211
543228,"Gomes, Yan",272,0.3786764705882353,0.6213235294117647,0.2426470588235294,0.30514705882352944,0.07352941176470588,0.3602941176470588,0.4375,0.20220588235294118,0.16911764705882354,0.17279411764705882,0.03676470588235294,0.19117647058823528,0.2647058823529412,0.16544117647058823
656305,"Chapman, Matt",336,0.33630952380952384,0.6636904761904762,0.37797619047619047,0.1875,0.09821428571428571,0.37797619047619047,0.39880952380952384,0.22321428571428573,0.13988095238095238,0.15773809523809523,0.03869047619047619,0.23809523809523808,0.2410714285714286,0.18452380952380953
516782,"Marte, Starling",371,0.5633423180592992,0.4366576819407008,0.16711590296495957,0.22911051212938005,0.04043126684636118,0.3423180592991914,0.3881401617250674,0.2695417789757412,0.23450134770889489,0.23180592991913745,0.09703504043126684,0.10781671159029652,0.15633423180592992,0.17250673854447438
669221,"Murphy, Sean",282,0.40070921985815605,0.599290780141844,0.2801418439716312,0.23404255319148937,0.0851063829787234,0.4148936170212766,0.3723404255319149,0.2127659574468085,0.2127659574468085,0.15602836879432624,0.031914893617021274,0.20212765957446807,0.21631205673758863,0.18085106382978725
543281,"Harrison, Josh",433,0.4018475750577367,0.5981524249422633,0.27251732101616627,0.27251732101616627,0.053117782909930716,0.3695150115473441,0.3995381062355658,0.23094688221709006,0.18244803695150116,0.17321016166281755,0.046189376443418015,0.18706697459584296,0.22632794457274824,0.18475750577367206
595281,"Kiermaier, Kevin",253,0.5612648221343873,0.43873517786561267,0.16600790513833993,0.23715415019762845,0.03557312252964427,0.31225296442687744,0.4505928853754941,0.23715415019762845,0.1976284584980237,0.2608695652173913,0.10276679841897234,0.11462450592885373,0.18972332015810278,0.13438735177865613
462101,"Andrus, Elvis",423,0.47044917257683216,0.5295508274231678,0.17494089834515367,0.28368794326241137,0.07092198581560284,0.3215130023640662,0.4231678486997636,0.2553191489361702,0.17966903073286053,0.22458628841607564,0.06619385342789598,0.14184397163120568,0.19858156028368795,0.18912529550827423
594838,"Gosselin, Phil",265,0.4528301886792453,0.5471698113207547,0.2679245283018868,0.22264150943396227,0.05660377358490566,0.28679245283018867,0.41132075471698115,0.3018867924528302,0.16981132075471697,0.20754716981132076,0.07547169811320754,0.1169811320754717,0.2037735849056604,0.22641509433962265
665120,"Walsh, Jared",381,0.49606299212598426,0.5039370078740157,0.1968503937007874,0.24934383202099739,0.05774278215223097,0.37270341207349084,0.41732283464566927,0.2099737532808399,0.2073490813648294,0.2283464566929134,0.06036745406824147,0.16535433070866143,0.18897637795275588,0.14960629921259844
664058,"Fletcher, David",573,0.493891797556719,0.506108202443281,0.16230366492146597,0.2705061082024433,0.07329842931937172,0.28970331588132636,0.3507853403141361,0.35951134380453753,0.16753926701570682,0.193717277486911,0.13263525305410123,0.12216404886561955,0.1570680628272251,0.2268760907504363
660271,"Ohtani, Shohei",350,0.39714285714285713,0.6028571428571429,0.3457142857142857,0.20857142857142857,0.04857142857142857,0.4657142857142857,0.3057142857142857,0.22857142857142856,0.2342857142857143,0.12857142857142856,0.03428571428571429,0.2314285714285714,0.17714285714285716,0.19428571428571428
641487,"Crawford, J.P.",510,0.4666666666666667,0.5333333333333333,0.1784313725490196,0.28627450980392155,0.06862745098039216,0.30392156862745096,0.4117647058823529,0.28431372549019607,0.1843137254901961,0.19607843137254902,0.08627450980392157,0.11960784313725487,0.2156862745098039,0.1980392156862745
571745,"Haniger, Mitch",459,0.43137254901960786,0.5686274509803921,0.29193899782135074,0.19607843137254902,0.08061002178649238,0.4466230936819172,0.355119825708061,0.19825708061002179,0.25054466230936817,0.14161220043572983,0.0392156862745098,0.19607843137254904,0.21350762527233116,0.15904139433551198
664238,"Moore, Dylan",222,0.31981981981981983,0.6801801801801801,0.3153153153153153,0.22972972972972974,0.13513513513513514,0.36936936936936937,0.36936936936936937,0.26126126126126126,0.13963963963963963,0.15315315315315314,0.02702702702702703,0.22972972972972974,0.21621621621621623,0.23423423423423423
647351,"Toro, Abraham",283,0.4169611307420495,0.5830388692579506,0.35335689045936397,0.18021201413427562,0.04946996466431095,0.2968197879858657,0.3957597173144876,0.30742049469964666,0.1625441696113074,0.17314487632508835,0.0812720848056537,0.13427561837455831,0.22261484098939927,0.22614840989399296
664034,"France, Ty",471,0.46709129511677283,0.5329087048832272,0.21231422505307856,0.2653927813163482,0.055201698513800426,0.35668789808917195,0.386411889596603,0.25690021231422505,0.20382165605095542,0.17834394904458598,0.08492569002123142,0.15286624203821653,0.20806794055201702,0.17197452229299365
672284,"Kelenic, Jarred",232,0.4396551724137931,0.560344827586207,0.3103448275862069,0.1853448275862069,0.06465517241379311,0.36637931034482757,0.3922413793103448,0.2413793103448276,0.21120689655172414,0.1939655172413793,0.034482758620689655,0.15517241379310343,0.1982758620689655,0.20689655172413796
572122,"Seager, Kyle",446,0.33408071748878926,0.6659192825112108,0.37668161434977576,0.19730941704035873,0.09192825112107623,0.4327354260089686,0.3295964125560538,0.23766816143497757,0.19730941704035873,0.09865470852017937,0.03811659192825112,0.23542600896860985,0.23094170403587444,0.19955156950672645
620443,"Torrens, Luis",250,0.52,0.48,0.22,0.216,0.044,0.296,0.436,0.268,0.18,0.264,0.076,0.11599999999999999,0.172,0.192
493329,"Gurriel, Yuli",474,0.41561181434599154,0.5843881856540085,0.24261603375527427,0.2552742616033755,0.08649789029535865,0.3333333333333333,0.4092827004219409,0.25738396624472576,0.14767932489451477,0.19831223628691982,0.06962025316455696,0.18565400843881855,0.2109704641350211,0.18776371308016881
476704,"Lowrie, Jed",353,0.36827195467422097,0.631728045325779,0.32577903682719545,0.24929178470254956,0.056657223796033995,0.37110481586402266,0.39660056657223797,0.23229461756373937,0.20396600566572237,0.14447592067988668,0.019830028328611898,0.1671388101983003,0.2521246458923513,0.21246458923512748
541645,"García, Avisaíl",345,0.48405797101449277,0.5159420289855072,0.2608695652173913,0.22028985507246376,0.034782608695652174,0.39420289855072466,0.3884057971014493,0.21739130434782608,0.25507246376811593,0.17101449275362318,0.057971014492753624,0.13913043478260873,0.2173913043478261,0.15942028985507245
642715,"Adames, Willy",342,0.3713450292397661,0.6286549707602338,0.35964912280701755,0.21637426900584794,0.05263157894736842,0.42105263157894735,0.347953216374269,0.2309941520467836,0.2222222222222222,0.11695906432748537,0.03216374269005848,0.19883040935672514,0.23099415204678364,0.19883040935672514
641355,"Bellinger, Cody",224,0.3169642857142857,0.6830357142857143,0.3392857142857143,0.23214285714285715,0.11160714285714286,0.42410714285714285,0.35267857142857145,0.22321428571428573,0.17857142857142858,0.10714285714285714,0.03125,0.24553571428571427,0.2455357142857143,0.19196428571428573
621550,"Wisdom, Patrick",185,0.32432432432432434,0.6756756756756757,0.3621621621621622,0.23243243243243245,0.08108108108108109,0.5297297297297298,0.31891891891891894,0.15135135135135136,0.20540540540540542,0.0918918918918919,0.02702702702702703,0.32432432432432434,0.22702702702702704,0.12432432432432433
664023,"Happ, Ian",312,0.47115384615384615,0.5288461538461539,0.28205128205128205,0.20192307692307693,0.04487179487179487,0.3782051282051282,0.3269230769230769,0.2948717948717949,0.2403846153846154,0.15384615384615385,0.07692307692307693,0.1378205128205128,0.17307692307692307,0.21794871794871795
575929,"Contreras, Willson",279,0.5161290322580645,0.4838709677419355,0.25089605734767023,0.1863799283154122,0.04659498207885305,0.3727598566308244,0.3763440860215054,0.25089605734767023,0.24372759856630824,0.2007168458781362,0.07168458781362007,0.12903225806451615,0.17562724014336917,0.17921146953405015
665862,"Chisholm Jr., Jazz",324,0.49382716049382713,0.5061728395061729,0.24382716049382716,0.2191358024691358,0.043209876543209874,0.37037037037037035,0.35802469135802467,0.2716049382716049,0.21296296296296297,0.19753086419753085,0.08333333333333333,0.15740740740740738,0.16049382716049382,0.1882716049382716
500743,"Rojas, Miguel",423,0.4562647754137116,0.5437352245862884,0.2198581560283688,0.24349881796690306,0.08037825059101655,0.3333333333333333,0.38534278959810875,0.28132387706855794,0.16548463356973994,0.21040189125295508,0.08037825059101655,0.16784869976359337,0.17494089834515367,0.20094562647754138
488726,"Brantley, Michael",417,0.4676258992805755,0.5323741007194245,0.20623501199040767,0.28776978417266186,0.03836930455635491,0.3333333333333333,0.41247002398081534,0.2541966426858513,0.19904076738609114,0.20863309352517986,0.05995203836930456,0.13429256594724218,0.20383693045563547,0.19424460431654672
570256,"Polanco, Gregory",240,0.4,0.6,0.22916666666666666,0.25,0.12083333333333333,0.4375,0.3625,0.2,0.22083333333333333,0.15416666666666667,0.025,0.21666666666666667,0.20833333333333331,0.17500000000000002
657656,"Laureano, Ramón",244,0.4426229508196721,0.5573770491803278,0.2827868852459016,0.22131147540983606,0.05327868852459016,0.4262295081967213,0.3483606557377049,0.22540983606557377,0.22131147540983606,0.14754098360655737,0.07377049180327869,0.20491803278688522,0.20081967213114754,0.15163934426229508
518792,"Heyward, Jason",255,0.5058823529411764,0.49411764705882355,0.18823529411764706,0.20784313725490197,0.09803921568627451,0.4117647058823529,0.3803921568627451,0.20784313725490197,0.27058823529411763,0.17254901960784313,0.06274509803921569,0.1411764705882353,0.20784313725490194,0.1450980392156863
542583,"Aguilar, Jesús",363,0.3333333333333333,0.6666666666666665,0.3168044077134986,0.26721763085399447,0.08264462809917356,0.4132231404958678,0.3746556473829201,0.21212121212121213,0.1763085399449036,0.12672176308539945,0.030303030303030304,0.2369146005509642,0.24793388429752067,0.18181818181818182
571980,"Naquin, Tyler",308,0.4837662337662338,0.5162337662337663,0.24025974025974026,0.22077922077922077,0.05519480519480519,0.4090909090909091,0.3474025974025974,0.2435064935064935,0.22402597402597402,0.2012987012987013,0.05844155844155844,0.1850649350649351,0.14610389610389607,0.18506493506493507
608385,"Winker, Jesse",348,0.42528735632183906,0.5747126436781609,0.25287356321839083,0.2614942528735632,0.0603448275862069,0.3793103448275862,0.3735632183908046,0.2471264367816092,0.20402298850574713,0.16091954022988506,0.0603448275862069,0.17528735632183906,0.21264367816091953,0.1867816091954023
605113,"Ahmed, Nick",333,0.4924924924924925,0.5075075075075075,0.21621621621621623,0.21621621621621623,0.07507507507507508,0.38738738738738737,0.37237237237237236,0.24024024024024024,0.2222222222222222,0.2042042042042042,0.06606606606606606,0.16516516516516516,0.16816816816816815,0.1741741741741742
656555,"Hoskins, Rhys",283,0.2968197879858657,0.7031802120141343,0.3674911660777385,0.24381625441696114,0.09187279151943463,0.4275618374558304,0.3321554770318021,0.24028268551236748,0.18374558303886926,0.09187279151943463,0.02120141342756184,0.24381625441696111,0.24028268551236748,0.21908127208480563
645302,"Robles, Victor",235,0.42127659574468085,0.5787234042553191,0.2297872340425532,0.2297872340425532,0.11914893617021277,0.4808510638297872,0.31063829787234043,0.20851063829787234,0.24680851063829787,0.1148936170212766,0.059574468085106386,0.23404255319148934,0.19574468085106383,0.14893617021276595
516770,"Castro, Starlin",257,0.4980544747081712,0.5019455252918288,0.21011673151750973,0.24124513618677043,0.05058365758754864,0.3151750972762646,0.3968871595330739,0.28793774319066145,0.23346303501945526,0.21011673151750973,0.054474708171206226,0.08171206225680933,0.18677042801556418,0.23346303501945523
596748,"Franco, Maikel",313,0.48562300319488816,0.5143769968051117,0.20766773162939298,0.21725239616613418,0.08945686900958466,0.4281150159744409,0.34824281150159747,0.22364217252396165,0.25559105431309903,0.1757188498402556,0.054313099041533544,0.17252396166134187,0.17252396166134187,0.1693290734824281
660670,"Acuña Jr., Ronald",217,0.31797235023041476,0.6820276497695853,0.3087557603686636,0.2903225806451613,0.08294930875576037,0.4792626728110599,0.3225806451612903,0.19815668202764977,0.22119815668202766,0.08294930875576037,0.013824884792626729,0.25806451612903225,0.23963133640552994,0.18433179723502305
457708,"Upton, Justin",214,0.4252336448598131,0.5747663551401868,0.3130841121495327,0.17289719626168223,0.08878504672897196,0.4485981308411215,0.3411214953271028,0.2102803738317757,0.27102803738317754,0.11682242990654206,0.037383177570093455,0.17757009345794394,0.22429906542056072,0.17289719626168223