"bpid","mlbid","Name","Age","Season","Team","G","GS","IP","W","L","SV","ERA","RA9","DRA","FIP","cFIP","WHIP","K%","BB%","HR%","GB%","DRA-","WARP"
101992,628711,"Julio Urías",19,2016,"LAD",18,15,77,5,2,0,3.39,3.74,4.07,3.2,94,1.45,25,9.2,1.5,42.9,90,1.5
68997,532077,"Roberto Osuna",21,2016,"TOR",72,0,74,4,3,36,2.68,2.8,4.02,3.17,93,0.93,28.5,4.9,3.1,34.4,89,0.5
100261,608337,"Lucas Giolito",21,2016,"WAS",6,4,21.3,0,1,0,6.75,7.59,6.12,8.24,124,1.78,10.9,11.9,6.9,40.3,136,-0.1
100273,608566,"Germán Márquez",21,2016,"COL",6,3,20.7,1,1,0,5.23,5.23,4.63,4.29,101,1.65,15.3,6.1,2,51.4,102,0.2
100368,612434,"Miguel Castro",21,2016,"COL",19,0,14.7,0,0,0,6.14,6.14,4.27,5.43,97,1.57,17.9,7.5,4.5,53.1,94,0.1
101198,622795,"Yohander Méndez",21,2016,"TEX",2,0,3,0,0,0,18,18,5.64,5.12,114,2.33,0,11.8,0,33.3,125,0
102123,621052,"Alex Reyes",21,2016,"STL",12,5,46,4,1,1,1.57,1.57,4.17,2.7,95,1.22,27.5,12.2,0.5,42.1,92,0.7
102562,641501,"Tyler Danish",21,2016,"CHW",3,0,1.7,0,0,0,10.8,10.8,4.88,8.52,104,5.4,0,25,0,44.4,108,0
69323,600526,"José Torres",22,2016,"SD",4,0,3,0,0,0,0,0,3.69,3.18,89,1.67,21.4,14.3,0,22.2,82,0
69377,600917,"José Leclerc",22,2016,"TEX",12,0,15,0,0,0,1.8,2.4,5.18,3.72,111,1.6,22.7,19.7,0,28.9,115,-0.1
69747,606291,"Mauricio Cabrera",22,2016,"ATL",41,0,38.3,5,1,6,2.82,3.29,4.87,3.07,106,1.3,19.8,11.7,0,49.1,108,-0.1
70418,600944,"David Paulino",22,2016,"HOU",3,1,7,0,1,0,5.14,5.14,6.96,4.26,123,1.29,6.9,10.3,0,43.5,154,-0.2
70551,607229,"Robert Gsellman",22,2016,"NYM",8,7,44.7,4,2,0,2.42,2.42,3.72,2.66,91,1.28,22.7,8.1,0.5,52,82,1
70611,608334,"Carson Fulmer",22,2016,"CHW",8,0,11.7,0,2,0,8.49,8.49,5.02,5.94,107,1.63,18.9,13.2,3.8,44.1,111,-0.1
70795,607192,"Tyler Glasnow",22,2016,"PIT",7,4,23.3,0,2,0,4.24,5.01,4.66,4.29,98,1.5,22.9,12.4,1.9,46.2,103,0.2
70913,596133,"Luke Weaver",22,2016,"STL",9,8,36.3,1,4,0,5.7,7.18,4.21,4.36,94,1.6,26.9,7.2,4.2,30.6,93,0.7
100518,621107,"Zach Eflin",22,2016,"PHI",11,11,63.3,3,5,0,5.54,5.97,6.23,5.51,121,1.33,11.4,6.3,4.4,36.3,138,-0.3
100521,621121,"Lance McCullers Jr.",22,2016,"HOU",14,14,81,6,5,0,3.22,3.22,3.57,2.97,79,1.54,30.1,12.8,1.4,57.7,79,2.1
100572,621242,"Edwin Díaz",22,2016,"SEA",49,0,51.7,0,4,18,2.79,2.79,2.41,2.01,55,1.16,40.6,6.9,2.3,47.7,53,1.3
100574,621244,"José Berríos",22,2016,"MIN",14,14,58.3,3,7,0,8.02,8.64,6.65,6.17,122,1.87,17.4,12.5,4.3,37,147,-0.6
100731,622097,"Jake Thompson",22,2016,"PHI",10,10,53.7,3,6,0,5.7,5.7,5.54,6.19,117,1.51,13.5,11.8,4.2,44.5,123,0.2
101074,622663,"Luis Severino",22,2016,"NYY",22,11,71,3,8,0,5.83,6.08,4.77,4.45,102,1.45,21.2,8,3.5,44,105,0.5
101728,625643,"Reynaldo López",22,2016,"WAS",11,6,44,5,3,0,4.91,5.52,4.68,3.95,101,1.57,20.9,10.9,2,40.4,104,0.4
101756,547007,"Rob Whalen",22,2016,"ATL",5,5,24.7,1,2,0,6.57,7.3,4.44,5.08,99,1.3,22.7,10.9,3.6,40,98,0.4
66069,553883,"Jose Campos",23,2016,"AZ",1,0,5.7,0,0,0,3.18,4.76,4.27,7.41,99,1.06,16.7,8.3,8.3,33.3,95,0
66859,591693,"Edubray Ramos",23,2016,"PHI",42,0,40,1,3,0,3.83,4.05,3.82,3.63,91,1.18,25,6.9,3.1,37.6,84,0.4
67022,592433,"Tyrell Jenkins",23,2016,"ATL",14,8,52,2,4,0,5.88,6.06,5.84,6.89,122,1.69,11,13.9,4.6,46.9,129,-0.2
67132,592789,"Noah Syndergaard",23,2016,"NYM",31,30,183.7,14,9,0,2.6,2.99,3.17,2.32,71,1.15,29.3,5.8,1.5,50.5,70,5.7
67139,592815,"Sam Tuivailala",23,2016,"STL",12,0,9,0,0,0,6,6,5,4.29,110,2,14.9,12.8,0,43.8,111,0
67148,592836,"Taijuan Walker",23,2016,"SEA",25,25,134.3,8,11,0,4.22,5.02,4.71,4.96,102,1.24,20.8,6.5,4.7,43.8,104,1.7
67169,593140,"Michael Feliz",23,2016,"HOU",47,0,65,8,1,0,4.43,4.57,3.12,3.21,72,1.18,35.2,8.1,3.7,41.8,69,1.1
67237,593417,"Raúl Alcántara",23,2016,"OAK",5,5,22.3,1,3,0,7.25,7.25,6.54,8.18,121,1.57,13.6,3.9,8.7,40.7,145,-0.2
67361,593582,"Abel De Los Santos",23,2016,"CIN",5,0,5.7,0,0,0,11.12,11.12,5.24,7.41,116,1.94,7.1,14.3,3.6,33.3,116,0
67451,593679,"Gabriel Ynoa",23,2016,"NYM",10,3,18.3,1,0,0,6.38,6.38,4.39,2.63,101,1.8,19.3,8,0,47.6,97,0.2
67588,593958,"Eduardo Rodriguez",23,2016,"BOS",20,20,107,3,7,0,4.71,4.88,5.65,4.37,112,1.29,21.9,8.5,3.5,32.1,125,0.2
67599,593969,"Jayson Aquino",23,2016,"BAL",3,0,2.3,0,0,0,0,0,3.73,0.54,89,0.43,37.5,0,0,0,83,0
67687,594311,"Jandel Gustave",23,2016,"HOU",14,0,15.3,1,0,0,3.52,3.52,4.04,3.51,95,1.11,26.7,6.7,3.3,40,89,0.1
68088,596143,"Luis Sardinas",23,2016,"SEA",1,0,1,0,0,0,0,0,4.58,3.12,106,0,0,0,0,66.7,101,0
68506,592127,"Johnny Barbato",23,2016,"NYY",13,0,13,1,2,0,7.62,7.62,4.15,4.42,97,1.38,26.3,8.8,3.5,45.7,92,0.1
69116,605894,"Severino González",23,2016,"PHI",27,0,35.3,1,2,0,5.6,5.6,4.57,3.4,101,1.33,22.5,4.6,2.6,26.6,101,0
69614,606131,"Luis Perdomo",23,2016,"SD",35,20,146.7,9,10,0,5.71,6.08,4.41,4.87,102,1.59,15.9,6.9,3.5,59,98,2.1
69644,606167,"Adalberto Mejía",23,2016,"MIN",1,0,2.3,0,0,0,7.71,7.71,5.63,4.4,114,2.57,0,7.7,0,41.7,125,0
70188,608032,"Carlos Estévez",23,2016,"COL",63,0,55,3,7,11,5.24,5.24,4.53,4.25,100,1.42,24,11.4,2.4,44.2,100,0
70271,605483,"Blake Snell",23,2016,"TB",19,19,89,6,8,0,3.54,4.45,4.76,3.36,98,1.62,24.4,12.7,1.2,37.7,105,1.1
70403,596049,"Shawn Morimando",23,2016,"CLE",2,0,4.7,0,0,0,11.57,11.57,4.8,9.76,104,3,18.5,18.5,7.4,35.3,106,0
70431,605151,"Archie Bradley",23,2016,"AZ",26,26,141.7,8,9,0,5.02,5.34,4.64,4.13,96,1.56,22.4,10.5,2.5,46,103,2
70442,605226,"Andrew Faulkner",23,2016,"TEX",9,0,6.7,0,0,0,6.75,9.45,5.29,10.47,115,1.8,3.1,12.5,9.4,40.7,117,-0.1
70444,605228,"José Fernández",23,2016,"MIA",29,29,182.3,16,8,0,2.86,3.11,2.92,2.33,66,1.12,34.3,7.5,1.8,41.4,65,6.2
70445,605242,"Michael Fulmer",23,2016,"DET",26,26,159,11,7,0,3.06,3.23,4.14,3.73,96,1.12,20.4,6.5,2.5,48.9,92,3
70473,605397,"Joe Musgrove",23,2016,"HOU",11,10,62,4,4,0,4.06,4.06,4.85,4.15,104,1.21,21.5,6.3,3.5,42.9,107,0.6
70485,605452,"Joe Ross",23,2016,"WAS",19,19,105,7,5,0,3.43,3.69,4.35,3.52,99,1.3,20.8,6.5,2,41.7,96,1.9
70497,605538,"Matt Wisler",23,2016,"ATL",27,26,156.7,7,13,1,5,5.17,5.34,4.88,113,1.33,17.1,7.3,3.9,40.8,118,1
70552,607231,"John Gant",23,2016,"ATL",20,7,50,1,4,0,4.86,5.76,4.68,4.42,101,1.5,22.1,9.5,3.2,42,104,0.4
70753,605164,"Dylan Bundy",23,2016,"BAL",36,14,109.7,10,6,0,4.02,4.27,4.67,4.67,104,1.38,21.9,8.9,3.8,36.6,103,1
70762,596112,"Robert Stephenson",23,2016,"CIN",8,8,37,2,3,0,6.08,6.32,5.51,6.53,114,1.62,18.2,11.2,5.3,35.3,122,0.2
70765,596064,"Henry Owens",23,2016,"BOS",5,5,22,0,2,0,6.95,6.95,7.19,7.03,128,1.95,20.4,19.4,4.9,29.5,159,-0.4
70778,596057,"Daniel Norris",23,2016,"DET",14,13,69.3,4,2,0,3.38,3.89,5.42,3.89,107,1.4,23.5,7.3,3.3,38.3,120,0.3
70883,607074,"Carlos Rodón",23,2016,"CHW",28,28,165,9,10,0,4.04,4.47,4.07,3.98,90,1.39,23.5,7.6,3.2,42.6,90,3.3
70943,605400,"Aaron Nola",23,2016,"PHI",20,20,111,6,9,0,4.78,5.51,3.17,3.11,77,1.31,25.1,6,2.1,53.8,70,3.5
70977,605200,"Zach Davies",23,2016,"MIL",28,28,163.3,11,7,0,3.97,4.35,4.17,3.92,100,1.25,19.8,5.6,2.9,45.9,92,3.2
71016,605309,"Keone Kela",23,2016,"TEX",35,0,34,5,1,0,6.09,6.09,3.57,4.53,84,1.38,30,11.3,4,42.4,79,0.4
71272,605232,"Brandon Finnegan",23,2016,"CIN",31,31,172,10,11,0,3.98,4.5,5.53,5.22,115,1.36,19.8,11.4,4,39.3,122,0.7
100243,605525,"J.B. Wendelken",23,2016,"OAK",8,0,12.7,0,0,0,9.95,10.66,5.21,6.43,109,2.13,18.8,14.1,4.7,34.9,115,-0.1
100355,611093,"Silvino Bracho",23,2016,"AZ",26,0,24.7,0,2,0,7.3,8.03,5.71,7.07,115,1.66,14.3,8.4,5.9,28.1,126,-0.3
102032,592254,"José De León",23,2016,"LAD",4,4,17,2,0,0,6.35,9,5.37,7,110,1.53,18.8,8.8,6.3,36.4,119,0.1
102601,641627,"Trevor Gott",23,2016,"WAS",9,0,6,0,0,0,1.5,1.5,4.06,3.18,97,1.5,21.4,10.7,0,44.4,90,0
102639,641771,"Chad Kuhl",23,2016,"PIT",14,14,70.7,5,4,0,4.2,4.33,4.96,3.98,107,1.32,17.6,6.6,2.3,43.8,110,0.8
102719,642003,"Cody Reed",23,2016,"CIN",10,10,47.7,0,7,0,7.36,8.87,5.07,6.09,106,1.8,18.7,8.3,5.2,52.1,112,0.5
104719,656186,"Dan Altavilla",23,2016,"SEA",15,0,12.3,0,0,0,0.73,0.73,4.01,1.98,94,0.97,20.8,2.1,0,50,89,0.1
104803,656547,"Jonathan Holder",23,2016,"NYY",8,0,8.3,0,0,0,5.4,5.4,4.92,4.92,110,1.44,13.9,11.1,2.8,37,109,0
104974,657205,"Zac Curtis",23,2016,"AZ",21,0,13.3,0,1,0,6.75,6.75,4.88,7.23,107,1.95,14.9,19.4,3,39,108,0
105157,657670,"Greg Mahle",23,2016,"LAA",24,0,18.3,1,0,0,5.4,6.38,4.27,6.39,101,1.8,16.3,11.6,4.7,53.3,95,0.1
105384,596043,"Daniel Mengden",23,2016,"OAK",14,14,72,2,9,0,6.5,6.75,5.31,4.31,107,1.61,21.4,9.9,2.7,40.6,117,0.4
105425,656546,"Jeff Hoffman",23,2016,"COL",8,6,31.3,0,4,0,4.88,8.33,5.77,6.3,114,1.72,15,11.6,4.8,49.1,128,0
106049,606983,"Koda Glover",23,2016,"WAS",19,0,19.7,2,0,0,5.03,5.49,4.59,4.75,106,1.12,19.3,8.4,3.6,42.4,102,0
59446,546276,"Edwin Escobar",24,2016,"AZ",25,2,23.7,1,2,0,7.23,7.99,5.21,5.96,109,1.9,14.7,10.3,3.4,34.9,115,-0.1
59874,542587,"Elvis Araujo",24,2016,"PHI",32,0,27.3,2,1,0,5.6,7.24,4.48,5.04,99,1.9,21.6,12.7,3,37.2,99,0
60747,542194,"Christian Bethancourt",24,2016,"SD",2,0,1.7,0,0,0,0,0,4.34,9.18,104,2.4,10,30,0,20,96,0
61000,572140,"Tyler Skaggs",24,2016,"LAA",10,10,49.7,3,4,0,4.17,4.17,4.93,3.92,101,1.49,22.8,10.5,2.3,43.1,109,0.6
66064,553878,"Felipe Vázquez",24,2016,,75,0,77,1,6,1,4.09,4.56,3.5,3.49,83,1.29,28.1,10.1,2.1,48,78,1
66246,570257,"Joely Rodríguez",24,2016,"PHI",12,0,9.7,0,0,0,2.79,2.79,3.9,3.28,93,1.24,17.9,10.3,0,55.6,86,0.1
66311,570632,"José Ureña",24,2016,"MIA",28,12,83.7,4,9,1,6.13,6.35,4.98,4.75,108,1.43,15.5,7.8,2.9,47.5,110,0.6
66339,570666,"Luis Cessa",24,2016,"NYY",17,9,70.3,4,4,0,4.35,4.61,4.99,5.49,111,1.11,16.1,4.9,5.6,43.7,110,0.4
66379,570714,"César Vargas",24,2016,"SD",7,7,34,0,3,0,5.03,5.03,4.8,4.85,107,1.65,18.2,9.7,3.2,52.7,106,0.4
66605,572309,"Kendry Flores",24,2016,"MIA",1,1,3,0,0,0,0,0,5.2,5.51,114,1.33,7.7,23.1,0,11.1,115,0
66678,573589,"Michael Ynoa",24,2016,"CHW",23,0,30,1,0,0,3,3.3,4.92,3.32,106,1.23,22.2,12.6,0,37.3,109,-0.1
66930,592135,"Cam Bedrosian",24,2016,"LAA",45,0,40.3,2,0,1,1.12,1.56,3.24,2.1,78,1.09,31.5,8.6,0.6,51.6,72,0.7
66940,592169,"Austin Brice",24,2016,"MIA",15,0,14,0,1,0,7.07,7.71,3.82,4.53,92,1,23.7,8.5,3.4,52.6,84,0.1
66941,592170,"Parker Bridwell",24,2016,"BAL",2,0,3.3,0,0,0,13.5,13.5,4.14,10.02,101,1.8,20,6.7,13.3,18.2,92,0
66960,592222,"Alex Claudio",24,2016,"TEX",39,0,51.7,4,1,0,2.79,3.31,3.66,2.94,91,1.26,15.7,4.6,0.9,62.2,81,0.6
66991,592314,"Mike Foltynewicz",24,2016,"ATL",22,22,123.3,9,5,0,4.31,4.45,4.5,4.27,100,1.3,21.1,6.7,3.4,40.8,100,2
67083,592662,"Robbie Ray",24,2016,"AZ",32,32,174.3,8,15,0,4.9,5.42,4.13,3.79,89,1.47,28.1,9.1,3.1,45.5,91,3.5
67107,592717,"Aaron Sanchez",24,2016,"TOR",30,30,192,15,2,0,3,3.23,4.15,3.52,97,1.17,20.4,8,1.9,54.5,92,3.6
67143,592826,"Vince Velasquez",24,2016,"PHI",24,24,131,8,6,0,4.12,4.4,3.7,3.99,86,1.33,27.6,8.2,3.8,34.3,82,3.3
67219,593372,"Carlos Martinez",24,2016,"STL",31,31,195.3,16,9,0,3.04,3.13,3.76,3.64,91,1.22,21.5,8.7,1.9,56.3,83,5
67604,593974,"Wandy Peralta",24,2016,"CIN",10,0,7.3,0,0,0,8.59,8.59,4.88,6.86,107,2.45,12.8,17.9,2.6,46.2,108,0
67864,594986,"Kyle Ryan",24,2016,"DET",56,0,55.7,4,2,0,3.07,3.4,4.21,3.3,99,1.13,15.5,6.6,0.9,55.5,93,0.3
68086,595918,"A.J. Cole",24,2016,"WAS",8,8,38.3,1,2,0,5.17,5.63,5.02,4.77,108,1.33,23.2,8.3,4.2,31.9,111,0.4
68444,547179,"Michael Lorenzen",24,2016,"CIN",35,0,50,2,1,0,2.88,2.88,3.39,3.7,84,1.08,23.8,6.4,2.5,63,75,0.7
68563,592346,"Chi Chi González",24,2016,"TEX",3,3,10.3,0,2,0,8.71,11.32,6.63,5.63,122,2.9,11.3,14.5,1.6,45.7,147,-0.1
68564,592351,"Jon Gray",24,2016,"COL",29,29,168,10,10,0,4.61,4.93,3.8,3.63,87,1.26,26,8.3,2.5,42.4,84,4
68590,592422,"Jason Hursh",24,2016,"ATL",2,0,1.3,0,0,0,33.75,33.75,3.77,8.43,93,5.25,9.1,27.3,0,100,83,0
68592,592426,"Luke Jackson",24,2016,"TEX",8,0,11.7,0,0,0,10.8,10.8,6.48,9.12,127,2.57,4.8,12.9,6.5,33.3,143,-0.2
68637,592593,"Justin Nicolino",24,2016,"MIA",18,13,79.3,3,6,0,4.99,5.11,5.91,4.42,119,1.46,10.7,5.8,2.3,46.9,131,-0.2
68645,592614,"Dillon Overton",24,2016,"OAK",7,5,24.3,1,3,0,11.47,11.47,7.91,9.12,137,2.26,13.3,5.5,9.4,24.3,175,-0.6
68656,592644,"Adam Plutko",24,2016,"CLE",2,0,3.7,0,0,0,7.36,7.36,5.05,6.66,106,1.91,16.7,11.1,5.6,23.1,112,0
68692,592779,"Brock Stewart",24,2016,"LAD",7,5,28,2,2,0,5.79,5.79,4.63,5.93,104,1.61,19.8,9.5,5.6,42.7,102,0.3
68694,592791,"Jameson Taillon",24,2016,"PIT",18,18,104,5,4,0,3.38,3.46,4.06,3.74,95,1.12,20.3,4.1,3.1,53,90,2.2
68743,594742,"Alec Asher",24,2016,"PHI",5,5,27.7,2,1,0,2.28,3.58,5.54,3.36,116,0.94,11.7,3.6,0.9,33.7,123,0.1
68746,594760,"Aaron Blair",24,2016,"ATL",15,15,70,2,7,0,7.59,7.84,6.14,6.18,119,1.66,14.2,10.5,4.3,39.9,136,-0.2
68933,595345,"Steven Okert",24,2016,"SF",16,0,14,0,0,0,3.21,3.21,3.99,3.89,94,1.29,24.1,6.9,3.4,42.5,88,0.1
70558,607320,"Ryan Merritt",24,2016,"CLE",4,1,11,1,0,0,1.64,1.64,4.18,2.03,99,0.55,16.2,0,0,51.6,92,0
70620,608349,"Corey Knebel",24,2016,"MIL",35,0,32.7,1,4,2,4.68,5.51,4.21,3.6,96,1.47,26.2,11,2.1,43.3,93,0.1
70885,592716,"Adrian Sampson",24,2016,"SEA",2,1,4.7,0,1,0,7.71,7.71,5.72,8.47,115,1.93,9.5,4.8,9.5,33.3,127,0
71010,605194,"Jharel Cotton",24,2016,"OAK",5,5,29.3,2,0,0,2.15,3.07,4.91,3.73,107,0.82,20.5,3.6,3.6,36.5,109,0.3
71343,605218,"Carl Edwards Jr.",24,2016,"CHC",36,0,36,0,1,2,3.75,3.75,3.23,2.9,76,0.81,37.7,10.1,2.9,51.4,72,0.6
99823,545332,"Jake Barrett",24,2016,"AZ",68,0,59.3,1,2,4,3.49,3.79,4.34,4.17,98,1.26,22.4,11.2,2.4,45.4,96,0.2
99949,571539,"Matt Carasiti",24,2016,"COL",19,0,15.7,1,0,0,9.19,9.77,5.05,4.52,107,2.3,20.5,13.3,1.2,36.5,112,-0.1
100143,615868,"Gerardo Concepción",24,2016,"CHC",3,0,2.3,0,0,0,3.86,3.86,3.69,2.75,89,1.29,20,10,0,14.3,82,0
100191,580792,"Nick Goody",24,2016,"NYY",27,0,29,0,0,0,4.66,4.66,4.46,5.25,100,1.45,26.6,9.4,5.5,23.5,99,0.1
100206,592866,"Trevor Williams",24,2016,"PIT",7,1,12.7,1,1,0,7.82,9.24,4.28,6.73,100,1.89,18,8.2,6.6,46.7,95,0.1
100305,608678,"Dominic Leone",24,2016,"AZ",25,0,27,0,1,0,6.33,7,4.46,6.29,100,2.11,17.6,9.2,5.3,47.4,99,0
100550,621209,"Jon Moscot",24,2016,"CIN",5,5,21.3,0,3,0,8.02,9.28,6.48,9.88,125,1.69,9.5,9.5,9.5,36.1,143,-0.2
100555,621219,"Alec Mills",24,2016,"KC",3,0,3.3,0,0,0,13.5,13.5,4.37,6.12,98,2.4,21.1,26.3,0,44.4,97,0
100612,621381,"Matt Strahm",24,2016,"KC",21,0,22,2,2,0,1.23,1.64,3.54,2.03,81,1.09,34.1,12.5,0,47.8,78,0.3
102051,594577,"Mike Mayers",24,2016,"STL",4,1,5.3,1,1,0,27,27,4.54,11.99,105,3.56,5.7,8.6,8.6,48.3,100,0
102138,621294,"Ben Heller",24,2016,"NYY",10,0,7,1,0,0,6.43,6.43,4.81,9.54,107,2.14,15,10,7.5,42.9,106,0
102437,640463,"Braden Shipley",24,2016,"AZ",13,11,70,4,5,0,5.27,5.53,6,5.79,119,1.54,14.1,9.2,4.6,43.6,133,-0.2
102560,641490,"Kyle Crockett",24,2016,"CLE",29,0,16,0,0,0,5.06,5.06,3.7,2.3,89,1.44,24.3,10,0,47.8,82,0.2
102659,641838,"Kevin McCarthy",24,2016,"KC",10,0,8.3,1,0,0,6.48,8.64,4.65,4.8,103,1.92,17.1,12.2,2.4,51.7,103,0
102796,642239,"Rob Zastryzny",24,2016,"CHC",8,1,16,1,0,0,1.13,1.69,3.53,2.18,84,1.06,25.8,7.6,0,53.5,78,0.3
103318,643230,"Steven Brault",24,2016,"PIT",8,7,33.3,0,3,0,4.86,7.02,5.31,5.1,109,1.86,17.5,10.2,3,43.2,118,0.2
103721,640455,"Sean Manaea",24,2016,"OAK",25,24,144.7,7,9,0,3.86,4.04,4.57,4.05,100,1.19,20.9,6.2,3.4,44.1,101,2
56393,515052,"Mayckol Guaipe",25,2016,"SEA",5,0,7.3,0,0,0,4.91,7.36,4.52,3.39,102,1.64,14.7,11.8,0,52,100,0
57610,523848,"José Domínguez",25,2016,"SD",34,0,35.7,1,0,0,5.05,5.8,5.52,5.64,118,1.43,12.9,11,3.2,48.2,122,-0.4
58407,543475,"Jordan Lyles",25,2016,"COL",40,5,58.7,4,5,1,5.83,7.06,5.7,4.61,116,1.65,11.7,10.3,1.5,50.5,126,-0.5
58533,527048,"Martín Pérez",25,2016,"TEX",33,33,198.7,10,11,0,4.39,4.98,5.87,4.46,118,1.41,12,8.9,2.1,52.4,130,-0.1
58731,527054,"Julio Teheran",25,2016,"ATL",30,30,188,7,10,0,3.21,3.35,4.41,3.72,100,1.05,22,5.4,2.9,39.2,98,3.2
58775,527055,"Arodys Vizcaíno",25,2016,"ATL",43,0,38.7,1,4,10,4.42,5.82,3.92,3.62,89,1.6,27.6,13.8,1.7,55.2,87,0.3
58933,543506,"Brandon Maurer",25,2016,"SD",71,0,69.7,0,5,13,4.52,4.78,4.07,3.49,95,1.26,24,7.7,2.3,38.4,90,0.4
59890,542609,"Enrique Burgos",25,2016,"AZ",43,0,41.3,1,2,1,5.66,5.88,4.46,4.41,96,1.48,24.2,12.9,2.8,39.6,99,0.1
60047,543901,"Ryan Weber",25,2016,"ATL",16,2,36.3,1,1,0,5.45,5.45,4.42,4.99,102,1.4,14.6,3.2,4.5,49.6,98,0.2
60317,573668,"Juan Minaya",25,2016,"CHW",11,0,10.3,1,0,0,4.35,5.23,5.89,3.99,122,1.45,12.8,10.6,0,23.5,130,-0.2
60611,571871,"Ian Krol",25,2016,"ATL",63,0,51,2,0,0,3.18,3.35,2.97,2.94,75,1.31,25.8,6,1.8,56.6,66,1
60626,571946,"Shelby Miller",25,2016,"AZ",20,20,101,3,12,0,6.15,6.42,6.12,4.9,115,1.67,15.2,9.1,3,42.2,135,-0.3
60652,572044,"Brooks Pounders",25,2016,"KC",13,0,12.7,2,1,0,9.24,9.24,4.18,7.93,98,1.74,22.4,5.2,10.3,33.3,93,0.1
60665,572102,"Keyvius Sampson",25,2016,"CIN",18,2,39.3,0,1,0,4.35,5.49,4.87,6.23,109,1.7,22.3,14.4,4.8,37.6,108,0
60671,572119,"Patrick Schuster",25,2016,,11,0,8.7,0,1,0,18.69,19.73,5.15,6.94,110,2.88,14.8,18.5,1.9,29.4,114,-0.1
60740,572362,"Robbie Erlin",25,2016,"SD",3,2,15.7,1,2,0,4.02,4.02,4.68,4.58,103,0.96,22.4,5.2,5.2,42.9,104,0.2
60837,543424,"John Lamb",25,2016,"CIN",14,14,70,1,7,0,6.43,6.94,5.46,5.49,112,1.64,18.2,9.7,4.4,39.9,121,0.3
60841,544836,"Enny Romero",25,2016,"TB",52,0,45.7,2,0,1,5.91,6.11,4.85,4.76,106,1.53,24.5,13.7,3.4,38.1,107,-0.1
60936,541652,"Bruce Rondón",25,2016,"DET",37,0,36.3,5,2,0,2.97,2.97,3.88,3.67,90,0.96,31.3,8.3,3.5,31,86,0.3
65957,543037,"Gerrit Cole",25,2016,"PIT",21,21,116,7,10,0,3.88,4.42,4.44,3.36,97,1.44,19.4,7.1,1.4,45.4,98,1.9
66008,545363,"Jacob Turner",25,2016,"CHW",18,2,24.7,1,2,0,6.57,9.85,5.93,6.48,116,1.99,14.8,13.1,4.1,48.8,131,-0.3
66155,554234,"Williams Pérez",25,2016,"ATL",11,11,53.7,2,3,0,6.04,6.2,4.83,4.82,110,1.34,11.6,6.4,3,56.1,107,0.7
66174,554340,"Yimi García",25,2016,"LAD",9,0,8.3,0,0,0,3.24,3.24,4.94,2.94,108,1.2,11.4,2.9,0,31,109,0
66326,570649,"Yordano Ventura",25,2016,"KC",32,32,186,11,12,0,4.45,4.65,5.16,4.56,108,1.44,17.6,9.6,2.8,50.3,114,1.4
66336,570663,"Hansel Robles",25,2016,"NYM",68,0,77.7,6,4,1,3.48,3.71,4.66,3.59,103,1.35,25.7,10.9,2.1,30.1,103,-0.1
66482,571035,"William Cuevas",25,2016,"BOS",3,0,5,0,1,0,3.6,3.6,5.86,5.52,118,2.2,12.5,25,0,13.3,130,-0.1
66556,571800,"Drew Hutchison",25,2016,,9,3,24,1,0,0,5.25,5.25,4.85,5.69,106,1.46,21.2,6.7,5.8,34.2,107,0.2
66570,571951,"Bryan Mitchell",25,2016,"NYY",5,5,25,1,2,0,3.24,4.68,5.63,4.2,117,1.52,10.3,11.2,0.9,47.6,125,0.1
66603,572283,"Madison Younginer",25,2016,"ATL",8,0,7,0,0,0,6.43,6.43,4.83,4.18,106,2.29,10.8,10.8,0,46.4,107,0
67118,592741,"Chasen Shreve",25,2016,"NYY",37,0,33,2,1,1,5.18,5.18,4.35,5.72,100,1.27,23.2,9.2,5.6,43,96,0.1
67641,594027,"Tayron Guerrero",25,2016,"SD",1,0,2,0,0,0,4.5,4.5,3.96,4.68,95,2,0,11.1,0,50,88,0
68557,592332,"Kevin Gausman",25,2016,"BAL",30,30,179.7,9,12,0,3.61,3.81,4.22,4.07,95,1.28,23,6.2,3.7,44.4,93,3.3
68565,643338,"Chad Green",25,2016,"NYY",12,8,45.7,2,4,1,4.73,5.12,4.25,5.31,96,1.4,26.3,7.6,6.1,40.8,94,0.7
68741,594736,"Cody Anderson",25,2016,"CLE",19,9,60.7,2,5,0,6.68,6.68,4.54,4.81,99,1.62,20,4.8,4.8,39.6,101,0.6
68855,595191,"Jerad Eickhoff",25,2016,"PHI",33,33,197.3,11,14,0,3.65,4.01,4.08,4.22,95,1.16,20.6,5.2,3.7,40.9,90,4.1
69637,606160,"Rafael Montero",25,2016,"NYM",9,3,19,0,1,0,8.05,8.05,5.15,6.33,111,2.05,21.5,17.2,4.3,35.1,114,0
69887,607259,"Nick Martinez",25,2016,"TEX",12,5,38.7,2,3,0,5.59,5.59,5.99,6.84,121,1.66,8.9,10.6,4.5,49.6,132,-0.3
69964,607374,"Nick Tropeano",25,2016,"LAA",13,13,68.3,3,2,0,3.56,3.56,5.68,5.24,114,1.48,23,10.5,4.7,33.3,126,0.1
70253,608167,"Jonathan Aro",25,2016,"SEA",1,0,0.7,0,0,0,0,0,4.53,7.62,100,3,0,25,0,33.3,100,0
70293,542888,"Shawn Armstrong",25,2016,"CLE",10,0,10.7,0,0,0,2.53,2.53,4.95,4.43,110,1.31,15.9,11.4,2.3,50,109,0
70334,543964,"Tony Zych",25,2016,"SEA",12,0,13.7,1,0,0,3.29,3.95,3.52,2.46,83,1.46,35,16.7,0,50,78,0.2
70335,545333,"Trevor Bauer",25,2016,"CLE",35,28,190,12,8,0,4.26,4.55,4.55,3.96,102,1.31,20.7,8.6,2.5,48.2,101,2.5
70354,571704,"Ken Giles",25,2016,"HOU",69,0,65.7,2,5,15,4.11,4.39,3.14,2.83,70,1.29,35.7,8.7,2.8,38.9,69,1.1
70359,571882,"Derek Law",25,2016,"SF",61,0,55,4,2,1,2.13,2.13,3.51,2.56,87,0.96,23.4,4.2,1.4,48.4,78,0.7
70371,573186,"Marcus Stroman",25,2016,"TOR",32,32,204,9,10,0,4.37,4.59,3.89,3.68,93,1.29,19.4,6.3,2.5,60.6,86,4.5
70437,605182,"Mike Clevinger",25,2016,"CLE",17,10,53,3,3,0,5.26,5.26,5.38,4.83,111,1.49,21.5,12.4,3.4,38.3,119,0.1
70514,606965,"Chris Devenski",25,2016,"HOU",48,5,108.3,4,4,1,2.16,2.16,4.17,2.31,96,0.91,25.5,4.9,1,33.1,92,0.9
70641,608379,"Michael Wacha",25,2016,"STL",27,24,138,7,7,0,5.09,5.61,4.64,3.94,102,1.48,18.8,7.4,2.5,46.6,103,1.9
70783,545357,"Matt Purke",25,2016,"CHW",12,0,18,0,1,0,5.5,6,4.94,3.45,104,1.78,17.9,14.3,0,52.6,109,-0.1
71024,571616,"Matt Dermody",25,2016,"TOR",5,0,3,0,0,0,12,12,3.73,5.12,86,2,31.3,0,6.3,60,83,0
99821,571927,"Steven Matz",25,2016,"NYM",22,22,132.3,9,8,0,3.4,3.6,3.42,3.42,85,1.21,23.6,5.7,2.6,50,76,4
99824,571911,"Damien Magnifico",25,2016,"MIL",3,0,3,0,0,0,6,6,5.53,7.18,111,1.67,0,20,0,63.6,122,0
99857,571670,"Dylan Floro",25,2016,"TB",12,0,15,0,1,0,4.2,4.8,4.2,2.25,96,1.87,19.4,6.9,0,54.7,93,0.1
99874,571760,"Andrew Heaney",25,2016,"LAA",1,1,6,0,1,0,6,6,4.81,5.12,103,1.17,28,0,8,44.4,106,0.1
99897,572990,"Pat Light",25,2016,,17,0,16.7,0,1,0,11.34,11.88,4.71,7.38,103,2.28,17.6,17.6,4.4,55.2,104,0
99938,572750,"Eddie Butler",25,2016,"COL",17,9,64,2,5,0,7.17,8.02,5.08,5.47,107,1.69,16,7.2,4.4,45.5,112,0.3
99939,571476,"Chris Beck",25,2016,"CHW",25,0,25.3,2,2,0,6.39,6.39,5.3,5.33,113,1.89,16.3,13.8,2.4,44,117,-0.2
99954,573124,"Taylor Rogers",25,2016,"MIN",57,0,61.3,3,1,0,3.96,4.26,3.47,3.54,83,1.29,24.2,6.1,2.7,51.4,77,0.8
99961,571863,"Matt Koch",25,2016,"AZ",7,2,18,1,1,1,2,2,5.02,3.79,110,0.72,14.5,5.8,1.4,39.6,111,0.1
99984,572086,"Brady Rodgers",25,2016,"HOU",5,1,8.3,0,1,0,15.12,15.12,6.47,5.28,126,2.64,6.3,14.6,0,24.3,143,-0.2
99992,573046,"Mike Morin",25,2016,"LAA",60,0,55.7,2,2,0,4.37,5.01,4.11,3.62,99,1.2,21.6,6.6,2.6,40.1,91,0.3
99999,572021,"James Pazos",25,2016,"NYY",7,0,3.3,1,0,0,13.5,13.5,4.28,10.02,98,2.4,17.6,5.9,11.8,46.2,95,0
100067,571656,"Buck Farmer",25,2016,"DET",14,1,29.3,0,1,0,4.6,4.6,5.26,5.2,109,1.53,20.6,15.3,3.1,50.6,116,-0.1
100110,573009,"Joe Mantiply",25,2016,"DET",5,0,2.7,0,0,0,16.88,16.88,4.56,8.74,97,3.38,12.5,12.5,6.3,50,101,0
100188,572403,"Drew VerHagen",25,2016,"DET",19,0,19,1,0,0,7.11,7.11,4.68,5.38,105,1.84,11.1,7.8,3.3,59.7,103,0
100288,608638,"JT Chargois",25,2016,"MIN",25,0,23,1,1,0,4.7,4.7,4.55,3.33,102,1.61,17,12,0,54.3,101,0
100292,608648,"Tyler Duffey",25,2016,"MIN",26,26,133,9,12,0,6.43,6.97,4.89,4.7,102,1.5,19.1,5.4,4.2,47.1,108,1.4
100323,608717,"Chris Stratton",25,2016,"SF",7,0,10,1,0,0,3.6,3.6,4.9,4.78,107,1.6,14,11.6,2.3,37.5,108,0
100544,621199,"Matt Bowman",25,2016,"STL",59,0,67.7,2,5,0,3.46,4.12,3.55,3.34,92,1.17,18.5,7.1,1.4,62.5,79,0.8
100584,621281,"Tyler Wagner",25,2016,"AZ",3,0,10,1,0,0,1.8,2.7,3.99,2.38,91,1.1,17.5,5,0,51.6,88,0.1
100591,621295,"Nick Wittgren",25,2016,"MIA",48,0,51.7,4,3,0,3.14,3.14,4.25,3.7,100,1.16,19.7,4.7,2.8,38.8,94,0.2
100613,621385,"Daniel Stumpf",25,2016,"PHI",7,0,5,0,0,0,10.8,10.8,4.28,6.18,103,2.2,8,8,4,33.3,95,0
100718,622072,"Alex Wood",25,2016,"LAD",14,10,60.3,1,4,0,3.73,4.48,3.75,3.21,90,1.26,25.9,7.8,2,51.5,83,1.4
101403,623395,"Brian Ellington",25,2016,"MIA",32,0,33,4,2,0,2.45,2.73,4.82,3.66,105,1.3,22.5,11.3,1.4,28.6,107,-0.1
101412,623406,"Shae Simmons",25,2016,"ATL",7,0,6.7,0,0,0,1.35,1.35,4.37,2.28,101,0.9,12,0,0,59.1,97,0
101991,621389,"Ty Blach",25,2016,"SF",4,2,17,1,0,0,1.06,1.06,4.25,3.65,99,0.76,16.1,8.1,1.6,55.3,94,0.2
102011,571510,"Matthew Boyd",25,2016,"DET",20,18,97.3,6,5,0,4.53,4.72,5.05,4.72,106,1.29,19.9,7,4.1,38,112,0.8
102077,608665,"Kendall Graveman",25,2016,"OAK",31,31,186,10,11,0,4.11,4.21,5.04,4.36,109,1.31,13.7,6,2.8,52.6,112,1.6
102151,621408,"Matt Marksberry",25,2016,"ATL",4,0,3.3,0,0,0,5.4,5.4,5.03,7.68,106,1.8,11.8,5.9,5.9,30.8,111,0
102792,642229,"Daniel Wright",25,2016,,9,7,39.7,1,5,0,6.13,7.26,6.46,5.36,119,1.64,11.7,4.5,3.9,38.6,143,-0.3
103360,643297,"Cody Ege",25,2016,,18,0,11.7,1,0,0,3.86,3.86,4.14,5.02,98,1.8,20,9.1,3.6,42.1,92,0.1
103377,643325,"Chad Girodo",25,2016,"TOR",14,0,10.3,0,0,0,4.35,4.35,4.4,6.79,101,1.26,11.4,4.5,6.8,69.4,97,0
103391,643354,"Donnie Hart",25,2016,"BAL",22,0,18.3,0,0,0,0.49,0.49,3.96,3.5,97,0.98,16.9,8.5,1.4,56.6,88,0.1
103392,643355,"Steve Hathaway",25,2016,"AZ",24,0,14.7,0,0,0,4.91,4.91,3.64,3.24,87,1.64,23.1,9.2,1.5,50,81,0.2
103546,643603,"Tyler White",25,2016,"HOU",1,0,1,0,0,0,9,9,4.77,16.12,108,1,0,0,25,50,106,0
50866,501593,"Luis Avilán",26,2016,"LAD",27,0,19.7,3,0,0,3.2,3.66,3.23,2.16,79,1.12,34.1,12.2,0,47.6,71,0.3
55604,517448,"Wilfredo Boscan",26,2016,"PIT",6,1,15.3,1,1,0,6.46,6.46,5.03,5.2,110,1.43,11.9,10.4,3,46.2,111,0
56292,516910,"Carlos Frías",26,2016,"LAD",1,0,4,0,0,0,0,0,4.19,2.43,101,0.75,20,6.7,0,36.4,93,0
56449,516969,"Kelvin Herrera",26,2016,"KC",72,0,72,2,6,12,2.75,2.88,3.03,2.44,73,0.96,30.4,4.2,2.1,45.1,67,1.3
56723,517593,"Danny Salazar",26,2016,"CLE",25,25,137.3,11,6,0,3.87,4,3.7,3.71,86,1.34,27.6,10.8,2.7,48.6,82,3.3
56850,514913,"Rubén Tejada",26,2016,"STL",1,0,1,0,0,0,18,18,4.18,29.18,100,2,0,0,40,0,92,0
57181,517414,"Randall Delgado",26,2016,"AZ",79,0,75,5,2,0,4.44,4.68,4.55,4.27,100,1.51,20.2,10.7,2.4,40.7,101,0
57743,518516,"Madison Bumgarner",26,2016,"SF",34,34,226.7,15,9,0,2.74,3.14,4.21,3.27,95,1.03,27.5,5.9,2.9,39.4,93,4.4
57820,543135,"Nathan Eovaldi",26,2016,"NYY",24,21,124.7,9,8,0,4.76,4.76,4.87,4.94,107,1.31,18.5,7.6,4.4,49.1,108,1.2
57938,543272,"Brad Hand",26,2016,"SD",82,0,89.3,4,4,1,2.92,3.22,3.11,3.1,75,1.11,30.5,9.9,2.2,46.3,69,1.5
58022,542884,"Dustin Antolin",26,2016,"TOR",1,0,2,0,0,0,13.5,13.5,4.61,10.12,105,2.5,9.1,9.1,9.1,22.2,102,0
58178,543921,"Joe Wieland",26,2016,"SEA",1,1,5,0,1,0,10.8,10.8,5.36,4.52,109,1.8,13,0,4.3,50,119,0
58241,543022,"Tyler Chatwood",26,2016,"COL",27,27,158,12,9,0,3.87,4.27,4.54,4.35,103,1.37,17.5,10.5,2.2,57.7,100,2.5
58281,519293,"Will Smith",26,2016,,53,0,40.3,2,4,0,3.35,4.24,3.89,3.18,90,1.21,28.7,10.8,1.8,37,86,0.3
58343,543391,"Casey Kelly",26,2016,"ATL",10,1,21.7,0,3,0,5.82,5.82,5.58,4.38,118,1.71,6.9,6.9,1,44.2,124,-0.2
58415,543483,"Matt Magill",26,2016,"CIN",5,0,4.3,0,0,0,6.23,6.23,5.4,9.18,118,2.31,5,25,5,21.4,119,0
58507,543606,"Jake Odorizzi",26,2016,"TB",33,33,187.7,10,6,0,3.69,3.84,4.72,4.28,104,1.19,21.5,7,3.8,36.6,104,2.3
58673,543779,"Kevin Siegrist",26,2016,"STL",67,0,61.7,6,3,3,2.77,2.92,4.33,4.46,100,1.1,26.6,10.5,4,33.5,96,0.2
58715,544150,"Albert Suárez",26,2016,"SF",22,12,84,3,5,0,4.29,4.5,5,4.66,109,1.31,15.2,7.3,3.1,47.6,111,0.5
58750,543859,"Michael Tonkin",26,2016,"MIN",65,0,71.7,3,2,0,5.02,5.78,3.99,4.37,91,1.45,25.4,7.6,4.1,35.1,88,0.5
58905,544727,"Jeurys Familia",26,2016,"NYM",78,0,77.7,3,4,51,2.55,2.9,3.43,2.42,83,1.21,26.2,9.7,0.3,62.9,76,1
58911,543507,"Trevor May",26,2016,"MIN",44,0,42.7,2,2,0,5.27,5.48,3.58,3.77,82,1.31,32.1,9.1,3.7,31.5,79,0.5
59012,541640,"Erasmo Ramírez",26,2016,"TB",64,1,90.7,7,11,2,3.77,3.87,4.23,4.73,101,1.28,16.7,6.9,3.7,52.3,94,0.5
59624,571572,"Joe Colòn",26,2016,"CLE",11,0,10,1,3,0,7.2,8.1,5.13,5.82,108,1.9,20,14,4,33.3,114,-0.1
59626,571578,"Patrick Corbin",26,2016,"AZ",36,24,155.7,5,13,1,5.15,6.3,4.93,4.87,103,1.56,18.7,9.4,3.4,53.1,109,1.4
59985,543017,"Hunter Cervenka",26,2016,,68,0,43.3,1,0,0,3.53,3.95,4.27,4.15,97,1.36,23.1,15.4,1.6,45.9,94,0.2
59986,543054,"Jarred Cosart",26,2016,,13,13,57,0,4,0,6,6.47,5.71,4.91,115,1.75,14.2,14.6,1.5,59.3,126,0.1
60011,543456,"Kyle Lobstein",26,2016,"PIT",14,0,25,2,0,0,3.96,3.96,5.51,4.7,114,1.48,13.6,10.9,1.8,50.6,122,-0.3
60016,543532,"Tim Melville",26,2016,"CIN",3,2,9,0,1,0,11,12,5.16,11.95,109,2.78,14.8,16.7,9.3,33.3,114,0
60202,572788,"Tyler Cravy",26,2016,"MIL",20,2,28.3,0,1,0,2.86,2.86,5.28,4.38,114,1.16,19,10.3,2.6,24.7,117,-0.1
60664,572096,"Trevor Rosenthal",26,2016,"STL",45,0,40.3,2,4,14,4.46,4.91,3.72,3.75,86,1.91,28.4,14.7,1.5,51.4,82,0.4
60812,542432,"José Ramirez",26,2016,"ATL",33,0,32.7,2,2,0,3.58,4.41,5.1,3.97,107,1.35,23.1,12.6,1.4,34.1,113,-0.2
60836,543334,"TJ House",26,2016,"CLE",4,0,2.7,0,0,0,3.38,3.38,3.84,2.74,93,2.25,14.3,0,0,27.3,85,0
65851,518397,"Scott Alexander",26,2016,"KC",17,0,19,0,0,0,3.32,3.32,3.65,3.22,88,1.63,19,8.3,1.2,67.2,81,0.2
65947,542881,"Tyler Anderson",26,2016,"COL",19,19,114.3,5,6,0,3.54,3.94,3.88,3.62,92,1.29,20.7,5.9,2.5,50.7,86,2.6
65965,543219,"Sean Gilmartin",26,2016,"NYM",14,1,17.7,0,1,0,7.13,7.13,4.28,6.23,103,1.58,13.9,8.9,5.1,51.7,95,0.1
65987,543698,"Donn Roach",26,2016,"SEA",4,0,5.3,2,0,0,8.44,8.44,3.94,6.49,98,1.69,7.1,7.1,3.6,78.3,87,0
65998,543900,"Daniel Webb",26,2016,"CHW",1,0,1,0,0,0,0,0,3.93,0.12,92,3,50,16.7,0,0,87,0
66234,570240,"Félix Peña",26,2016,"CHC",11,0,9,0,0,1,4,4,3.92,2.73,92,0.89,37.1,8.6,2.9,36.8,87,0.1
66543,571710,"Mychal Givens",26,2016,"BAL",66,0,74.7,8,2,0,3.13,3.38,3.53,3.28,84,1.27,30.7,11.5,1.9,37.1,78,1
66604,572308,"José A. Váldez",26,2016,"LAA",25,0,23.3,2,3,0,4.24,4.24,4.98,5.52,108,1.41,22,16,4,40.3,110,-0.1
66928,592130,"Danny Barnes",26,2016,"TOR",12,0,13.7,0,0,0,3.95,3.95,4.19,2.16,97,1.39,24.1,8.6,0,43.6,93,0.1
67028,592454,"Tommy Kahnle",26,2016,"CHW",29,0,27.3,0,1,1,2.63,2.63,4.78,4.43,104,1.5,21,16.8,1.7,50,106,0
67724,594772,"Jake Buchanan",26,2016,"CHC",2,1,6,1,0,0,1.5,1.5,4.68,4.51,106,0.67,19,4.8,4.8,50,104,0.1
68320,598287,"Noé Ramirez",26,2016,"BOS",14,0,13,0,0,0,6.23,6.23,4.47,7.12,100,1.85,24.6,13.1,6.6,36.1,99,0
68405,519168,"Anthony Ranaudo",26,2016,,9,5,31.3,1,1,0,9.48,9.48,6.88,8.03,129,1.79,11.9,13.2,6.6,39.8,152,-0.5
68419,534910,"Jesse Hahn",26,2016,"OAK",9,9,46.3,2,4,0,6.02,6.22,5.76,5.6,119,1.64,11.3,9.4,3.9,50.3,127,0
68434,543716,"David Rollins",26,2016,"SEA",11,0,9.3,1,0,0,7.71,7.71,5.16,6.87,112,2.04,12.8,14.9,4.3,44.1,114,-0.1
68622,592533,"Cody Martin",26,2016,"SEA",9,2,25.7,1,2,0,3.86,3.86,4.87,5.65,110,1.44,14,8.4,4.7,46.3,108,0.1
68721,592869,"Tyler Wilson",26,2016,"BAL",24,13,94,4,6,0,5.27,5.46,5.65,4.91,116,1.43,13.3,5.8,3.6,45.3,125,-0.1
68990,595465,"Dan Winkler",26,2016,"ATL",3,0,2.3,0,0,0,0,0,3.36,1.03,81,0.43,50,12.5,0,100,74,0
69156,542882,"Matt Andriese",26,2016,"TB",29,19,127.7,8,8,1,4.37,4.51,4.4,3.75,97,1.22,20.7,4.7,3.2,43.1,97,1.8
69169,543169,"Brian Flynn",26,2016,"KC",36,1,55.3,1,2,0,2.6,3.09,4.39,4,101,1.1,19.9,10.4,2.3,52.3,97,0.2
69172,543294,"Kyle Hendricks",26,2016,"CHC",31,30,190,16,8,0,2.13,2.51,3.71,3.23,91,0.98,22.8,5.9,2,48.2,82,4.7
69304,600301,"Taylor Motter",26,2016,"TB",1,0,0.3,0,0,0,0,0,3.71,3.12,94,3,0,0,0,0,82,0
69552,605359,"Evan Marshall",26,2016,"AZ",15,0,15.3,0,1,0,8.8,10.57,4.76,5.46,104,2.35,11.4,10.1,2.5,57.4,105,0
69560,605396,"Colton Murray",26,2016,"PHI",24,0,31.7,1,1,0,6.25,6.25,4.42,5.1,100,1.48,21.8,9.2,4.2,35.8,98,0.1
69837,606930,"Jacob Barnes",26,2016,"MIL",27,0,26.7,0,1,1,2.7,3.04,3.65,2.39,86,1.13,24.5,5.7,0.9,47.3,81,0.3
69856,607067,"Colin Rea",26,2016,,20,19,102.7,5,5,0,4.82,5.52,5.34,4.66,111,1.42,17.6,9.7,2.6,45.5,118,0.6
70069,607625,"Seth Lugo",26,2016,"NYM",17,8,64,5,2,0,2.67,2.67,4.93,4.36,110,1.09,17.3,8.1,2.7,40.5,109,0.5
70300,543045,"Adam Conley",26,2016,"MIA",25,25,133.3,8,6,0,3.85,3.98,5.57,4.23,114,1.4,21.2,10.6,2.2,37.8,123,0.5
70305,543242,"J.R. Graham",26,2016,"MIN",1,0,1.7,0,0,0,10.8,10.8,4.7,2.52,101,2.4,22.2,11.1,0,50,104,0
70306,543243,"Sonny Gray",26,2016,"OAK",22,22,117,5,11,0,5.69,6.15,4.68,4.64,101,1.5,18.2,8.1,3.5,53.4,104,1.5
70349,571561,"Tony Cingrani",26,2016,"CIN",65,0,63,2,5,17,4.14,4.29,4.94,4.56,109,1.44,18.1,13.7,1.8,45.6,109,-0.3
70376,582494,"Robby Scott",26,2016,"BOS",7,0,6,1,0,0,0,0,4.08,2.45,95,1.33,20,8,0,44.4,90,0
70436,605177,"Andrew Chafin",26,2016,"AZ",32,0,22.7,0,1,0,6.75,7.15,3.46,2.87,79,1.46,28.6,11.2,1,46.6,77,0.3
70441,605222,"Jake Esch",26,2016,"MIA",3,3,13,0,1,0,5.54,5.54,4.68,7.25,104,1.77,16.9,10.2,6.8,50,104,0.2
70456,605304,"Erik Johnson",26,2016,,6,6,31.3,0,6,0,8.33,8.33,5.52,8.68,112,1.82,14.4,7.5,9.6,42.1,122,0.1
70472,605388,"Adam Morgan",26,2016,"PHI",23,21,113.3,2,11,0,6.04,6.43,5.19,5.01,107,1.5,18.7,5.7,4.5,38,115,0.8
70498,605541,"Mike Wright Jr.",26,2016,"BAL",18,12,74.7,3,4,0,5.79,6.39,5.28,5.27,111,1.43,15.2,7.9,3.7,41.6,117,0.3
70756,543380,"Taylor Jungmann",26,2016,"MIL",8,6,26.7,0,5,0,7.76,8.1,6.02,6.03,118,1.76,14.3,13.5,3.2,43.2,133,-0.1
70757,605152,"Jed Bradley",26,2016,"ATL",6,0,7,1,1,0,5.14,5.14,4.35,4.6,102,1.86,12.1,18.2,0,43.5,96,0
70758,598264,"Matt Barnes",26,2016,"BOS",62,0,66.7,4,3,1,4.05,4.32,4.12,3.73,97,1.41,24.7,11.1,2.1,45.1,91,0.4
70760,543542,"Alex Meyer",26,2016,,7,6,25.3,1,3,0,5.68,5.68,4.9,4.38,102,1.66,24.8,14.5,2.6,39.4,108,0.3
70785,548337,"Logan Verrett",26,2016,"NYM",35,12,91.7,3,8,0,5.2,5.4,5.9,5.54,121,1.56,16.3,10.6,3.9,44,130,-0.5
70803,543101,"Anthony DeSclafani",26,2016,"CIN",20,20,123.3,9,5,0,3.28,3.72,4.17,3.99,97,1.22,20.7,5.9,3.2,41.3,92,2.4
70812,605476,"Carson Smith",26,2016,"BOS",3,0,2.7,0,0,0,0,3.38,4.17,2.74,98,1.13,18.2,9.1,0,75,92,0
70826,548389,"Ross Stripling",26,2016,"LAD",22,14,100,5,9,0,3.96,4.14,4.34,3.93,101,1.26,17.7,7.2,2.4,50,96,1.4
70988,607352,"Joe Biagini",26,2016,"TOR",60,0,67.7,4,3,1,3.06,3.72,3.74,2.92,92,1.3,21,6.4,1,52.6,83,0.7
71050,607706,"Michael Roth",26,2016,"TEX",1,0,3.7,0,0,0,14.73,14.73,4.64,12.93,101,3,13.6,4.5,13.6,50,103,0
71177,607457,"Kyle Barraclough",26,2016,"MIA",75,0,72.7,6,3,0,2.85,2.97,3.04,2.14,70,1.22,36.9,14.4,0.3,53.1,67,1.3
71346,607727,"Jake Smith",26,2016,"SD",4,0,4,1,0,0,4.5,4.5,4.48,6.43,100,1.5,17.6,5.9,5.9,33.3,99,0
99616,543056,"Danny Coulombe",26,2016,"OAK",35,0,47.7,3,1,0,4.53,4.53,3.07,3.56,76,1.13,28,8.8,3.1,61.5,68,0.9
100137,643327,"Zack Godley",26,2016,"AZ",27,9,74.7,5,4,0,6.39,6.51,4.39,5,99,1.49,17.9,7.5,3.9,52,97,0.9
100211,599683,"Warwick Saupold",26,2016,"DET",6,0,9.7,1,1,0,7.45,7.45,3.99,2.29,94,2.07,20.4,6.1,0,54.3,88,0.1
100324,608718,"Brent Suter",26,2016,"MIL",14,2,21.7,2,2,0,3.32,3.32,4.81,4.42,108,1.38,16.5,5.5,3.3,41.4,106,0
101264,623184,"Scott Oberg",26,2016,"COL",24,0,26,1,1,1,5.19,5.19,4.49,4.52,101,1.42,17.7,9.7,2.7,55.6,99,0
101433,623430,"Ryan Dull",26,2016,"OAK",70,0,74.3,5,5,3,2.42,2.78,3.83,3.55,91,0.87,25.2,5.2,3.4,33.3,85,0.7
101438,623439,"Ryan Garton",26,2016,"TB",37,0,39.3,1,2,1,4.35,4.58,4.08,3.93,98,1.4,19.3,6.4,2.9,46.5,90,0.3
102149,621397,"Tyler Olson",26,2016,"NYY",1,0,2.7,0,0,0,6.75,6.75,4.56,5.37,108,1.88,0,15.4,0,27.3,101,0
102294,628452,"Raisel Iglesias",26,2016,"CIN",37,5,78.3,3,2,6,2.53,2.53,3.8,3.41,90,1.14,25.5,8,2.2,41.7,84,1.1
50101,502042,"Chris Archer",27,2016,"TB",33,33,201.3,9,19,0,4.02,4.47,3.68,3.78,86,1.24,27.4,7.9,3.5,47,81,4.9
50390,504186,"Arnold Leon",27,2016,"TOR",2,0,2.3,0,0,0,7.71,7.71,4.27,8.26,99,1.71,18.2,9.1,9.1,50,95,0
50533,503444,"Joel De La Cruz",27,2016,"ATL",22,9,62.7,0,7,0,4.88,5.74,5.18,5.22,112,1.39,13.4,8,3.6,43.3,115,0.3
50538,503449,"Wily Peralta",27,2016,"MIL",23,23,127.7,7,11,0,4.86,5.15,5.13,4.73,110,1.53,16.8,7.8,3.4,48.9,114,1.1
50704,501381,"Michael Pineda",27,2016,"NYY",32,32,175.7,6,12,0,4.82,5.02,3.7,3.76,84,1.35,27.4,7,3.6,45.8,82,4.2
50878,501625,"Jose Alvarez",27,2016,"LAA",64,0,57.3,1,3,0,3.45,4.55,3.7,3.08,91,1.5,19.9,5.9,1.6,44.4,82,0.6
50946,501697,"Jhan Mariñez",27,2016,,46,0,62.3,0,1,0,3.18,3.61,4.16,3.7,98,1.33,18.6,7.8,1.5,51,92,0.3
51574,500610,"Deolis Guerra",27,2016,"LAA",44,0,53.3,3,0,0,3.21,3.88,4.65,3.73,107,1.11,16.4,3.2,2.7,40.6,103,0
51594,500724,"JC Ramírez",27,2016,,70,0,78.7,3,4,2,4.35,4.69,3.82,4.62,96,1.26,17.6,6.6,3.6,54.4,85,0.7
51632,500765,"Dayan Díaz",27,2016,"CIN",6,0,6.7,0,0,0,9.45,12.15,4.67,9.33,107,2.55,8.3,19.4,5.6,57.7,103,0
51645,500779,"Jose Quintana",27,2016,"CHW",32,32,208,13,12,0,3.2,3.29,4.19,3.53,94,1.16,21.6,6,2.6,40.2,93,4
51653,500871,"Eduardo Escobar",27,2016,"MIN",1,0,1,0,0,0,0,0,4.67,3.12,105,1,0,0,0,25,103,0
55592,518468,"Michael Blazek",27,2016,"MIL",41,0,41.3,3,1,0,5.66,6.75,5.28,5.74,112,1.91,17.9,13.4,3.5,41.9,117,-0.3
55735,517008,"Alex Colomé",27,2016,"TB",57,0,56.7,2,4,37,1.91,1.91,3.01,2.89,74,1.02,31.4,6.6,2.7,49.3,67,1.1
55880,516714,"Dario Álvarez",27,2016,,26,0,26.7,3,1,0,5.06,5.4,2.88,4.24,67,1.35,36,7,5.3,40.3,64,0.5
55889,506560,"Alexi Amarista",27,2016,"SD",1,0,0.3,0,0,0,0,0,4.41,3.18,103,0,0,0,0,100,98,0
56197,518633,"Danny Duffy",27,2016,"KC",42,26,179.7,12,3,0,3.51,3.56,4.68,3.8,99,1.14,25.7,5.7,3.7,35.6,104,2.1
56426,521230,"Liam Hendriks",27,2016,"OAK",53,0,64.7,0,4,0,3.76,4.31,3.32,2.82,80,1.28,25.8,5.1,2.2,41.3,73,1
57095,516414,"Ariel Peña",27,2016,"MIL",1,0,1.7,0,0,0,27,27,4.88,30.18,104,4.2,0,18.2,27.3,44.4,108,0
57473,519043,"Matt Moore",27,2016,,33,33,198.3,13,12,0,4.08,4.22,5.14,4.16,109,1.29,21.2,8.6,3,38.1,114,1.6
57550,519294,"Josh Smoker",27,2016,"NYM",20,0,15.3,3,0,0,4.7,5.87,2.9,4.28,71,1.3,38.5,6.2,6.2,28.6,64,0.3
57557,519326,"Hunter Strickland",27,2016,"SF",72,0,61,3,3,3,3.1,3.1,4.17,3.19,97,1.13,22.8,7.6,1.6,45.9,92,0.3
57584,519437,"Chris Withrow",27,2016,"ATL",46,0,37.7,3,0,0,3.58,3.82,4.94,4.93,111,1.22,17.7,10.8,3.2,43.2,109,-0.2
57608,523989,"Rubby De La Rosa",27,2016,"AZ",13,10,50.7,4,5,0,4.26,4.62,3.77,4.52,87,1.24,24.3,9,3.6,52.1,84,1.2
57745,519144,"Rick Porcello",27,2016,"BOS",33,33,223,22,4,0,3.15,3.43,4.1,3.37,96,1.01,21.2,3.6,2.6,42.8,91,4.4
58436,519008,"T.J. McFarland",27,2016,"BAL",16,0,24.7,2,2,0,6.93,6.93,5.29,5.59,116,1.74,6.3,8.9,2.7,60.2,117,-0.2
58503,519085,"Brett Oberholtzer",27,2016,,37,2,70.3,3,3,1,5.89,6.01,4.84,6.23,108,1.62,16.8,9,5.6,41.8,107,-0.1
58552,519151,"Ryan Pressly",27,2016,"MIN",72,0,75.3,6,7,1,3.7,4.06,4.11,3.71,97,1.35,20.4,7,2.4,39,91,0.5
58568,519166,"Neil Ramírez",27,2016,,18,0,24,0,0,0,6,6,5.46,7.72,115,1.67,22.4,16.8,7.5,26.2,121,-0.2
58857,543557,"Mike Montgomery",27,2016,,49,7,100,4,5,0,2.52,2.97,3.86,3.78,90,1.17,22.2,9.2,1.9,58,85,1.4
59473,547888,"Masahiro Tanaka",27,2016,"NYY",31,31,199.7,14,4,0,3.07,3.38,3.8,3.48,92,1.08,20.5,4.5,2.7,47.4,84,4.6
60728,543726,"Robbie Ross Jr.",27,2016,"BOS",54,0,55.3,3,2,0,3.25,3.42,3.95,3.24,93,1.27,23.5,9.7,0.8,50.3,87,0.4
60907,572888,"Shane Greene",27,2016,"DET",50,3,60.3,5,4,2,5.82,5.82,3.9,3.1,91,1.33,23,8.6,1.2,46.8,86,0.7
60921,573185,"Dan Straily",27,2016,"CIN",34,31,191.3,14,8,0,3.76,3.76,5.35,4.91,115,1.19,20.5,9.2,3.9,32.1,118,1
61056,544931,"Stephen Strasburg",27,2016,"WAS",24,24,147.7,15,4,0,3.6,3.6,3.37,2.95,81,1.1,30.6,7.4,2.5,39.6,75,4.3
65751,519242,"Chris Sale",27,2016,"CHW",32,32,226.7,17,10,0,3.34,3.49,3.88,3.43,89,1.04,25.7,5,3,40.7,86,5
65855,518452,"Chad Bettis",27,2016,"COL",32,32,186,14,8,0,4.79,5.18,4.86,4.29,107,1.41,17,7.2,2.7,50.8,108,2.2
65881,518883,"Dean Kiekhefer",27,2016,"STL",26,0,22,0,0,0,5.32,5.32,4.55,4.31,105,1.41,14.3,7.1,2,46.7,101,0
65895,519076,"Jimmy Nelson",27,2016,"MIL",32,32,179.3,8,16,0,4.62,5.42,4.8,5.15,104,1.52,17.3,10.7,3.1,49.1,106,2.2
65910,519263,"A.J. Schugel",27,2016,"PIT",36,0,52,2,2,1,3.63,3.81,4.18,3.21,98,1.04,22.5,6.4,2,42.4,92,0.3
65913,519301,"Sammy Solís",27,2016,"WAS",37,0,41,2,4,0,2.41,2.63,4.01,2.81,93,1.27,27.3,12.2,0.6,41.7,89,0.3
65938,534606,"Ryan LaMarre",27,2016,"BOS",1,0,1,0,0,0,0,0,5.34,3.12,110,2,0,0,0,0,118,0
65939,534627,"Tyler Holt",27,2016,"CIN",1,0,1,0,0,0,0,0,4.37,3.18,102,0,0,0,0,33.3,97,0
65940,534737,"Pat Dean",27,2016,"MIN",19,9,67.3,1,6,0,6.28,6.28,5.52,5.17,109,1.65,16.7,7.7,4.3,43.6,122,0
66919,592091,"A.J. Achter",27,2016,"LAA",27,0,37.7,1,0,0,3.11,3.11,5.69,5.82,122,1.46,8.8,7.5,4.4,45.1,126,-0.5
66997,592330,"Perci Garner",27,2016,"CLE",8,0,9.3,0,0,0,4.82,5.79,3.92,2.79,89,1.82,26.1,10.9,0,59.3,87,0.1
66999,592340,"Erik Goeddel",27,2016,"NYM",36,0,35.7,2,2,0,4.54,5.05,4.98,4.24,108,1.32,22.9,8.9,3.2,29.2,110,-0.2
67011,592390,"Heath Hembree",27,2016,"BOS",38,0,51,4,1,0,2.65,4.06,4.64,3.8,103,1.33,21.1,7.6,2.7,37.1,103,0
67020,592419,"Jared Hoying",27,2016,"TEX",1,0,1,0,0,0,9,9,5.15,16.12,111,1,0,0,25,25,114,0
67050,592527,"Michael Mariot",27,2016,"PHI",25,0,21.7,1,0,2,5.82,5.82,4.86,5.99,106,1.48,24.2,14.7,5.3,31,108,-0.1
67085,592665,"Addison Reed",27,2016,"NYM",80,0,77.7,4,2,1,1.97,2.09,3.36,2,82,0.94,29.9,4.3,1.3,39.5,74,1.1
67137,592804,"Tyler Thornburg",27,2016,"MIL",67,0,67,8,5,13,2.15,2.55,3.59,2.86,84,0.94,34.2,9.5,2.3,34.9,80,0.8
67153,592872,"Alex Wimmers",27,2016,"MIN",16,0,17.3,1,3,0,4.15,4.15,4.53,4.9,103,1.44,19.4,15.3,2.8,51.1,100,0
67355,593576,"Héctor Neris",27,2016,"PHI",79,0,80.3,4,4,2,2.58,2.91,3.1,3.33,74,1.11,31.1,9.1,2.7,43,69,1.4
67736,594792,"Brandon Cunniff",27,2016,"ATL",15,0,17,2,0,0,4.24,4.76,4.81,4.76,107,1.35,21.6,12.2,2.7,21.3,106,0
67764,594840,"Matt Grace",27,2016,"WAS",6,0,3,0,0,0,0,0,3.7,0.51,87,0.33,40,0,0,66.7,82,0
67829,594943,"Zach Neal",27,2016,"OAK",24,6,70,2,4,2,4.24,4.5,4.87,4.32,111,1.11,9.6,2.1,3.2,52.6,108,0.3
67863,594985,"Ben Rowen",27,2016,"MIL",4,0,3,0,0,0,15,18,4.01,1.84,95,3.33,10.5,0,0,64.7,89,0
67891,595032,"Chase Whitley",27,2016,"TB",5,1,14.3,0,0,0,2.51,4.4,4.58,3.46,102,1.12,24.6,4.9,3.3,41.9,101,0.1
68111,596331,"Nefi Ogando",27,2016,"MIA",14,0,15.7,0,0,0,2.3,2.87,4.78,3.69,108,1.15,12.3,12.3,0,61.2,106,0
68390,518748,"Justin Grimm",27,2016,"CHC",68,0,52.7,2,1,0,4.1,4.1,4.29,3.31,98,1.33,28.9,10.2,2.2,41.9,95,0.2
68391,518774,"Matt Harvey",27,2016,"NYM",17,17,92.7,4,10,0,4.86,5.34,4.36,3.5,98,1.47,18.9,6.2,2,40.3,96,1.6
68404,519141,"Drew Pomeranz",27,2016,,31,30,170.7,11,12,0,3.32,3.43,3.58,3.81,85,1.18,26.5,9.2,3.1,45.5,79,4.5
68410,519344,"Nick Tepesch",27,2016,"LAD",1,1,4,0,1,0,11.25,11.25,4.78,4.93,103,1.75,15.8,0,5.3,25,106,0.1
68467,572020,"James Paxton",27,2016,"SEA",20,20,121,6,7,0,3.79,4.61,3.72,2.77,85,1.31,22.9,4.7,1.8,48.2,82,2.9
68494,592102,"Cody Allen",27,2016,"CLE",67,0,68,3,5,32,2.51,3.04,3.34,3.28,80,1,33,10.2,3,46,74,1
68560,592341,"David Goforth",27,2016,"MIL",10,0,10.7,0,0,0,10.97,11.81,4.28,6.27,98,2.06,16.4,7.3,5.5,54.8,95,0
68643,592612,"Josh Osich",27,2016,"SF",59,0,36.3,1,3,0,4.71,4.95,4.6,6.04,103,1.35,15.7,11.3,4.4,61.9,102,0
68688,592767,"Drew Smyly",27,2016,"TB",30,30,175.3,7,12,0,4.88,5.29,5.16,4.46,105,1.27,22.6,6.6,4.3,31.2,114,1.3
68702,592811,"Andrew Triggs",27,2016,"OAK",24,6,56.3,1,1,0,4.31,4.79,3.68,3.17,87,1.22,23.1,5.5,2.1,50.3,82,1
68767,594857,"Keith Hessler",27,2016,,17,0,21.7,1,0,0,4.15,4.15,5.42,5.3,114,1.71,10.7,12.6,1.9,37.2,120,-0.2
68920,595307,"Seth Maness",27,2016,"STL",29,0,31.7,2,2,0,3.41,3.98,4.3,3.74,103,1.33,11.9,6,1.5,56.4,95,0.1
69154,534812,"Kevin Quackenbush",27,2016,"SD",60,0,59.7,7,7,2,3.92,4.07,5.37,4.62,114,1.29,16.6,8.7,3.2,36,119,-0.5
69224,572038,"Branden Pinder",27,2016,"NYY",1,0,1,0,0,0,18,18,4.48,4.12,102,4,16.7,16.7,0,75,99,0
69516,605135,"Chris Bassitt",27,2016,"OAK",5,5,28,0,2,0,6.11,6.43,5.56,5.29,110,1.75,17.3,10.5,3.8,45.8,123,0.1
69924,607309,"Phil Klein",27,2016,,12,2,19.3,0,1,0,6.98,6.98,4.54,4.08,100,1.66,22.1,10.5,2.3,29.8,101,0.2
70509,606273,"Roenis Elías",27,2016,"BOS",3,1,7.7,0,1,0,12.91,12.91,5.91,7.68,118,2.61,7.3,12.2,4.9,36.4,131,-0.1
103515,643550,"Layne Somsen",27,2016,"CIN",2,0,2.3,0,0,0,19.29,19.29,5.43,16.46,110,3.86,12.5,18.8,12.5,36.4,120,0
106487,664641,"Aríel Miranda",27,2016,,12,10,58,5,2,0,3.88,4.34,6.22,5.22,121,1.12,19,7.8,5.2,31.2,138,-0.3
47965,445276,"Kenley Jansen",28,2016,"LAD",72,0,68.7,3,2,47,1.83,1.83,2.95,1.47,69,0.67,41.4,4.4,1.6,29.9,65,1.3
49386,489002,"Steve Johnson",28,2016,"SEA",16,0,16.7,1,0,0,4.32,4.32,5.05,5.4,110,1.44,22.7,14.7,4,29.8,112,-0.1
49758,474284,"Cory Rasmus",28,2016,"LAA",19,1,24.7,0,2,0,5.84,5.84,6.07,5.91,123,1.66,14.9,14,3.5,31.3,134,-0.4
49765,475138,"Kyle Drabek",28,2016,"AZ",1,0,2,0,0,0,4.5,4.5,5.44,7.18,97,2.5,18.2,36.4,0,80,120,0
49775,476454,"Dellin Betances",28,2016,"NYY",73,0,73,3,6,12,3.08,3.82,2.32,1.75,48,1.12,42.1,9.4,1.7,53.5,51,1.9
49786,477132,"Clayton Kershaw",28,2016,"LAD",21,21,149,12,4,0,1.69,1.87,2.66,1.83,64,0.72,31.6,2,1.5,49.3,59,5.5
49925,468504,"Jhoulys Chacín",28,2016,,34,22,144,6,8,0,4.81,5.06,4.73,3.99,103,1.44,18.8,8.7,2.2,49.2,105,1.4
50062,501957,"Chris Tillman",28,2016,"BAL",30,30,172,16,6,0,3.77,3.82,5.24,4.2,110,1.28,19.6,9.2,2.7,41.6,116,1.1
50094,502026,"Jeremy Jeffress",28,2016,,59,0,58,3,2,27,2.33,2.64,3.99,3.3,96,1.26,17.4,7.5,0.8,59.3,88,0.4
50102,502046,"Jeff Locke",28,2016,"PIT",30,19,127.3,9,8,0,5.44,5.73,5.86,4.87,118,1.53,12.9,7.8,3,47,130,-0.3
50104,502051,"Josh Ravin",28,2016,"LAD",10,0,9.7,0,0,0,0.93,0.93,4.28,3.07,94,0.62,37.1,11.4,2.9,33.3,95,0
50118,502083,"Zach McAllister",28,2016,"CLE",53,2,52.3,3,2,0,3.44,3.61,4.82,3.98,104,1.45,23.2,9.9,2.6,34.4,107,-0.1
50155,502154,"Zack Britton",28,2016,"BAL",69,0,67,2,1,47,0.54,0.94,3.02,1.91,71,0.84,29.1,7.1,0.4,79,67,1.2
50167,502171,"Alex Cobb",28,2016,"TB",5,5,22,1,2,0,8.59,9,5.52,5.57,112,1.77,15.4,6.7,4.8,50.6,122,0.1
50199,502239,"Trevor Cahill",28,2016,"CHC",50,1,65.7,4,4,0,2.74,3.02,4.06,4.38,96,1.28,23.2,12.3,2.5,56.2,90,0.5
50374,504083,"Jorge Rondon",28,2016,"PIT",2,0,3.7,0,0,0,17.18,17.18,3.44,5.36,86,2.73,20,5,5,53.3,76,0.1
51190,491703,"Neftalí Feliz",28,2016,"PIT",62,0,53.7,4,2,2,3.52,3.52,4.07,4.55,93,1.14,28,9.6,4.6,36.3,90,0.3
51862,491646,"Jeanmar Gómez",28,2016,"PHI",70,0,68.7,3,5,37,4.85,4.98,4.35,3.99,102,1.46,15.8,7.4,2,53.1,96,0.2
51986,457711,"Sean O'Sullivan",28,2016,"BOS",5,4,21.3,2,0,0,6.75,7.17,6.16,4.85,115,1.69,13.3,6.1,3.1,35.1,136,-0.1
52251,444468,"Héctor Rondón",28,2016,"CHC",54,0,51,2,3,18,3.53,3.53,3.6,3.53,86,0.98,29,4,4,47,80,0.6
53014,547973,"Aroldis Chapman",28,2016,,59,0,58,4,1,36,1.55,1.86,2.71,1.42,61,0.86,40.5,8.1,0.9,45.6,60,1.3
55520,520980,"Pedro Báez",28,2016,"LAD",73,0,74,3,2,0,3.04,3.28,3.74,3.84,92,1,28.1,7.5,3.7,42.2,83,0.7
56030,517629,"Kelvin Marte",28,2016,"PIT",2,0,3.3,0,0,0,0,13.5,5.53,12.18,111,2.1,5.9,11.8,11.8,57.1,122,0
56580,502009,"Mat Latos",28,2016,,17,12,70,7,3,0,4.89,5.14,5.89,5.3,118,1.49,13.6,9.7,3.6,42.8,130,-0.1
56742,502327,"Héctor Santiago",28,2016,,33,33,182,13,10,0,4.7,4.95,6.87,5.28,127,1.36,18.3,10.1,4.2,33.9,152,-2.2
57086,502748,"Brad Peacock",28,2016,"HOU",10,5,31.7,0,1,0,3.69,4.26,5.38,5.14,109,1.11,22,11,4.7,41.2,119,0.1
57286,474463,"Brett Anderson",28,2016,"LAD",4,3,11.3,1,2,0,11.91,11.91,4.97,7.94,108,2.56,8.1,6.5,6.5,49.1,110,0.1
57866,543184,"Christian Friedrich",28,2016,"SD",24,23,129.3,5,12,0,4.8,5.15,4.97,4.19,107,1.41,17.6,9.2,2.3,44.8,110,1.3
57923,543261,"Jason Gurka",28,2016,"COL",6,0,9.7,0,0,0,9.31,9.31,4.2,3.69,97,1.86,15.6,4.4,2.2,50,93,0
57985,543331,"J.J. Hoover",28,2016,"CIN",18,0,18.7,1,2,1,13.5,13.98,6.24,9.93,123,2.2,15.5,12.4,9.3,31.9,138,-0.4
58082,542953,"Buddy Boshers",28,2016,"MIN",37,0,36,2,0,0,4.25,5.25,3.67,2.81,87,1.17,24.3,4.6,2,46.7,81,0.4
58152,518560,"Paul Clemens",28,2016,,18,14,71.3,4,5,0,4.04,4.92,5.22,5.71,111,1.44,16.9,9.9,4.5,39.8,115,0.5
58195,474699,"Vance Worley",28,2016,"BAL",35,4,86.7,2,2,1,3.53,3.84,5,4.79,113,1.37,15.3,9.6,3,49.3,111,0
58219,544993,"Steve Geltz",28,2016,"TB",27,0,26.7,0,2,0,5.74,5.74,5.89,7.88,124,1.24,20.5,8,9.8,21.5,130,-0.4
58250,502285,"Tyler Ladendorf",28,2016,"OAK",1,0,1,0,0,0,0,0,5.35,6.12,111,2,0,20,0,25,118,0
58350,518886,"Craig Kimbrel",28,2016,"BOS",57,0,53,2,6,31,3.4,3.74,3.58,2.89,81,1.09,37.7,13.6,1.8,30.1,79,0.6
58563,474029,"Zach Putnam",28,2016,"CHW",25,0,27.3,1,0,0,2.3,2.3,3.89,3.08,91,1.32,26.3,9.6,1.8,41.1,86,0.2
58661,543766,"Bryan Shaw",28,2016,"CLE",75,0,66.7,2,5,1,3.24,3.51,3.73,3.91,90,1.26,25.1,10.2,2.9,54.8,83,0.7
58721,474668,"Eric Surkamp",28,2016,"OAK",9,9,38.7,0,5,0,6.98,7.45,7.28,6.68,129,1.97,11.2,10.7,4.1,32.9,161,-0.6
59179,458677,"Justin Wilson",28,2016,"DET",66,0,58.7,4,5,1,4.14,4.45,3.23,3.15,79,1.33,25.9,6.8,2.4,54.2,72,1
59212,476123,"Justin Marks",28,2016,"TB",4,0,9,0,0,0,1,1,5.24,6.23,113,1.78,14.3,21.4,2.4,40.7,116,-0.1
59304,502624,"Chase Anderson",28,2016,"MIL",31,30,151.7,9,11,0,4.39,4.93,5.66,5.12,116,1.37,18.5,8.2,4.3,35.5,125,0.4
59332,518790,"Chris Heston",28,2016,"SF",4,0,5,1,1,0,10.8,10.8,4.53,5.58,104,3,10.3,20.7,0,45,100,0
59345,519322,"Drew Storen",28,2016,,57,0,51.7,4,3,3,5.23,5.23,3.89,4.18,93,1.34,21.1,5.7,3.1,48.8,86,0.4
59351,523260,"Joe Kelly",28,2016,"BOS",20,6,40,4,0,0,5.18,5.18,4.26,4.29,94,1.7,25.5,12.8,2.7,47.4,94,0.5
59595,571473,"Buddy Baumann",28,2016,"SD",11,0,9.7,1,0,0,3.72,3.72,4.29,2.66,98,1.14,25,10,0,28,95,0
59628,571584,"Caleb Cotham",28,2016,"CIN",23,0,24.3,0,3,0,7.4,7.77,4.56,4.9,103,1.81,17.9,10.3,2.6,44.4,101,0
59653,571735,"David Hale",28,2016,"COL",2,0,2,0,0,0,13.5,13.5,3.99,11.68,97,3,8.3,16.7,8.3,22.2,88,0
59935,542674,"Gonzalez Germen",28,2016,"COL",40,0,40.7,2,1,1,5.31,5.53,5.45,5.12,114,1.62,17.6,13.7,2.7,39.5,121,-0.4
60107,572193,"Ryan Tepera",28,2016,"TOR",20,0,18.3,0,1,0,2.95,3.93,4.04,3.66,96,1.36,21.2,9.4,1.2,55.4,89,0.1
60112,572208,"Ashur Tolliver",28,2016,"BAL",5,0,4.7,1,0,0,5.79,7.71,4.42,5.69,102,1.71,22.7,13.6,4.5,35.7,98,0
60144,572365,"Ryan Goins",28,2016,"TOR",1,0,1,0,0,0,0,0,4.7,6.12,106,3,0,20,0,75,104,0
60448,572971,"Dallas Keuchel",28,2016,"HOU",26,26,168,9,12,0,4.55,4.71,4.43,3.84,97,1.29,20.5,6.8,2.9,56.6,98,2.6
60488,573064,"Vidal Nuño",28,2016,"SEA",55,1,58.7,1,1,0,3.53,3.53,4.29,4.48,99,1.33,20.6,4.5,4.5,37.2,95,0.3
60619,571901,"Aaron Loup",28,2016,"TOR",21,0,14.3,0,0,0,5.02,5.02,4.15,4.3,95,1.33,24.2,6.5,3.2,40,92,0.1
60649,572033,"Josh Phegley",28,2016,"OAK",1,0,0.7,0,0,0,0,0,4.28,0.12,101,0,50,0,0,0,95,0
60655,572070,"Garrett Richards",28,2016,"LAA",6,6,34.7,1,3,0,2.34,4.15,4.83,3.29,102,1.33,23,10.1,1.4,44.9,107,0.4
60759,476589,"Adam Warren",28,2016,,58,1,65.3,7,4,0,4.68,5.1,4.89,5.12,112,1.35,18.8,10.5,4,43.1,108,-0.1
60842,544930,"Blake Smith",28,2016,"CHW",5,0,4.3,0,0,0,6.23,6.23,4.62,6.35,106,1.62,4.8,0,4.8,47.4,102,0
61051,502190,"Mike Leake",28,2016,"STL",30,30,176.7,9,12,0,4.69,5.15,4.07,3.86,96,1.32,16.5,4,2.6,53.4,90,3.7
65757,456167,"A.J. Griffin",28,2016,"TEX",23,23,119,7,4,0,5.07,5.14,6,5.71,117,1.36,21,9,5.5,30.1,133,-0.3
65765,474521,"Shawn Tolleson",28,2016,"TEX",37,0,36.3,2,2,11,7.68,7.93,3.89,5.21,95,1.73,17.3,6,4.8,50.4,86,0.3
65801,502043,"Kyle Gibson",28,2016,"MIN",25,25,147.3,6,11,0,5.07,5.44,5.05,4.67,107,1.56,15.9,8.4,3.1,48.4,112,1.3
65805,502087,"Kevin Chapman",28,2016,"HOU",9,0,8,0,0,0,9,9,4.62,3.12,101,2.38,14.3,9.5,0,46.9,102,0
65809,502202,"Brad Boxberger",28,2016,"TB",27,0,24.3,4,3,0,4.81,4.81,4.72,5.38,106,1.68,19.5,15.9,2.7,49.3,104,0
65810,502211,"Mike Bolsinger",28,2016,"LAD",6,6,27.7,1,4,0,6.83,6.83,5.03,5.85,109,1.52,20.5,7.4,5.7,33.7,111,0.3
65827,502457,"Drew Hayes",28,2016,"CIN",6,0,9.7,0,0,0,8.38,9.31,4.06,7.42,99,2.17,16.7,12.5,6.3,50,90,0.1
65830,502593,"Jake Petricka",28,2016,"CHW",9,0,8,0,0,0,4.5,5.63,4.38,5.99,97,2,17.9,20.5,2.6,66.7,97,0
65945,534947,"Tim Adleman",28,2016,"CIN",13,13,69.7,4,4,0,4,4.13,5.32,5.33,115,1.21,16.4,7,4.5,36.7,118,0.5
66039,548357,"Christian Bergman",28,2016,"COL",15,1,24.7,1,3,0,8.39,8.76,4.64,5.81,104,1.82,18.5,5,5.9,38.5,103,0.1
66572,571969,"Conor Mullee",28,2016,"NYY",3,0,3,0,0,0,3,3,4.41,5.45,99,1.33,28.6,28.6,0,60,97,0
67016,592407,"Bryan Holaday",28,2016,"TEX",1,0,1.3,0,0,0,0,0,4.85,3.12,109,0,0,0,0,0,107,0
67738,594795,"Grant Dayton",28,2016,"LAD",25,0,26.3,0,1,0,2.05,2.39,3.32,2.99,79,0.76,38.6,5.9,4,25.5,73,0.4
67740,594798,"Jacob deGrom",28,2016,"NYM",24,24,148,7,8,0,3.04,3.22,3.85,3.35,92,1.2,23.7,6,2.5,45,85,3.5
67836,594951,"Ryan O'Rourke",28,2016,"MIN",26,0,25,0,1,0,3.96,4.68,4.22,4.08,98,1.12,23.8,9.9,3,47,93,0.1
67875,595001,"Josh A. Smith",28,2016,"CIN",32,2,59.7,3,3,0,4.68,4.83,4.92,5.32,111,1.39,18.5,10,4.2,42.2,109,-0.1
68372,473879,"Sam Dyson",28,2016,"TEX",73,0,70.3,3,2,38,2.43,2.43,3.55,3.59,88,1.22,19.3,8.1,1.8,63.7,79,0.9
68438,544928,"Tyler Lyons",28,2016,"STL",30,0,48,2,0,0,3.38,3.38,4.06,4.57,97,1.02,24.6,7.5,4.8,39.4,90,0.3
68804,595014,"Blake Treinen",28,2016,"WAS",73,0,67,4,1,1,2.28,2.55,3.54,3.65,85,1.22,24,11.8,1.9,65.7,78,0.8
68880,595235,"Cody Hall",28,2016,"MIA",2,0,3,0,0,0,12,12,4.85,8.51,105,2.33,18.8,18.8,6.3,30,107,0
69123,501992,"Nate Karns",28,2016,"SEA",22,15,94.3,6,2,1,5.15,5.25,4.38,4.02,95,1.48,24.2,10.8,2.6,41,97,1.4
69302,599998,"Leonel Campos",28,2016,"SD",18,0,22,1,0,0,5.73,6.55,4.16,4.81,96,1.45,24.5,14.3,3.1,49.2,92,0.1
69954,607359,"Spencer Patton",28,2016,"CHC",16,0,21.3,1,1,0,5.48,6.75,4.62,5.05,104,1.59,21.8,13.9,3,42.2,102,0
102254,628317,"Kenta Maeda",28,2016,"LAD",32,32,175.7,16,11,0,3.48,3.69,4.08,3.61,95,1.14,25,7,2.8,44.1,90,3.7
46155,476451,"Jeremy Hellickson",29,2016,"PHI",32,32,189,12,10,0,3.71,4.1,4.38,4.01,99,1.15,19.9,5.8,3.1,40.4,97,3.3
46291,457779,"Michael Kirkman",29,2016,,2,0,2.3,0,0,0,19.29,19.29,3.41,3.6,88,3.43,6.7,6.7,0,53.8,76,0
46468,477003,"Jonathon Niese",29,2016,,29,20,121,8,7,0,5.5,5.73,5.18,5.65,109,1.59,16.1,8.6,4.6,51,115,0.8
47145,458678,"Mike Broadway",29,2016,"SF",4,0,5.3,0,0,0,11.81,11.81,4.16,7.11,98,1.88,16,4,8,35,92,0
47229,471911,"Carlos Carrasco",29,2016,"CLE",25,25,146.3,11,8,0,3.32,3.94,3.58,3.69,84,1.15,25,5.7,3.5,49,79,3.7
47243,458584,"Xavier Cedeño",29,2016,"TB",54,0,41.3,3,4,0,3.7,3.7,3.68,2.61,89,1.19,24.7,7.5,1.1,48.7,82,0.5
48219,459429,"Jake McGee",29,2016,"COL",57,0,45.7,2,3,15,4.73,4.93,5.26,5.32,110,1.58,18.5,7.8,4.4,41.2,116,-0.4
48644,452061,"Zach Phillips",29,2016,"PIT",8,0,6.7,0,0,0,2.7,2.7,4.41,3.78,101,1.35,21.4,3.6,3.6,33.3,98,0
48658,475054,"Chaz Roe",29,2016,,30,0,29.7,2,0,0,3.64,3.64,3.51,3.05,84,1.21,29.8,11.3,1.6,56.9,78,0.4
49168,475243,"Travis Wood",29,2016,"CHC",77,0,61,4,0,0,2.95,3.54,4.83,4.57,109,1.13,18.7,9.5,3.2,37.8,107,-0.2
49727,472610,"Luis García",29,2016,"PHI",17,0,15.3,1,1,0,6.46,6.46,4.4,4.81,99,1.89,18.4,10.5,2.6,54.7,97,0
49777,476570,"Vin Mazzaro",29,2016,"SF",2,0,1,1,0,0,54,81,4.42,9.18,100,8,0,7.7,0,45.5,98,0
49832,467100,"Iván Nova",29,2016,,32,26,162,12,8,1,4.17,4.5,4.19,4.1,96,1.25,18.6,4.1,3.4,52.7,93,2.9
50058,488748,"Ryan Buchter",29,2016,"SD",67,0,63,3,0,1,2.86,2.86,4.55,3.1,100,1.03,31.6,12.6,1.6,21.3,101,0
51195,491708,"Arquimedes Caminero",29,2016,,57,0,60.7,2,3,1,3.56,4.6,5,4.89,108,1.65,17.9,11.8,2.5,43.8,111,-0.3
51993,457768,"Bryan Morris",29,2016,"MIA",24,0,17.7,0,0,1,3.06,3.57,4.8,6.52,107,1.42,17.6,13.5,5.4,50,106,0
52152,462515,"Miguel Socolovich",29,2016,"STL",15,0,18,1,0,0,2,2,3.85,3.68,94,0.56,25,7.8,3.1,53.5,85,0.2
52254,448802,"Jaime García",29,2016,"STL",32,30,171.7,10,13,0,4.67,4.93,3.97,4.52,93,1.37,20.2,7.7,3.5,56.2,88,3.7
53155,506433,"Yu Darvish",29,2016,"TEX",17,17,100.3,7,5,0,3.41,3.86,3.37,3.06,78,1.12,31.7,7.5,2.9,40.4,74,2.8
53253,448281,"Sean Doolittle",29,2016,"OAK",44,0,39,2,3,4,3.23,3.23,3.77,3.42,88,1.05,29,5.2,3.9,27.5,83,0.4
55695,446399,"Brett Cecil",29,2016,"TOR",54,0,36.7,1,7,0,3.93,4.17,3.5,3.61,84,1.28,28.7,5.1,3.8,41.2,78,0.5
55842,518617,"Jake Diekman",29,2016,"TEX",66,0,53,4,2,4,3.4,3.74,3.9,3.51,91,1.17,26.7,11.8,1.8,49.6,86,0.5
56468,502706,"Derek Holland",29,2016,"TEX",22,20,107.3,7,9,0,4.95,5.2,6.2,4.72,120,1.41,14.5,7.6,3.3,38.1,137,-0.5
57000,504379,"Juan Nicasio",29,2016,"PIT",52,12,118,10,7,0,4.5,4.88,3.81,3.81,88,1.37,26.9,8.8,2.9,43,84,2
57072,489197,"Curtis Partch",29,2016,"PIT",2,0,0.7,0,0,0,40.5,40.5,4.42,12.18,101,6,0,33.3,0,75,98,0
57403,488984,"Tommy Hunter",29,2016,,33,0,34,2,2,0,3.18,3.44,4.44,3.03,104,1.26,16.5,5.8,0.7,49.1,98,0.1
57790,539438,"Scott Diamond",29,2016,"TOR",1,0,1,0,0,0,27,27,4.74,9.12,102,4,0,28.6,0,40,105,0
57806,543118,"Oliver Drake",29,2016,"BAL",14,0,18,1,0,0,4,5.5,3.79,3.39,91,1,28.4,9.5,2.7,45.7,84,0.2
57827,543144,"Danny Farquhar",29,2016,"TB",35,0,35.3,1,0,0,3.06,3.57,3.62,5.07,87,1.36,29.1,9.5,5.1,38.7,80,0.4
57843,475247,"Ryan Flaherty",29,2016,"BAL",1,0,1,0,0,0,18,18,4.43,16.12,100,3,0,0,14.3,42.9,98,0
57860,518693,"Sam Freeman",29,2016,"MIL",7,0,7.7,0,0,0,12.91,12.91,5.31,8,108,2.87,18.2,20.5,4.5,37,118,-0.1
57948,543278,"Blaine Hardy",29,2016,"DET",21,0,25.7,1,0,0,3.51,3.86,4.63,3.97,104,1.44,17.9,10.7,1.8,47.5,102,0
57996,543339,"Daniel Hudson",29,2016,"AZ",70,0,60.3,3,2,5,5.22,5.97,4.44,3.84,97,1.44,21.6,8.2,2.2,40.8,98,0.1
58075,542947,"Richard Bleier",29,2016,"NYY",23,0,23,0,0,0,1.96,2.35,4.34,2.64,101,1.04,14.1,4.3,0,55.4,96,0.1
58136,488768,"Andrew Cashner",29,2016,,28,27,132,5,11,0,5.25,5.66,5.28,4.87,110,1.53,19,10.2,3.2,45.8,117,0.9
58260,502522,"Justin Miller",29,2016,"COL",40,0,42.7,1,1,0,5.7,5.7,4.61,4.44,100,1.64,23.2,10.3,3.1,34.9,102,0
58268,475479,"David Phelps",29,2016,"MIA",64,5,86.7,7,6,4,2.28,2.39,3.17,2.83,76,1.14,32.4,10.8,1.7,46,70,1.8
58289,543883,"Nick Vincent",29,2016,"SEA",60,0,60.3,4,4,3,3.73,3.88,3.79,4.13,91,1.13,26.3,6.1,4.5,33.1,84,0.6
58318,543359,"Dan Jennings",29,2016,"CHW",64,0,60.7,4,3,1,2.08,2.67,3.98,3.35,94,1.4,17.8,10.8,0.4,54.4,88,0.5
58441,543521,"Collin McHugh",29,2016,"HOU",33,33,184.7,13,10,0,4.34,4.48,4.08,3.92,92,1.41,22.2,6.8,3.1,42,90,3.6
58453,489119,"Wade Miley",29,2016,,30,30,166,9,13,0,5.37,5.42,4.77,4.42,104,1.42,19.3,6.9,3.5,47,106,2
58459,543548,"Tommy Milone",29,2016,"MIN",19,12,69.3,3,5,0,5.71,6.88,5.43,5.51,110,1.53,15.8,7.1,4.8,45.6,120,0.2
58617,475115,"Tyson Ross",29,2016,"SD",1,1,5.3,0,1,0,11.81,13.5,4.04,2.99,94,1.88,18.5,3.7,0,47.4,89,0.1
58667,533167,"Matt Shoemaker",29,2016,"LAA",27,27,160,9,13,0,3.88,3.99,4.61,3.48,100,1.23,21.4,4.5,2.7,40.2,102,2.2
58670,543776,"JB Shuck",29,2016,"CHW",1,0,1,0,0,0,9,9,4.16,3.12,96,1,0,0,0,75,92,0
58921,543699,"Tanner Roark",29,2016,"WAS",34,33,210,16,10,0,2.83,3.09,4.31,3.82,104,1.17,20.1,8.5,2,48.2,95,3.8
58985,451085,"Brian Matusz",29,2016,,8,1,9,0,0,0,14,14,6.15,14.47,121,2.89,5.7,17,11.3,37.5,136,-0.1
59239,489446,"Kirby Yates",29,2016,"NYY",41,0,41.3,2,1,0,5.23,5.23,3.66,3.94,88,1.45,27.2,10.3,2.7,43.2,81,0.5
59978,542866,"Austin Adams",29,2016,"CLE",19,0,18.3,0,0,0,9.82,10.8,4.39,5.95,99,1.85,19.3,8,5.7,45.3,97,0.1
60031,543734,"Chris Rusin",29,2016,"COL",29,7,84.3,3,5,0,3.74,3.84,3.83,3.24,90,1.25,19.7,6.6,1.4,56.5,85,1.3
60051,543935,"Alex Wilson",29,2016,"DET",62,0,73,4,0,0,2.96,3.21,4.93,3.57,109,1.22,16.5,7.1,1.7,43.4,109,-0.2
60504,573109,"AJ Ramos",29,2016,"MIA",67,0,64,1,4,40,2.81,2.95,4.53,2.93,101,1.36,26.3,12.6,0.4,36.7,100,0
60630,571963,"A.J. Morris",29,2016,"CIN",7,0,10,0,0,0,6.3,6.3,5.01,6.38,109,1.7,19.1,17,4.3,40,111,-0.1
60787,547943,"Hyun Jin Ryu",29,2016,"LAD",1,1,4.7,0,1,0,11.57,11.57,5,5.53,109,2.14,16.7,8.3,4.2,44.4,111,0.1
60879,543746,"Rob Scahill",29,2016,,31,0,34.7,0,0,0,3.38,3.63,3.88,3.49,95,1.24,18.4,6.1,1.4,62.6,86,0.3
61061,489294,"Tanner Scheppers",29,2016,"TEX",10,0,8.7,1,1,1,4.15,4.15,4.61,3,104,1.04,14.3,8.6,0,48.1,102,0
66565,571893,"Adam Liberatore",29,2016,"LAD",58,0,42.7,2,2,0,3.38,3.38,3.69,2.92,90,1.2,26.7,9.7,1.1,38.2,82,0.4
66639,572831,"Josh Edgin",29,2016,"NYM",16,0,10.3,1,0,0,5.23,5.23,3.73,4.05,92,1.55,24.4,13.3,2.2,42.9,83,0.1
101658,624586,"James Hoyt",29,2016,"HOU",22,0,22,1,1,0,4.5,4.91,3.72,4.89,85,1.14,30.8,9.9,5.5,52.8,82,0.2
103737,628333,"Odrisamer Despaigne",29,2016,,19,0,30.3,0,2,0,5.93,6.23,5.95,4.97,122,1.71,12.6,11.9,2.2,39.6,132,-0.5
45529,461829,"Gio González",30,2016,"WAS",32,32,177.3,11,11,0,4.57,4.97,4.24,3.79,96,1.34,22.4,7.7,2.5,47,94,3.4
45536,433587,"Félix Hernández",30,2016,"SEA",25,25,153.3,11,8,0,3.82,4.46,5.05,4.6,107,1.32,18.6,9.9,2.9,49.9,112,1.3
45612,456701,"Homer Bailey",30,2016,"CIN",6,6,23,2,3,0,6.65,7.43,3.95,3.13,91,1.83,24.3,6.3,1.8,44,87,0.5
46761,461872,"Anthony Swarzak",30,2016,"NYY",26,0,31,1,2,0,5.52,5.52,4.01,6.08,96,1.13,25,5.6,8.1,45.9,89,0.2
47181,456713,"Matt Bush",30,2016,"TEX",58,0,61.7,7,2,1,2.48,2.63,3.66,2.71,90,0.94,25.1,5.8,1.6,43.7,81,0.7
47360,451584,"Wade Davis",30,2016,"KC",45,0,43.3,2,1,27,1.87,1.87,3.76,2.31,89,1.13,26.3,9.1,0,48.2,83,0.4
47415,456501,"Johnny Cueto",30,2016,"SF",32,32,219.7,18,5,0,2.79,2.91,3.74,2.98,90,1.09,22.5,5.1,1.7,49.8,83,5.4
47591,451596,"Yovani Gallardo",30,2016,"BAL",23,23,118,6,8,0,5.42,5.64,6.08,5.01,120,1.58,16.2,11.6,3,43.1,135,-0.4
47851,457915,"Javy Guerra",30,2016,"LAA",7,0,6.3,0,0,0,5.68,5.68,4.87,7.69,108,1.89,13.3,23.3,3.3,55.6,108,0
47865,461833,"Phil Hughes",30,2016,"MIN",12,11,59,1,7,0,5.95,6.1,6.51,5.05,123,1.51,13.1,5,4.2,34.9,144,-0.5
48448,462985,"Franklin Morales",30,2016,"TOR",5,0,4,0,1,0,9,9,4.43,6.87,101,1.25,12.5,12.5,6.3,25,98,0
49130,444436,"Ryan Webb",30,2016,"TB",18,0,17.3,0,0,0,5.19,5.71,4.35,3.87,102,1.73,14.5,3.9,2.6,50,96,0.1
49706,472551,"Fernando Abad",30,2016,,57,0,46.7,1,6,1,3.66,3.86,4.68,3.95,105,1.33,20.7,11.1,2,42.5,104,0
50095,502028,"Blake Wood",30,2016,"CIN",70,0,76.7,6,5,1,3.99,4.46,4.07,4.15,94,1.43,24.5,11.5,2.7,51.9,90,0.5
51434,493603,"Adam Ottavino",30,2016,"COL",34,0,27,1,3,7,2.67,3,3.07,3.1,73,0.93,32.1,6.6,2.8,61.9,68,0.5
51927,453172,"Jared Hughes",30,2016,"PIT",67,0,59.3,1,1,1,3.03,3.64,4.64,4.71,106,1.42,13.2,8.6,2.3,56.1,103,0
52344,450665,"Kris Medlen",30,2016,"KC",6,6,24.3,1,3,0,7.77,9.25,6.19,5.17,116,2.05,15.1,16.8,1.7,49.4,137,-0.1
52360,455374,"Antonio Bastardo",30,2016,,69,0,67.7,3,0,0,4.52,4.92,4.63,4.7,102,1.36,24.9,10.8,3.7,29.9,102,0
52458,456071,"Yohan Flande",30,2016,"COL",2,0,3.7,0,0,0,12.27,14.73,5.11,5.63,106,3,0,15,0,47.1,113,0
52489,456379,"Al Alburquerque",30,2016,"LAA",2,0,2,0,0,0,4.5,13.5,4.48,11.62,104,2,8.3,16.7,8.3,66.7,99,0
52617,452027,"Andrew Albers",30,2016,"MIN",6,2,17,0,0,0,5.82,8.47,4.57,6.12,101,1.94,18.8,7.1,5.9,49.2,101,0.1
52691,453562,"Jake Arrieta",30,2016,"CHC",31,31,197.3,18,8,0,3.1,3.28,4.04,3.55,93,1.08,23.9,9.6,2,52.6,89,4.2
53026,612672,"Wei-Yin Chen",30,2016,"MIA",22,22,123.3,5,5,0,4.96,5.04,5.09,4.53,108,1.28,19.2,4.6,4.2,40.5,113,1.1
54694,456034,"David Price",30,2016,"BOS",35,35,230,17,9,0,3.99,4.15,4.19,3.57,95,1.2,24,5.3,3.2,43.2,93,4.2
54877,461865,"Andrew Romine",30,2016,"DET",1,0,0.7,0,0,0,0,0,4.58,12.12,99,3,0,50,0,100,101,0
54912,460701,"James Russell",30,2016,"PHI",7,0,4.3,0,0,0,18.69,18.69,5.07,10.79,108,3.23,14.8,18.5,7.4,33.3,112,0
55707,501955,"Joba Chamberlain",30,2016,"CLE",20,0,20,0,0,0,2.25,2.7,4.47,3.77,100,1.15,22,13.4,1.2,51.9,99,0
55725,518553,"Steve Cishek",30,2016,"SEA",62,0,64,4,6,25,2.81,2.95,3.39,3.54,84,1.02,29.5,8.1,3.1,43.9,75,0.9
55734,518567,"Josh Collmenter",30,2016,,18,3,41.3,3,0,0,3.7,3.7,4.66,5.16,103,1.26,19.1,9.2,4,43.8,103,0.2
56333,518715,"Cory Gearrin",30,2016,"SF",56,0,48.3,3,2,3,4.28,4.47,3.95,3.38,92,1.18,22.7,7.6,2,56.2,87,0.4
56334,518716,"Dillon Gee",30,2016,"KC",33,14,125,8,9,0,4.68,4.82,5.08,5.22,112,1.46,16.2,6.7,4.4,39.6,112,0.3
56519,518858,"Nate Jones",30,2016,"CHW",71,0,70.7,5,3,3,2.29,2.55,3.07,2.9,76,0.89,29.2,5.5,2.6,44.9,68,1.3
56759,519267,"Evan Scribner",30,2016,"SEA",12,0,14,0,0,0,0,0,3.95,1.62,93,0.5,30.6,4.1,0,29,87,0.1
57163,519455,"Jordan Zimmermann",30,2016,"DET",19,18,105.3,9,7,0,4.87,5.38,5.54,4.39,113,1.37,14.7,5.8,3.1,42.7,123,0.3
57424,446372,"Corey Kluber",30,2016,"CLE",32,32,215,18,9,0,3.14,3.43,3.63,3.23,86,1.06,26.4,6.6,2.6,44.3,80,5.4
57529,519240,"Marc Rzepczynski",30,2016,,70,0,47.7,1,0,0,2.64,3.21,3.99,3.55,91,1.57,21.4,13.5,0.5,66.2,88,0.4
57645,446381,"Darwin Barney",30,2016,"TOR",1,0,1,0,1,0,9,9,4.6,14.12,103,1,25,0,25,0,102,0
57701,446321,"Ross Detwiler",30,2016,,16,7,48.7,2,4,0,6.1,6.29,6.75,4.62,123,1.6,11.8,8.6,2.3,43.1,149,-0.7
58089,542960,"Brad Brach",30,2016,"BAL",71,0,79,10,4,2,2.05,2.62,3.7,2.89,88,1.04,29.6,8,2.3,42.8,82,0.9
58356,543408,"Tom Koehler",30,2016,"MIA",33,33,176.7,9,13,0,4.33,4.74,5.73,4.63,117,1.47,19,10.7,2.8,42.5,127,0.3
58646,544759,"Bo Schultz",30,2016,"TOR",16,0,16.3,0,1,0,5.51,5.51,4.44,4.83,105,1.22,14.7,4.4,4.4,54.5,98,0
58984,547749,"Junichi Tazawa",30,2016,"BOS",53,0,49.7,3,2,0,4.17,4.17,4.23,4.2,98,1.23,26,6.7,4.3,39.6,94,0.2
59166,451661,"Josh Fields",30,2016,,37,0,35,1,0,0,4.63,5.66,3.93,3.26,91,1.54,26.6,7,2.5,35.6,87,0.3
59223,488786,"Louis Coleman",30,2016,"LAD",61,0,48,2,1,0,4.69,5.06,5.21,4.34,113,1.44,21.3,11.4,2.4,33.8,115,-0.3
60537,573188,"Tyler Sturdevant",30,2016,"TB",16,0,18.3,0,1,0,3.93,3.93,4.58,3.44,105,1.31,18.7,8,1.3,35.2,101,0
103731,648737,"Dalier Hinojosa",30,2016,"PHI",10,0,11,0,1,0,3.27,3.27,4.4,3.72,102,1.18,18.2,6.8,2.3,51.5,97,0
31476,430912,"Matt Cain",31,2016,"SF",21,17,89.3,4,8,0,5.64,5.84,5.18,5.17,110,1.51,18.1,8.1,4,36.9,115,0.6
45514,461325,"Tyler Clippard",31,2016,,69,0,63,4,6,3,3.57,3.86,4.11,4.21,95,1.27,27.5,9.9,3.8,30.1,91,0.4
45515,433579,"John Danks",31,2016,"CHW",4,4,22.3,0,4,0,7.25,8.06,6.83,6.07,122,1.75,16,11,5,31.5,151,-0.3
45544,448178,"Kevin Jepsen",31,2016,,58,0,49.7,2,6,7,5.98,6.34,5.98,6.12,120,1.67,15.6,9.4,5.4,31,132,-0.8
45571,433589,"Yusmeiro Petit",31,2016,"WAS",36,1,62,3,5,1,4.5,4.79,4.23,4.84,100,1.32,18.5,5.7,4.5,40.8,94,0.4
46298,445213,"Brandon Kintzler",31,2016,"MIN",54,0,54.3,0,2,17,3.15,3.64,3.72,3.58,93,1.23,15.6,3.6,2.2,60.9,82,0.6
46387,451783,"Dustin Molleken",31,2016,"DET",4,0,8.3,0,0,0,4.32,4.32,4.44,3,98,2.04,19,11.9,0,55.2,98,0
46413,447714,"Eric O'Flaherty",31,2016,"ATL",39,0,28.7,1,4,0,6.91,7.85,3.96,4.36,95,1.74,16.2,8.1,2.2,53.5,88,0.2
46451,446185,"Logan Ondrusek",31,2016,"BAL",7,0,6.3,0,0,0,9.95,9.95,4.22,5.33,100,1.89,13.8,10.3,3.4,68.2,93,0
46719,467008,"Pedro Strop",31,2016,"CHC",54,0,47.3,2,2,0,2.85,3.04,3.11,2.94,74,0.89,32.1,8,2.1,60.2,69,0.8
47160,453329,"Clay Buchholz",31,2016,"BOS",37,21,139.3,8,10,0,4.78,5.17,5.9,5.03,122,1.33,15.8,9.4,3.6,41.4,131,-0.4
47296,445197,"Mike Dunn",31,2016,"MIA",51,0,42.3,6,1,0,3.4,3.4,4.07,3.91,96,1.28,21.6,6.3,2.8,29,90,0.3
47804,456696,"David Hernandez",31,2016,"PHI",70,0,72.7,3,4,1,3.84,3.84,3.89,4.35,90,1.5,24.8,9.9,3.4,39.1,86,0.6
47836,449173,"Lucas Harrell",31,2016,,9,9,47,3,2,0,4.21,4.6,5.41,4.58,112,1.51,17.3,12,1.9,42.7,120,0.2
47850,448855,"Junior Guerra",31,2016,"MIL",20,20,121.7,9,3,0,2.81,2.96,4.27,3.73,100,1.13,20.3,8.7,2,44.5,95,2.3
47921,457429,"Boone Logan",31,2016,"COL",66,0,46.3,2,5,1,3.69,4.47,3.42,3.26,79,1.01,30.5,10.7,2.1,48.1,76,0.6
48365,458730,"Bobby Parnell",31,2016,"DET",6,0,5.3,0,0,0,6.75,6.75,4.67,6.87,103,2.25,14.8,18.5,3.7,50,103,0
48618,457456,"Jo-Jo Reyes",31,2016,"MIA",1,0,2,0,0,0,9,9,6.34,4.68,119,2,0,10,0,33.3,140,0
48858,477569,"Fernando Salas",31,2016,,75,0,73.7,3,7,6,3.91,3.91,4.48,4.28,104,1.11,21.8,6.5,4.1,39,99,0.1
49617,453192,"Andrew Miller",31,2016,,70,0,74.3,10,1,12,1.45,1.57,2.07,1.65,42,0.69,44.7,3.3,2.9,55.3,46,2.2
50087,502004,"George Kontos",31,2016,"SF",57,0,53.3,3,2,0,2.53,3.21,5.23,3.83,113,1.16,16.2,9.3,1.4,44,116,-0.4
50098,502032,"Bud Norris",31,2016,,35,19,113,6,10,0,5.1,5.34,4.25,4.36,99,1.46,20.6,9.9,2.8,47.8,94,1.8
50175,502188,"Jeff Samardzija",31,2016,"SF",32,32,203.3,12,11,0,3.81,3.9,4.38,3.88,99,1.2,20.1,6.5,2.9,46.1,97,3.5
51032,501789,"Will Harris",31,2016,"HOU",66,0,64,1,2,12,2.25,2.39,3.24,2.32,78,1.05,27.1,5.9,1.2,58.2,72,1
51061,501822,"Chris Hatcher",31,2016,"LAD",37,0,40.7,5,4,0,5.53,5.75,4.39,5.24,100,1.5,23.8,11.6,4.4,44,97,0.1
51950,453249,"Jeff Manship",31,2016,"CLE",53,0,43.3,2,1,0,3.12,4.15,4.73,5.08,108,1.43,19,11.6,3.7,52.7,105,0
51959,453281,"Wade LeBlanc",31,2016,,19,8,62,4,0,2,3.77,4.35,5.25,4.95,109,1.13,20.2,4.4,5.6,34.2,116,0.2
51962,453284,"Blake Parker",31,2016,,17,0,17.3,1,0,1,4.67,4.67,4.54,4.04,104,1.5,19,11.4,1.3,49.1,101,0
51966,453307,"David Huff",31,2016,"LAA",2,2,5.3,0,2,0,11.81,16.88,5.72,12.87,113,2.81,9.4,6.3,12.5,51.9,127,0
52032,458708,"Josh Tomlin",31,2016,"CLE",30,29,174,13,9,0,4.4,5.02,4.88,4.85,108,1.19,16.3,2.8,5,43.5,108,1.8
52231,453343,"Mark Melancon",31,2016,,75,0,71.3,2,2,47,1.64,2.02,3.52,2.45,87,0.9,24.1,4.4,1.1,55.2,78,0.9
52232,453344,"Brandon Morrow",31,2016,"SD",18,0,16,1,0,0,1.69,2.25,4.54,4.36,105,1.38,11.8,4.4,2.9,42.1,100,0
52572,453178,"Ian Kennedy",31,2016,"KC",33,33,195.7,11,11,0,3.68,3.73,5.19,4.64,111,1.22,22.5,8.1,4,33.2,115,1.4
54103,458537,"Cory Luebke",31,2016,"PIT",9,0,8.7,0,1,0,9.35,9.35,5.87,8.25,118,3,17,20.8,3.8,31.3,130,-0.1
55935,518927,"Tommy Layne",31,2016,,63,0,44.7,2,1,1,3.63,3.63,4.09,3.9,99,1.3,20.3,11.2,1.6,48.8,91,0.3
56622,519186,"Matt Reynolds",31,2016,"SF",8,0,6,0,1,0,7.5,7.5,4.85,4.68,108,2,10,16.7,0,31.8,107,0
56753,453286,"Max Scherzer",31,2016,"WAS",34,34,228.3,20,7,0,2.96,3.04,3.42,3.27,79,0.97,31.5,6.2,3.4,32.6,76,6.5
56957,453265,"Tony Watson",31,2016,"PIT",70,0,67.7,2,5,15,3.06,3.46,4.49,4.4,102,1.06,21.3,7.4,3.7,43.5,99,0.1
56987,453214,"Steven Wright",31,2016,"BOS",24,24,156.7,13,6,0,3.33,4.25,4.85,3.74,104,1.24,19.4,8.7,1.8,44.2,107,1.7
57047,519096,"Dan Otero",31,2016,"CLE",62,0,70.7,5,1,1,1.53,1.78,3.3,2.3,84,0.91,21.2,3.7,0.7,62.4,73,1.1
57235,502085,"David Robertson",31,2016,"CHW",62,0,62.3,5,3,37,3.47,3.47,3.94,3.55,92,1.36,28.1,12,2.2,44,87,0.5
57667,453222,"Scott Carroll",31,2016,"CHW",3,0,2.3,0,0,0,11.57,11.57,4.6,3.97,103,1.29,20,10,0,50,102,0
57874,543195,"Eddie Gamboa",31,2016,"TB",7,0,13.3,0,2,0,1.35,2.03,4.86,4.24,108,1.28,20.4,14.8,1.9,45.7,108,0
58768,519381,"Pat Venditte",31,2016,,15,0,22,0,0,0,5.73,7.36,4.53,6.12,104,1.59,18.6,10.8,4.9,40,100,0
59639,571666,"Mike Fiers",31,2016,"HOU",31,30,168.7,11,8,0,4.48,4.75,4.82,4.4,103,1.36,18.5,5.8,3.6,43.1,107,1.9
31506,431148,"Scott Kazmir",32,2016,"LAD",26,26,136.3,10,6,0,4.56,4.69,4.69,4.51,103,1.36,22.7,8.8,3.6,40.1,104,1.9
31734,425844,"Zack Greinke",32,2016,"AZ",26,26,158.7,13,7,0,4.37,4.54,4.39,4.15,98,1.27,20.1,6.1,3.4,44.9,97,2.7
33197,455009,"Jonathan Broxton",32,2016,"STL",66,0,60.7,4,2,0,4.3,4.75,4.03,4.13,96,1.25,22,9.3,2.7,48,89,0.4
34744,471822,"Jumbo Díaz",32,2016,"CIN",45,0,43,1,1,0,3.14,4.19,4.19,5.27,100,1.28,20.3,10.4,4.4,46.4,93,0.2
37412,429719,"Edwin Jackson",32,2016,,21,13,84,5,7,0,5.89,6,5.55,5.39,114,1.58,16.4,11,3.8,40,123,0.2
37512,434622,"Ubaldo Jiménez",32,2016,"BAL",30,25,142.3,8,12,1,5.44,5.88,5.21,4.4,107,1.56,19.6,11.3,2.5,49.4,115,0.9
38551,434538,"Francisco Liriano",32,2016,,31,29,163,8,13,0,4.69,5.41,5.13,4.9,106,1.48,23,11.6,3.6,50.3,113,1.3
39835,471083,"Miguel Montero",32,2016,"CHC",1,0,1.3,0,0,0,6.75,6.75,4.94,5.43,106,3,0,0,0,50,109,0
45525,445968,"Dana Eveland",32,2016,"TB",33,0,23,0,1,0,9,9,5.26,5.99,109,2.26,17.5,16.7,2.5,48.7,116,-0.2
45534,430935,"Cole Hamels",32,2016,"TEX",32,32,200.7,15,5,0,3.32,3.72,4.49,3.95,97,1.31,23.6,9.1,2.8,49,99,3
45548,452657,"Jon Lester",32,2016,"CHC",32,32,202.7,19,5,0,2.44,2.53,3.83,3.44,92,1.02,24.7,6.5,2.6,45.1,85,4.8
45549,429400,"Adam Loewen",32,2016,"AZ",8,0,6,1,0,0,15,15,5.81,7.84,120,2.17,9.7,19.4,3.2,19,129,-0.1
45558,435221,"Brandon McCarthy",32,2016,"LAD",10,9,40,2,3,0,4.95,5.4,4.87,3.73,106,1.38,25.7,15.2,1.2,33.3,108,0.5
45578,434671,"Aníbal Sánchez",32,2016,"DET",35,26,153.3,7,13,0,5.87,6.34,4.98,5.03,106,1.46,20.2,7.9,4.5,38.9,110,1.3
45588,434718,"Huston Street",32,2016,"LAA",26,0,22.3,3,2,9,6.45,6.45,5.88,6.38,120,1.93,13.3,11.4,4.8,36.7,130,-0.3
45621,450172,"Edinson Volquez",32,2016,"KC",34,34,189.3,10,11,0,5.37,5.89,5.23,4.54,108,1.55,16.3,8.9,2.7,51,116,1.3
45913,447755,"Steve Delabar",32,2016,"CIN",7,0,8,0,0,0,6.75,6.75,4.46,6.43,99,1.88,25,25,2.5,42.1,99,0
46630,448609,"Tony Sipp",32,2016,"HOU",60,0,43.7,1,2,1,4.95,5.36,4.89,6.16,106,1.6,20.5,9.2,6.2,36.8,108,-0.1
46711,465657,"Joakim Soria",32,2016,"KC",70,0,66.7,5,8,1,4.05,4.19,3.99,4.33,94,1.46,23.2,9.2,3.4,49,88,0.5
47078,460283,"Jerry Blevins",32,2016,"NYM",73,0,42,4,2,2,2.79,3,3.16,3.08,77,1.21,29.2,8.4,2.2,44.5,70,0.7
47155,460077,"Drew Butera",32,2016,"KC",2,0,1.3,0,0,0,0,0,4.06,1.62,96,0.75,20,0,0,50,90,0
47279,445926,"Jesse Chavez",32,2016,,62,0,67,2,2,0,4.43,4.84,4.08,4.48,98,1.33,22.3,6.4,4.3,42.7,90,0.4
47476,456068,"Miguel González",32,2016,"CHW",24,23,135,5,8,0,3.73,4.07,4.93,3.68,105,1.24,16.8,6.2,1.9,40.7,109,1.4
47658,462136,"Marco Estrada",32,2016,"TOR",29,29,176,9,9,0,3.48,3.73,5.23,4.12,111,1.12,22.8,9,3.2,33.3,116,1.2
48258,450203,"Charlie Morton",32,2016,"PHI",4,4,17.3,1,1,0,4.15,4.15,3.8,3.12,89,1.33,26.8,11.3,1.4,63.6,84,0.4
48657,451775,"Fernando Rodriguez Jr.",32,2016,"OAK",34,0,40.7,2,0,0,4.2,4.2,4.35,3.58,100,1.16,22.7,10.4,1.8,35.2,96,0.1
48674,453385,"Clayton Richard",32,2016,,36,9,67.7,3,4,1,3.33,4.66,4.8,4.2,106,1.66,13.4,10.1,1.3,65.1,106,0.6
48736,459987,"César Ramos",32,2016,"TEX",16,4,47.7,3,3,1,6.04,6.42,5.55,6.58,117,1.68,12.7,9.4,5.7,43.9,123,-0.2
48961,453646,"Carlos Villanueva",32,2016,"SD",51,0,74,2,2,1,5.96,6.08,4.34,5.2,102,1.39,19,4.4,5.3,42.8,96,0.2
49349,490063,"Matt Garza",32,2016,"MIL",19,19,101.7,6,8,0,4.51,5.93,4.77,4.36,104,1.5,15.2,7.8,2.4,54.5,106,1.3
49616,460059,"Mike Pelfrey",32,2016,"DET",24,22,119,4,10,0,5.07,5.75,6.22,5.12,120,1.73,10.4,8.5,2.8,50.3,138,-0.6
49910,468396,"Alexi Ogando",32,2016,"ATL",36,0,32,2,1,0,3.94,5.06,4.62,4.43,103,1.72,19.6,15.5,1.4,38.9,102,0
50215,502272,"Casey Fien",32,2016,,39,0,39.3,1,1,0,5.49,5.49,4.5,6.43,104,1.4,20.7,5.9,7.7,32.3,100,0.1
50258,502381,"Luke Gregerson",32,2016,"HOU",59,0,57.7,4,3,15,3.28,3.59,3.22,2.96,76,0.97,29.1,7.8,2.2,59.4,71,0.9
51059,501817,"Tony Barnette",32,2016,"TEX",53,0,60.3,7,3,0,2.09,2.39,4.02,3.35,96,1.16,19.9,6.5,1.6,46.9,89,0.4
51129,501925,"Joe Smith",32,2016,,54,0,52,2,5,6,3.46,3.46,4.33,4.98,103,1.25,18.4,8.3,3.7,51,96,0.2
51138,501936,"Matt Buschmann",32,2016,"AZ",3,0,4.3,0,0,0,2.08,2.08,4.04,5.48,96,0.69,20,6.7,6.7,72.7,89,0
51501,497807,"Frank Herrmann",32,2016,"PHI",14,0,15,1,2,0,8.4,9.6,4.5,8.58,102,1.67,20.3,7.2,10.1,26.5,100,0
51967,453311,"Tim Lincecum",32,2016,"LAA",9,9,38.3,2,6,0,9.16,9.63,6.41,7.13,115,2.37,16,11.5,5.5,40.6,142,-0.3
51989,457732,"Andrew Bailey",32,2016,,45,0,43.7,3,1,6,5.36,5.36,4.14,4.67,99,1.33,21.6,8.9,3.7,39.2,92,0.2
52047,460024,"Luke Hochevar",32,2016,"KC",40,0,37.3,2,3,0,3.86,4.1,3.9,4.03,92,1.07,26.5,6,4,36.4,86,0.3
52353,450729,"Doug Fister",32,2016,"HOU",32,32,180.3,12,13,0,4.64,4.89,5.67,4.72,114,1.43,14.8,8,3.1,46.1,125,0.3
56039,514669,"Rafael Martín",32,2016,"WAS",8,0,3.7,0,0,0,2.45,2.45,4.1,1.27,95,0.27,41.7,8.3,0,33.3,91,0
56533,518875,"Shawn Kelley",32,2016,"WAS",67,0,58,3,2,7,2.64,2.95,3.05,3,73,0.9,35.7,4.9,4,36.1,68,1
65756,452666,"Tom Wilhelmsen",32,2016,,50,0,46.3,2,4,1,6.8,6.8,4.89,6.35,109,1.71,13.4,9.1,5.3,49.4,108,-0.1
31534,425856,"Gavin Floyd",33,2016,"TOR",28,0,31,2,4,0,4.06,4.06,4.36,3.92,99,1,24.2,6.5,3.2,41,97,0.1
31544,430634,"Sean Burnett",33,2016,"WAS",10,0,5.7,0,0,0,3.18,3.18,3.84,4.94,94,1.06,13.6,4.5,4.5,44.4,85,0.1
31607,429722,"Ervin Santana",33,2016,"MIN",30,30,181.3,7,11,0,3.38,3.87,4.75,3.78,102,1.22,19.9,7.1,2.5,42.8,105,2.2
31948,458006,"Matt Albers",33,2016,"CHW",58,1,51.3,2,6,0,6.31,7.71,5.21,5.77,113,1.68,12.7,8,4.2,47.3,115,-0.3
36564,434628,"Jason Hammel",33,2016,"CHC",30,30,166.7,15,10,0,3.83,4.16,4.65,4.51,105,1.21,20.8,7.7,3.6,42,103,2.4
37595,462382,"Jim Johnson",33,2016,"ATL",65,0,64.7,2,6,20,3.06,3.2,3.44,2.74,83,1.19,25.6,7.5,1.1,53.7,76,0.9
40375,445060,"Ricky Nolasco",33,2016,,32,32,197.7,8,14,0,4.42,4.74,4.83,4.11,105,1.24,17.6,5.4,3.2,42.9,107,2.2
45378,434137,"Logan Kensing",33,2016,"DET",3,0,4.7,0,0,0,1.93,1.93,4.86,3.97,105,2.14,4.8,9.5,0,50,108,0
45522,435043,"Zach Duke",33,2016,,81,0,61,2,1,2,2.36,2.36,3.36,2.96,81,1.26,26.4,11.2,0.8,59.9,74,0.9
45530,452733,"Tom Gorzelanny",33,2016,"CLE",7,0,3,1,0,0,21,21,3.58,9.78,93,3,22.2,27.8,5.6,55.6,79,0
45541,434442,"J.P. Howell",33,2016,"LAD",64,0,50.7,1,1,0,4.09,4.09,3.72,3.53,93,1.4,20,6.8,1.8,57.6,82,0.5
45595,450306,"Jason Vargas",33,2016,"KC",3,3,12,0,0,0,2.25,2.25,5.53,3.12,111,0.92,23.4,6.4,2.1,36.4,122,0
45613,434378,"Justin Verlander",33,2016,"DET",34,34,227.7,16,9,0,3.04,3.2,4.26,3.45,96,1,28.1,6.3,3.3,34.2,94,4
45622,444857,"Scott Feldman",33,2016,,40,5,77,7,4,0,3.97,4.91,4.54,4.21,103,1.38,16.6,5.6,3,48.8,101,0.4
45832,457435,"Phil Coke",33,2016,,6,0,10,0,0,0,3.6,4.5,5.42,6.04,114,1.7,8.9,15.6,2.2,42.4,120,-0.1
45951,488846,"Brian Duensing",33,2016,"BAL",14,0,13.3,1,0,0,4.05,4.05,4.83,4.24,108,1.2,18.2,5.5,3.6,26.2,107,0
46084,457918,"J.A. Happ",33,2016,"TOR",32,32,195,20,4,0,3.18,3.32,4.87,3.93,106,1.17,20.5,7.5,2.8,42.3,108,2.2
46437,456027,"Ross Ohlendorf",33,2016,"CIN",64,0,65.7,5,7,2,4.66,4.8,4.93,5.61,107,1.39,23.4,11,4.8,31.5,109,-0.3
47575,460269,"Chris Gimenez",33,2016,"CLE",2,0,3,0,0,0,12,12,5.49,7.45,116,1.33,0,0,7.7,15.4,122,0
47758,449104,"Jim Henderson",33,2016,"NYM",44,0,35,2,2,0,4.11,4.37,4.67,4.86,104,1.37,25.8,9,4.5,28.3,103,0
48157,450275,"Mark Lowe",33,2016,"DET",54,0,49.3,1,3,0,7.11,7.48,5.1,5.63,109,1.58,21.9,9.4,5.4,37.3,113,-0.3
48557,450282,"Glen Perkins",33,2016,"MIN",2,0,2,0,0,0,9,9,4.14,1.62,94,3,25,8.3,0,37.5,92,0
49107,448614,"Carlos Torres",33,2016,"MIL",72,0,82.3,3,3,2,2.73,2.84,3.93,3.78,94,1.15,23,8.8,2.4,44.1,87,0.6
49127,450308,"Jered Weaver",33,2016,"LAA",31,31,178,12,12,0,5.06,5.36,7.52,5.59,133,1.46,13.4,6.6,4.8,28.9,166,-3.5
49543,489265,"Sergio Romo",33,2016,"SF",40,0,30.7,1,0,4,2.64,2.64,4.08,3.83,95,1.08,28.2,6,4.3,37.7,90,0.2
50555,503285,"Darren O'Day",33,2016,"BAL",34,0,31,3,1,3,3.77,3.77,4.05,4.54,95,1.23,29,9.9,4.6,34.2,90,0.2
51354,493200,"Seunghwan Oh",33,2016,"STL",76,0,79.7,6,3,19,1.92,2.26,3.12,2.16,77,0.92,32.9,5.8,1.6,38.4,69,1.4
55512,446099,"John Axford",33,2016,"OAK",68,0,65.7,6,4,3,3.97,4.11,4.11,3.98,97,1.45,20.8,10.4,2.1,54.1,91,0.4
639,424144,"Oliver Pérez",34,2016,"WAS",64,0,40,2,3,0,4.95,4.95,3.62,4.2,88,1.45,25.3,11,2.2,40.4,80,0.5
16637,425532,"Jerome Williams",34,2016,"STL",11,0,17.3,0,0,0,5.71,7.79,5.43,6.64,116,1.62,9.9,7.4,4.9,36.9,120,-0.2
31311,408061,"Francisco Rodríguez",34,2016,"DET",61,0,58.3,3,4,44,3.24,3.7,4.16,3.8,96,1.13,22.1,8.9,2.6,54.7,92,0.3
31361,425794,"Adam Wainwright",34,2016,"STL",33,33,198.7,13,9,0,4.62,4.89,4.5,3.96,102,1.4,19,7,2.6,43.1,100,3.2
31392,429780,"Chris Narveson",34,2016,"MIA",6,0,8.3,1,0,0,8.64,8.64,4.47,7.5,103,1.44,15.8,5.3,7.9,34.5,99,0
31635,430661,"Dustin McGowan",34,2016,"MIA",55,0,67,1,3,1,2.82,3.49,3.91,4.22,93,1.22,22.6,11.8,2.5,54.7,86,0.5
33003,430641,"Blaine Boyer",34,2016,"MIL",61,0,66,2,4,1,3.95,4.09,4.9,3.99,112,1.47,9.2,6,1.4,50,108,-0.2
42750,448306,"James Shields",34,2016,,33,33,181.7,6,19,0,5.85,6.04,6.59,6,121,1.6,16.4,10,4.9,40.6,146,-1.5
48314,435400,"Jason Motte",34,2016,"COL",30,0,23.7,0,1,0,4.94,5.7,4.58,5.71,100,1.52,22,7.3,5.5,42.7,101,0
638,408241,"Jake Peavy",35,2016,"SF",31,21,118.7,5,9,0,5.54,5.76,5.26,4.39,108,1.43,19.6,6.9,3.5,36.1,116,0.7
1117,282332,"CC Sabathia",35,2016,"NYY",30,30,179.7,9,12,0,3.91,4.16,4.91,4.25,109,1.32,19.8,8.5,2.9,49.6,109,1.8
31537,425492,"Ryan Madson",35,2016,"OAK",63,0,64.7,6,7,30,3.62,3.76,4.08,4.03,98,1.28,18.1,7.4,2.6,45.7,90,0.4
31594,425835,"Chin-hui Tsao",35,2016,"LAD",2,0,1.7,0,1,0,5.4,5.4,4.97,8.58,109,2.4,0,33.3,0,16.7,110,0
31714,407822,"Jorge De La Rosa",35,2016,"COL",27,24,134,8,9,0,5.51,6.25,5.5,5.38,111,1.64,17.6,10.3,3.7,47.6,122,0.5
32842,430599,"Joe Blanton",35,2016,"LAD",75,0,80,7,2,0,2.48,2.59,4.15,3.36,97,1.01,25.4,8.3,2.2,33.8,92,0.4
33059,444520,"Craig Breslow",35,2016,"MIA",15,0,14,0,2,0,4.5,5.79,5.01,3.96,111,1.79,11.1,6.3,1.6,32.7,111,-0.1
33548,433584,"Roberto Hernandez",35,2016,"ATL",2,2,9,1,1,0,8,8,5.07,7.95,111,1.56,15.4,2.6,10.3,37.5,112,0.1
35863,433586,"Santiago Casilla",35,2016,"SF",62,0,58,2,5,31,3.57,3.57,4,3.97,93,1.19,27,7.9,3.3,46.7,89,0.4
37381,547874,"Hisashi Iwakuma",35,2016,"SEA",33,33,199,16,12,0,4.12,4.3,4.56,4.24,101,1.33,17.6,5.5,3.3,40.3,101,2.8
40263,450212,"Pat Neshek",35,2016,"HOU",60,0,47,2,2,0,3.06,3.26,4.21,3.65,99,0.94,23.2,5.9,3.2,33.6,93,0.2
43010,434672,"Chris Smith",35,2016,"OAK",13,0,24.7,0,0,0,2.92,3.28,4.04,3.4,93,1.09,29,13,2,44.8,89,0.2
45568,449097,"Jonathan Papelbon",35,2016,"WAS",37,0,35,2,4,19,4.37,4.63,4.99,3.72,108,1.46,20.4,9.2,2,34.6,110,-0.2
45581,430580,"Alfredo Simon",35,2016,"CIN",15,11,58.7,2,7,0,9.36,9.82,5.84,7.16,117,2.05,13.1,10.4,5,50.5,129,-0.1
1275,407890,"Colby Lewis",36,2016,"TEX",19,19,116.3,6,5,0,3.71,4.1,5.34,4.78,115,1.13,15.5,5.9,4,34.2,118,0.6
31338,279571,"Matt Belisle",36,2016,"WAS",40,0,46,0,0,0,1.76,2.54,4.21,2.87,100,1.09,17.2,3.8,1.1,47.9,93,0.2
31803,425426,"Chien-Ming Wang",36,2016,"KC",38,0,53.3,6,0,0,4.22,4.56,5.02,4.58,113,1.46,13,7.8,2.6,49.7,111,-0.2
36959,448179,"Rich Hill",36,2016,,20,20,110.3,12,5,0,2.12,2.37,3.43,2.38,82,1,29.4,7.5,0.9,45.4,76,3.1
38161,456124,"Erik Kratz",36,2016,,2,0,2,0,0,0,4.5,9,4.46,2.14,99,2.5,9.1,0,0,70,99,0
49218,446899,"Brad Ziegler",36,2016,,69,0,68,4,7,22,2.25,2.78,3.87,3.11,92,1.37,20.1,9,0.7,63.9,86,0.6
886,407793,"John Lackey",37,2016,"CHC",29,29,188.3,11,8,0,3.35,3.54,4.14,3.84,96,1.06,24.1,7.1,3.1,40.3,92,3.8
1490,346798,"Kyle Lohse",37,2016,"TEX",2,2,9.3,0,2,0,12.54,12.54,6.96,9.65,129,2.14,6.3,10.4,8.3,35,154,-0.1
16660,425626,"Chris Capuano",37,2016,"MIL",16,0,24,1,1,0,4.13,4.13,4.25,6.72,97,1.58,25.5,14.2,6.6,44.4,94,0.1
31330,430589,"Chad Qualls",37,2016,"COL",44,0,32.7,2,0,0,5.23,6.06,4.49,4.65,102,1.59,14.5,5.9,3.3,54.5,99,0
45140,432934,"Chris Young",37,2016,"KC",34,13,88.7,3,9,1,6.19,6.39,5.94,6.59,113,1.66,23.2,10.6,6.9,30.6,132,-0.5
49614,493247,"Peter Moylan",37,2016,"KC",50,0,44.7,2,0,0,3.43,3.83,3.93,3.97,95,1.3,17.8,8.4,2.1,59.7,87,0.4
746,285064,"Ryan Vogelsong",38,2016,"PIT",24,14,82.3,3,7,0,4.81,5.57,6.26,5.03,122,1.46,16.7,10.9,3,39.6,139,-0.6
1250,276542,"Joaquin Benoit",38,2016,,51,0,48,3,1,1,2.81,3.19,4.28,3.87,98,1.27,25.5,11.8,2.5,39.4,95,0.2
16620,425657,"Javier López",38,2016,"SF",68,0,26.7,1,3,1,4.05,4.39,4.44,5.43,105,1.46,12.7,12.7,2.5,61.6,98,0.1
1449,407845,"Fernando Rodney",39,2016,,67,0,65.3,2,4,25,3.44,3.72,3.7,3.83,88,1.39,26.1,13.1,1.8,53.9,82,0.7
17096,276351,"Jason Grilli",39,2016,,67,0,59,7,6,4,4.12,4.27,4.1,4.32,93,1.29,32.3,12.7,4,29.4,91,0.4
31683,407819,"Matt Thornton",39,2016,"SD",18,0,17,1,0,0,5.82,6.35,4.83,4.88,107,1.65,11.7,7.8,2.6,54.1,107,-0.1
40962,407908,"Joel Peralta",40,2016,,31,0,27.3,1,1,0,5.93,6.26,3.92,5.98,91,1.39,27.7,6.7,7.6,24.7,87,0.2
461,150274,"Joe Nathan",41,2016,,10,0,6.3,2,0,0,0,0,4.36,2.23,97,1.42,32.1,14.3,0,20,97,0
5034,285079,"R.A. Dickey",41,2016,"TOR",30,29,169.7,10,15,0,4.46,5.15,5.89,5,116,1.37,17.3,8.7,3.8,41.8,130,-0.2
44014,493157,"Koji Uehara",41,2016,"BOS",50,0,47,2,3,7,3.45,3.45,3.69,3.48,86,0.96,34.2,6,4.3,22.2,82,0.5
395,112526,"Bartolo Colon",43,2016,"NYM",34,33,191.7,15,8,0,3.43,3.8,4.22,4.02,100,1.21,16.2,4,3,42.8,93,3.7