"bpid","mlbid","Name","Age","Season","Team","G","GS","CG","IP","W","L","SV","BS","HLD","ERA","R","ER","1B","2B","3B","HR","TB","BB","K","HBP","TBF","Pitches"
158731,800311,"Didier Fuentes",20,2025,"ATL",4,4,0,13,0,3,0,0,0,13.85,20,20,15,2,0,6,43,6,12,2,69,293
150806,699134,"Bradgley Rodriguez",21,2025,"SD",7,0,0,7.7,1,0,0,0,0,1.17,1,1,3,1,0,0,5,3,9,3,31,127
153071,702056,"Trey Yesavage",21,2025,"TOR",3,3,0,14,1,0,0,0,0,3.21,5,5,11,2,0,0,15,7,16,0,62,239
153283,702674,"Caden Dana",21,2025,"LAA",7,5,0,32.3,0,4,0,0,0,6.4,24,23,18,3,0,9,60,18,33,1,141,562
141891,683409,"Angel Chivilli",22,2025,"COL",43,0,0,58.7,1,5,0,0,1,7.06,49,46,51,12,0,13,127,23,43,6,275,1022
148008,691251,"Andry Lara",22,2025,"WSH",9,0,0,14.3,0,0,0,0,0,8.79,15,14,20,5,0,2,38,8,10,1,78,255
148109,691441,"Cristian Mena",22,2025,"AZ",3,0,0,6.7,1,0,0,1,0,1.35,1,1,2,0,0,1,6,3,8,0,26,100
148223,691587,"Eury Pérez",22,2025,"MIA",20,20,0,95.3,7,6,0,0,0,4.25,47,45,37,17,2,12,125,32,105,3,385,1673
148246,691594,"Javier Sanoja",22,2025,"MIA",8,0,0,9.3,0,0,0,0,0,16.39,17,17,17,3,0,4,39,5,1,0,54,170
148424,692030,"Jose Corniell",22,2025,"TEX",1,0,0,1.7,0,1,0,0,0,16.2,4,3,1,1,0,1,7,1,1,0,9,41
151426,696149,"Bubba Chandler",22,2025,"PIT",7,4,0,31.3,4,1,1,0,0,4.02,14,14,16,6,1,2,39,4,31,3,124,461
151488,700363,"AJ Smith-Shawver",22,2025,"ATL",9,9,0,44.3,3,2,0,0,0,3.86,20,19,29,8,1,4,64,20,42,1,191,709
151613,695549,"Jackson Jobe",22,2025,"DET",10,10,0,49,4,1,0,0,0,4.22,24,23,29,9,1,7,78,27,39,2,218,877
151625,695534,"Chase Petty",22,2025,"CIN",3,2,0,6,0,3,0,0,0,19.5,14,13,8,3,0,3,26,8,7,1,40,169
151723,695505,"Chase Burns",22,2025,"CIN",13,8,0,43.3,0,3,0,0,1,4.57,25,22,23,12,1,5,70,16,67,0,188,765
160614,696270,"Ryan Johnson",22,2025,"LAA",14,0,0,14.7,1,1,1,2,1,7.36,15,12,19,1,0,4,37,5,16,0,72,273
161459,801139,"Payton Tolle",22,2025,"BOS",7,3,0,16.3,0,1,0,0,0,6.06,12,11,11,2,0,5,35,8,19,0,74,304
162781,804636,"Jonah Tong",22,2025,"NYM",5,5,0,18.7,2,3,0,0,0,7.71,20,16,16,5,0,3,38,9,22,0,87,371
166694,806960,"Luis Morales",22,2025,"ATH",10,9,0,48.7,4,3,0,0,0,3.14,18,17,23,5,2,8,71,18,43,1,199,821
112555,679883,"Luinder Avila",23,2025,"KC",13,0,0,14,1,1,0,0,0,1.29,2,2,4,3,0,0,10,6,16,0,56,217
118994,679922,"Carlos Duran",23,2025,"ATH",1,0,0,0.3,0,0,0,0,0,81,3,3,1,0,0,0,1,3,0,0,5,27
121867,682790,"Wikelman González",23,2025,"CWS",16,0,0,20.3,1,0,0,0,1,2.66,9,6,8,4,0,1,20,12,25,0,87,369
128054,679885,"Justin Martinez",23,2025,"AZ",17,0,0,15.3,1,2,5,1,4,4.11,8,7,4,2,0,1,12,12,22,3,67,267
141711,683155,"Joey Estes",23,2025,"ATH",3,2,0,11,0,2,0,0,0,9.82,12,12,8,4,0,4,32,6,6,1,55,186
142066,683618,"Edgardo Henriquez",23,2025,"LAD",22,0,0,19,2,1,1,2,5,2.37,5,5,12,3,0,2,26,5,18,0,78,279
142085,683627,"Anthony Molina",23,2025,"COL",17,1,0,34.7,1,1,0,0,0,7.27,30,28,32,8,0,12,96,6,24,2,160,608
145915,689254,"Mason Fluharty",23,2025,"TOR",55,0,0,52.7,5,2,1,2,6,4.44,28,26,22,8,0,6,62,24,56,2,215,859
147751,690953,"Mick Abel",23,2025,,10,8,0,39,3,4,0,1,0,6.23,28,27,31,2,2,8,73,16,39,1,174,720
147803,690986,"Kyle Harrison",23,2025,,11,6,0,35.7,1,1,0,0,1,4.04,16,16,22,8,1,4,57,14,38,1,156,587
147807,690990,"Cade Horton",23,2025,"CHC",23,22,0,118,11,4,0,0,0,2.67,40,35,67,17,1,10,144,33,97,6,476,1787
147819,690997,"Nolan McLean",23,2025,"NYM",8,8,0,48,5,1,0,0,0,2.06,13,11,26,4,0,4,50,16,57,2,188,739
148274,691769,"Philip Abner",23,2025,"AZ",5,0,0,3.7,0,0,0,0,0,4.91,2,2,3,2,0,0,7,3,5,0,18,71
148324,691799,"Grant Taylor",23,2025,"CWS",36,2,0,36.7,2,4,6,1,9,4.91,20,20,32,5,0,0,42,15,54,0,157,609
148363,691951,"Sam Aldegheri",23,2025,"LAA",4,2,0,13.7,0,2,0,1,0,7.9,14,12,13,4,0,3,33,10,12,4,73,303
151666,701656,"Logan Henderson",23,2025,"MIL",5,5,0,25.3,3,0,0,0,0,1.78,5,5,13,1,0,3,27,8,33,0,99,410
151692,692230,"Carlos Rodriguez",23,2025,"MIL",4,0,0,9.7,1,0,0,0,0,6.52,7,7,7,5,0,1,21,9,11,0,50,208
151715,700187,"Troy Taylor",23,2025,"SEA",8,0,0,6.7,0,0,0,0,0,12.15,9,9,11,1,0,2,21,3,2,1,37,136
156680,694819,"Jacob Misiorowski",23,2025,"MIL",15,14,0,66,5,3,0,0,0,4.36,34,32,33,9,1,8,86,30,87,3,272,1161
160224,694462,"Hurston Waldrep",23,2025,"ATL",10,9,0,56.3,6,1,0,0,0,2.88,18,18,34,8,0,3,62,22,55,3,229,852
161332,694973,"Paul Skenes",23,2025,"PIT",32,32,1,187.7,10,10,0,0,0,1.97,45,41,86,37,2,11,210,42,216,6,733,2997
161602,801403,"Chase Dollander",23,2025,"COL",21,21,0,98,2,12,0,0,0,6.52,76,71,70,14,1,18,173,49,82,6,441,1777
163878,806185,"Hayden Birdsong",23,2025,"SF",21,10,0,65.7,4,4,0,0,3,4.8,42,35,37,12,2,10,107,37,68,5,298,1194
163965,802419,"Thomas Harrington",23,2025,"PIT",3,1,0,8.7,0,1,1,0,0,15.58,15,15,10,5,0,3,32,7,7,0,50,200
164332,808963,"Roki Sasaki",23,2025,"LAD",10,8,0,36.3,1,1,0,0,2,4.46,18,18,18,5,1,6,55,22,28,3,161,621
170375,813349,"Connelly Early",23,2025,"BOS",4,4,0,19.3,1,2,0,0,0,2.33,6,5,16,1,0,0,18,4,29,1,79,323
173462,820862,"José Fermin",23,2025,"LAA",40,0,0,34.3,3,2,0,4,6,4.46,21,17,14,3,0,8,52,23,39,1,152,645
110327,675848,"Juan Mejia",24,2025,"COL",55,0,0,61.3,2,2,1,3,12,3.96,34,27,31,13,2,6,87,25,68,6,261,1074
110387,672456,"Keider Montero",24,2025,"DET",20,12,0,90.7,5,3,0,0,0,4.37,46,44,65,13,1,16,158,31,72,2,389,1473
112289,678215,"Luarbert Arias",24,2025,"MIA",7,0,0,10.3,0,0,0,0,0,11.32,13,13,11,2,2,2,29,5,10,2,55,207
114206,671737,"Taj Bradley",24,2025,,27,27,0,142.7,6,8,0,0,0,5.05,88,80,84,27,1,19,217,56,127,4,605,2271
117444,681168,"Luis Curvelo",24,2025,"TEX",17,0,0,19,1,1,0,2,2,5.68,13,12,8,6,0,3,32,10,20,0,84,325
120108,680755,"Braydon Fisher",24,2025,"TOR",52,1,0,50,7,0,0,1,5,2.7,15,15,22,6,0,4,50,19,62,3,202,834
122780,682995,"Hunter Barco",24,2025,"PIT",2,0,0,3,1,0,0,0,0,0,0,0,2,1,0,0,4,0,3,0,12,46
126791,681432,"Luke Little",24,2025,"CHC",2,0,0,2.7,0,0,0,0,0,3.38,2,1,1,0,0,0,1,6,4,0,15,76
129321,682825,"Luis Mey",24,2025,"CIN",23,0,0,21,2,0,0,1,4,3.43,8,8,12,2,0,3,28,17,21,1,96,414
132337,678821,"Luis Peralta",24,2025,"COL",22,0,0,19,1,3,0,3,1,9.47,22,20,17,3,0,6,47,18,16,2,101,436
133260,682990,"Quinn Priester",24,2025,"MIL",29,24,0,157.3,13,3,0,0,0,3.32,62,58,91,34,2,18,237,50,132,6,653,2468
141257,680573,"Simeon Woods Richardson",24,2025,"MIN",23,22,0,111.3,7,4,0,0,0,4.04,53,50,62,16,1,17,165,46,107,3,471,1878
141319,680736,"Justin Wrobleski",24,2025,"LAD",24,2,0,66.7,5,5,2,0,7,4.32,34,32,45,14,0,6,97,17,76,3,280,1092
141755,683175,"Connor Phillips",24,2025,"CIN",21,0,0,25,5,0,0,0,1,2.88,9,8,5,3,0,3,23,12,32,2,98,377
143047,685326,"McCade Brown",24,2025,"COL",7,7,0,25.7,0,5,0,0,0,7.36,21,21,18,6,0,6,54,17,23,5,126,502
143786,686563,"Jonathan Cannon",24,2025,"CWS",22,17,0,103.7,4,10,0,0,0,5.82,69,67,68,25,4,19,206,38,86,6,466,1793
143969,686930,"Mason Barnett",24,2025,"ATH",5,5,0,22.3,1,1,0,0,0,6.85,18,17,17,6,0,3,41,11,18,1,104,431
144003,687134,"Bradley Blalock",24,2025,"COL",14,12,0,58.7,2,6,0,0,0,9.36,61,61,59,9,0,17,145,23,27,3,275,1033
144267,686799,"Jack Kochanowicz",24,2025,"LAA",23,23,0,111,3,11,0,0,0,6.81,89,84,100,14,1,21,215,58,72,7,512,1859
144346,687209,"Zach Maxwell",24,2025,"CIN",8,0,0,10,0,0,0,0,0,4.5,5,5,4,2,1,3,23,4,13,0,43,165
144355,686790,"Trevor McDonald",24,2025,"SF",3,2,0,15,1,0,0,0,0,3.6,6,6,12,1,0,1,18,2,14,0,60,212
144449,687074,"Tyler Owens",24,2025,"DET",3,0,0,3,0,0,0,0,0,3,1,1,3,0,0,0,3,3,1,0,15,66
144455,687223,"Carson Palmquist",24,2025,"COL",9,7,0,34.3,0,4,0,0,0,8.91,35,34,25,9,1,10,86,25,27,3,175,705
144607,687075,"Brandon Sproat",24,2025,"NYM",4,4,0,20.7,0,2,0,0,0,4.79,11,11,12,4,2,0,26,7,17,2,84,290
144755,687847,"Marc Church",24,2025,"TEX",5,0,0,4.7,0,0,0,1,1,3.86,2,2,2,2,0,0,6,6,5,0,23,99
144849,687863,"Porter Hodge",24,2025,"CHC",36,0,0,33,2,2,2,3,8,6.27,24,23,19,4,2,9,69,18,40,0,147,624
145156,687931,"Carson Whisenhunt",24,2025,"SF",5,5,0,23.3,2,1,0,0,0,5.01,14,13,11,5,0,6,45,12,16,2,102,408
145203,688642,"Zach Agnos",24,2025,"COL",30,0,0,31.3,1,3,4,0,3,6.61,25,23,15,10,1,5,58,16,19,0,137,524
145872,688138,"Logan Evans",24,2025,"SEA",16,15,0,81.3,6,5,0,1,0,4.32,45,39,52,15,2,13,140,31,59,4,350,1338
146336,690829,"Ben Joyce",24,2025,"LAA",5,0,0,4.3,1,0,0,2,2,6.23,4,3,2,1,1,1,11,2,1,0,21,75
146369,689147,"Orion Kerkering",24,2025,"PHI",69,0,0,60,8,4,4,7,19,3.3,28,22,38,11,0,6,84,27,65,4,266,1073
147607,689958,"Andrew Walters",24,2025,"CLE",2,0,0,1.3,0,0,0,0,0,13.5,2,2,0,1,0,1,6,0,2,0,6,28
148204,682989,"Victor Mederos",24,2025,"LAA",5,3,0,17,0,2,0,0,0,7.41,14,14,9,2,3,4,38,12,14,3,81,314
149389,692285,"Luis Guerrero",24,2025,"BOS",13,0,0,17.3,0,1,0,0,0,4.15,8,8,6,3,0,0,12,14,10,0,72,289
150972,700270,"Yilber Díaz",24,2025,"AZ",1,0,0,3,0,0,0,0,0,9,3,3,2,2,0,0,6,3,1,0,15,60
151438,700241,"Michael McGreevy",24,2025,"STL",17,16,0,95.7,8,4,0,0,0,4.52,50,48,70,15,4,12,160,20,58,3,400,1465
151531,697812,"Joe Rock",24,2025,"TB",3,0,0,7.7,0,0,0,0,0,2.35,2,2,6,0,0,1,10,2,11,2,35,145
152811,675512,"Troy Melton",24,2025,"DET",16,4,0,45.7,3,2,0,0,4,2.76,15,14,20,4,0,7,56,15,36,1,180,656
155346,693645,"Cam Schlittler",24,2025,"NYY",14,14,0,73,4,3,0,0,0,2.96,24,24,42,8,0,8,90,31,84,5,304,1253
156820,694918,"Blade Tidwell",24,2025,"NYM",4,2,0,15,1,1,0,0,0,9,15,15,17,2,0,4,37,10,10,1,78,309
158579,800048,"Parker Messick",24,2025,"CLE",7,7,0,39.7,3,1,0,0,0,2.72,12,12,35,7,0,4,65,6,38,0,165,625
158580,800049,"Adam Mazur",24,2025,"MIA",6,6,0,30,0,4,0,0,0,4.8,21,16,21,8,0,4,53,12,19,1,139,489
163793,805123,"AJ Blubaugh",24,2025,"HOU",11,3,0,32,3,1,0,1,0,1.69,11,6,8,3,0,6,38,12,35,0,125,510
163990,805427,"Drew Sommers",24,2025,"DET",4,0,0,3,0,1,0,0,0,18,6,6,4,1,1,1,13,3,3,1,19,78
170364,815083,"Mitch Farris",24,2025,"LAA",5,5,0,24.3,1,3,0,0,0,6.66,19,18,13,5,2,4,45,11,24,1,107,405
108077,666659,"Sauryn Lao",25,2025,,8,0,0,11,1,0,0,0,0,4.91,7,6,8,4,0,2,24,2,9,1,49,185
108552,666619,"Gregory Santos",25,2025,"SEA",8,0,0,7,1,1,0,1,1,5.14,6,4,5,3,0,0,11,8,0,0,36,131
109622,672710,"Roansy Contreras",25,2025,,5,0,0,12.7,0,0,0,0,0,5.68,8,8,8,1,0,3,22,2,6,1,51,197
109907,672782,"Yoendrys Gómez",25,2025,,21,9,0,62.7,3,3,1,0,0,5.17,40,36,38,9,1,12,107,27,58,4,277,1099
110535,672724,"Oswald Peraza",25,2025,"LAA",2,0,0,2.3,0,0,0,0,0,30.86,8,8,7,1,0,1,13,0,0,1,16,40
111079,672582,"Angel Zerpa",25,2025,"KC",69,2,0,64.7,5,2,0,4,14,4.18,30,30,43,17,0,7,105,22,58,2,275,1099
111097,676962,"Ben Brown",25,2025,"CHC",25,15,0,106.3,5,8,1,1,1,5.92,73,70,80,19,4,18,202,32,121,4,472,1759
111154,676679,"Luis Vázquez",25,2025,"BAL",4,0,0,4.3,0,0,0,0,0,0,0,0,3,0,0,0,3,1,0,0,14,31
111177,676282,"Joey Cantillo",25,2025,"CLE",34,13,0,95.3,5,3,1,0,1,3.21,39,34,50,18,0,10,126,42,108,0,401,1637
111200,668881,"Hunter Greene",25,2025,"CIN",19,19,1,107.7,7,4,0,0,0,2.76,35,33,37,22,1,15,144,26,132,2,420,1748
112382,681293,"Spencer Arrighetti",25,2025,"HOU",7,7,0,35.3,1,5,0,0,0,5.35,21,21,19,4,1,6,54,20,31,3,156,618
112437,677952,"Braxton Ashcraft",25,2025,"PIT",26,8,0,69.7,4,4,0,1,4,2.71,22,21,43,16,1,3,90,24,71,2,292,1102
113344,678368,"Valente Bellozo",25,2025,"MIA",32,6,0,81.3,1,4,0,1,1,4.65,44,42,54,15,1,15,147,23,54,4,348,1322
114159,671212,"Joe Boyle",25,2025,"TB",13,9,0,52,1,4,0,0,0,4.67,33,27,25,11,0,6,71,28,58,3,226,934
114818,680732,"Sean Burke",25,2025,"CWS",28,22,0,134.3,4,11,0,0,0,4.29,76,64,77,31,1,23,234,63,133,6,596,2376
114867,681347,"Mike Burrows",25,2025,"PIT",23,19,0,96,2,4,0,0,1,3.94,43,42,62,11,2,13,142,31,97,5,402,1537
118309,672282,"Reid Detmers",25,2025,"LAA",61,0,0,63.7,6,3,3,5,12,3.96,29,28,43,9,0,6,85,25,80,2,266,1087
119330,669438,"Mason Englert",25,2025,"TB",29,0,0,44.7,0,1,0,0,1,3.83,20,19,35,4,0,4,59,11,44,1,185,724
119979,678606,"Jose A. Ferrer",25,2025,"WSH",72,0,0,76.3,4,4,11,4,21,4.48,41,38,62,12,2,5,112,16,71,7,324,1208
122650,678020,"Seth Halvorsen",25,2025,"COL",42,0,0,39.7,1,2,11,3,4,4.99,26,22,23,10,1,7,74,20,36,0,172,631
123266,678692,"Ronny Henriquez",25,2025,"MIA",69,0,0,73,7,1,7,4,26,2.22,23,18,33,12,0,8,89,27,98,4,303,1157
123271,669371,"Cole Henry",25,2025,"WSH",57,0,0,52.7,1,2,2,0,10,4.27,27,25,28,8,0,7,72,32,52,11,241,967
123682,677955,"Jaden Hill",25,2025,"COL",28,0,0,29.3,1,1,0,0,3,3.38,14,11,18,5,2,2,42,12,31,3,129,489
123838,680684,"Gunnar Hoglund",25,2025,"ATH",6,6,0,32.3,1,3,0,0,0,6.4,23,23,22,6,0,10,74,11,23,0,139,547
123911,680880,"Grant Holman",25,2025,"ATH",22,2,0,23,4,2,0,2,3,5.09,14,13,20,3,0,3,38,9,17,1,103,376
126483,683004,"Jack Leiter",25,2025,"TEX",29,29,0,151.7,10,10,0,0,0,3.86,69,65,84,25,0,18,206,67,148,5,646,2584
126657,669461,"Matthew Liberatore",25,2025,"STL",29,29,0,151.7,8,12,0,0,0,4.21,79,71,105,32,2,19,251,40,122,4,648,2388
128575,680729,"Garrett McDaniels",25,2025,"LAA",10,0,0,10.7,0,0,0,0,1,5.91,8,7,9,2,0,2,21,8,6,1,50,191
129854,682254,"Mason Montgomery",25,2025,"TB",57,0,0,46,1,3,1,3,10,5.67,32,29,33,10,0,6,77,27,63,1,209,861
130423,682610,"Roddery Muñoz",25,2025,"STL",9,0,0,11,0,0,0,0,0,8.18,10,10,3,2,0,4,23,9,14,0,51,229
130861,680951,"Doug Nikhazy",25,2025,"CLE",2,1,0,4,0,1,0,0,0,13.5,6,6,2,2,1,0,9,6,5,0,23,108
131358,681857,"Reese Olson",25,2025,"DET",13,13,0,68.7,4,4,0,0,0,3.15,24,24,41,12,0,5,85,25,65,5,285,1159
131860,680730,"Mitchell Parker",25,2025,"WSH",33,30,0,164.7,9,16,1,0,0,5.68,116,104,106,43,4,25,304,58,103,4,725,2705
132620,678022,"Jack Perkins",25,2025,"ATH",12,4,0,38.7,3,2,3,0,1,4.19,18,18,17,6,0,4,45,18,37,2,161,637
134211,680689,"Lyon Richardson",25,2025,"CIN",34,0,0,37.7,0,3,0,1,3,4.3,25,18,24,11,0,2,54,21,30,2,172,674
134629,677958,"Kumar Rocker",25,2025,"TEX",14,14,0,64.3,4,5,0,0,0,5.74,42,41,45,12,3,11,122,23,56,4,287,1127
134896,678495,"Randy Rodríguez",25,2025,"SF",50,0,0,50.7,3,5,4,3,13,1.78,12,10,24,6,0,4,52,11,67,4,198,808
136375,680885,"Spencer Schwellenbach",25,2025,"ATL",17,17,1,110.7,7,4,0,0,0,3.09,44,38,56,18,2,13,150,18,108,2,434,1573
136890,681217,"Chase Silseth",25,2025,"LAA",10,0,0,11,0,0,0,0,1,1.64,2,2,7,2,0,1,15,6,13,1,49,211
137155,681916,"Dylan Smith",25,2025,"DET",7,0,0,13,1,0,0,0,0,1.38,2,2,5,1,0,0,7,5,4,3,48,165
137252,681343,"Shane Smith",25,2025,"CWS",29,29,0,146.3,7,8,0,0,0,3.81,70,62,74,23,3,17,197,58,145,12,616,2418
139369,682842,"Abner Uribe",25,2025,"MIL",75,0,0,75.3,3,2,7,2,37,1.67,18,14,43,4,0,4,67,27,90,6,298,1164
139673,672841,"Carlos Vargas",25,2025,"SEA",70,0,0,77,5,5,1,7,14,3.97,39,34,57,12,1,10,124,23,54,7,331,1095
139729,678024,"Mike Vasil",25,2025,"CWS",47,3,0,101,5,3,4,2,3,2.5,32,28,52,13,1,8,113,52,82,8,423,1646
140142,680767,"Victor Vodnik",25,2025,"COL",52,0,0,50.7,4,3,10,5,7,3.02,19,17,29,11,1,4,70,26,49,0,215,919
140479,677960,"Ryan Weathers",25,2025,"MIA",8,8,0,38.3,2,2,0,0,0,3.99,20,17,23,7,0,7,65,12,37,1,166,642
140736,669391,"Owen White",25,2025,"CWS",3,0,0,7,0,0,0,0,0,9,7,7,11,2,0,1,19,3,6,0,35,119
140834,677961,"Cole Wilcox",25,2025,"TB",1,0,0,1,0,0,0,0,0,27,7,3,3,1,0,0,5,3,1,0,12,39
140930,668909,"Gavin Williams",25,2025,"CLE",31,31,0,167.7,12,5,0,0,0,3.06,62,57,83,23,1,23,224,83,173,3,704,2925
141131,668390,"Cole Winn",25,2025,"TEX",33,0,0,41.7,0,1,0,0,4,1.51,8,7,12,7,1,3,41,17,35,4,162,619
143422,684974,"Craig Yoho",25,2025,"MIL",8,0,0,8.7,0,0,0,0,0,7.27,7,7,6,1,0,1,12,9,7,1,41,176
143599,686228,"Juan Burgos",25,2025,,13,0,0,13.3,1,1,0,1,3,6.08,10,9,10,5,0,2,28,8,14,1,65,220
143656,686218,"Emmet Sheehan",25,2025,"LAD",15,12,0,73.3,6,3,0,0,0,2.82,29,23,30,10,2,7,84,22,89,2,291,1146
143994,686701,"Ryan Bergert",25,2025,,19,15,0,76.3,2,2,0,0,0,3.66,32,31,39,13,1,8,100,35,73,1,323,1312
146772,688158,"David Morgan",25,2025,"SD",41,2,0,47.3,1,2,0,0,1,2.66,14,14,24,6,1,4,55,23,50,2,193,766
147783,690928,"Hunter Dobbins",25,2025,"BOS",13,11,0,61,4,1,0,1,0,4.13,30,28,40,14,1,6,95,17,45,2,256,931
147789,690916,"Richard Fitts",25,2025,"BOS",11,10,0,45,2,4,0,0,0,5,27,25,30,2,0,11,78,16,40,3,195,728
148211,691548,"Rolddy Muñoz",25,2025,"ATL",3,0,0,3.7,0,0,0,0,0,12.27,5,5,3,0,0,1,7,5,5,2,21,78
148637,694361,"Will Klein",25,2025,"LAD",14,0,0,15.3,1,1,0,0,2,2.35,6,4,10,4,0,0,18,10,21,2,70,305
149134,694350,"Zach Brzykcy",25,2025,"WSH",26,0,0,23,0,1,0,1,0,9,23,23,17,5,0,6,51,12,24,2,110,459
149535,695418,"Brad Lord",25,2025,"WSH",48,19,0,130.7,5,10,0,0,7,4.34,65,63,84,22,3,17,205,43,108,3,546,2128
149873,694037,"Daniel Palencia",25,2025,"CHC",54,0,0,52.7,1,6,22,3,6,2.91,19,17,30,6,3,5,71,16,61,2,215,840
151228,700669,"Gordon Graceffo",25,2025,"STL",26,0,0,43,3,1,1,2,0,6.28,33,30,29,14,5,2,80,13,40,2,193,756
151243,701552,"Andre Granillo",25,2025,"STL",14,0,0,21,1,0,1,0,0,4.71,11,11,14,3,2,3,38,7,18,1,91,361
151286,694851,"Andrew Hoffmann",25,2025,,11,0,0,12,1,1,0,2,3,6,12,8,7,5,0,2,25,10,12,0,61,245
151380,696147,"Sam Bachman",25,2025,"LAA",23,0,0,20.3,2,3,0,2,2,6.2,15,14,17,4,0,1,29,10,18,1,94,334
151556,700249,"Cade Povich",25,2025,"BAL",22,20,0,112.3,3,8,0,0,0,5.21,70,65,84,20,4,17,204,43,118,1,488,1968
151557,701581,"David Festa",25,2025,"MIN",11,10,0,53.3,3,4,0,0,0,5.4,35,32,32,7,0,10,86,19,53,4,229,882
151582,696136,"Jordan Wicks",25,2025,"CHC",8,0,0,14.3,0,1,1,0,1,6.28,12,10,17,5,0,2,35,1,13,0,67,217
151587,696131,"Mason Black",25,2025,"SF",1,0,0,4,0,0,0,0,0,6.75,5,3,1,1,1,2,14,0,5,0,19,74
151637,701487,"Pierson Ohl",25,2025,"MIN",14,3,0,30,0,3,0,0,2,5.1,22,17,24,8,1,5,63,7,27,0,133,544
151651,701519,"Travis Adams",25,2025,"MIN",18,2,0,33.7,1,4,0,2,2,7.49,29,28,23,9,1,6,68,17,31,3,158,663
151691,693433,"Bryan Woo",25,2025,"SEA",30,30,0,186.7,15,7,0,0,0,2.94,64,61,85,25,1,26,242,36,198,4,731,2714
151693,702070,"Noah Cameron",25,2025,"KC",24,24,0,138.3,9,7,0,0,0,2.99,46,46,72,17,2,18,184,43,114,3,556,2164
161632,801434,"Paul Gervase",25,2025,,6,0,0,8.3,0,0,0,0,0,4.32,4,4,4,1,0,3,18,6,8,0,39,136
161805,801216,"Christian Montes De Oca",25,2025,"AZ",1,0,0,2.7,0,0,0,0,0,0,0,0,0,0,0,0,0,1,2,0,9,46
163859,805673,"Zebby Matthews",25,2025,"MIN",16,16,0,79.3,5,6,0,0,0,5.56,50,49,67,15,0,12,145,24,88,0,354,1353
167390,805299,"Brandyn Garcia",25,2025,,14,0,0,14.3,0,2,0,0,2,5.65,12,9,15,3,0,0,21,8,14,1,66,277
108258,666661,"Juan Morillo",26,2025,"AZ",42,0,0,34.3,0,3,1,1,5,4.19,19,16,27,7,2,2,55,20,36,1,152,617
108274,662253,"Andrés Muñoz",26,2025,"SEA",64,0,0,62.3,3,3,38,7,0,1.73,18,12,28,6,0,2,48,28,83,4,254,1035
108618,666277,"George Soriano",26,2025,"MIA",24,0,0,36.7,2,0,1,0,0,8.35,36,34,28,7,1,10,85,19,36,2,173,692
108619,667755,"José Soriano",26,2025,"LAA",31,31,0,169,10,11,0,0,0,4.26,89,80,118,28,1,12,225,78,152,5,724,2784
108993,668964,"Tobias Myers",26,2025,"MIL",22,6,0,50.7,1,2,0,0,1,3.55,21,20,39,9,1,5,80,15,38,2,220,826
109125,670970,"Adrian Morejon",26,2025,"SD",75,0,0,73.7,13,6,3,4,20,2.08,23,17,41,5,1,2,62,17,70,0,286,999
109324,665660,"Elvis Alvarado",26,2025,"ATH",37,0,0,42.3,1,1,0,1,4,3.19,17,15,21,7,0,6,59,22,50,2,183,765
109417,669358,"Shane Baz",26,2025,"TB",31,31,0,166.3,10,12,0,0,0,4.87,91,90,95,36,1,26,274,64,176,9,711,2718
109661,674444,"Steven Cruz",26,2025,"KC",47,0,0,45.7,3,1,0,0,9,3.74,20,19,24,7,0,5,58,18,38,1,189,640
110348,675650,"Michael Mercado",26,2025,"PHI",3,0,0,3,0,0,0,0,0,15,5,5,6,0,0,1,10,4,4,0,20,85
110572,673820,"Robinson Piña",26,2025,,2,0,0,2.3,0,0,0,0,0,7.71,4,2,3,1,0,1,9,1,1,0,14,61
111090,676070,"Jacob Amaya",26,2025,"CWS",1,0,0,1,0,0,0,0,0,0,0,0,0,0,0,0,0,0,0,0,3,6
111112,669022,"MacKenzie Gore",26,2025,"WSH",30,30,0,159.7,5,15,0,0,0,4.17,75,74,103,28,1,20,242,63,185,5,679,2816
111121,676661,"Max Lazar",26,2025,"PHI",36,0,0,41.3,1,1,1,0,1,4.79,23,22,25,9,0,7,71,12,26,0,170,646
111145,669422,"Matt Sauer",26,2025,"LAD",10,1,0,29.7,2,1,1,0,0,6.37,23,21,22,6,1,6,61,8,24,2,129,512
111151,676206,"Freddy Tarnok",26,2025,"MIA",5,0,0,7.3,1,0,1,0,0,2.45,2,2,0,0,0,1,4,4,10,1,28,130
111187,677649,"Ezequiel Duran",26,2025,"TEX",4,0,0,3.3,0,0,0,0,0,0,0,0,1,0,0,0,1,0,0,0,11,25
111203,669084,"DL Hall",26,2025,"MIL",20,3,0,38.7,1,0,0,0,1,3.49,15,15,15,6,1,2,38,17,27,0,155,588
111237,674384,"Eduarniel Núñez",26,2025,,10,0,0,12.7,1,0,0,0,0,7.11,10,10,7,3,1,2,24,11,11,3,60,249
111327,671096,"Andrew Abbott",26,2025,"CIN",29,29,1,166.3,10,7,0,0,0,2.87,60,53,99,29,1,19,236,43,149,3,684,2677
111773,671106,"Logan Allen",26,2025,"CLE",30,29,0,156.7,8,11,0,0,0,4.37,84,76,108,31,0,18,242,62,122,6,676,2708
113331,678394,"Brayan Bello",26,2025,"BOS",29,28,1,166.7,11,9,0,0,0,3.35,71,62,107,23,1,16,220,59,124,13,700,2697
113630,676440,"Tanner Bibee",26,2025,"CLE",31,31,2,182.3,12,11,0,0,0,4.24,93,86,114,24,5,27,285,54,162,10,762,2969
114833,676475,"Alec Burleson",26,2025,"STL",1,0,0,1,0,0,0,0,0,0,0,0,1,0,0,0,1,0,0,1,4,7
115693,676508,"Ben Casparius",26,2025,"LAD",46,3,0,77.7,7,5,2,0,13,4.64,41,40,47,22,1,8,126,21,71,3,333,1262
115711,680604,"Blas Castaño",26,2025,"SEA",1,0,0,3,0,0,0,0,0,9,3,3,1,2,0,1,9,2,1,1,16,50
115906,676917,"Cade Cavalli",26,2025,"WSH",10,10,0,48.7,3,1,0,0,0,4.25,28,23,41,8,1,7,88,15,40,4,219,788
115926,677944,"Slade Cecconi",26,2025,"CLE",23,23,0,132,7,7,0,0,0,4.3,66,63,72,27,2,24,228,32,109,3,545,2063
117185,676979,"Garrett Crochet",26,2025,"BOS",32,32,1,205.3,18,5,0,0,0,2.59,62,59,111,28,2,24,269,46,255,3,814,3150
117298,678316,"Omar Cruz",26,2025,"SD",2,0,0,3.7,0,0,0,0,0,4.91,2,2,3,1,0,0,5,3,5,0,18,81
117434,675540,"Xzavion Curry",26,2025,"MIA",3,0,0,3,0,1,0,0,0,6,4,2,4,0,0,0,4,3,1,0,16,56
118842,676263,"Jack Dreyer",26,2025,"LAD",67,5,0,76.3,3,2,4,2,10,2.95,26,25,36,14,2,4,86,24,74,0,307,1146
119133,671109,"Jake Eder",26,2025,"LAA",8,0,0,18.3,0,1,0,0,0,4.91,10,10,9,3,0,3,27,9,15,1,78,302
119526,669093,"Jeremiah Estrada",26,2025,"SD",77,0,0,73,4,5,3,3,30,3.45,31,28,36,9,1,12,105,27,108,3,304,1236
119528,681751,"Lazaro Estrada",26,2025,"TOR",2,0,0,7.3,0,0,0,1,0,8.59,7,7,6,2,0,2,18,1,10,2,35,119
121446,669372,"J.T. Ginn",26,2025,"ATH",23,16,0,90.3,4,7,0,0,1,5.08,52,51,53,20,2,17,167,31,99,6,392,1573
121919,676467,"Colton Gordon",26,2025,"HOU",20,14,0,86,6,4,1,0,0,5.34,54,51,58,23,1,21,191,19,72,2,379,1451
122708,676106,"Emerson Hancock",26,2025,"SEA",22,16,0,90,4,5,0,0,0,4.9,51,49,62,16,0,15,154,31,64,5,385,1423
124258,676428,"Brant Hurter",26,2025,"DET",43,4,0,63,4,3,2,0,5,2.43,26,17,45,8,0,4,77,27,68,11,277,1052
126356,673929,"Jordan Leasure",26,2025,"CWS",68,1,0,64.3,5,6,7,5,14,3.92,30,28,22,14,1,12,101,30,81,1,269,1130
129333,676974,"Max Meyer",26,2025,"MIA",12,12,0,64.7,3,5,0,0,0,4.73,39,34,48,12,0,12,120,20,68,2,285,1039
129445,676272,"Bobby Miller",26,2025,"LAD",2,1,0,5,0,0,0,0,0,12.6,7,7,7,2,0,2,19,2,7,1,28,116
129452,682243,"Bryce Miller",26,2025,"SEA",18,18,0,90.3,4,6,0,0,0,5.68,57,57,53,22,1,17,168,34,74,3,392,1543
129665,669387,"Carmen Mlodzinski",26,2025,"PIT",34,12,0,99,5,8,0,1,3,3.55,42,39,72,20,2,8,150,27,89,4,419,1647
130441,668716,"Noah Murdock",26,2025,"ATH",14,0,0,17,1,1,0,1,1,13.24,25,25,18,8,0,0,34,20,21,2,98,392
131491,682847,"Luis L. Ortiz",26,2025,"CLE",16,16,0,88.7,4,9,0,0,0,4.36,44,43,55,12,1,12,130,42,96,1,382,1500
131744,669449,"Jake Palisch",26,2025,"CWS",1,0,0,1,0,0,0,0,0,18,2,2,2,1,0,0,4,0,0,0,6,24
131748,669467,"Andre Pallante",26,2025,"STL",31,31,0,162.7,6,15,0,0,0,5.42,109,98,117,32,4,21,277,62,111,5,715,2720
135525,671131,"Jackson Rutledge",26,2025,"WSH",63,0,0,73.3,4,2,0,0,3,5.77,49,47,56,14,1,16,151,25,65,7,331,1339
135872,682144,"Jayvien Sandridge",26,2025,"NYY",1,0,0,0.7,0,0,0,0,0,27,2,2,0,0,0,1,4,2,2,1,6,31
136475,678011,"Anthony Seigler",26,2025,"MIL",1,0,0,1,0,0,0,0,0,0,0,0,1,0,0,0,1,0,0,0,4,11
137126,671922,"Cade Smith",26,2025,"CLE",76,0,0,73.7,8,5,16,6,19,2.93,31,24,29,21,1,4,90,19,104,4,300,1183
137960,675911,"Spencer Strider",26,2025,"ATL",23,23,0,125.3,7,14,0,0,0,4.45,63,62,74,29,1,20,215,51,131,8,539,2110
138569,678906,"Kai-Wei Teng",26,2025,"SF",8,7,0,29.7,2,4,0,0,0,6.37,24,21,22,5,0,2,40,17,39,7,139,573
139775,681190,"Randy Vásquez",26,2025,"SD",28,26,0,133.7,6,7,0,0,0,3.84,59,57,89,19,1,16,194,52,78,7,570,2148
141102,669717,"Will Wilson",26,2025,"CLE",1,0,0,2,0,0,0,0,0,9,2,2,0,1,0,1,6,0,0,0,8,26
143325,685005,"Christian Roa",26,2025,"MIA",2,0,0,3,0,0,0,0,0,0,0,0,0,1,0,0,2,3,3,0,12,41
143668,686249,"Nathan Wiles",26,2025,"ATL",1,0,0,1,0,0,0,0,0,27,3,3,3,1,0,0,5,0,1,0,7,24
143774,686613,"Hunter Brown",26,2025,"HOU",31,31,1,185.3,12,9,0,0,0,2.43,55,50,93,20,3,17,210,57,206,7,729,2962
143882,686676,"Korey Lee",26,2025,"CWS",2,0,0,3,0,0,0,0,0,3,1,1,2,2,0,0,6,2,0,0,14,44
144150,687473,"Ryan Gusto",26,2025,,27,17,0,101.7,7,7,0,0,0,5.67,67,64,74,21,1,17,187,36,97,5,453,1760
144225,686751,"Seth Johnson",26,2025,"PHI",10,0,0,12.7,1,1,0,0,0,4.26,8,6,5,3,0,3,23,4,17,0,54,214
144487,687166,"Austin Pope",26,2025,"AZ",1,0,0,2,0,0,0,0,0,0,0,0,2,0,0,0,2,1,1,0,9,36
144696,687064,"Brandon Young",26,2025,"BAL",12,12,0,57.7,1,7,0,0,0,6.24,42,40,38,17,0,12,120,22,47,0,256,940
144830,687589,"Dom Hamel",26,2025,"NYM",1,0,0,1,0,0,0,0,0,0,0,0,3,0,0,0,3,0,0,1,6,13
145971,688107,"Robert Gasser",26,2025,"MIL",2,2,0,5.7,0,2,0,0,0,3.18,6,2,3,1,0,1,9,4,5,2,29,102
147755,690925,"Clayton Beeter",26,2025,,26,0,0,25.3,0,3,1,2,9,4.26,12,12,9,1,0,3,23,18,33,0,104,465
147896,808967,"Yoshinobu Yamamoto",26,2025,"LAD",30,30,0,173.7,12,8,0,0,0,2.38,53,46,78,20,0,14,174,59,201,3,684,2789
148627,693312,"Kyle Nicolas",26,2025,"PIT",31,0,0,38,1,2,0,1,3,4.74,21,20,23,7,1,3,52,18,34,2,167,652
148629,693821,"Bryce Elder",26,2025,"ATL",28,28,0,156.3,8,11,0,0,0,5.3,95,92,109,32,2,24,275,51,131,6,679,2514
148631,693855,"Ian Seymour",26,2025,"TB",19,5,0,57,4,3,0,1,0,3.79,33,24,36,8,0,5,72,19,64,3,242,995
148632,694297,"Brandon Pfaadt",26,2025,"AZ",33,33,0,176.7,13,9,0,0,0,5.25,107,103,118,51,3,26,333,37,147,12,767,2920
148638,694363,"Jared Shuster",26,2025,"CWS",12,2,0,15.7,0,0,0,0,0,8.04,15,14,19,8,0,0,35,5,12,2,82,280
149502,701121,"Logan VanWey",26,2025,"HOU",9,0,0,10.7,0,0,0,0,0,5.06,7,6,12,1,0,2,22,3,7,1,49,182
151232,702795,"Ryan Loutos",26,2025,,12,0,0,12,1,0,0,0,0,12.75,21,17,14,1,1,4,35,8,8,2,68,231
151257,695445,"Chase Lee",26,2025,"DET",32,0,0,37.3,4,1,0,1,4,4.1,17,17,16,7,2,7,64,9,36,2,148,600
151282,694335,"Matt Svanson",26,2025,"STL",39,0,0,60.3,4,0,0,0,5,1.94,14,13,23,5,2,3,51,20,68,4,234,964
151383,694359,"Niko Kavadas",26,2025,"LAA",1,0,0,1.7,0,0,0,0,0,0,0,0,3,0,0,0,3,1,1,0,9,25
151424,694646,"Chayce McDermott",26,2025,"BAL",4,1,0,8.7,0,1,0,0,0,15.58,15,15,7,2,0,3,23,12,9,1,51,195
151459,674841,"Andrew Alvarez",26,2025,"WSH",5,5,0,23.3,1,1,0,0,0,2.31,8,6,13,2,0,1,21,10,20,1,98,417
151570,694738,"Landen Roupp",26,2025,"SF",22,22,0,106.7,7,7,0,0,0,3.8,55,45,79,23,0,11,169,45,102,3,476,1851
151578,693313,"Carson Seymour",26,2025,"SF",16,3,0,36,1,3,0,0,1,4.75,21,19,23,5,0,9,69,13,26,1,156,621
151608,694477,"Chad Patrick",26,2025,"MIL",27,23,0,119.7,3,8,0,0,1,3.53,49,47,76,24,0,13,176,40,127,4,503,2010
151615,695243,"Mason Miller",26,2025,,60,0,0,61.7,1,2,22,4,10,2.63,19,18,18,3,2,5,50,28,104,1,234,972
151694,701542,"Will Warren",26,2025,"NYY",33,33,0,162.3,9,8,0,0,0,4.44,90,80,100,32,4,22,264,65,171,4,711,2802
162560,802686,"Hayden Harris",26,2025,"ATL",3,0,0,2.7,0,0,0,0,0,3.38,1,1,2,1,0,0,4,2,0,0,12,50
105636,660644,"Vidal Bruján",27,2025,"ATL",2,0,0,2,0,0,0,0,0,13.5,3,3,3,0,0,1,7,1,0,0,11,23
105737,661403,"Emmanuel Clase",27,2025,"CLE",48,0,0,47.7,5,3,24,5,1,3.21,20,17,35,8,1,2,62,12,47,4,202,746
105834,660787,"Yerry De los Santos",27,2025,"NYY",25,0,0,35.7,0,1,0,0,4,3.28,15,13,30,6,0,1,46,17,28,1,160,590
105894,661395,"Jhoan Duran",27,2025,,72,0,0,70,7,6,32,5,1,2.06,19,16,47,8,0,3,75,19,80,3,287,1073
106040,661563,"Luis Gil",27,2025,"NYY",11,11,0,57,4,1,0,0,0,3.32,23,21,28,14,0,5,76,33,41,1,244,970
106668,663969,"Tyler Phillips",27,2025,"MIA",54,1,0,77.7,2,1,4,0,8,2.78,26,24,45,10,1,8,100,24,52,2,313,1114
106721,660604,"Alan Rangel",27,2025,"PHI",5,0,0,11,0,0,1,1,0,2.45,3,3,6,3,0,1,16,6,8,0,46,174
106748,660844,"Leo Rivas",27,2025,"SEA",1,0,0,1,0,0,0,0,0,0,0,0,3,0,0,0,3,1,0,0,6,18
106774,660730,"Elvin Rodríguez",27,2025,,7,2,0,19.7,0,2,0,0,0,9.15,20,20,12,5,0,9,58,7,18,1,90,335
106940,647336,"Michael Soroka",27,2025,,22,17,0,89.7,3,8,0,0,1,4.52,49,45,44,15,1,12,125,29,95,15,379,1525
106975,660761,"José Suarez",27,2025,"ATL",7,1,0,19.3,2,0,1,0,1,1.86,5,4,11,2,0,1,19,10,16,0,81,295
107170,663465,"Kolby Allard",27,2025,"CLE",33,2,0,65,2,2,0,0,4,2.63,22,19,45,13,1,5,94,14,42,1,266,1000
107172,663474,"Triston McKenzie",27,2025,"CLE",4,0,0,5.7,0,0,0,0,0,11.12,7,7,4,2,0,1,12,7,4,0,30,123
107428,665871,"Javier Assad",27,2025,"CHC",8,7,0,37,4,1,0,0,0,3.65,15,15,23,4,3,3,52,12,23,4,153,567
107559,665795,"Edward Cabrera",27,2025,"MIA",26,26,0,137.7,8,7,0,0,0,3.53,60,54,80,24,0,17,196,48,150,10,581,2252
107732,666808,"Camilo Doval",27,2025,,69,0,0,65.3,4,3,16,6,10,3.58,34,26,38,9,0,4,72,35,72,3,278,1104
108464,669308,"Sean Reynolds",27,2025,"SD",19,1,0,27,0,1,0,0,2,5.33,16,16,12,4,0,4,36,17,25,3,117,494
108756,666214,"Joey Wentz",27,2025,,39,13,0,98,5,7,0,1,0,5.79,66,63,80,16,4,11,168,43,92,1,442,1815
108822,666120,"Ian Anderson",27,2025,"LAA",7,0,0,9.3,0,1,0,1,1,11.57,13,12,13,2,0,2,25,7,8,0,51,203
108952,668820,"Max Kranick",27,2025,"NYM",24,0,0,37,3,2,0,1,5,3.65,15,15,24,5,0,5,54,7,25,0,150,528
108971,669160,"Dustin May",27,2025,,25,23,0,132.3,7,11,0,0,0,4.96,78,73,84,21,6,21,228,56,123,12,584,2169
108975,668834,"Easton McGee",27,2025,"MIL",9,0,0,14.7,0,0,0,0,0,5.52,9,9,10,4,0,1,22,5,13,0,62,223
109005,670912,"Johan Oviedo",27,2025,"PIT",9,9,0,40.3,2,1,0,0,0,3.57,17,16,16,4,0,6,48,23,42,3,170,665
109094,670955,"Edwin Uceta",27,2025,"TB",70,0,0,76,10,3,1,5,21,3.79,33,32,38,11,2,11,110,27,103,8,321,1214
109107,666215,"Forrest Whitley",27,2025,,10,0,0,12,0,0,0,0,0,13.5,20,18,8,7,1,3,37,8,12,1,66,254
109108,669060,"Bryse Wilson",27,2025,"CWS",20,5,0,47.3,0,2,0,0,0,6.65,37,35,44,10,2,11,114,19,28,2,224,854
109131,666142,"Cole Ragans",27,2025,"KC",13,13,0,61.7,3,3,0,0,0,4.67,33,32,32,13,1,7,89,20,98,2,257,1079
109135,666200,"Jesús Luzardo",27,2025,"PHI",32,32,0,183.7,15,7,0,0,0,3.92,85,80,118,33,0,16,248,57,216,3,758,3013
109236,671305,"Michel Otañez",27,2025,"ATH",6,0,0,5.3,0,0,0,0,1,13.5,8,8,3,1,1,2,16,5,6,1,28,121
109267,666168,"Mason Thompson",27,2025,"WSH",14,0,0,10.7,1,1,0,0,0,11.81,16,14,9,5,1,1,26,12,11,0,60,239
109278,670174,"Josh Winckowski",27,2025,"BOS",6,0,0,11.7,0,1,0,0,0,3.86,7,5,9,2,0,0,13,5,9,1,52,207
109477,675989,"Cody Bolton",27,2025,"CLE",1,0,0,2,0,0,0,0,0,13.5,3,3,3,1,0,0,5,0,1,0,10,40
109526,676130,"José Buttó",27,2025,,55,0,0,67,5,3,1,4,6,3.9,31,29,40,16,2,4,94,32,58,2,284,1095
109974,669724,"Brenan Hanifee",27,2025,"DET",54,0,0,60,3,3,0,1,10,3,31,20,46,14,2,3,92,14,40,2,260,947
110745,674285,"Eduardo Salazar",27,2025,"WSH",30,0,0,29,0,1,0,1,2,8.38,29,27,29,10,1,7,80,17,23,1,151,547
111286,669432,"Trevor Rogers",27,2025,"BAL",18,18,1,109.7,9,3,0,0,0,1.81,23,22,53,8,3,6,102,29,103,2,423,1627
111459,670183,"Garrett Acton",27,2025,"TB",1,0,0,1,0,0,0,0,0,0,0,0,0,0,0,0,0,2,0,0,5,21
112434,676879,"Aaron Ashby",27,2025,"MIL",43,1,0,66.7,5,2,3,0,6,2.16,16,16,42,7,2,3,74,24,76,4,270,1033
112439,668933,"Graham Ashcraft",27,2025,"CIN",62,0,0,65.3,8,5,0,6,23,3.99,37,29,48,18,0,2,92,25,64,0,284,1039
113016,669620,"Brady Basso",27,2025,"ATH",11,1,0,11.7,1,1,0,0,2,2.31,4,3,10,2,0,0,14,9,8,0,56,206
114244,666374,"Matt Brash",27,2025,"SEA",53,0,0,47.3,1,3,4,1,21,2.47,15,13,31,6,0,4,59,18,58,2,199,822
114683,663460,"Kris Bubic",27,2025,"KC",20,20,0,116.3,8,7,0,0,0,2.55,38,33,68,21,3,6,143,39,116,3,476,1786
115227,663462,"Isaiah Campbell",27,2025,"BOS",6,0,0,7.7,0,0,0,0,0,7.04,6,6,11,0,1,1,18,1,3,1,35,109
117625,669722,"Logan Davidson",27,2025,"LAA",1,0,0,1,0,0,0,0,0,0,0,0,0,0,0,0,0,0,1,0,3,14
117754,676969,"Brett de Geus",27,2025,"PHI",1,0,0,2,0,0,0,0,0,4.5,1,1,1,0,0,0,1,3,0,0,10,47
119949,681676,"Ryan Fernandez",27,2025,"STL",32,0,0,30.3,0,4,1,1,4,7.12,30,24,22,4,3,6,63,16,34,1,140,524
123283,674072,"Tommy Henry",27,2025,"AZ",2,0,0,6.7,0,0,0,0,0,4.05,3,3,3,0,0,3,15,1,8,1,26,107
123824,676510,"Nolan Hoffman",27,2025,"PHI",1,0,0,1,0,0,0,0,0,27,3,3,1,2,0,0,5,1,2,0,7,26
123905,668970,"Gavin Hollowell",27,2025,"CHC",7,0,0,9.3,0,0,0,0,0,4.82,5,5,7,1,0,1,13,7,10,0,43,172
125609,669923,"George Kirby",27,2025,"SEA",23,23,0,126,10,8,0,0,0,4.21,60,59,85,20,1,15,188,29,137,7,524,2086
126788,669193,"Jack Little",27,2025,"LAD",2,0,0,3,0,0,0,0,0,6,2,2,3,0,1,0,6,1,2,1,14,44
126846,666157,"Nick Lodolo",27,2025,"CIN",29,28,2,156.7,9,8,0,0,0,3.33,60,58,92,23,1,22,229,31,156,13,642,2469
126961,682052,"Jacob Lopez",27,2025,"ATH",21,17,0,92.7,7,7,0,0,0,4.08,47,42,51,14,1,15,142,37,113,8,399,1666
129469,669062,"Erik Miller",27,2025,"SF",36,0,0,30,4,1,0,2,10,1.5,5,5,19,5,0,0,29,20,22,3,128,482
130453,669684,"Chris Murphy",27,2025,"BOS",23,0,0,34.7,3,0,0,0,2,3.12,12,12,15,2,0,4,35,20,30,5,148,569
130740,669194,"Ryne Nelson",27,2025,"AZ",33,23,0,154,7,3,1,1,1,3.39,62,58,73,25,9,17,218,41,132,4,619,2466
131515,679358,"Eric Orze",27,2025,"TB",33,0,0,41.7,1,1,3,1,1,3.02,16,14,26,7,1,4,59,19,40,3,178,681
132346,671111,"Sammy Peralta",27,2025,"LAA",5,0,0,10.7,0,1,0,1,0,6.75,12,8,9,4,0,0,17,6,8,0,52,153
132835,663455,"Konnor Pilkington",27,2025,"WSH",32,0,0,28.3,2,0,0,0,5,4.45,16,14,10,5,0,7,48,17,34,2,123,500
134502,681799,"Ethan Roberts",27,2025,"CHC",10,0,0,9,1,0,0,0,0,6,6,6,4,3,0,3,22,2,6,1,39,144
135058,669020,"Ryan Rolison",27,2025,"COL",31,1,0,42.3,1,0,0,0,0,7.02,35,33,37,6,1,11,96,20,25,0,193,676
135582,681870,"Erik Sabrowski",27,2025,"CLE",33,0,0,29.3,0,1,0,0,12,1.84,8,6,8,4,0,2,24,21,42,3,121,503
135874,663485,"Cole Sands",27,2025,"MIN",69,3,0,72,4,6,3,4,13,4.5,41,36,42,13,3,7,105,19,64,4,299,1143
136488,681882,"Colin Selby",27,2025,"BAL",11,0,0,14,0,2,0,0,0,3.21,5,5,11,3,0,2,25,2,14,0,60,214
136980,681006,"Josh Simpson",27,2025,"MIA",31,0,0,30.7,4,2,0,2,2,7.34,28,25,23,5,1,5,56,22,36,3,151,610
137992,669704,"Kade Strowd",27,2025,"BAL",25,0,0,26.3,0,1,0,0,5,1.71,6,5,14,1,0,1,20,13,24,1,105,406
138648,671162,"Connor Thomas",27,2025,"MIL",2,0,0,5.3,0,0,0,0,0,20.25,12,12,7,2,0,3,23,2,5,1,31,119
139109,669707,"Jared Triolo",27,2025,"PIT",1,0,0,1,0,0,0,0,0,0,2,0,1,1,0,1,7,1,0,0,8,23
140615,669713,"Hayden Wesneski",27,2025,"HOU",6,6,0,32,1,3,0,0,0,4.5,16,16,14,8,0,7,58,6,29,1,131,508
141132,676775,"Keaton Winn",27,2025,"SF",7,0,0,10,0,0,0,0,0,4.5,5,5,7,4,0,1,19,2,9,0,42,165
141595,666171,"Ryan Zeferjahn",27,2025,"LAA",62,1,0,57,6,5,2,6,17,4.74,31,30,29,8,0,12,93,34,73,4,256,1024
142242,679775,"Kyle Backhus",27,2025,"AZ",32,0,0,25.3,0,3,2,2,10,4.62,14,13,17,7,1,3,46,8,22,3,115,430
142386,683769,"Hunter Gaddis",27,2025,"CLE",73,0,0,66.7,2,2,3,4,35,3.11,24,23,39,9,2,8,95,21,73,1,274,1049
142498,683766,"Christian Koss",27,2025,"SF",4,0,0,4,0,0,0,0,0,0,0,0,4,0,0,0,4,0,0,0,16,42
143104,685126,"Brandon Eisert",27,2025,"CWS",72,3,0,69.7,3,8,2,3,9,4.39,36,34,41,20,2,12,135,25,74,5,306,1214
143142,685299,"Tanner Gordon",27,2025,"COL",15,15,0,75.3,6,8,0,0,0,6.33,60,53,59,18,3,16,168,17,62,3,337,1244
143313,685068,"Carson Ragsdale",27,2025,"BAL",2,0,0,5,0,0,0,0,0,14.4,8,8,5,4,0,1,17,1,4,0,25,95
143336,685314,"Andrew Saalfrank",27,2025,"AZ",28,0,0,29,2,1,3,2,5,1.24,5,4,14,4,0,1,26,10,19,0,113,427
143399,685107,"Anthony Veneziano",27,2025,,26,1,0,25,0,0,0,1,4,4.68,13,13,17,5,2,4,49,11,25,2,117,482
143858,686642,"Fraser Ellard",27,2025,"CWS",18,3,0,17,1,2,0,0,2,4.24,9,8,6,1,0,1,12,19,22,1,74,329
143908,686580,"Justin Slaten",27,2025,"BOS",36,0,0,34,2,4,3,3,7,4.24,19,16,21,3,0,3,39,10,25,0,137,499
144102,673965,"Caleb Freeman",27,2025,"CWS",5,0,0,3.3,0,0,0,1,0,5.4,2,2,3,1,0,1,9,1,3,0,16,70
144122,687362,"Connor Gillispie",27,2025,"MIA",6,6,0,26,0,3,0,0,0,8.65,26,25,15,11,0,6,61,11,23,1,123,471
144167,687396,"Brent Headrick",27,2025,"NYY",17,0,0,23,0,0,0,0,1,3.13,8,8,8,5,0,4,34,7,30,1,92,366
144213,686753,"Drey Jameson",27,2025,"AZ",3,0,0,3,0,1,1,0,0,3,2,1,2,2,0,0,6,3,0,0,13,53
144214,686826,"Bryce Jarvis",27,2025,"AZ",12,0,0,22,0,0,1,0,1,5.73,14,14,12,8,0,3,40,10,21,1,98,409
144245,687330,"Kevin Kelly",27,2025,"TB",41,0,0,39.7,2,5,0,4,5,5.9,29,26,25,7,2,11,89,9,35,0,171,588
144284,686747,"Joe La Sorsa",27,2025,"CIN",5,0,0,6.7,0,1,0,0,0,10.8,9,8,7,2,0,4,27,2,2,0,33,100
144318,687424,"Anthony Maldonado",27,2025,"ATH",6,0,0,6,0,0,0,0,0,12,8,8,4,3,0,3,22,5,7,0,33,129
144402,687287,"Patrick Monteverde",27,2025,"MIA",1,0,0,3.7,0,0,0,0,0,9.82,4,4,7,2,0,0,11,1,4,0,20,87
144465,686752,"Ryan Pepiot",27,2025,"TB",31,31,0,167.7,11,12,0,0,0,3.86,77,72,78,27,3,26,245,61,167,6,679,2699
144511,687377,"Orlando Ribalta",27,2025,"WSH",22,0,0,24.3,0,0,0,0,1,7.03,19,19,16,5,0,6,50,17,25,1,120,501
144606,686730,"Carson Spiers",27,2025,"CIN",3,2,0,13.3,0,2,0,0,0,6.08,9,9,8,2,0,3,24,7,11,1,60,245
144657,686973,"Louis Varland",27,2025,,74,1,0,72.7,4,3,0,2,22,2.97,27,24,41,17,1,6,102,22,75,2,296,1066
144730,685801,"Hunter Bigge",27,2025,"TB",13,0,0,15,0,0,0,1,1,2.4,4,4,6,1,0,4,24,5,12,1,60,226
144812,687830,"Sawyer Gipson-Long",27,2025,"DET",8,3,0,31.3,0,2,0,0,2,7.18,26,25,17,9,0,8,67,6,26,2,133,463
144890,687849,"Zak Kent",27,2025,"CLE",12,0,0,17.7,1,0,0,0,0,4.58,10,9,14,2,0,1,22,8,16,1,76,308
145063,687606,"Paxton Schultz",27,2025,"TOR",13,2,0,24.7,0,0,0,0,0,4.38,16,12,14,9,0,4,48,8,28,1,110,448
145080,687765,"Mitch Spence",27,2025,"ATH",32,8,0,84.7,3,6,1,0,4,5.1,57,48,60,20,0,16,164,26,66,4,375,1354
145443,689225,"Beau Brieske",27,2025,"DET",22,1,0,22,1,3,1,1,5,6.55,20,16,15,4,0,5,43,12,16,0,103,405
145702,690382,"Michael Darrell-Hicks",27,2025,,7,0,0,9.7,1,0,0,0,0,7.45,8,8,8,1,0,1,14,4,8,1,43,158
145773,689266,"Dylan Dodd",27,2025,"ATL",28,0,0,35,1,0,0,1,2,3.6,14,14,17,5,1,5,50,5,30,1,136,536
146226,690544,"Bailey Horn",27,2025,"DET",10,0,0,11.3,0,1,0,0,0,1.59,2,2,9,1,0,1,15,7,10,0,50,224
146279,689690,"Alek Jacob",27,2025,"SD",29,0,0,33.3,1,0,0,0,3,5.13,20,19,23,7,0,6,61,14,23,6,153,586
146392,689017,"Landon Knack",27,2025,"LAD",10,7,0,42.3,3,2,1,0,0,4.89,25,23,22,7,1,10,79,19,42,2,185,773
146462,689520,"Cody Laweryson",27,2025,"MIN",5,0,0,7.7,0,1,0,0,0,1.17,2,1,4,0,0,0,4,0,7,0,26,93
147927,691172,"Yosver Zulueta",27,2025,"CIN",7,0,0,7.3,1,0,0,0,0,4.91,5,4,4,0,0,1,8,4,5,0,32,140
160802,702752,"Jonathan Pintaro",27,2025,"NYM",1,0,0,0.7,0,0,0,0,0,27,2,2,2,0,0,0,2,2,1,0,6,29
163735,806188,"Cade Gibson",27,2025,"MIA",44,1,0,54.7,4,5,0,2,5,2.63,18,16,31,9,1,3,64,21,43,6,230,908
164622,829272,"Shinnosuke Ogasawara",27,2025,"WSH",23,2,0,38.7,1,1,0,0,1,6.98,30,30,26,8,0,9,78,17,30,3,173,674
104025,645305,"Ali Sánchez",28,2025,"TOR",1,0,0,1,0,0,0,0,0,18,2,2,1,2,0,0,5,0,1,0,6,18
104033,645444,"Jose Herrera",28,2025,"AZ",2,0,0,2,0,0,0,0,0,4.5,1,1,3,1,0,0,5,0,0,0,10,27
104044,646242,"Jhonathan Díaz",28,2025,"SEA",1,0,0,1.3,0,0,0,0,0,0,0,0,1,0,0,0,1,0,1,0,5,26
104205,650489,"Willi Castro",28,2025,"MIN",1,0,0,1,0,0,0,0,0,0,0,0,1,0,0,0,1,0,0,0,4,12
104258,650556,"Bryan Abreu",28,2025,"HOU",70,0,0,71,3,4,7,5,25,2.28,18,18,38,9,0,4,72,31,105,4,296,1189
104481,650893,"Génesis Cabrera",28,2025,,40,0,0,42.7,0,1,1,1,3,6.54,32,31,26,8,0,12,90,18,35,2,187,715
104499,650911,"Cristopher Sánchez",28,2025,"PHI",32,32,1,202,13,5,0,0,0,2.45,58,55,124,35,0,12,242,44,212,6,807,2895
104739,656271,"Brock Burke",28,2025,"LAA",69,1,0,61.7,6,1,0,5,15,3.36,24,23,40,7,3,8,95,18,52,3,257,1014
105007,657277,"Logan Webb",28,2025,"SF",34,34,0,207,15,11,0,0,0,3.22,82,74,144,49,3,14,307,46,224,6,856,3282
105859,664747,"Alexis Díaz",28,2025,,18,0,0,17.7,1,0,0,0,4,8.15,17,16,5,3,1,6,38,12,17,5,85,360
105915,664744,"Jose Espada",28,2025,"BAL",1,0,0,3,0,0,0,0,0,0,0,0,1,0,0,0,1,0,4,0,9,29
105936,663559,"Bailey Falter",28,2025,,26,24,0,125.3,7,7,0,0,0,4.45,68,62,68,27,1,19,201,46,81,1,518,1951
105950,657571,"Caleb Ferguson",28,2025,,70,0,0,65.3,5,4,0,5,14,3.58,27,26,41,11,0,2,71,22,51,6,270,1042
106195,664299,"Cristian Javier",28,2025,"HOU",8,8,0,37,2,4,0,0,0,4.62,22,19,21,7,1,3,50,15,34,1,157,617
106864,663574,"Tony Santillan",28,2025,"CIN",80,0,0,73.7,1,5,7,4,33,2.44,23,20,33,11,2,7,89,29,75,5,301,1230
107130,663897,"Luke Williams",28,2025,"ATL",6,0,0,6,0,0,0,0,0,3,2,2,4,1,0,1,10,1,4,0,25,71
107143,663765,"Jake Woodford",28,2025,"AZ",22,0,0,36.3,0,4,3,4,2,6.44,28,26,33,8,1,3,64,13,23,3,170,625
107190,663542,"Bryan Hudson",28,2025,,16,0,0,15,0,1,0,0,2,4.8,10,8,9,4,0,2,25,13,19,2,75,318
107237,663558,"Jovani Morán",28,2025,"BOS",2,0,0,4,0,0,0,0,0,6.75,3,3,4,0,1,0,7,3,5,0,20,80
107962,663855,"Jordan Hicks",28,2025,,34,9,0,67.3,2,7,2,1,2,6.95,56,52,56,15,3,6,119,32,58,8,314,1199
108361,665625,"Elvis Peguero",28,2025,,8,1,0,9.3,0,0,0,0,1,6.75,9,7,9,2,0,1,17,6,8,1,47,187
108363,666711,"Joel Peguero",28,2025,"SF",17,0,0,22.3,3,1,0,0,4,2.42,7,6,10,3,0,2,24,8,17,0,86,315
109051,668941,"JoJo Romero",28,2025,"STL",65,0,0,61,4,6,8,1,24,1.92,21,13,35,9,0,2,61,29,55,2,255,990
109090,647351,"Abraham Toro",28,2025,"BOS",1,0,0,1,0,0,0,0,0,18,2,2,2,2,0,0,6,1,0,0,8,15
109531,676609,"José Caballero",28,2025,"TB",1,0,0,1,0,0,0,0,0,54,6,6,0,3,0,2,14,1,0,0,9,28
110000,672578,"Carlos Hernández",28,2025,,41,0,0,43.3,1,0,0,0,1,6.23,32,30,38,8,0,4,70,22,39,2,203,759
110436,669459,"Kyle Nelson",28,2025,"AZ",3,0,0,2,0,0,1,0,0,9,2,2,0,0,0,1,4,4,2,0,11,44
110688,655889,"Manuel Rodríguez",28,2025,"TB",31,0,0,30.3,1,2,0,0,11,2.08,9,7,21,3,0,2,35,6,25,1,121,431
110903,676702,"Hunter Stratton",28,2025,,15,0,0,19,1,1,1,1,3,5.21,12,11,18,2,0,3,34,7,16,3,89,343
111134,663878,"Nate Pearson",28,2025,"CHC",11,0,0,14.7,0,1,0,0,1,9.2,15,15,16,4,0,2,32,10,7,1,75,280
111196,677651,"Luis Garcia",28,2025,"HOU",2,2,0,7.7,1,0,0,0,0,3.52,3,3,1,0,0,2,9,0,7,1,27,103
111222,663893,"Brendon Little",28,2025,"TOR",79,0,0,68.3,4,2,1,3,30,3.03,28,23,36,9,2,2,68,45,91,2,295,1236
111247,647315,"Zach Pop",28,2025,,5,0,0,6.7,0,1,0,0,0,14.85,12,11,7,4,0,4,31,2,3,1,39,127
112001,681982,"Grant Anderson",28,2025,"MIL",66,0,0,69.7,2,6,0,3,6,3.23,35,25,42,8,1,8,93,29,74,2,299,1158
114108,680742,"Jonathan Bowlan",28,2025,"KC",34,1,0,44.3,1,2,0,0,2,3.86,21,19,22,9,0,6,64,17,46,0,180,727
114191,680694,"Kyle Bradish",28,2025,"BAL",6,6,0,32,1,1,0,0,0,2.53,9,9,18,2,0,3,34,10,47,1,126,494
114635,677865,"Justin Bruihl",28,2025,"TOR",15,0,0,13.7,0,0,0,0,4,5.27,10,8,15,2,0,2,27,7,18,1,65,219
115362,681962,"Vinny Capra",28,2025,"CWS",3,0,0,3,0,0,0,0,0,6,4,2,3,1,0,1,9,0,1,0,15,32
117077,680735,"Austin Cox",28,2025,"ATL",13,1,0,21.3,0,0,0,0,2,8.86,21,21,14,7,0,9,64,7,22,0,102,427
117180,681867,"Cooper Criswell",28,2025,"BOS",7,1,0,17.7,1,0,1,0,0,3.57,10,7,18,2,0,3,34,5,9,0,80,276
117546,669721,"Davis Daniel",28,2025,"ATL",3,2,0,10,0,1,0,0,0,5.4,6,6,5,2,1,1,16,7,9,1,46,183
117703,663562,"Noah Davis",28,2025,,9,0,0,11,0,2,0,2,0,18,24,22,14,1,0,7,44,6,15,7,65,251
119087,681987,"Nate Eaton",28,2025,"BOS",1,0,0,1,0,0,0,0,0,0,0,0,1,1,0,0,3,0,0,0,4,14
119354,663671,"Nic Enright",28,2025,"CLE",27,0,0,31,2,1,1,1,3,2.03,8,7,18,3,0,3,36,12,30,2,127,532
119844,663372,"Ryan Feltner",28,2025,"COL",6,6,0,30.3,0,2,0,0,0,4.75,17,16,20,9,0,4,54,12,25,0,135,522
120724,681892,"Kody Funderburk",28,2025,"MIN",39,0,0,41,4,1,1,0,7,3.51,17,16,33,9,0,2,59,18,40,3,183,725
121247,680702,"Joey Gerber",28,2025,"TB",2,0,0,4.3,0,0,0,0,0,2.08,1,1,2,0,0,1,6,0,4,0,15,64
121380,669302,"Logan Gilbert",28,2025,"SEA",25,25,0,131,6,6,0,0,0,3.44,53,50,62,20,1,20,185,31,173,7,535,2156
121406,670810,"Logan Gillaspie",28,2025,"SD",3,0,0,7,0,0,0,0,0,2.57,2,2,6,0,0,1,10,4,4,1,31,111
122573,663795,"Justin Hagenman",28,2025,"NYM",9,1,0,23.7,0,1,1,0,0,4.56,13,12,15,5,0,4,41,2,23,1,99,383
122776,663554,"Casey Mize",28,2025,"DET",28,28,0,149,14,6,0,0,0,3.87,68,64,98,30,4,21,254,36,139,3,627,2353
122878,663687,"Hogan Harris",28,2025,"ATH",48,0,0,64.7,2,1,4,0,3,3.2,26,23,37,12,0,5,81,33,65,1,277,1125
123381,678226,"Daysbel Hernández",28,2025,"ATL",39,0,0,37,4,3,0,2,10,3.41,16,14,19,5,0,3,41,29,33,2,163,710
123585,682120,"Tim Herrin",28,2025,"CLE",54,0,0,42.7,5,4,0,2,15,4.85,23,23,24,8,0,5,60,30,45,6,194,750
123612,676051,"Codi Heuer",28,2025,,3,0,0,4.7,0,0,0,0,0,5.79,3,3,1,0,0,3,13,2,5,0,21,87
123765,663546,"Sean Hjelle",28,2025,"SF",12,1,0,15,1,1,0,0,0,7.8,13,13,13,6,0,2,33,9,11,0,73,254
123804,663773,"Bryan Hoeing",28,2025,"SD",7,0,0,8,1,0,0,0,0,3.38,3,3,6,2,1,0,13,3,5,0,36,131
124381,663623,"Jake Irvin",28,2025,"WSH",33,33,0,180,9,13,0,0,0,5.7,120,114,116,38,3,38,353,62,124,6,787,2945
125796,663568,"Stephen Kolek",28,2025,,19,19,1,112.7,5,7,0,0,0,3.51,49,44,74,13,2,9,142,31,77,7,461,1685
125864,663804,"Jackson Kowar",28,2025,"SEA",15,0,0,17,2,0,0,0,1,4.24,8,8,8,2,0,4,28,7,15,1,71,281
126346,681517,"Kyle Leahy",28,2025,"STL",62,1,0,88,4,2,1,4,18,3.07,32,30,59,16,0,5,111,28,80,1,363,1350
126464,668984,"Casey Legumina",28,2025,"SEA",48,1,0,49.7,4,6,0,0,3,5.62,36,31,31,9,0,7,77,25,55,2,219,861
127265,663738,"Daniel Lynch IV",28,2025,"KC",57,2,0,67.7,6,2,1,0,7,3.06,24,23,46,12,0,8,102,26,45,6,289,1088
127336,680862,"Willie MacIver",28,2025,"ATH",2,0,0,2,0,0,0,0,0,0,0,0,3,1,0,0,5,0,0,0,10,18
127864,663436,"Davis Martin",28,2025,"CWS",26,25,0,142.7,7,10,0,0,0,4.1,74,65,84,29,3,20,231,48,104,6,601,2309
130502,681151,"Jayden Murray",28,2025,"HOU",9,1,0,11.7,0,0,0,0,2,1.54,2,2,10,0,0,0,10,3,8,0,47,176
133178,676571,"PJ Poulin",28,2025,"WSH",28,0,0,24.7,2,1,1,2,5,3.65,10,10,19,2,0,2,31,13,27,2,110,419
135171,680701,"John Rooney",28,2025,"HOU",1,0,0,1.3,0,0,0,0,0,6.75,1,1,0,0,0,1,4,1,2,0,6,23
135847,676742,"Cam Sanders",28,2025,"PIT",6,0,0,6.7,0,0,0,0,0,8.1,6,6,6,1,0,2,16,5,4,0,34,147
135865,680704,"Nick Sandlin",28,2025,"TOR",19,0,0,16.3,0,2,1,3,5,2.2,7,4,7,2,0,2,19,8,16,2,69,290
136826,663767,"Chase Shugart",28,2025,"PIT",35,0,0,45,4,3,0,3,5,3.4,18,17,18,7,2,6,62,17,31,1,181,692
137001,663903,"Brady Singer",28,2025,"CIN",32,32,0,169.7,14,12,0,0,0,4.03,80,76,89,36,6,19,255,60,163,14,716,2850
137014,681895,"Evan Sisk",28,2025,,19,0,0,17.7,1,1,0,0,2,3.57,7,7,12,2,1,1,23,10,25,2,80,329
137044,669373,"Tarik Skubal",28,2025,"DET",31,31,1,195.3,13,6,0,0,0,2.21,55,48,95,26,2,18,225,33,241,5,748,2849
140232,663362,"Matt Waldron",28,2025,"SD",1,1,0,4.7,0,1,0,0,0,7.71,4,4,5,0,0,1,9,6,3,0,25,104
141201,664991,"Grant Wolfram",28,2025,"BAL",21,0,0,26.7,3,1,0,0,1,5.4,20,16,25,8,0,2,49,15,31,1,133,520
141739,683232,"Nick Mears",28,2025,"MIL",63,0,0,56.7,5,3,1,6,17,3.49,25,22,27,6,2,7,73,14,46,1,222,845
142702,684320,"Yariel Rodríguez",28,2025,"TOR",66,1,0,73,3,2,2,1,14,3.08,26,25,34,7,1,8,83,34,66,6,298,1164
143767,686654,"Ty Adcock",28,2025,"NYM",3,0,0,3,0,0,0,0,0,3,1,1,1,0,0,1,5,2,5,0,14,82
144613,686993,"Justin Sterner",28,2025,"ATH",59,1,0,65,4,3,0,6,16,3.18,24,23,32,5,0,10,82,21,70,7,266,1093
144653,687003,"Brian Van Belle",28,2025,"TB",4,0,0,8.3,1,0,0,0,0,5.4,5,5,10,1,0,2,20,0,6,0,36,129
144894,687911,"Bryan King",28,2025,"HOU",68,0,0,68,5,4,2,3,27,2.78,21,21,43,7,0,10,97,11,69,4,275,1046
144917,687922,"Easton Lucas",28,2025,"TOR",6,5,0,24.3,3,3,0,0,0,6.66,18,18,16,4,0,5,44,12,23,0,108,438
145142,687888,"Brandon Walter",28,2025,"HOU",9,9,0,53.7,1,3,0,0,0,3.35,20,20,27,8,1,10,86,4,52,3,212,814
147180,688297,"Chris Roycroft",28,2025,"STL",20,0,0,20.7,1,3,0,1,2,7.84,21,18,14,8,2,2,44,12,15,1,101,394
148420,692024,"Alex Carrillo",28,2025,"NYM",3,0,0,4.7,0,1,0,0,0,13.5,7,7,1,1,0,4,19,2,4,1,22,84
149123,699911,"Dugan Darnell",28,2025,"COL",9,0,0,11.7,1,0,0,0,0,3.86,5,5,7,2,0,1,15,8,5,0,49,191
101582,624133,"Ranger Suárez",29,2025,"PHI",26,26,0,157.3,12,8,0,0,0,3.2,57,56,113,25,2,14,225,38,151,6,651,2430
102110,620443,"Luis Torrens",29,2025,"NYM",2,0,0,0.7,0,0,0,0,0,54,4,4,1,1,1,2,14,1,0,0,8,23
102119,620454,"José Castillo",29,2025,,29,0,0,32,2,2,0,2,3,3.94,18,14,29,7,0,4,59,14,30,4,149,543
102482,640902,"Jhonny Pereda",29,2025,"ATH",3,0,0,3,0,0,0,0,0,21,7,7,4,4,0,1,16,2,3,0,20,70
102491,641154,"Pablo López",29,2025,"MIN",14,14,0,75.7,5,4,0,0,0,2.74,28,23,44,13,1,6,97,20,73,4,312,1259
102514,641343,"Jake Bauers",29,2025,"MIL",5,0,0,5,0,0,0,0,0,3.6,4,2,6,2,0,0,10,3,1,2,29,79
102632,641745,"Brad Keller",29,2025,"CHC",68,1,0,69.7,4,2,3,3,25,2.07,18,16,37,4,0,4,61,22,75,6,276,1113
102644,641793,"Zack Littell",29,2025,,32,32,1,186.7,10,8,0,0,0,3.81,81,79,104,33,1,36,317,32,130,7,759,2788
103030,642520,"Gerson Garabito",29,2025,"TEX",3,0,0,8,0,0,0,0,1,9,12,8,12,2,0,1,20,1,8,2,41,121
103056,642547,"Freddy Peralta",29,2025,"MIL",33,33,0,176.7,17,6,0,0,0,2.7,54,53,80,23,0,21,210,66,204,9,723,3086
103196,642701,"Dennis Santana",29,2025,"PIT",70,0,0,70.3,4,5,16,3,13,2.18,18,17,28,8,3,5,73,17,60,3,270,998
103203,642708,"Amed Rosario",29,2025,"WSH",1,0,0,1,0,0,0,0,0,36,4,4,4,0,0,1,8,2,0,0,10,28
103251,642759,"Julian Fernández",29,2025,,4,0,0,5,1,0,0,0,1,5.4,3,3,1,0,0,2,9,2,5,0,20,76
104002,645261,"Sandy Alcantara",29,2025,"MIA",31,31,0,174.7,11,12,0,0,0,5.36,107,104,104,39,0,22,270,57,142,9,745,2891
104324,650671,"José Quijada",29,2025,"LAA",2,0,0,1.3,0,0,0,0,1,0,0,0,1,0,0,0,1,2,3,0,8,41
104730,656240,"Scott Blewett",29,2025,,26,2,0,44.3,3,0,0,0,0,5.48,29,27,30,5,1,9,79,18,35,1,194,711
104779,656427,"Jack Flaherty",29,2025,"DET",31,31,0,161,8,15,0,0,0,4.64,85,83,92,31,1,23,249,59,188,5,681,2831
104805,656550,"Grant Holmes",29,2025,"ATL",22,21,0,115,4,9,0,0,0,3.99,52,51,68,15,1,16,165,54,123,7,492,1964
104814,656577,"Alex Jackson",29,2025,"BAL",1,0,0,1,0,0,0,0,0,27,3,3,1,2,0,0,5,2,0,0,8,24
104816,656605,"Mitch Keller",29,2025,"PIT",32,32,0,176.3,6,15,0,0,0,4.19,91,82,108,40,2,21,278,51,150,10,749,2870
104824,656629,"Michael Kopech",29,2025,"LAD",14,0,0,11,0,0,0,0,6,2.45,3,3,6,0,0,0,6,13,12,0,53,231
104914,657006,"Justin Steele",29,2025,"CHC",4,4,0,22.7,3,1,0,0,0,4.76,12,12,12,4,0,5,40,5,21,1,92,313
104930,657053,"Touki Toussaint",29,2025,"LAA",1,0,0,2,0,0,0,0,0,9,2,2,3,1,0,0,5,1,3,0,11,37
105466,660896,"Jorge Alcala",29,2025,,56,0,0,55,0,2,0,2,5,6.22,44,38,36,17,0,13,122,30,61,1,257,1058
105559,660825,"Eduard Bazardo",29,2025,"SEA",73,0,0,78.7,5,0,0,1,12,2.52,23,22,38,5,1,9,87,27,82,2,313,1224
105703,656302,"Dylan Cease",29,2025,"SD",32,32,0,168,8,12,0,0,0,4.55,91,85,93,37,1,21,254,71,215,5,722,3041
105831,660853,"Enyel De Los Santos",29,2025,,65,0,0,66,6,3,0,2,6,4.36,35,32,37,16,1,7,100,24,62,2,280,1105
106516,664294,"Dauri Moreta",29,2025,"PIT",18,0,0,16.7,1,1,0,1,2,3.24,8,6,12,2,0,2,24,7,19,0,68,285
106610,663978,"Chris Paddack",29,2025,,33,28,0,158,5,12,1,0,0,5.35,98,94,99,32,4,31,299,37,112,3,670,2565
106750,656896,"Emmanuel Rivera",29,2025,"BAL",1,0,0,1,0,0,0,0,0,72,8,8,3,4,0,1,15,2,0,0,13,45
106851,665665,"Reiver Sanmartin",29,2025,"CIN",1,0,0,1.7,0,0,0,0,0,0,1,0,1,1,0,0,3,1,2,0,8,25
107971,670059,"Colin Holderman",29,2025,"PIT",24,0,0,25.7,0,2,1,2,2,7.01,21,20,23,7,0,4,53,16,18,2,125,492
108116,663992,"Richard Lovelady",29,2025,,10,0,0,11.7,0,1,0,0,2,8.49,12,11,5,4,0,3,25,6,12,4,57,221
108175,670156,"Miles Mastrobuoni",29,2025,"SEA",1,0,0,1,0,0,0,0,0,0,0,0,1,0,0,0,1,2,0,0,6,23
108886,668678,"Zac Gallen",29,2025,"AZ",33,33,0,192,13,15,0,0,0,4.83,109,103,104,37,4,31,314,66,175,4,813,3135
108953,665152,"Dean Kremer",29,2025,"BAL",31,29,0,171.7,11,10,0,0,0,4.19,83,80,106,32,3,22,267,45,142,2,708,2693
108959,669674,"Sam Long",29,2025,"KC",39,0,0,40.3,2,3,0,0,1,5.36,31,24,33,8,0,7,77,22,33,2,189,786
109130,672335,"Cionel Pérez",29,2025,"BAL",19,0,0,21.7,0,0,0,0,0,8.31,22,20,19,6,0,3,43,18,21,2,110,437
109456,674370,"Osvaldo Bido",29,2025,"ATH",26,10,0,79.7,2,5,1,0,0,5.87,56,52,57,16,1,19,168,35,68,6,363,1380
109642,676680,"Tom Cosgrove",29,2025,"CHC",2,0,0,4,0,0,0,0,0,2.25,1,1,3,0,0,0,3,1,3,0,16,64
109808,676534,"Calvin Faucher",29,2025,"MIA",65,0,0,60.3,4,4,15,5,7,3.28,27,22,40,4,1,8,83,24,59,3,255,1052
109835,670102,"Bowden Francis",29,2025,"TOR",14,14,0,64,2,8,0,0,0,6.05,46,43,46,5,1,19,135,27,54,6,288,1141
109868,676395,"Robert Garcia",29,2025,"TEX",71,0,0,64,4,8,9,7,15,2.95,26,21,42,8,0,8,90,22,68,1,269,970
109892,656458,"Lucas Gilbreath",29,2025,"COL",1,0,0,1,0,0,0,0,0,9,1,1,0,0,0,1,4,0,2,0,4,18
109945,674944,"Sean Guenther",29,2025,"DET",9,1,0,10.3,0,1,0,0,2,5.23,7,6,8,2,0,0,12,5,8,0,43,154
110107,676083,"Janson Junk",29,2025,"MIA",21,16,0,110,6,4,1,0,0,4.17,54,51,75,28,1,8,166,13,77,4,447,1622
110167,656641,"Jacob Latz",29,2025,"TEX",33,8,0,85.7,2,0,1,0,2,2.84,28,27,45,14,3,7,110,37,76,0,348,1386
110259,656686,"Corbin Martin",29,2025,"BAL",17,0,0,18,1,0,2,0,1,6,15,12,12,5,1,4,41,9,23,2,89,332
110284,676755,"Isaac Mattson",29,2025,"PIT",44,0,0,47.7,3,3,0,3,12,2.45,14,13,24,7,0,4,54,19,45,2,198,777
110297,670766,"Darren McCaughan",29,2025,"MIN",3,0,0,5.3,0,0,0,0,1,1.69,1,1,4,1,0,0,6,1,6,0,23,86
110406,669212,"Eli Morgan",29,2025,"CHC",7,0,0,7.3,0,1,0,1,0,12.27,10,10,4,5,0,3,26,3,4,0,35,132
110454,673380,"Dedniel Núñez",29,2025,"NYM",10,0,0,9.7,0,0,0,0,3,4.66,5,5,2,3,0,1,12,6,11,0,41,183
110622,675919,"Nick Raquet",29,2025,"STL",2,0,0,2,0,0,0,0,0,0,0,0,0,0,0,0,0,1,1,0,7,27
110808,657756,"Connor Seabold",29,2025,,7,0,0,10.3,0,0,0,0,0,4.35,5,5,10,1,0,1,16,6,10,0,48,185
110810,676664,"JP Sears",29,2025,,27,27,0,135.7,9,11,0,0,0,5.04,79,76,76,36,1,30,271,36,117,6,583,2366
110859,676092,"Collin Snider",29,2025,"SEA",24,0,0,26.3,2,1,0,0,4,5.47,20,16,15,12,2,3,57,6,24,2,119,477
110964,676701,"Alan Trejo",29,2025,"COL",1,0,0,1,0,0,0,0,0,0,0,0,1,0,0,0,1,0,0,0,3,16
111074,676724,"Jared Young",29,2025,"NYM",1,0,0,0.3,0,0,0,0,0,0,0,0,1,0,0,0,1,1,0,0,3,11
111116,656557,"Tanner Houck",29,2025,"BOS",9,9,0,43.7,0,3,0,0,0,8.04,41,39,39,8,0,10,95,17,32,5,203,749
111133,641927,"Bailey Ober",29,2025,"MIN",27,27,1,146.3,6,9,0,0,0,5.1,84,83,92,37,0,30,286,31,120,5,624,2356
111164,656638,"Alex Lange",29,2025,"DET",1,0,0,1,0,0,0,0,0,0,0,0,2,0,0,0,2,1,1,0,6,20
111244,656849,"David Peterson",29,2025,"NYM",30,30,1,168.7,9,6,0,0,0,4.22,84,79,118,35,2,11,238,65,150,7,723,2699
111276,676477,"Garrett Whitlock",29,2025,"BOS",62,0,0,72,7,3,1,4,24,2.25,21,18,44,8,0,2,68,24,91,5,293,1180
111290,657376,"Clarke Schmidt",29,2025,"NYY",14,14,0,78.7,4,4,0,0,0,3.32,29,29,33,12,2,9,99,30,73,1,316,1226
111294,656288,"Griffin Canning",29,2025,"NYM",16,16,0,76.3,7,3,0,0,0,3.77,35,32,51,10,1,8,106,34,70,0,327,1339
113203,663941,"Tristan Beck",29,2025,"SF",31,1,0,56.7,1,0,2,0,3,4.61,29,29,30,8,2,7,80,16,41,2,232,817
113690,656234,"Jake Bird",29,2025,,48,0,0,55.3,4,2,0,6,10,5.53,37,34,40,12,1,7,95,25,66,3,248,951
114350,681146,"Jonah Bride",29,2025,"MIN",4,0,0,6,0,0,0,0,0,15,10,10,11,2,0,1,19,3,2,2,37,113
116408,665019,"Kody Clemens",29,2025,"MIN",1,0,0,1,0,0,0,0,0,18,2,2,1,0,0,2,9,0,0,0,6,20
116775,664351,"Luis Contreras",29,2025,"HOU",9,0,0,12,0,0,0,0,1,6.75,9,9,6,3,0,2,20,8,13,0,54,224
118876,681869,"Shawn Dubin",29,2025,,30,0,0,33.7,2,0,0,1,8,5.08,19,19,25,6,0,6,61,11,28,2,145,551
123751,682274,"Yaramil Hiraldo",29,2025,"BAL",18,0,0,19.7,0,0,0,1,2,4.58,13,10,10,3,0,4,32,9,21,0,84,314
123933,663947,"Tyler Holton",29,2025,"DET",70,6,0,78.7,6,5,0,5,17,3.66,34,32,43,7,0,15,117,17,64,0,312,1158
128329,673513,"Yuki Matsui",29,2025,"SD",61,0,0,63.3,3,1,1,0,3,3.98,29,28,31,10,2,10,97,33,61,1,272,1063
128959,656731,"Tylor Megill",29,2025,"NYM",14,14,0,68.3,5,5,0,0,0,3.95,37,30,43,10,1,6,90,33,89,7,305,1234
133136,682515,"Logan Porter",29,2025,"SF",1,0,0,1,0,0,0,0,0,9,1,1,1,0,0,1,5,0,0,0,5,15
133756,656876,"Drew Rasmussen",29,2025,"TB",31,31,0,150,10,5,0,0,0,2.76,47,46,84,14,0,18,184,37,127,5,585,2316
135535,657746,"Joe Ryan",29,2025,"MIN",31,30,0,171,13,10,0,0,0,3.32,69,63,80,32,0,26,248,39,194,12,689,2793
135620,663967,"César Salazar",29,2025,"HOU",1,0,0,1,0,0,0,0,0,0,0,0,0,0,0,0,0,0,0,1,4,11
137713,683021,"Michael Stefanic",29,2025,"TOR",1,0,0,1,0,0,0,0,0,0,0,0,0,0,0,0,0,0,0,0,3,7
139955,681911,"Alex Vesia",29,2025,"LAD",68,0,0,59.7,4,2,5,4,26,3.02,21,20,21,7,0,9,71,22,80,5,237,1023
140256,676254,"Ryan Walker",29,2025,"SF",68,0,0,61.3,5,7,17,7,9,4.11,32,28,40,14,1,4,87,18,60,8,266,1018
140382,681810,"Austin Warren",29,2025,"NYM",5,0,0,9.3,1,0,0,0,0,0.96,1,1,4,0,0,1,8,4,9,0,34,146
141107,642216,"Allan Winans",29,2025,"NYY",3,1,0,9.3,0,1,0,0,0,8.68,11,9,8,2,1,2,23,3,6,2,46,171
147067,688497,"Taylor Rashi",29,2025,"AZ",10,0,0,16.3,0,1,2,1,0,4.41,8,8,12,4,0,0,20,8,22,0,72,319
70342,547001,"Cody Poteet",30,2025,"BAL",1,0,0,2.7,0,0,0,0,0,16.88,5,5,3,2,1,0,10,2,1,0,16,68
100261,608337,"Lucas Giolito",30,2025,"BOS",26,26,0,145,10,4,0,0,0,3.41,62,55,91,22,1,17,206,56,121,1,613,2368
100273,608566,"Germán Márquez",30,2025,"COL",26,26,0,126.3,3,16,0,0,0,6.63,106,93,98,40,6,23,288,48,83,6,591,2085
100368,612434,"Miguel Castro",30,2025,"CWS",6,0,0,6,0,0,0,0,1,7.5,5,5,2,2,0,1,10,5,4,1,28,105
100408,614179,"José Ruiz",30,2025,,18,0,0,16.3,1,0,0,0,3,8.82,17,16,13,7,0,3,39,9,15,0,79,302
100568,621237,"José Alvarado",30,2025,"PHI",28,0,0,26,4,2,7,1,5,3.81,12,11,21,2,0,4,41,7,32,1,114,457
100854,622379,"Luis F. Castillo",30,2025,"SEA",2,2,0,7,0,0,0,0,0,7.71,7,6,9,3,0,0,15,7,5,0,41,168
100957,622503,"Nabil Crismatt",30,2025,"AZ",8,5,0,34,3,0,0,0,0,3.71,20,14,28,4,2,6,66,9,25,1,153,534
101008,622554,"Seranthony Domínguez",30,2025,,67,0,0,62.7,4,4,2,3,20,3.16,30,22,31,8,0,5,67,36,79,2,261,1102
101060,622608,"Antonio Senzatela",30,2025,"COL",30,23,0,130,4,15,0,0,0,6.65,103,96,128,39,3,22,303,47,73,8,618,2283
101165,622761,"Jorge Mateo",30,2025,"BAL",1,0,0,1,0,0,0,0,0,45,5,5,4,0,0,1,8,2,0,1,11,35
101190,622786,"Jesus Tinoco",30,2025,"MIA",20,0,0,19.3,2,1,4,2,4,5.12,12,11,11,4,1,1,26,8,10,0,80,304
101630,624512,"Reese McGuire",30,2025,"CHC",1,0,0,1,0,0,0,0,0,9,1,1,1,0,0,1,5,1,0,0,6,17
101993,640451,"Hunter Harvey",30,2025,"KC",12,0,0,10.7,1,0,0,0,5,0,0,0,6,0,0,0,6,1,11,0,39,167
102555,641482,"Nestor Cortes",30,2025,,8,8,0,34.3,2,4,0,0,0,6.29,24,24,19,4,0,13,79,20,29,2,157,599
102652,641816,"Tyler Mahle",30,2025,"TEX",16,16,0,86.7,6,4,0,0,0,2.18,21,21,51,12,1,5,98,29,66,0,346,1381
102751,642100,"Gabe Speier",30,2025,"SEA",76,0,0,62,4,3,0,6,24,2.61,19,18,25,11,2,5,73,11,82,5,243,921
102764,642133,"Rowdy Tellez",30,2025,"TEX",1,0,0,2,0,0,0,0,0,13.5,3,3,4,0,0,1,8,0,0,1,11,23
102779,642180,"Tyler Wade",30,2025,"SD",1,0,0,1,0,0,0,0,0,9,1,1,1,1,0,0,3,1,0,0,6,18
102785,642207,"Devin Williams",30,2025,"NYY",67,0,0,62,4,6,18,4,15,4.79,37,33,28,11,1,5,73,25,90,4,259,1114
102921,642397,"Gregory Soto",30,2025,,70,0,0,60.3,1,5,1,1,23,4.18,33,28,49,9,0,4,83,24,70,11,279,1031
103038,642528,"Jonathan Loáisiga",30,2025,"NYY",30,0,0,29.7,0,1,1,3,7,4.25,15,14,19,8,0,7,63,10,25,3,135,467
103091,642585,"Félix Bautista",30,2025,"BAL",35,0,0,34.7,1,1,19,1,0,2.6,10,10,9,4,0,3,29,23,50,0,142,627
103420,643396,"Isiah Kiner-Falefa",30,2025,"TOR",1,0,0,0.7,0,0,0,0,0,0,0,0,0,0,0,0,0,0,0,0,2,7
104899,656945,"Tanner Scott",30,2025,"LAD",61,0,0,57,1,4,23,10,8,4.74,33,30,34,7,2,11,98,17,60,4,237,906
105472,641302,"Tyler Alexander",30,2025,,52,5,0,97.7,5,14,1,2,4,4.98,62,54,78,17,3,9,157,30,82,2,423,1585
106129,664854,"Ryan Helsley",30,2025,,58,0,0,56,3,4,21,9,1,4.82,32,30,42,12,0,8,98,25,63,1,252,979
106145,664353,"José Urquidy",30,2025,"DET",2,0,0,2.3,0,0,0,0,1,7.71,2,2,4,0,0,0,4,3,3,0,14,56
106294,664875,"Justin Lawrence",30,2025,"PIT",17,0,0,17.7,1,0,0,1,6,0.51,1,1,5,4,0,0,13,8,23,2,69,270
106490,664948,"Anthony Misiewicz",30,2025,"MIN",5,0,0,4.7,0,0,0,0,1,9.64,5,5,3,0,0,2,11,4,5,0,23,110
106667,623465,"Evan Phillips",30,2025,"LAD",7,0,0,5.7,0,0,1,0,2,0,0,0,4,0,0,0,4,2,6,0,22,92
107174,621111,"Walker Buehler",30,2025,,26,24,0,126,10,7,0,0,0,4.93,73,69,91,16,1,22,214,60,92,11,564,2187
107194,640454,"Matt Krook",30,2025,"ATH",3,0,0,3.3,0,0,0,0,0,5.4,2,2,3,2,0,0,7,1,3,0,15,71
107438,669199,"Lake Bachar",30,2025,"MIA",53,1,0,71,8,2,3,1,6,3.93,34,31,33,9,3,10,100,30,75,3,296,1143
107441,641329,"Bryan Baker",30,2025,,73,0,0,68.7,4,4,3,6,19,4.06,33,31,35,9,2,13,111,17,83,0,274,1099
107467,670280,"David Bednar",30,2025,,64,0,0,62.7,6,5,27,3,4,2.3,18,16,32,8,2,4,70,19,86,1,251,1028
107522,641386,"Ben Bowden",30,2025,"ATH",11,0,0,10.7,0,0,0,0,0,4.22,6,5,1,5,1,2,22,5,7,0,47,187
107554,669203,"Corbin Burnes",30,2025,"AZ",11,11,0,64.3,3,2,0,0,0,2.66,23,19,29,13,0,7,83,26,63,3,265,1009
107636,650644,"Aaron Civale",30,2025,,23,18,0,102,4,9,1,0,0,4.85,59,55,55,26,0,16,171,33,88,7,435,1747
107762,668674,"Lucas Erceg",30,2025,"KC",61,0,0,61.3,8,4,2,5,22,2.64,19,18,40,9,1,4,77,18,48,4,249,963
107918,641656,"Ian Hamilton",30,2025,"NYY",36,1,0,40,2,1,0,0,4,4.28,20,19,18,4,1,5,49,22,42,1,166,641
107920,641658,"Garrett Hampson",30,2025,"STL",1,0,0,1,0,0,0,0,0,0,0,0,0,0,0,0,0,0,0,0,3,3
107951,663321,"Nick Hernandez",30,2025,"HOU",10,0,0,10.7,0,0,0,0,0,5.06,6,6,4,5,0,3,26,8,11,0,52,221
107983,669450,"Cooper Hummel",30,2025,"HOU",1,0,0,1,0,0,0,0,0,36,4,4,3,1,0,1,9,0,0,1,9,17
108053,650633,"Michael King",30,2025,"SD",15,15,1,73.3,5,3,0,0,0,3.44,31,28,38,12,0,12,110,26,76,4,308,1219
108089,669276,"Dylan Lee",30,2025,"ATL",74,0,0,68.3,2,4,2,7,19,3.29,27,25,33,7,0,13,99,14,76,0,266,1102
108112,670032,"Nicky Lopez",30,2025,"LAA",1,0,0,0.3,0,0,0,0,0,0,0,0,0,0,0,0,0,1,0,0,2,8
108169,661527,"Seth Martinez",30,2025,"MIA",6,0,0,6.7,0,0,0,0,0,5.4,4,4,1,1,0,2,11,3,4,0,27,120
108430,615698,"Cal Quantrill",30,2025,,26,26,0,117.7,4,12,0,0,0,6.04,81,79,79,29,6,22,243,35,85,5,513,2001
108507,668670,"Jake Rogers",30,2025,"DET",4,0,0,3.7,0,0,0,0,0,2.45,1,1,4,1,0,0,6,0,0,1,16,49
108753,669711,"Greg Weissert",30,2025,"BOS",72,0,0,67,6,6,4,9,17,2.82,27,21,37,14,0,6,89,21,57,3,278,1069
108774,642215,"Weston Wilson",30,2025,"PHI",2,0,0,3,0,0,0,0,0,0,0,0,3,0,0,0,3,0,0,0,12,36
108818,669211,"Keegan Akin",30,2025,"BAL",64,3,0,63.3,5,4,8,6,16,3.41,28,24,35,9,0,10,93,33,59,1,268,1058
108828,669622,"Anthony Bender",30,2025,"MIA",51,0,0,50,3,5,4,3,19,2.16,13,12,22,7,1,3,51,21,42,2,204,783
108830,669456,"Shane Bieber",30,2025,"TOR",7,7,0,40.3,4,2,0,0,0,3.57,16,16,21,5,0,8,63,7,37,1,159,645
108873,641540,"Dane Dunning",30,2025,,12,0,0,20.7,0,0,2,0,0,6.97,17,16,15,5,0,4,41,7,21,3,95,372
108937,643377,"Griffin Jax",30,2025,,73,2,0,66,1,7,0,6,28,4.23,33,31,44,12,1,7,99,21,99,1,283,1093
108957,641778,"Eric Lauer",30,2025,"TOR",28,15,0,104.7,9,2,0,0,1,3.18,39,37,51,22,2,15,161,26,102,2,426,1682
108977,656716,"Zach McKinstry",30,2025,"DET",1,0,0,0.3,0,0,0,0,0,0,0,0,0,0,0,0,0,0,0,0,1,2
109027,640462,"A.J. Puk",30,2025,"AZ",8,0,0,8,0,0,4,0,2,3.38,3,3,3,3,0,2,17,2,12,1,35,156
109030,670990,"Yohan Ramírez",30,2025,"PIT",24,0,0,33.3,3,3,0,1,1,5.4,25,20,21,8,0,4,53,16,45,4,155,604
109104,669330,"Tyler Wells",30,2025,"BAL",4,4,0,21.7,2,1,0,0,0,2.91,7,7,8,5,0,4,34,2,18,0,82,342
109150,641672,"Thomas Hatch",30,2025,,12,1,0,34,2,1,0,0,0,5.82,23,22,26,7,0,7,68,17,22,0,152,585
109159,641312,"Shaun Anderson",30,2025,"LAA",7,0,0,11.3,1,0,0,1,1,10.32,13,13,13,1,0,6,39,3,11,0,56,216
109502,641401,"Connor Brogdon",30,2025,"LAA",43,0,0,47,3,2,0,0,4,5.36,31,28,23,9,1,11,88,18,49,0,199,840
110119,677161,"Zack Kelly",30,2025,"BOS",28,0,0,35.3,1,3,0,2,3,4.58,21,18,23,9,0,3,53,12,35,3,152,588
110249,676760,"Ron Marinaccio",30,2025,"SD",7,0,0,10.7,0,0,0,0,0,0.84,1,1,6,0,0,0,6,4,12,0,42,164
110298,676801,"Chas McCormick",30,2025,"HOU",3,0,0,3,0,0,0,0,0,6,2,2,3,0,0,0,3,2,1,2,15,54
110462,676617,"Riley O'Brien",30,2025,"STL",42,0,0,48,3,1,6,3,6,2.06,13,11,25,5,1,2,46,22,45,7,199,758
111013,676684,"Will Vest",30,2025,"DET",64,0,0,68.7,6,5,23,7,3,3.01,26,23,47,8,2,4,85,22,75,1,284,1136
111031,677020,"Josh Walker",30,2025,"TOR",3,0,0,5,0,0,0,0,0,7.2,4,4,5,3,0,0,11,2,8,1,25,92
111081,669145,"Bruce Zimmermann",30,2025,"MIL",1,1,0,6,0,1,0,0,0,7.5,6,5,5,0,0,2,13,2,1,0,28,91
111083,676604,"Tyler Zuber",30,2025,,10,0,0,12,0,1,0,0,1,11.25,15,15,8,6,0,3,32,6,14,0,59,245
111185,677976,"Randy Dobnak",30,2025,"MIN",1,0,0,5.3,0,0,0,0,0,1.69,1,1,1,0,0,1,5,2,1,0,19,79
111306,660271,"Shohei Ohtani",30,2025,"LAD",14,14,0,47,1,1,0,0,0,2.87,15,15,31,6,0,3,55,8,62,0,187,751
120416,641585,"J.P. France",30,2025,"HOU",2,0,0,4,1,0,0,0,0,2.25,1,1,1,1,0,0,3,2,5,0,16,76
125575,667463,"John King",30,2025,"STL",51,0,0,48.3,2,1,0,1,3,4.66,30,25,50,7,0,8,96,14,28,0,222,779
134488,642016,"Daniel Robert",30,2025,"PHI",15,0,0,13,0,0,0,0,2,4.15,7,6,7,1,1,2,20,10,15,0,59,255
137496,656986,"Bennett Sousa",30,2025,"HOU",44,0,0,50.7,5,1,4,2,7,2.84,18,16,22,11,0,4,60,15,59,0,199,728
141089,621051,"Steven Wilson",30,2025,"CWS",59,0,0,55.3,2,2,2,7,10,3.42,21,21,36,7,0,7,78,22,51,3,241,974
69377,600917,"José Leclerc",31,2025,"ATH",10,0,0,9,0,1,0,2,1,6,6,6,7,2,1,3,26,5,8,0,46,225
69756,606303,"Joel Payamps",31,2025,,30,0,0,26.3,0,1,1,0,4,6.84,20,20,14,9,4,4,60,9,24,2,117,441
70610,608331,"Max Fried",31,2025,"NYY",32,32,0,195.3,19,5,0,0,0,2.86,73,62,117,26,7,14,246,51,189,10,801,3097
70611,608334,"Carson Fulmer",31,2025,"LAA",13,0,0,29.3,0,0,0,0,0,5.83,19,19,15,4,1,5,46,11,26,0,123,461
70636,608371,"Lucas Sims",31,2025,"WSH",18,0,0,12.3,1,0,0,1,1,13.86,19,19,8,3,1,2,25,14,13,7,72,282
70795,607192,"Tyler Glasnow",31,2025,"LAD",18,18,0,90.3,4,3,0,0,0,3.19,33,32,34,12,0,10,98,43,106,3,366,1479
70913,596133,"Luke Weaver",31,2025,"NYY",64,0,0,64.7,4,4,8,4,21,3.62,28,26,26,10,0,10,86,20,72,1,262,1049
71057,607481,"Aaron Bummer",31,2025,"ATL",42,2,0,54.3,3,2,0,0,2,3.81,27,23,34,12,2,3,76,18,51,11,236,932
71071,607455,"Anthony Banda",31,2025,"LAD",71,1,0,65,5,1,0,1,12,3.18,23,23,26,10,1,8,81,35,61,2,269,1065
71326,605507,"Zach Thompson",31,2025,"ATL",2,0,0,3.7,0,0,0,0,0,0,0,0,0,0,0,0,0,1,3,0,12,60
100518,621107,"Zach Eflin",31,2025,"BAL",14,14,0,71.3,6,5,0,0,0,5.93,48,47,51,19,0,18,161,13,50,2,309,1127
100519,621112,"Paul Blackburn",31,2025,,15,4,0,39,0,3,1,0,0,6.23,29,27,30,7,4,6,80,12,34,1,175,666
100521,621121,"Lance McCullers Jr.",31,2025,"HOU",16,13,0,55.3,2,5,0,0,0,6.67,45,41,38,12,1,10,105,39,61,7,274,1147
100572,621242,"Edwin Díaz",31,2025,"NYM",62,0,0,66.3,6,3,28,3,0,1.63,14,12,27,6,0,4,55,21,98,8,258,1066
100574,621244,"José Berríos",31,2025,"TOR",31,30,0,166,9,5,0,0,0,4.17,86,77,102,30,2,26,272,56,138,7,698,2584
100606,621366,"Ryan Borucki",31,2025,,39,0,0,35,1,3,0,3,7,4.63,20,18,17,8,0,4,49,16,32,1,145,594
100653,621512,"Tomás Nido",31,2025,"DET",1,0,0,1.7,0,0,0,0,0,0,0,0,0,0,0,0,0,0,0,1,6,9
101023,622569,"Pablo Reyes",31,2025,"NYY",1,0,0,1,0,0,0,0,0,27,3,3,2,2,0,1,10,0,0,0,8,18
101074,622663,"Luis Severino",31,2025,"ATH",29,29,0,162.7,8,11,0,0,0,4.54,93,82,111,35,0,16,245,50,124,16,705,2731
101184,622780,"Angel Perdomo",31,2025,"ATH",4,0,0,3.3,0,0,0,0,0,5.4,2,2,2,0,0,0,2,3,2,1,16,72
101249,623167,"Chris Flexen",31,2025,"CHC",21,1,0,43.7,5,1,1,0,0,3.09,18,15,29,2,0,7,61,12,22,0,178,673
101384,623352,"Josh Hader",31,2025,"HOU",48,0,0,52.7,6,2,28,1,0,2.05,16,12,11,10,0,8,63,16,76,2,206,847
101728,625643,"Reynaldo López",31,2025,"ATL",1,1,0,5,0,0,0,0,0,5.4,3,3,7,1,0,1,13,2,1,0,25,94
103789,596295,"Austin Gomber",31,2025,"COL",12,12,0,57.7,0,7,0,0,0,7.49,51,48,46,18,2,16,152,17,34,1,272,999
104921,657024,"Erik Swanson",31,2025,"TOR",6,0,0,5.3,1,0,0,0,0,15.19,9,9,3,3,0,2,17,5,3,1,30,128
104945,657097,"Jacob Webb",31,2025,"TEX",55,0,0,66,5,4,1,2,7,3,24,22,31,8,0,10,87,19,58,2,267,978
105394,656222,"Jalen Beeks",31,2025,"AZ",61,2,0,57.3,5,3,1,2,14,3.77,26,24,25,11,0,6,71,20,47,2,231,916
105635,664141,"JT Brubaker",31,2025,,17,1,0,28.7,0,0,0,0,0,3.77,12,12,17,5,1,0,30,12,22,1,117,469
105642,621114,"Ryan Burr",31,2025,"TOR",2,0,0,2,1,0,0,0,0,0,0,0,1,0,0,0,1,1,3,0,8,34
105739,664076,"Garrett Cleavinger",31,2025,"TB",67,0,0,61.3,2,6,2,4,21,2.35,17,16,25,5,1,9,74,18,82,7,243,874
105904,664123,"Scott Effross",31,2025,"NYY",11,0,0,10.7,0,0,0,0,0,8.44,10,10,8,5,2,1,28,3,6,0,51,156
105933,664126,"Pete Fairbanks",31,2025,"TB",61,0,0,60.3,4,5,27,5,0,2.83,22,19,27,10,1,7,78,18,59,1,244,987
105954,621053,"Tyler Ferguson",31,2025,"ATH",56,0,0,58,4,2,2,3,12,4.66,32,30,31,5,3,4,66,34,54,4,246,990
106036,664139,"Ian Gibaut",31,2025,"CIN",25,0,0,25.3,0,1,0,1,3,4.62,13,13,17,6,0,3,41,8,15,0,109,388
106041,656457,"Tyler Gilbert",31,2025,"CWS",46,5,0,51,4,2,1,0,5,3.88,24,22,24,11,0,5,66,24,49,2,215,837
106140,623474,"Jimmy Herget",31,2025,"COL",59,0,0,83.3,1,2,0,1,9,2.48,24,23,50,15,1,6,107,26,81,7,347,1289
106259,664068,"Scott Kingery",31,2025,"LAA",1,0,0,2,0,0,0,0,0,36,8,8,9,1,0,2,19,0,1,0,18,36
106454,656730,"Trevor Megill",31,2025,"MIL",50,0,0,47,6,3,30,6,0,2.49,16,13,22,11,0,3,56,17,60,0,192,753
106558,621028,"Kevin Newman",31,2025,"LAA",2,0,0,4,0,0,0,0,0,6.75,3,3,0,2,0,2,12,0,0,0,16,34
106664,656848,"Michael Petersen",31,2025,,15,0,0,18,0,0,0,1,2,4,11,8,12,3,0,3,30,7,17,0,79,327
106989,622253,"Dillon Tate",31,2025,"TOR",6,0,0,6.3,0,0,0,0,0,4.26,3,3,6,1,0,1,12,6,8,1,34,139
107018,663423,"Trent Thornton",31,2025,"SEA",33,0,0,42.3,2,0,0,1,5,4.68,23,22,31,3,1,6,64,14,32,4,180,656
107058,664285,"Framber Valdez",31,2025,"HOU",31,31,2,192,13,11,0,0,0,3.66,82,78,119,33,4,15,257,68,187,7,802,2890
107155,664849,"Danny Young",31,2025,"NYM",10,0,0,8.3,0,0,0,0,4,4.32,5,4,9,0,0,0,9,3,13,1,37,158
107263,663399,"Brandon Waddell",31,2025,"NYM",11,1,0,31.3,0,0,0,0,1,3.45,12,12,14,10,1,4,53,11,22,1,134,512
107502,669854,"Ronel Blanco",31,2025,"HOU",9,9,0,48.3,3,4,0,0,0,4.1,22,22,21,9,0,7,67,20,48,0,199,793
107838,670329,"Rico Garcia",31,2025,,29,1,0,34.3,0,2,0,0,10,3.15,12,12,22,3,1,5,51,10,38,0,142,587
107865,664062,"Tony Gonsolin",31,2025,"LAD",7,7,0,36,3,2,0,0,0,5,21,20,21,3,0,9,63,18,38,3,157,609
107925,664129,"Geoff Hartlieb",31,2025,,4,0,0,3.3,0,0,0,0,0,21.6,8,8,4,2,0,2,16,6,5,0,24,109
108066,621139,"Brooks Kriske",31,2025,,16,0,0,18,0,1,0,1,0,7.5,15,15,10,9,0,1,32,15,18,0,88,381
108235,621345,"A.J. Minter",31,2025,"NYM",13,0,0,11,0,0,0,0,7,1.64,2,2,5,1,0,0,7,4,14,0,43,181
108406,621363,"Colin Poche",31,2025,,14,0,0,9.3,1,2,0,0,0,12.54,14,13,6,4,1,1,21,14,11,0,52,244
108560,669947,"Jesse Scholtens",31,2025,"TB",2,0,0,8.3,0,1,0,0,0,5.4,7,5,8,0,0,1,12,3,12,0,38,154
108561,670167,"John Schreiber",31,2025,"KC",74,0,0,64,3,3,1,4,23,3.8,29,27,34,12,1,10,101,19,62,1,265,1047
108893,656464,"Kevin Ginkel",31,2025,"AZ",29,0,0,25.7,1,4,3,1,6,7.36,22,21,20,7,0,2,42,13,29,2,121,491
109484,676961,"Caleb Boushley",31,2025,"TEX",25,1,0,43.3,0,0,1,0,0,6.02,33,29,37,12,0,5,81,14,41,2,193,742
109881,621057,"Justin Garza",31,2025,"NYM",5,0,0,6.7,0,0,0,0,0,5.4,4,4,5,2,0,1,13,1,3,0,28,86
115326,666974,"Yennier Cano",31,2025,"BAL",65,0,0,58,3,7,2,5,17,5.12,36,33,47,7,1,7,92,24,53,3,251,986
120131,680837,"Ryan Fitzgerald",31,2025,"MIN",2,0,0,2.3,0,0,0,0,0,0,0,0,2,0,0,0,2,0,0,0,9,24
125761,657649,"Jared Koenig",31,2025,"MIL",72,0,0,66,6,1,2,2,27,2.86,21,21,39,11,1,6,88,20,68,4,268,1043
130442,682171,"Penn Murfee",31,2025,"CWS",15,0,0,12.7,0,1,0,1,2,7.82,11,11,12,4,0,3,32,5,13,1,63,232
142461,684007,"Shota Imanaga",31,2025,"CHC",25,25,0,144.7,9,8,0,0,0,3.73,62,60,65,20,1,31,232,26,117,1,567,2176
150097,702352,"Spencer Bivens",31,2025,"SF",54,0,0,81,4,3,3,0,4,4.11,42,37,57,16,5,6,128,25,61,5,343,1294
67148,592836,"Taijuan Walker",32,2025,"PHI",34,21,0,123.7,5,8,1,2,2,4.08,62,56,90,20,1,21,217,42,86,4,538,2061
67243,593423,"Frankie Montas",32,2025,"NYM",9,7,0,38.7,3,2,0,0,0,6.28,29,27,26,14,0,8,86,14,32,1,178,708
67588,593958,"Eduardo Rodriguez",32,2025,"AZ",29,29,0,154.3,9,9,0,0,0,5.02,94,86,113,37,3,25,296,60,143,1,694,2589
68087,596142,"Gary Sánchez",32,2025,"BAL",1,0,0,1,0,0,0,0,0,36,4,4,0,1,0,1,6,1,0,1,7,19
69545,605288,"Adrian Houser",32,2025,,21,21,0,125,8,5,0,0,0,3.31,49,46,88,20,4,10,180,38,92,8,518,1892
70188,608032,"Carlos Estévez",32,2025,"KC",67,0,0,66,4,5,42,6,0,2.45,22,18,31,11,1,5,76,22,54,4,269,1043
70271,605483,"Blake Snell",32,2025,"LAD",11,11,0,61.3,5,4,0,0,0,2.35,21,16,38,10,0,3,70,26,72,0,254,1028
70397,595978,"Austin Hedges",32,2025,"CLE",3,0,0,3,0,0,0,0,0,6,2,2,4,2,0,0,8,1,1,0,16,56
70429,605130,"Scott Barlow",32,2025,"CIN",75,1,0,68.3,6,3,1,1,16,4.21,35,32,33,8,1,8,84,45,75,6,303,1274
70445,605242,"Michael Fulmer",32,2025,,3,0,0,5.7,0,0,0,0,0,4.76,3,3,2,3,0,1,12,2,3,0,23,90
70464,605347,"Jorge López",32,2025,"WSH",26,0,0,24.7,6,0,1,3,5,6.57,18,18,20,2,2,1,34,6,17,3,105,384
70485,605452,"Joe Ross",32,2025,"PHI",37,1,0,51,2,1,0,2,1,5.12,30,29,31,17,1,8,100,18,39,3,228,862
70543,607179,"Jordan Weems",32,2025,"HOU",4,0,0,4.3,0,1,0,0,0,14.54,7,7,7,2,0,0,11,3,0,0,23,98
70762,596112,"Robert Stephenson",32,2025,"LAA",12,0,0,10,2,0,0,1,0,2.7,4,3,2,4,0,1,14,3,10,1,42,144
70768,547184,"Michael Kelly",32,2025,"ATH",42,0,0,39.7,4,4,2,1,7,2.95,17,13,19,7,0,5,53,19,29,1,166,658
70798,605540,"Brandon Woodruff",32,2025,"MIL",12,12,0,64.7,7,2,0,0,0,3.2,26,23,29,7,0,9,79,14,83,3,257,964
70822,605280,"Clay Holmes",32,2025,"NYM",33,31,0,165.7,12,8,0,0,0,3.53,74,65,110,25,1,14,219,66,129,13,708,2764
70883,607074,"Carlos Rodón",32,2025,"NYY",33,33,0,195.3,18,9,0,0,0,3.09,74,67,83,27,0,22,225,73,203,9,789,3210
70943,605400,"Aaron Nola",32,2025,"PHI",17,17,0,94.3,5,10,0,0,0,6.01,65,63,59,19,3,18,178,28,97,4,404,1568
70964,607200,"Erick Fedde",32,2025,,32,24,1,141,4,13,0,0,1,5.49,90,86,94,32,2,19,240,67,83,3,623,2369
70966,595897,"Nick Burdi",32,2025,"BOS",4,0,0,5.3,0,0,0,0,0,0,0,0,4,1,0,0,6,2,5,0,21,83
71017,596001,"Jakob Junis",32,2025,"CLE",57,0,0,66.7,4,1,0,0,6,2.97,24,22,46,11,2,5,94,18,55,4,274,1032
71042,595928,"John Curtiss",32,2025,"AZ",30,0,0,36.7,3,2,1,0,3,3.93,18,16,16,8,0,5,52,5,24,0,141,545
71098,607536,"Kyle Freeland",32,2025,"COL",31,31,0,162.7,5,17,0,0,0,4.98,105,90,132,34,5,22,303,38,124,6,709,2482
71245,596103,"Austin Slater",32,2025,"NYY",1,0,0,0.7,0,0,0,0,0,0,0,0,1,0,0,0,1,0,0,0,3,10
100945,622491,"Luis Castillo",32,2025,"SEA",32,32,0,180.7,11,8,0,0,0,3.54,76,71,108,34,3,23,277,46,162,7,745,2988
101621,624431,"Jose Trevino",32,2025,"CIN",2,0,0,2.3,0,0,0,0,0,3.86,1,1,2,2,0,0,6,1,1,0,12,47
102032,592254,"José De León",32,2025,"BOS",1,1,0,6.7,1,0,0,0,0,4.05,3,3,7,0,0,1,11,3,8,0,28,101
102061,601713,"Nick Pivetta",32,2025,"SD",31,31,0,181.7,13,5,0,0,0,2.92,63,59,87,19,2,22,219,50,190,3,721,2851
103808,605447,"Jordan Romano",32,2025,"PHI",49,0,0,42.7,2,4,8,3,7,8.23,40,39,26,9,0,10,84,17,47,3,187,701
103809,605513,"Spencer Turnbull",32,2025,"TOR",3,1,0,6.3,1,1,0,0,0,7.11,5,5,9,1,1,1,18,4,4,0,33,125
104719,656186,"Dan Altavilla",32,2025,"CWS",28,0,0,29,0,1,2,0,2,2.48,9,8,10,5,0,4,36,15,21,4,120,456
104777,656420,"J.P. Feyereisen",32,2025,,4,0,0,4,0,2,0,0,0,11.25,7,5,6,3,0,2,20,1,4,0,23,81
104863,656794,"Sean Newcomb",32,2025,,48,5,0,92.3,2,5,2,0,4,2.73,36,28,74,15,0,5,124,31,91,5,391,1545
105016,657424,"Matt Gage",32,2025,,33,2,0,31,0,1,0,1,2,3.19,11,11,28,7,0,0,42,12,27,2,137,531
105101,657585,"Reed Garrett",32,2025,"NYM",58,1,0,55.3,3,6,3,7,20,3.9,27,24,30,12,0,5,74,26,64,1,238,979
105425,656546,"Jeff Hoffman",32,2025,"TOR",71,0,0,68,9,7,33,7,0,4.37,34,33,25,14,0,15,113,27,84,4,287,1128
105736,664199,"Taylor Clarke",32,2025,"KC",51,0,0,55.3,1,1,1,1,5,3.25,20,20,23,6,1,8,70,9,44,1,206,867
106414,664208,"Phil Maton",32,2025,,63,0,0,61.3,4,5,5,5,22,2.79,21,19,27,12,0,3,63,24,81,7,249,1013
106709,663432,"Tanner Rainey",32,2025,,13,0,0,9.7,0,1,0,1,2,11.17,12,12,6,2,0,0,10,9,11,1,47,201
106870,642048,"Tayler Saucedo",32,2025,"SEA",10,0,0,13.3,0,0,0,0,0,8.1,12,12,14,3,0,2,28,6,12,1,66,232
106950,605488,"Jeffrey Springs",32,2025,"ATH",32,30,0,171,11,11,0,0,0,4.11,90,78,89,36,0,28,273,54,138,3,713,2847
107792,670036,"Matt Festa",32,2025,"CLE",63,0,0,54.7,5,4,0,2,12,4.12,29,25,33,6,1,4,64,15,56,5,226,817
108123,664192,"Joey Lucchesi",32,2025,"SF",38,0,0,38.3,0,1,0,0,6,3.76,17,16,22,8,1,4,57,12,31,2,165,632
109041,670950,"Trevor Richards",32,2025,,5,0,0,5.7,0,0,0,0,0,7.94,5,5,9,2,0,0,13,2,5,0,29,116
109203,606996,"Kyle Hart",32,2025,"SD",20,6,0,43,3,3,0,0,2,5.86,28,28,21,8,0,9,73,13,37,2,179,691
109313,669920,"Jason Alexander",32,2025,,18,13,0,77.3,4,2,1,0,0,4.77,45,41,49,14,2,15,143,26,65,3,336,1252
136521,673540,"Kodai Senga",32,2025,"NYM",22,22,0,113.3,7,6,0,0,0,3.02,44,38,52,24,6,12,166,55,109,3,482,1901
147894,691094,"Randy Wynne",32,2025,"CIN",1,0,0,3,0,0,1,0,0,3,1,1,1,1,0,1,7,1,3,0,13,47
59660,571771,"Enrique Hernández",33,2025,"LAD",5,0,0,5.3,0,0,0,0,0,15.19,11,9,8,2,0,1,16,8,1,0,37,125
66311,570632,"José Ureña",33,2025,,19,6,0,55,0,1,1,0,0,4.58,29,28,33,15,1,8,98,23,34,3,245,934
67083,592662,"Robbie Ray",33,2025,"SF",32,32,1,182.3,11,8,0,0,0,3.65,81,74,85,39,2,22,257,73,186,4,755,3069
67560,593833,"Wander Suero",33,2025,"ATL",5,0,0,6.3,0,0,0,0,0,11.37,8,8,6,1,0,3,20,4,7,0,32,142
67604,593974,"Wandy Peralta",33,2025,"SD",71,1,0,71.7,6,1,0,1,4,3.14,29,25,46,13,2,5,98,30,63,2,313,1138
68444,547179,"Michael Lorenzen",33,2025,"KC",27,26,0,141.7,7,11,0,0,1,4.64,76,73,90,30,4,25,262,39,127,6,606,2318
68490,592094,"Jason Adam",33,2025,"SD",65,0,0,65.3,8,4,0,2,29,1.93,18,14,41,5,0,4,67,25,70,3,270,1090
68564,592351,"Jon Gray",33,2025,"TEX",6,0,0,14,1,1,0,2,0,7.71,12,12,7,3,0,5,33,6,12,0,63,210
68592,592426,"Luke Jackson",33,2025,,52,0,0,51,2,5,9,2,4,4.06,30,23,33,4,0,4,57,28,38,3,219,782
68691,592773,"Ryne Stanek",33,2025,"NYM",65,0,0,56,4,6,3,6,11,5.46,39,34,38,10,1,7,89,32,58,0,255,1063
68692,592779,"Brock Stewart",33,2025,,43,0,0,37.7,2,2,0,1,16,2.63,11,11,24,4,1,3,47,13,44,4,159,610
68694,592791,"Jameson Taillon",33,2025,"CHC",23,23,0,129.7,11,7,0,0,0,3.68,54,53,61,23,2,24,209,27,98,0,519,1979
68781,594902,"Ben Lively",33,2025,"CLE",9,9,0,44.7,2,2,0,0,0,3.22,16,16,24,8,0,6,64,15,29,0,178,717
68933,595345,"Steven Okert",33,2025,"HOU",68,1,0,71.7,3,2,1,2,10,3.01,25,24,31,8,0,6,71,19,84,2,276,1052
70486,605463,"Tayler Scott",33,2025,,24,0,0,27.3,1,2,0,1,3,7.9,25,24,17,9,2,6,65,18,24,1,134,536
71343,605218,"Carl Edwards Jr.",33,2025,,4,0,0,6,0,0,0,0,0,4.5,3,3,3,0,0,1,7,3,6,0,24,90
100206,592866,"Trevor Williams",33,2025,"WSH",17,17,0,82.7,3,10,0,0,0,6.21,59,57,74,18,3,11,163,21,65,2,373,1448
100612,621381,"Matt Strahm",33,2025,"PHI",66,0,0,62.3,2,3,6,4,22,2.74,22,19,29,11,2,5,77,20,70,2,256,993
102028,592155,"Cam Booser",33,2025,"CWS",39,0,0,31,2,4,1,3,9,5.52,22,19,15,5,0,8,57,19,35,2,143,575
102052,594580,"Sam Moll",33,2025,"CIN",23,0,0,18.3,1,0,0,0,2,6.38,16,13,7,5,0,4,33,10,22,0,81,332
102428,640448,"Kyle Finnegan",33,2025,,56,0,0,57,4,4,24,7,3,3.47,24,22,30,8,3,4,71,18,55,1,229,846
102658,641835,"Tim Mayza",33,2025,,15,0,0,16.7,0,0,0,0,0,3.78,7,7,11,4,0,2,27,5,15,2,74,301
102770,642152,"Lou Trivino",33,2025,,47,2,0,47.7,3,2,0,2,5,3.97,23,21,34,5,1,6,71,18,37,6,207,841
102796,642239,"Rob Zastryzny",33,2025,"MIL",26,1,0,22,2,1,0,1,2,2.45,7,6,12,2,0,3,28,10,20,1,93,347
103721,640455,"Sean Manaea",33,2025,"NYM",15,12,0,60.7,2,4,0,0,0,5.64,38,38,37,11,1,13,114,12,75,7,263,1095
103842,621383,"Tanner Banks",33,2025,"PHI",69,1,0,67.3,6,2,1,3,10,3.07,24,23,39,6,2,9,93,12,61,1,267,1084
103929,642232,"Ryan Yarbrough",33,2025,"NYY",19,8,0,64,3,1,1,0,0,4.36,31,31,37,7,1,13,106,19,55,2,264,1017
104735,656257,"Jeff Brigham",33,2025,"AZ",4,0,0,3.3,0,0,0,0,0,8.1,3,3,6,0,0,1,10,1,3,0,18,63
104928,657044,"Ryan Thompson",33,2025,"AZ",48,0,0,41.3,3,2,1,3,17,3.92,21,18,31,7,0,4,61,13,36,2,175,651
104993,657240,"Julian Merryweather",33,2025,"CHC",21,0,0,18.7,0,1,0,0,8,5.79,13,12,15,5,1,2,36,11,15,0,88,353
105056,657514,"Brennan Bernardino",33,2025,"BOS",55,3,0,51.7,4,3,1,0,2,3.14,23,18,30,8,0,1,50,27,43,3,225,833
110477,672391,"Kaleb Ort",33,2025,"HOU",49,0,0,46,2,2,1,0,3,4.89,26,25,21,6,0,8,65,27,49,0,194,788
58533,527048,"Martín Pérez",34,2025,"CWS",11,10,0,56,1,6,0,0,0,3.54,23,22,23,10,1,6,70,22,44,2,228,898
59592,571466,"Tucker Barnhart",34,2025,"TEX",1,0,0,2,0,0,0,0,0,13.5,3,3,4,1,0,0,6,0,0,1,11,22
60626,571946,"Shelby Miller",34,2025,,48,0,0,46,4,3,10,5,9,2.74,17,14,23,5,0,5,53,15,54,4,186,701
66174,554340,"Yimi García",34,2025,"TOR",22,0,0,21,1,2,3,4,6,3.86,10,9,10,1,0,2,20,12,25,1,90,359
66214,554431,"Tyler Matzek",34,2025,"NYY",7,0,0,6.3,0,0,0,0,0,4.26,3,3,7,4,0,0,15,5,7,0,35,127
68557,592332,"Kevin Gausman",34,2025,"TOR",32,32,1,193,10,11,0,0,0,3.59,79,77,98,34,2,21,256,50,189,3,775,3030
68565,643338,"Chad Green",34,2025,"TOR",45,0,0,43.7,3,2,1,0,7,5.56,28,27,31,6,0,14,99,13,35,2,190,710
69637,606160,"Rafael Montero",34,2025,,59,0,0,60.3,1,2,0,1,8,4.48,34,30,26,11,0,5,68,37,58,0,253,1088
69887,607259,"Nick Martinez",34,2025,"CIN",40,26,0,165.7,11,14,0,0,5,4.45,86,82,91,44,1,22,270,42,116,6,683,2578
70293,542888,"Shawn Armstrong",34,2025,"TEX",71,2,0,74,4,3,9,3,12,2.31,21,19,25,8,2,5,67,20,74,6,284,1117
70361,571948,"Hoby Milner",34,2025,"TEX",73,0,0,70.3,3,4,0,4,18,3.84,35,30,47,14,2,5,101,21,58,2,293,1157
70371,573186,"Marcus Stroman",34,2025,"NYY",9,9,0,39,3,2,0,0,0,6.23,27,27,27,11,0,6,73,16,26,2,175,704
70437,605182,"Mike Clevinger",34,2025,"CWS",8,0,0,5.7,0,2,0,0,2,7.94,5,5,4,1,0,0,6,8,3,0,31,114
70514,606965,"Chris Devenski",34,2025,"NYM",13,1,0,16.7,0,0,0,0,2,2.16,4,4,5,4,0,1,17,5,14,2,65,262
70641,608379,"Michael Wacha",34,2025,"KC",31,31,0,172.7,10,13,0,0,0,3.86,74,74,116,29,6,15,252,45,126,4,716,2665
99821,571927,"Steven Matz",34,2025,,53,2,0,76.7,5,2,2,4,13,3.05,31,26,48,13,3,8,115,11,59,2,309,1160
99839,572955,"Pierce Johnson",34,2025,"ATL",65,0,0,59,3,3,1,3,16,3.05,21,20,35,8,1,8,86,19,59,1,238,968
99874,571760,"Andrew Heaney",34,2025,,27,23,0,122.3,5,10,0,0,0,5.52,77,75,69,34,1,25,240,40,86,9,536,2080
99953,573262,"Mike Yastrzemski",34,2025,"SF",1,0,0,1,0,0,0,0,0,18,2,2,1,1,0,0,3,1,0,1,7,21
99954,573124,"Taylor Rogers",34,2025,,57,0,0,50.7,3,2,0,2,10,3.38,25,19,26,13,1,7,83,23,53,3,221,894
100036,571912,"Luke Maile",34,2025,"KC",1,0,0,1,0,0,0,0,0,0,0,0,0,0,0,0,0,1,0,0,4,13
100110,573009,"Joe Mantiply",34,2025,"AZ",10,0,0,9.7,0,1,0,1,0,15.83,17,17,17,4,0,5,45,3,8,1,58,192
100171,571657,"Kyle Farmer",34,2025,"COL",1,0,0,1,0,0,0,0,0,9,1,1,2,0,0,1,6,0,0,0,5,7
100294,608650,"Dietrich Enns",34,2025,,24,3,0,46.3,3,3,2,0,4,4.27,25,22,36,7,1,6,77,15,49,0,200,741
100300,608671,"Travis Jankowski",34,2025,"NYM",1,0,0,1,0,0,0,0,0,18,2,2,2,0,0,0,2,1,0,1,6,13
100323,608717,"Chris Stratton",34,2025,,15,0,0,21,0,0,0,0,0,7.71,20,18,21,5,2,4,53,10,22,0,104,411
100544,621199,"Matt Bowman",34,2025,"BAL",20,0,0,24.7,0,1,0,0,0,6.2,18,17,17,10,0,4,53,6,18,2,114,447
101250,623168,"Tyler Heineman",34,2025,"TOR",3,0,0,3.3,0,0,0,0,0,32.4,12,12,12,2,0,1,20,0,0,2,27,58
102011,571510,"Matthew Boyd",34,2025,"CHC",31,31,0,179.7,14,8,0,0,0,3.21,69,64,107,25,3,19,242,42,154,9,718,2746
102077,608665,"Kendall Graveman",34,2025,"AZ",19,0,0,17.7,1,0,0,0,1,7.13,14,14,11,9,1,2,40,12,9,1,82,324
102190,623437,"Justin Topa",34,2025,"MIN",54,1,0,60,1,5,4,4,4,3.9,32,26,49,17,0,2,91,18,49,4,268,978
102634,641755,"Tyler Kinley",34,2025,,73,0,0,72.7,6,3,3,3,14,3.96,35,32,36,11,0,6,82,33,73,3,308,1228
102705,641941,"Emilio Pagán",34,2025,"CIN",70,0,0,68.7,2,4,32,6,2,2.88,26,22,20,11,0,10,82,22,81,2,270,1068
103395,643361,"Kevin Herget",34,2025,,7,0,0,13,0,0,0,0,0,2.77,5,4,8,4,0,0,16,5,6,0,56,216
103426,643410,"Mark Leiter Jr.",34,2025,"NYY",59,0,0,48.3,6,7,2,4,14,4.84,31,26,41,10,1,5,84,17,54,4,219,832
103494,643511,"Tyler Rogers",34,2025,,81,0,0,77.3,4,6,0,2,32,1.98,20,17,54,7,1,4,87,7,48,1,299,978
107196,623433,"Nick Anderson",34,2025,"COL",12,0,0,14.7,0,0,0,0,0,6.14,10,10,10,4,0,3,30,3,10,0,62,241
108282,667297,"Tommy Nance",34,2025,"TOR",30,0,0,31.7,2,0,0,0,5,1.99,11,7,23,2,0,0,27,7,32,1,126,461
125512,579328,"Yusei Kikuchi",34,2025,"LAA",33,33,0,178.3,7,11,0,0,0,3.99,87,79,120,35,1,24,289,74,174,3,772,3094
138046,663158,"Robert Suarez",34,2025,"SD",70,0,0,69.7,4,6,40,5,0,2.97,24,23,34,6,1,6,73,16,75,2,269,1072
55769,518585,"Fernando Cruz",35,2025,"NYY",49,0,0,48,3,4,2,1,16,3.56,21,19,21,7,0,5,55,24,72,3,200,792
57820,543135,"Nathan Eovaldi",35,2025,"TEX",22,22,1,130,11,3,0,0,0,1.73,28,25,59,20,1,10,142,21,129,7,496,1918
58343,543391,"Casey Kelly",35,2025,"AZ",2,0,0,1.7,0,0,0,0,0,0,0,0,1,0,0,0,1,1,0,0,6,24
58715,544150,"Albert Suárez",35,2025,"BAL",5,1,0,11.7,2,0,0,0,0,2.31,4,3,6,2,1,0,13,2,10,1,44,173
58750,543859,"Michael Tonkin",35,2025,"MIN",21,0,0,24,2,1,0,1,2,4.88,13,13,12,5,0,3,34,8,19,5,103,397
59012,541640,"Erasmo Ramírez",35,2025,"MIN",9,0,0,11,0,1,1,0,0,2.45,4,3,7,1,0,2,17,2,5,0,42,158
59541,552640,"Andrew Kittredge",35,2025,,54,0,0,53,4,3,5,1,15,3.4,22,20,26,6,2,7,72,11,64,0,208,768
59626,571578,"Patrick Corbin",35,2025,"TEX",31,30,1,155.3,7,11,0,0,0,4.4,79,76,106,31,2,21,258,51,131,3,663,2588
61025,476594,"Robert Stock",35,2025,"BOS",2,0,0,2.7,0,0,0,0,0,10.13,3,3,3,0,0,1,7,4,1,0,15,59
65851,518397,"Scott Alexander",35,2025,,21,0,0,17.7,1,1,0,1,3,6.11,12,12,9,9,0,5,47,9,8,1,81,313
65947,542881,"Tyler Anderson",35,2025,"LAA",26,26,0,136.3,2,8,0,0,0,4.56,73,69,75,29,3,28,254,57,104,3,599,2339
66213,554430,"Zack Wheeler",35,2025,"PHI",24,24,1,149.7,10,5,0,0,0,2.71,48,45,65,21,2,19,189,33,195,8,585,2394
67028,592454,"Tommy Kahnle",35,2025,"DET",66,0,0,63,1,5,9,5,16,4.43,32,31,33,8,2,8,87,31,50,1,267,1035
68419,534910,"Jesse Hahn",35,2025,"SEA",3,0,0,5,0,1,0,0,0,5.4,4,3,5,0,0,1,9,5,3,1,25,79
69159,542932,"Jon Berti",35,2025,"CHC",4,0,0,3.7,0,0,0,0,0,7.36,3,3,2,2,0,0,6,4,0,0,19,51
69172,543294,"Kyle Hendricks",35,2025,"LAA",31,31,0,164.7,8,10,0,0,0,4.76,92,87,102,37,3,25,285,43,114,5,695,2573
69177,543518,"Scott McGough",35,2025,,13,0,0,16,0,0,0,0,0,6.75,12,12,8,6,0,4,36,7,16,1,75,297
69837,606930,"Jacob Barnes",35,2025,"TOR",6,0,0,8,0,1,0,0,0,9,9,8,8,1,0,1,14,3,5,0,36,146
69856,607067,"Colin Rea",35,2025,"CHC",32,27,0,159.3,11,7,1,0,0,3.95,73,70,103,29,2,20,247,44,127,6,662,2534
70069,607625,"Seth Lugo",35,2025,"KC",26,26,0,145.3,8,7,0,0,0,4.15,70,67,82,23,1,27,239,55,125,6,611,2380
70306,543243,"Sonny Gray",35,2025,"STL",32,32,1,180.7,14,8,0,0,0,4.28,93,86,124,31,4,25,298,38,201,3,753,2719
70432,605154,"John Brebbia",35,2025,,22,0,0,23.3,1,1,0,0,2,7.71,23,20,16,7,0,5,50,12,26,4,115,459
70436,605177,"Andrew Chafin",35,2025,,42,0,0,33.7,1,1,0,0,4,2.41,11,9,26,1,0,2,36,19,36,0,143,614
70637,608372,"Tomoyuki Sugano",35,2025,"BAL",30,30,0,157,10,10,0,0,0,4.7,85,82,116,21,3,33,299,36,106,8,675,2564
70803,543101,"Anthony DeSclafani",35,2025,"AZ",13,4,0,38.7,1,2,2,0,1,5.12,23,22,18,8,0,11,78,12,36,5,169,634
71054,543592,"Austin Nola",35,2025,"COL",1,0,0,1,0,0,0,0,0,72,8,8,2,4,0,2,18,0,0,0,11,29
71213,607732,"Jacob Stallings",35,2025,"COL",1,0,0,2,0,0,0,0,0,4.5,1,1,1,1,0,0,3,0,1,0,8,26
99616,543056,"Danny Coulombe",35,2025,,55,1,0,43,2,1,2,0,9,2.3,11,11,25,4,0,3,45,18,43,0,176,714
100324,608718,"Brent Suter",35,2025,"CIN",48,3,0,67.7,1,2,0,1,0,4.52,38,34,47,10,1,11,114,18,53,2,291,1116
101231,623149,"Paul Sewald",35,2025,,22,0,0,19.7,1,1,2,2,4,4.58,11,10,11,3,0,4,33,6,20,0,81,316
101287,623211,"Huascar Brazobán",35,2025,"NYM",52,3,0,63,5,2,2,4,12,3.57,29,25,37,7,1,6,78,27,57,4,262,1011
102294,628452,"Raisel Iglesias",35,2025,"ATL",70,0,0,67.3,4,6,29,5,2,3.21,25,24,31,12,0,8,87,17,73,2,267,966
102757,642121,"Cole Sulser",35,2025,"TB",18,0,0,22.7,2,1,0,1,0,1.99,5,5,17,2,0,1,25,7,22,0,90,387
105123,657612,"Tim Hill",35,2025,"NYY",70,0,0,67,4,4,0,0,15,3.09,27,23,41,9,0,8,91,16,37,0,269,899
51611,500743,"Miguel Rojas",36,2025,"LAD",4,0,0,5,0,0,0,0,0,12.6,7,7,5,3,0,3,23,2,0,1,28,69
51645,500779,"Jose Quintana",36,2025,"MIL",24,24,0,131.7,11,7,0,0,0,3.96,65,58,86,16,0,18,190,50,89,5,556,2174
56426,521230,"Liam Hendriks",36,2025,"BOS",14,0,0,13.7,0,2,0,0,0,6.59,11,10,10,0,0,2,18,7,12,1,59,232
57557,519326,"Hunter Strickland",36,2025,"LAA",19,0,0,22,1,2,1,1,2,3.27,9,8,9,6,0,2,29,10,14,0,91,332
58436,519008,"T.J. McFarland",36,2025,"ATH",27,0,0,15.7,0,0,0,1,7,6.89,12,12,17,4,3,2,42,3,7,1,74,272
58552,519151,"Ryan Pressly",36,2025,"CHC",44,0,0,41.3,2,3,5,2,7,4.35,24,20,32,8,0,6,72,17,28,2,182,661
60625,571945,"Miles Mikolas",36,2025,"STL",31,31,0,156.3,8,11,0,0,0,4.84,87,84,94,42,4,29,306,37,100,3,669,2483
65751,519242,"Chris Sale",36,2025,"ATL",21,20,0,125.7,7,5,0,0,0,2.58,38,36,72,15,4,11,158,32,165,11,510,2031
65879,518876,"Merrill Kelly",36,2025,,32,32,0,184,12,9,0,0,0,3.52,79,72,96,35,3,23,267,48,167,2,748,2832
67355,593576,"Héctor Neris",36,2025,,35,0,0,26.7,3,2,0,2,7,6.75,25,20,14,9,0,6,56,16,35,1,124,542
68404,519141,"Drew Pomeranz",36,2025,"CHC",57,4,0,49.7,2,2,1,2,14,2.17,14,12,31,2,0,5,55,15,57,5,203,800
69516,605135,"Chris Bassitt",36,2025,"TOR",32,31,1,170.3,11,9,0,0,0,3.96,80,75,118,31,3,22,277,52,166,13,736,2829
47965,445276,"Kenley Jansen",37,2025,"LAA",62,0,0,59,5,4,29,1,0,2.59,18,17,23,5,1,8,68,19,57,1,234,865
49786,477132,"Clayton Kershaw",37,2025,"LAD",23,22,0,112.7,11,2,0,0,0,3.36,46,42,70,22,2,8,152,35,84,2,463,1770
53014,547973,"Aroldis Chapman",37,2025,"BOS",67,0,0,61.3,5,3,32,2,4,1.17,9,8,20,5,0,3,42,15,85,0,228,917
55617,518489,"Ryan Brasier",37,2025,"CHC",28,1,0,26,0,1,0,0,4,4.5,13,13,18,7,0,2,40,5,20,0,105,404
58350,518886,"Craig Kimbrel",37,2025,,14,0,0,12,0,1,0,0,2,2.25,4,3,7,0,0,2,15,7,17,0,49,230
59179,458677,"Justin Wilson",37,2025,"BOS",61,0,0,48.3,4,1,0,4,19,3.35,22,18,35,10,0,3,67,20,57,2,207,816
59507,548384,"Brooks Raley",37,2025,"NYM",30,0,0,25.7,3,1,0,0,10,2.45,7,7,9,5,0,0,19,6,25,2,99,388
65801,502043,"Kyle Gibson",37,2025,"BAL",4,4,0,12.3,0,3,0,0,0,16.78,23,23,14,6,2,7,60,7,10,0,73,280
67740,594798,"Jacob deGrom",37,2025,"TEX",30,30,0,172.7,12,8,0,0,0,2.97,57,57,76,19,1,26,221,37,185,3,669,2614
68099,596271,"Casey Lawrence",37,2025,,6,0,0,17.7,1,2,0,0,0,4.08,15,8,18,6,0,2,38,1,7,1,80,276
68804,595014,"Blake Treinen",37,2025,"LAD",32,0,0,26.7,2,7,2,3,10,5.4,18,16,21,5,0,4,47,19,36,2,129,511
102254,628317,"Kenta Maeda",37,2025,"DET",7,0,0,8,0,0,0,0,0,7.88,8,7,5,3,0,1,15,6,8,3,43,170
47229,471911,"Carlos Carrasco",38,2025,,11,9,0,45.7,2,2,0,0,0,7.09,36,36,35,15,1,10,108,17,34,0,212,779
49727,472610,"Luis García",38,2025,,58,0,0,55.3,2,2,2,1,12,3.42,23,21,36,15,2,2,80,26,48,0,233,897
53155,506433,"Yu Darvish",38,2025,"SD",15,15,0,72,5,5,0,0,0,5.38,44,43,36,15,1,14,125,19,68,6,296,1158
58453,489119,"Wade Miley",38,2025,"CIN",3,2,0,12,1,0,0,0,0,6.75,9,9,10,2,0,3,26,6,7,1,55,205
59239,489446,"Kirby Yates",38,2025,"LAD",50,0,0,41.3,4,3,3,2,15,5.23,26,24,12,17,0,9,82,18,52,1,179,762
60922,573204,"Caleb Thielbar",38,2025,"CHC",67,0,0,58,3,4,1,3,25,2.64,17,17,23,9,1,5,64,13,56,0,220,839
51434,493603,"Adam Ottavino",39,2025,"NYY",3,0,0,1.7,0,0,0,0,0,0,0,0,0,0,0,0,0,4,3,0,9,42
54159,455119,"Chris Martin",39,2025,"TEX",49,0,0,42.3,2,6,2,3,13,2.98,18,14,34,3,0,6,64,7,43,1,173,633
56753,453286,"Max Scherzer",40,2025,"TOR",17,17,0,85,5,5,0,0,0,5.19,49,49,47,21,0,19,165,23,82,2,358,1390
57235,502085,"David Robertson",40,2025,"PHI",20,0,0,17.7,2,0,2,1,10,4.08,9,8,10,4,0,4,34,8,22,0,78,304
47279,445926,"Jesse Chavez",41,2025,"ATL",4,0,0,8,0,1,0,0,0,9,8,8,6,4,0,4,30,5,8,0,43,171
48258,450203,"Charlie Morton",41,2025,,33,27,0,142,9,11,0,0,0,5.83,94,92,95,31,3,23,258,72,149,14,654,2548
45613,434378,"Justin Verlander",42,2025,"SF",29,29,0,152,4,11,0,0,0,3.91,74,66,98,41,1,16,247,52,137,6,662,2608
36959,448179,"Rich Hill",45,2025,"KC",2,2,0,9,0,2,0,0,0,5,7,5,6,1,0,2,16,8,4,0,43,171