"bpid","mlbid","Name","Age","Season","Team","G","GS","CG","IP","W","L","SV","BS","HLD","ERA","R","ER","1B","2B","3B","HR","TB","BB","K","HBP","TBF","Pitches"
110215,672773,"Elvis Luciano",19,2019,"TOR",25,0,0,33.7,1,0,0,0,0,5.35,20,20,21,11,0,4,59,24,27,3,159,635
106074,660813,"Brusdar Graterol",20,2019,"MIN",10,0,0,9.7,1,1,0,0,1,4.66,5,5,8,1,0,1,14,2,10,1,40,144
108274,662253,"Andrés Muñoz",20,2019,"SD",22,0,0,23,1,1,1,1,8,3.91,10,10,8,6,0,2,28,11,30,0,97,416
109125,670970,"Adrian Morejon",20,2019,"SD",5,2,0,8,0,0,0,0,0,10.13,9,9,8,6,0,1,24,3,9,0,42,154
105737,661403,"Emmanuel Clase",21,2019,"TEX",21,1,0,23.3,2,3,1,0,4,2.31,8,6,11,6,1,2,34,6,21,1,94,345
106940,647336,"Michael Soroka",21,2019,"ATL",29,29,0,174.7,13,4,0,0,0,2.68,56,52,116,21,2,14,220,41,142,7,701,2553
106975,660761,"José Suarez",21,2019,"LAA",19,15,0,81,2,6,0,0,0,7.11,67,64,60,17,0,23,186,33,72,10,375,1485
107151,660623,"Huascar Ynoa",21,2019,"ATL",2,0,0,3,0,0,0,0,0,18,6,6,3,2,0,1,11,1,3,0,16,66
107170,663465,"Kolby Allard",21,2019,"TEX",9,9,0,45.3,4,2,0,0,0,4.96,26,25,40,7,2,3,72,19,33,2,208,837
108971,669160,"Dustin May",21,2019,"LAD",14,4,0,34.7,2,3,0,1,4,3.63,17,14,25,6,0,2,45,5,32,4,141,566
109108,669060,"Bryse Wilson",21,2019,"ATL",6,4,0,20,1,1,0,0,0,7.2,18,16,10,10,1,5,53,10,16,0,93,356
109135,666200,"Jesús Luzardo",21,2019,"OAK",6,0,0,12,0,0,2,0,2,1.5,2,2,2,2,0,1,10,3,16,1,46,171
101992,628711,"Julio Urías",22,2019,"LAD",37,8,0,79.7,4,3,4,1,8,2.49,28,22,40,9,3,7,95,27,85,5,326,1344
103054,642545,"Jaime Barria",22,2019,"LAA",19,13,0,82.7,4,10,0,0,0,6.42,61,59,43,23,2,24,191,27,75,2,365,1498
103055,642546,"Jonathan Hernández",22,2019,"TEX",9,2,0,16.7,2,1,0,0,1,4.32,10,8,10,1,0,3,24,13,19,0,78,332
104168,650382,"Darwinzon Hernández",22,2019,"BOS",29,1,0,30.3,0,1,0,0,4,4.45,18,15,16,10,0,1,40,26,57,3,147,681
104258,650556,"Bryan Abreu",22,2019,"HOU",7,0,0,8.7,0,0,0,0,0,1.04,1,1,3,1,0,0,5,3,13,0,32,146
104481,650893,"Génesis Cabrera",22,2019,"STL",13,2,0,20.3,0,2,1,0,2,4.87,16,11,17,4,0,2,33,11,19,2,99,372
104739,656271,"Brock Burke",22,2019,"TEX",6,6,0,26.7,0,2,0,0,0,7.43,22,22,18,6,0,6,54,11,14,2,120,476
105007,657277,"Logan Webb",22,2019,"SF",8,8,0,39.7,2,3,0,0,0,5.22,25,23,28,9,2,5,72,14,37,1,174,676
105304,658305,"Edgar García",22,2019,"PHI",37,0,0,39,2,0,0,0,2,5.77,25,25,22,5,0,11,76,26,44,0,172,723
105329,658551,"Junior Fernández",22,2019,"STL",13,0,0,11.7,0,1,0,3,0,5.4,7,7,7,0,0,2,15,6,16,4,54,218
105477,663531,"Logan Allen",22,2019,,9,4,0,27.7,2,3,0,0,0,6.18,20,19,21,10,1,4,60,13,17,2,127,449
105525,658648,"Pedro Avila",22,2019,"SD",1,1,0,5.3,0,0,0,0,0,1.69,1,1,4,0,0,0,4,2,5,1,23,85
105866,660546,"Yennsy Díaz",22,2019,"TOR",1,0,0,0.7,0,0,0,0,0,27,2,2,1,0,0,0,1,4,0,0,7,33
105950,657571,"Caleb Ferguson",22,2019,"LAD",46,2,0,44.7,1,2,0,0,5,4.84,26,24,22,10,0,7,70,27,54,6,204,824
106280,663567,"Peter Lambert",22,2019,"COL",19,19,0,89.3,3,7,0,0,0,7.25,74,72,67,29,5,18,212,36,57,6,420,1581
107254,663776,"Patrick Sandoval",22,2019,"LAA",10,9,0,39.3,0,4,0,0,0,5.03,22,22,20,9,0,6,62,19,42,1,169,714
107962,663855,"Jordan Hicks",22,2019,"STL",29,0,0,28.7,2,2,14,1,3,3.14,10,10,11,3,0,2,25,11,31,1,110,441
109475,671790,"Ronald Bolaños",22,2019,"SD",5,3,0,19.7,0,2,0,0,0,5.95,13,13,7,6,1,3,34,12,19,1,88,346
101582,624133,"Ranger Suárez",23,2019,"PHI",37,0,0,48.7,6,1,0,3,7,3.14,18,17,38,8,0,6,78,12,42,1,205,763
101996,620446,"Richard Urena",23,2019,"TOR",1,0,0,1,0,0,0,0,0,36,4,4,2,1,0,1,8,1,0,0,8,28
102119,620454,"José Castillo",23,2019,"SD",1,0,0,0.7,0,0,0,0,0,0,0,0,0,0,0,0,0,1,2,1,4,17
102223,626929,"Lewis Thorpe",23,2019,"MIN",12,2,0,27.7,3,2,0,2,1,6.18,19,19,23,11,1,3,60,10,31,0,124,492
102491,641154,"Pablo López",23,2019,"MIA",21,21,0,111.3,5,8,0,0,0,5.09,64,63,70,23,3,15,185,27,95,11,469,1793
102632,641745,"Brad Keller",23,2019,"KC",28,28,0,165.3,7,14,0,0,0,4.19,80,77,110,19,10,15,238,70,122,9,709,2711
102644,641793,"Zack Littell",23,2019,"MIN",29,0,0,37,6,0,0,1,1,2.68,12,11,21,8,1,4,56,9,32,0,146,549
103056,642547,"Freddy Peralta",23,2019,"MIL",39,8,0,85,7,3,1,1,5,5.29,58,50,51,19,2,15,155,37,115,2,382,1599
103066,642558,"Ariel Jurado",23,2019,"TEX",32,18,1,122.3,7,11,0,0,1,5.81,94,79,87,35,5,21,256,36,81,4,541,2044
103085,642578,"José Rodríguez",23,2019,"LAA",9,1,0,19.7,0,1,0,0,0,2.75,6,6,11,1,0,5,33,11,13,0,84,329
103196,642701,"Dennis Santana",23,2019,"LAD",3,0,0,5,0,0,0,0,0,7.2,4,4,4,0,1,1,11,4,6,2,27,104
103260,642770,"Javy Guerra",23,2019,"SD",8,0,0,8.7,0,0,0,0,0,5.19,5,5,2,2,0,3,18,3,6,0,36,134
103743,656887,"Sean Reid-Foley",23,2019,"TOR",9,6,0,31.7,2,4,0,0,0,4.26,20,15,20,8,0,5,56,21,28,2,150,610
104002,645261,"Sandy Alcantara",23,2019,"MIA",32,32,2,197.3,6,14,0,0,0,3.88,94,85,111,43,2,23,295,81,151,8,838,3090
104324,650671,"José Quijada",23,2019,"MIA",34,0,0,29.7,2,3,1,1,4,5.76,20,19,10,6,1,10,65,26,44,4,144,647
104406,650813,"Luis Escobar",23,2019,"PIT",4,0,0,5.7,0,0,0,0,0,7.94,5,5,7,2,0,1,15,4,2,1,29,104
104779,656427,"Jack Flaherty",23,2019,"STL",33,33,0,196.3,11,8,0,0,0,2.75,62,60,85,24,1,25,236,55,231,7,772,3177
104816,656605,"Mitch Keller",23,2019,"PIT",11,11,0,48,1,5,0,0,0,7.13,41,38,46,17,3,6,113,16,65,1,227,753
104902,656954,"Justus Sheffield",23,2019,"SEA",8,7,0,36,0,1,0,0,0,5.5,22,22,28,10,1,5,71,18,37,3,168,673
104930,657053,"Touki Toussaint",23,2019,"ATL",24,1,0,41.7,4,0,0,1,2,5.62,28,26,30,9,0,5,68,26,45,7,198,778
104960,657141,"Jordan Yamamoto",23,2019,"MIA",15,15,0,78.7,4,5,0,0,0,4.46,42,39,30,13,0,11,100,36,82,5,325,1375
105424,656814,"Luis F. Ortiz",23,2019,"BAL",1,1,0,3.3,0,1,0,0,0,10.8,4,4,1,1,0,2,11,5,3,0,18,80
105466,660896,"Jorge Alcala",23,2019,"MIN",2,0,0,1.7,0,0,0,0,0,0,0,0,1,0,0,0,1,1,1,0,7,29
105703,656302,"Dylan Cease",23,2019,"CHW",14,14,0,73,4,7,0,0,0,5.79,51,47,48,13,2,15,140,35,81,2,326,1364
105831,660853,"Enyel De Los Santos",23,2019,"PHI",5,1,0,11,0,1,0,0,0,7.36,9,9,9,0,0,4,25,5,9,0,46,176
106610,663978,"Chris Paddack",23,2019,"SD",26,26,0,140.7,9,7,0,0,0,3.33,58,52,62,21,1,23,199,31,153,6,568,2280
107737,643290,"Justin Dunn",23,2019,"SEA",4,4,0,6.7,0,0,0,0,0,2.7,2,2,2,0,0,0,2,9,5,0,30,136
108116,663992,"Richard Lovelady",23,2019,"KC",25,0,0,20,0,3,0,1,2,7.65,17,17,19,8,1,2,46,8,17,1,96,375
108872,667498,"Robert Dugger",23,2019,"MIA",7,7,0,34.3,0,4,0,0,0,5.77,26,22,18,8,1,6,61,17,25,5,156,568
108886,668678,"Zac Gallen",23,2019,,15,15,0,80,3,6,0,0,0,2.81,26,25,37,16,1,8,104,36,96,4,334,1387
109073,656970,"Devin Smeltzer",23,2019,"MIN",11,6,0,49,2,2,1,0,1,3.86,23,21,31,8,3,8,88,12,38,1,202,732
109116,643615,"T.J. Zeuch",23,2019,"TOR",5,3,0,22.7,1,2,0,0,0,4.76,13,12,13,7,0,2,35,11,20,0,99,404
109130,672335,"Cionel Pérez",23,2019,"HOU",5,0,0,9,1,1,0,0,0,10,10,10,6,2,0,3,22,2,7,0,40,163
109381,673258,"Michel Baez",23,2019,"SD",24,1,0,29.7,1,1,0,0,0,3.03,10,10,15,7,0,3,41,14,28,3,131,521
110111,675916,"James Karinchak",23,2019,"CLE",5,0,0,5.3,0,0,0,0,0,1.69,1,1,2,1,0,0,4,1,8,0,22,94
110247,676606,"Nick Margevicius",23,2019,"SD",17,12,0,57,2,6,0,0,0,6.79,46,43,41,19,1,12,130,19,42,3,263,958
110259,656686,"Corbin Martin",23,2019,"HOU",5,5,0,19.3,1,1,0,0,0,5.59,14,12,10,5,0,8,52,12,19,0,92,372
110305,656713,"Brendan McKay",23,2019,"TB",13,11,0,49,2,4,0,0,0,5.14,32,28,29,15,1,8,94,16,56,0,216,878
111162,657140,"Kyle Wright",23,2019,"ATL",7,4,0,19.7,0,3,0,0,0,8.69,19,19,13,6,1,4,44,13,18,1,93,351
111294,656288,"Griffin Canning",23,2019,"LAA",18,17,0,90.3,5,6,0,0,0,4.58,46,46,45,17,4,14,147,30,96,8,384,1552
68997,532077,"Roberto Osuna",24,2019,"HOU",66,0,0,65,4,3,38,6,0,2.63,20,19,31,5,1,8,76,12,73,2,253,945
100261,608337,"Lucas Giolito",24,2019,"CHW",29,29,3,176.7,14,9,0,0,0,3.41,69,67,75,28,4,24,239,57,228,4,705,2810
100273,608566,"Germán Márquez",24,2019,"COL",28,28,1,174,12,5,0,0,0,4.76,96,92,114,27,4,29,296,35,175,5,721,2616
100368,612434,"Miguel Castro",24,2019,"BAL",65,0,0,73.3,1,3,2,3,9,4.66,42,38,41,12,0,10,105,41,71,0,319,1232
100408,614179,"José Ruiz",24,2019,"CHW",40,1,0,40,1,4,0,1,1,5.63,27,25,40,10,0,6,84,24,35,2,198,753
100568,621237,"José Alvarado",24,2019,"TB",35,1,0,30,1,6,7,2,8,4.8,18,16,22,4,1,2,41,27,39,0,146,585
100576,621249,"Duane Underwood Jr.",24,2019,"CHC",12,0,0,11.7,0,0,0,0,0,5.4,7,7,6,4,1,2,25,3,13,1,51,210
100686,621592,"Eduardo Jiménez",24,2019,"DET",8,0,0,10.7,0,0,0,0,0,5.91,7,7,7,4,0,1,19,5,8,0,49,189
101008,622554,"Seranthony Domínguez",24,2019,"PHI",27,0,0,24.7,3,0,0,2,9,4.01,13,11,18,2,1,3,37,12,29,1,110,464
101060,622608,"Antonio Senzatela",24,2019,"COL",25,25,0,124.7,11,11,0,0,0,6.71,99,93,102,38,2,19,260,57,76,4,582,2237
101105,622694,"Elieser Hernández",24,2019,"MIA",21,15,0,82.3,3,5,0,0,0,5.03,49,46,36,18,2,20,158,26,85,9,353,1442
101170,622766,"Miguel Díaz",24,2019,"SD",5,0,0,6.3,0,0,0,0,1,7.11,5,5,4,3,1,1,17,1,4,2,29,102
101190,622786,"Jesus Tinoco",24,2019,"COL",24,0,0,36,0,3,1,0,2,4.75,23,19,15,8,1,12,82,22,28,1,161,616
101198,622795,"Yohander Méndez",24,2019,"TEX",3,0,0,4.7,1,0,0,0,0,5.79,3,3,2,0,0,2,10,5,8,0,21,100
101200,622797,"Pedro Payano",24,2019,"TEX",6,4,0,22,1,2,0,0,0,5.73,17,14,16,7,0,3,42,15,17,1,103,417
101222,622864,"Fernando Romero",24,2019,"MIN",15,0,0,14,0,1,0,0,1,7.07,12,11,13,4,0,2,29,11,18,1,72,278
101452,623470,"Jake Newberry",24,2019,"KC",27,0,0,31,1,0,0,1,4,3.77,13,13,13,8,1,7,60,16,29,1,137,539
101993,640451,"Hunter Harvey",24,2019,"BAL",7,0,0,6.3,1,0,0,1,1,1.42,1,1,0,1,1,1,9,4,11,0,26,135
102123,621052,"Alex Reyes",24,2019,"STL",4,0,0,3,0,1,0,0,2,15,5,5,1,0,0,1,5,6,1,0,17,71
102438,640464,"Kohl Stewart",24,2019,"MIN",9,2,0,25.3,2,2,0,0,1,6.39,18,18,17,6,1,5,52,8,10,1,109,383
102443,640470,"Adbert Alzolay",24,2019,"CHC",4,2,0,12.3,1,1,0,0,0,7.3,10,10,7,2,0,4,27,9,13,1,60,225
102555,641482,"Nestor Cortes",24,2019,"NYY",33,1,0,66.7,5,1,0,1,2,5.67,44,42,50,9,0,16,132,28,69,1,298,1242
102625,641729,"Joe Jiménez",24,2019,"DET",66,0,0,59.7,4,7,9,5,15,4.37,33,29,30,12,1,13,109,23,82,4,257,1030
102652,641816,"Tyler Mahle",24,2019,"CIN",25,25,0,129.7,3,12,0,0,0,5.14,82,74,89,21,1,25,234,34,129,6,556,2138
102751,642100,"Gabe Speier",24,2019,"KC",9,0,0,7.3,0,0,0,0,1,7.36,6,6,2,1,0,2,12,6,10,0,33,153
102785,642207,"Devin Williams",24,2019,"MIL",13,0,0,13.7,0,0,0,0,2,3.95,9,6,11,5,0,2,29,6,14,2,67,254
102921,642397,"Gregory Soto",24,2019,"DET",33,7,0,57.7,0,5,0,1,2,5.77,39,37,49,14,2,9,119,33,45,0,276,1109
103038,642528,"Jonathan Loáisiga",24,2019,"NYY",15,4,0,31.7,2,2,0,1,1,4.55,16,16,18,7,0,6,56,16,37,1,139,591
103111,642607,"Dario Agrazal",24,2019,"PIT",15,14,0,73.3,4,5,0,0,0,4.91,43,40,52,13,2,15,144,18,40,10,321,1147
103472,643478,"Joe Palumbo",24,2019,"TEX",7,4,0,16.7,0,3,0,0,0,9.18,17,17,8,6,0,7,48,8,21,2,81,330
103580,644364,"Víctor Arano",24,2019,"PHI",3,0,0,4.7,1,0,0,0,0,3.86,2,2,1,0,0,1,5,2,7,0,16,68
103870,639373,"Gerson Bautista",24,2019,"SEA",8,2,0,9,0,1,0,0,0,11,11,11,8,2,1,2,23,9,7,0,49,197
104375,650738,"Adonis Rosa",24,2019,"NYY",1,0,0,2,0,0,0,0,0,4.5,1,1,0,0,0,1,4,0,2,0,7,32
104839,656685,"Brett Martin",24,2019,"TEX",51,2,0,62.3,2,3,0,1,5,4.76,38,33,51,14,0,7,107,18,62,2,280,1022
104899,656945,"Tanner Scott",24,2019,"BAL",28,0,0,26.3,1,1,0,1,2,4.78,17,14,19,5,0,4,45,19,37,2,122,463
105455,664856,"Chance Adams",24,2019,"NYY",13,0,0,25.3,1,1,1,2,0,8.53,25,24,20,12,0,7,72,11,23,2,124,493
105472,641302,"Tyler Alexander",24,2019,"DET",13,8,0,53.7,1,4,0,0,0,4.86,30,29,43,13,3,9,114,7,47,2,235,918
105993,664034,"Ty France",24,2019,"SD",2,0,0,2,0,0,0,0,0,4.5,1,1,1,0,0,1,5,0,0,0,8,28
106125,621368,"Taylor Hearn",24,2019,"TEX",1,1,0,0.3,0,1,0,0,0,108,5,4,2,1,0,0,4,4,0,0,8,39
106129,664854,"Ryan Helsley",24,2019,"STL",24,0,0,36.7,2,0,0,1,1,2.95,13,12,19,9,1,5,60,12,32,0,153,574
106145,664353,"José Urquidy",24,2019,"HOU",9,7,0,41,2,1,0,0,0,3.95,18,18,24,8,0,6,64,7,40,0,167,693
106667,623465,"Evan Phillips",24,2019,"BAL",25,0,0,28,0,1,0,0,3,6.43,20,20,22,8,0,2,46,20,40,5,140,567
106791,642028,"Josh Rogers",24,2019,"BAL",5,0,0,14.3,0,1,0,0,0,8.79,14,14,8,3,0,7,42,6,5,4,69,263
107174,621111,"Walker Buehler",24,2019,"LAD",30,30,2,182.3,14,4,0,0,0,3.26,77,66,99,29,5,20,252,37,215,7,737,2831
107467,670280,"David Bednar",24,2019,"SD",13,0,0,11,0,2,0,0,2,6.55,8,8,4,3,0,3,22,5,14,0,48,196
107554,669203,"Corbin Burnes",24,2019,"MIL",32,4,0,49,1,5,1,0,4,8.82,52,48,42,11,0,17,132,20,70,0,235,887
107636,650644,"Aaron Civale",24,2019,"CLE",10,10,0,57.7,3,4,0,0,0,2.34,18,15,23,15,2,4,75,16,46,1,227,860
107726,670426,"Phillip Diehl",24,2019,"COL",10,0,0,7.3,0,0,0,0,0,7.36,6,6,4,5,0,1,18,2,8,1,35,138
107738,641541,"Jon Duplantier",24,2019,"AZ",15,3,0,36.7,1,1,1,0,0,4.42,18,18,28,9,0,2,54,18,34,5,163,676
107919,670456,"JD Hammer",24,2019,"PHI",20,0,0,19,1,0,0,1,0,3.79,8,8,9,3,1,2,26,13,13,0,82,340
108053,650633,"Michael King",24,2019,"NYY",1,0,0,2,0,0,0,0,0,0,1,0,2,0,0,0,2,0,1,0,9,41
108197,641853,"David McKay",24,2019,,25,0,0,26.3,0,0,0,1,1,5.47,17,16,12,5,0,3,34,17,34,1,115,507
108223,669214,"Conner Menez",24,2019,"SF",8,3,0,17,0,1,0,0,0,5.29,10,10,7,2,0,4,27,12,22,0,73,317
108296,668665,"Stephen Nogosek",24,2019,"NYM",7,0,0,6.7,0,1,0,0,0,10.8,8,8,8,2,0,2,20,2,6,0,34,141
108430,615698,"Cal Quantrill",24,2019,"SD",23,18,0,103,6,8,0,0,1,5.16,61,59,70,18,3,15,175,28,89,3,443,1780
108744,668683,"Jeremy Walker",24,2019,"ATL",6,0,0,9.3,0,0,0,0,0,1.93,2,2,6,3,0,0,12,4,6,0,38,164
108830,669456,"Shane Bieber",24,2019,"CLE",34,33,3,214.3,15,8,0,0,0,3.28,86,78,117,37,1,31,318,40,259,6,859,3223
108888,650530,"Bryan Garcia",24,2019,"DET",7,0,0,6.7,0,0,0,1,1,12.15,9,9,6,2,0,1,14,5,7,0,33,129
108931,641712,"Dakota Hudson",24,2019,"STL",33,32,0,174.7,16,7,1,0,0,3.35,80,65,101,37,0,22,263,86,136,9,757,2846
108954,669270,"Joel Kuhnel",24,2019,"CIN",11,0,0,9.7,1,0,0,0,1,4.66,5,5,6,1,0,1,12,5,9,0,42,166
108957,641778,"Eric Lauer",24,2019,"SD",30,29,0,149.7,8,10,0,0,0,4.45,82,74,103,35,0,20,253,51,138,5,651,2507
109027,640462,"A.J. Puk",24,2019,"OAK",10,0,0,11.3,2,0,0,1,2,3.18,4,4,8,1,0,1,14,5,13,0,47,202
109127,641743,"Anthony Kay",24,2019,"TOR",3,2,0,14,1,0,0,0,0,5.79,9,9,12,3,0,0,18,5,13,1,63,258
109158,642067,"Mike Shawaryn",24,2019,"BOS",14,0,0,20.3,0,0,0,1,1,9.74,22,22,15,6,0,5,47,13,29,5,103,408
109159,641312,"Shaun Anderson",24,2019,"SF",28,16,0,96,3,5,2,0,1,5.44,61,58,73,24,1,13,176,38,70,2,427,1586
110582,668676,"Zach Plesac",24,2019,"CLE",21,21,1,115.7,8,6,0,0,0,3.81,52,49,56,25,2,19,188,40,88,3,475,1892
111185,677976,"Randy Dobnak",24,2019,"MIN",9,5,0,28.3,2,1,1,0,0,1.59,9,5,23,3,0,1,33,5,23,3,118,427
69329,600858,"Humberto Arteaga",25,2019,"KC",1,0,0,1.7,0,0,0,0,0,5.4,1,1,1,0,0,1,5,1,0,0,8,23
69377,600917,"José Leclerc",25,2019,"TEX",70,3,0,68.7,2,4,14,4,7,4.33,34,33,27,16,2,7,93,39,100,6,299,1275
69410,600968,"Randy Rosario",25,2019,,19,0,0,14.3,2,0,0,1,0,4.4,9,7,9,4,0,2,25,5,13,0,63,223
69491,602922,"José Rondón",25,2019,"CHW",1,0,0,1,0,0,0,0,0,0,0,0,2,0,0,0,2,0,0,0,5,4
69639,606162,"Yefry Ramírez",25,2019,,14,1,0,24.3,0,2,0,0,0,7.4,24,20,18,8,0,4,50,16,27,4,119,464
69752,606299,"José Peraza",25,2019,"CIN",2,0,0,1.3,0,0,0,0,0,0,0,0,1,0,0,0,1,0,0,0,4,15
69756,606303,"Joel Payamps",25,2019,"AZ",2,0,0,4,0,0,0,0,0,4.5,2,2,4,0,0,0,4,3,3,0,17,66
69801,606478,"Pedro Araujo",25,2019,"BAL",1,0,0,0.7,0,0,0,0,0,27,2,2,1,0,0,1,5,1,0,0,4,14
70547,607188,"Jake Faria",25,2019,,16,0,0,18.7,0,1,0,0,2,6.75,15,14,16,7,0,5,50,12,19,1,95,408
70551,607229,"Robert Gsellman",25,2019,"NYM",52,0,0,63.7,2,3,1,4,7,4.66,36,33,38,18,1,7,105,24,60,6,278,1074
70610,608331,"Max Fried",25,2019,"ATL",33,30,1,165.7,17,6,0,0,0,4.02,80,74,120,33,0,21,270,47,173,5,702,2669
70611,608334,"Carson Fulmer",25,2019,"CHW",20,2,0,27.3,1,2,0,0,2,6.26,22,19,18,3,0,5,44,20,25,3,133,556
70636,608371,"Lucas Sims",25,2019,"CIN",24,4,0,43,2,1,0,0,3,4.6,22,22,15,7,1,8,64,19,57,2,177,751
70795,607192,"Tyler Glasnow",25,2019,"TB",12,12,0,60.7,6,1,0,0,0,1.78,13,12,30,5,1,4,59,14,76,0,230,902
70825,605240,"Jace Fry",25,2019,"CHW",68,0,0,55,3,4,0,2,11,4.75,33,29,27,10,0,7,75,43,68,3,251,1054
70913,596133,"Luke Weaver",25,2019,"AZ",12,12,0,64.3,4,3,0,0,0,2.94,22,21,33,16,0,6,89,14,69,3,260,1053
70957,607219,"Sal Romano",25,2019,"CIN",12,0,0,16.3,1,0,2,0,1,7.71,14,14,10,8,0,4,42,8,16,1,77,268
71057,607481,"Aaron Bummer",25,2019,"CHW",58,0,0,67.7,0,0,1,2,27,2.13,17,16,35,4,0,4,59,25,60,3,263,1041
71071,607455,"Anthony Banda",25,2019,"TB",3,0,0,4,0,0,0,0,0,6.75,3,3,2,4,0,0,10,0,2,0,18,59
71239,607755,"Andrew Vasquez",25,2019,"MIN",1,0,0,0,0,0,0,0,0,,3,3,0,0,0,0,0,2,0,1,3,13
100260,608328,"Chase De Jong",25,2019,"MIN",1,0,0,1,0,0,0,0,0,36,4,4,2,0,0,1,6,3,0,0,9,46
100472,620982,"Ricardo Pinto",25,2019,"TB",2,0,0,2.3,0,0,0,0,0,15.43,4,4,2,1,0,1,8,2,0,0,13,45
100488,621002,"Daniel Robertson",25,2019,"TB",1,0,0,1,0,0,0,0,0,0,0,0,1,0,0,0,1,0,0,0,3,7
100510,621078,"Brady Lail",25,2019,"NYY",1,0,0,2.7,0,0,0,0,1,10.13,3,3,1,0,0,1,5,1,2,0,10,46
100518,621107,"Zach Eflin",25,2019,"PHI",32,28,2,163.3,10,13,0,0,0,4.13,88,75,110,34,0,28,290,48,129,6,705,2571
100519,621112,"Paul Blackburn",25,2019,"OAK",4,1,0,11,0,2,0,0,0,10.64,14,13,12,3,1,3,33,4,8,1,57,224
100525,621141,"Walker Lockett",25,2019,"NYM",9,4,0,22.7,1,1,0,0,0,8.34,21,21,21,5,1,6,58,6,16,1,103,368
100572,621242,"Edwin Díaz",25,2019,"NYM",66,0,0,58,2,7,26,7,1,5.59,36,36,33,10,0,15,113,22,99,4,254,1072
100574,621244,"José Berríos",25,2019,"MIN",32,32,1,200.3,14,8,0,0,0,3.68,94,82,130,35,3,26,313,51,195,9,842,3132
100577,621261,"Corey Oswalt",25,2019,"NYM",2,0,0,6.7,0,1,0,0,0,12.15,9,9,4,4,0,1,16,6,5,0,34,139
100605,621350,"Caleb Frare",25,2019,"CHW",5,0,0,2.7,0,0,0,0,0,10.13,3,3,1,0,0,1,5,4,3,0,14,53
100606,621366,"Ryan Borucki",25,2019,"TOR",2,2,0,6.7,0,1,0,0,0,10.8,10,8,7,6,0,2,27,6,6,0,40,155
100720,622075,"Yency Almonte",25,2019,"COL",28,0,0,34,0,1,0,2,1,5.56,22,21,20,12,0,7,72,14,29,1,157,606
100909,622446,"Jefry Rodriguez",25,2019,"CLE",10,8,0,46.7,1,5,0,0,0,4.63,26,24,30,13,0,5,76,21,33,0,203,784
100946,622492,"Keury Mella",25,2019,"CIN",2,0,0,3.7,0,0,0,0,0,7.36,3,3,3,2,0,0,7,2,4,0,18,31
101074,622663,"Luis Severino",25,2019,"NYY",3,3,0,12,1,1,0,0,0,1.5,2,2,5,1,0,0,7,6,17,1,48,219
101187,622783,"Sandy Báez",25,2019,"DET",1,0,0,1,0,0,0,0,0,9,1,1,1,1,0,0,3,0,0,0,5,10
101249,623167,"Chris Flexen",25,2019,"NYM",9,1,0,13.7,0,3,0,0,0,6.59,12,10,8,6,0,1,24,13,10,0,70,274
101384,623352,"Josh Hader",25,2019,"MIL",61,0,0,75.7,3,5,37,7,6,2.62,24,22,17,7,2,15,97,20,138,4,289,1139
101448,623454,"Drew Anderson",25,2019,"PHI",2,0,0,6,0,0,0,0,0,7.5,5,5,5,0,0,1,9,6,6,0,30,104
101728,625643,"Reynaldo López",25,2019,"CHW",33,33,1,184,10,15,0,0,0,5.38,119,110,121,44,3,35,358,65,169,8,809,3160
102064,605170,"Victor Caratini",25,2019,"CHC",2,0,0,2,0,0,0,0,0,9,2,2,1,0,0,1,5,1,0,0,9,30
102124,621056,"Hunter Wood",25,2019,,36,2,0,45.3,1,1,1,0,2,2.98,20,15,32,6,1,7,75,12,39,1,195,752
102187,623381,"Thomas Pannone",25,2019,"TOR",37,7,0,73,3,6,0,0,1,6.16,51,50,43,16,1,13,130,31,69,6,325,1255
102336,630023,"Yonny Chirinos",25,2019,"TB",26,18,0,133.3,9,5,0,0,0,3.85,61,57,67,19,3,23,206,28,113,3,530,1985
102675,641871,"Keynan Middleton",25,2019,"LAA",11,0,0,7.7,0,0,0,0,0,1.17,1,1,2,2,0,0,6,7,6,0,33,143
103801,605276,"David Hess",25,2019,"BAL",23,14,0,80,1,10,0,0,0,7.09,73,63,47,17,2,28,199,30,68,2,365,1430
103868,630263,"James Bourque",25,2019,"WAS",1,0,0,0.7,0,0,0,0,0,54,4,4,1,2,0,0,5,2,0,0,6,29
103886,641571,"Heath Fillmyer",25,2019,"KC",12,3,0,22.3,0,2,0,0,1,8.06,20,20,17,5,0,6,51,12,15,3,109,453
104483,650895,"Diego Castillo",25,2019,"TB",65,6,0,68.7,5,8,8,2,17,3.41,32,26,40,9,2,8,96,26,81,5,290,1119
104864,656803,"James Norwood",25,2019,"CHC",9,0,0,9.3,0,1,0,0,0,2.89,4,3,6,1,1,1,15,8,11,0,44,206
104921,657024,"Erik Swanson",25,2019,"SEA",27,8,0,58,1,5,2,0,1,5.74,41,37,28,10,1,17,119,12,52,2,245,969
104945,657097,"Jacob Webb",25,2019,"ATL",36,0,0,32.3,4,0,2,2,9,1.39,10,5,12,8,0,4,44,12,28,1,131,534
105394,656222,"Jalen Beeks",25,2019,"TB",33,3,0,104.3,6,3,1,0,2,4.31,56,50,76,27,0,12,178,40,89,9,464,1820
105433,658791,"Wei-Chieh Huang",25,2019,"TEX",4,0,0,5.7,0,0,0,0,0,3.18,5,2,4,4,0,0,12,5,2,1,32,114
105517,660494,"Rogelio Armenteros",25,2019,"HOU",5,2,0,18,1,1,1,0,0,4,9,8,14,2,0,1,22,5,18,0,75,333
105578,664157,"Travis Bergen",25,2019,"SF",21,0,0,19.7,2,0,0,0,0,5.49,12,12,7,7,0,4,37,9,18,1,85,375
105642,621114,"Ryan Burr",25,2019,"CHW",16,1,0,19.7,1,1,0,0,0,4.58,13,10,10,3,1,3,31,8,20,0,86,360
105933,664126,"Pete Fairbanks",25,2019,,21,0,0,21,2,3,2,0,3,6.86,20,16,13,7,0,5,47,10,28,0,99,387
106036,664139,"Ian Gibaut",25,2019,,10,0,0,14.3,1,1,0,0,0,5.65,9,9,7,4,0,1,19,10,16,1,64,269
106105,664180,"Matt Hall",25,2019,"DET",16,0,0,23.3,0,1,0,1,0,7.71,20,20,20,3,1,4,45,15,27,1,113,501
106140,623474,"Jimmy Herget",25,2019,"CIN",5,0,0,6.3,0,0,0,0,0,4.26,3,3,4,2,0,2,16,3,0,0,26,71
106502,621058,"Andrew Moore",25,2019,"SEA",1,1,0,4.7,0,0,0,0,0,7.71,4,4,2,2,0,2,14,1,2,0,20,78
106871,622250,"Josh Sborz",25,2019,"LAD",7,0,0,9,0,1,0,0,0,8,8,8,4,4,0,2,20,4,7,0,40,185
106932,656977,"Chad Sobotka",25,2019,"ATL",32,0,0,29,0,0,0,0,6,6.21,22,20,18,4,0,6,50,19,38,3,134,563
106954,664054,"Cody Stashak",25,2019,"MIN",18,1,0,25,0,1,0,0,1,3.24,9,9,17,8,1,3,48,1,25,1,104,367
106956,622251,"Josh Staumont",25,2019,"KC",16,0,0,19.3,0,0,0,1,0,3.72,13,8,11,6,0,4,39,10,15,1,88,326
106989,622253,"Dillon Tate",25,2019,"BAL",16,0,0,21,0,2,0,0,1,6.43,15,15,12,3,0,3,30,9,20,5,93,350
107018,663423,"Trent Thornton",25,2019,"TOR",32,29,0,154.3,6,9,0,0,0,4.84,87,83,99,29,4,24,265,60,149,5,676,2754
107058,664285,"Framber Valdez",25,2019,"HOU",26,8,0,70.7,4,7,0,0,0,5.86,51,46,51,13,1,9,116,44,68,4,329,1175
107097,621097,"Jacob Waguespack",25,2019,"TOR",16,13,0,78,5,5,0,0,0,4.38,43,38,44,17,2,12,132,29,63,5,335,1332
107102,665120,"Jared Walsh",25,2019,"LAA",5,0,0,5,0,0,0,0,0,1.8,1,1,3,0,0,0,3,6,5,0,23,93
107135,622259,"Trey Wingenter",25,2019,"SD",51,1,0,51,1,3,1,3,16,5.65,32,32,20,8,1,5,59,28,71,5,218,906
107169,622065,"Alex Young",25,2019,"AZ",17,15,0,83.3,7,5,0,0,0,3.56,40,33,42,16,0,14,130,27,71,4,349,1324
107173,664045,"Thomas Eshelman",25,2019,"BAL",10,4,0,36,1,2,0,0,0,6.5,31,26,29,6,0,12,89,11,22,1,164,609
107232,664042,"Travis Lakins Sr.",25,2019,"BOS",16,3,0,23.3,0,1,0,0,1,3.86,11,10,13,8,1,1,36,10,18,1,102,395
107538,670712,"Mike Brosseau",25,2019,"TB",3,0,0,4,0,0,0,0,0,4.5,2,2,2,2,0,1,10,0,0,1,18,60
107838,670329,"Rico Garcia",25,2019,"COL",2,1,0,6,0,1,0,0,0,10.5,7,7,3,3,0,3,21,5,2,0,30,99
107865,664062,"Tony Gonsolin",25,2019,"LAD",11,6,0,40,4,2,1,1,0,2.93,15,13,13,9,0,4,47,15,37,1,163,693
107925,664129,"Geoff Hartlieb",25,2019,"PIT",29,0,0,35,0,1,0,0,2,9,35,35,32,10,2,8,90,18,38,0,171,653
108173,621086,"James Marvel",25,2019,"PIT",4,4,0,17.3,0,3,0,0,0,8.31,16,16,12,9,0,4,46,6,9,2,84,331
108235,621345,"A.J. Minter",25,2019,"ATL",36,0,0,29.3,3,4,5,2,5,7.06,23,23,24,9,0,3,54,23,35,1,147,588
108406,621363,"Colin Poche",25,2019,"TB",51,0,0,51.7,5,5,2,6,16,4.7,27,27,17,6,1,9,68,19,72,5,207,869
108416,664092,"Sean Poppen",25,2019,"MIN",4,0,0,8.3,0,0,0,0,0,7.56,7,7,5,3,1,1,18,5,9,0,36,134
108561,670167,"John Schreiber",25,2019,"DET",13,0,0,13,2,0,0,1,1,6.23,9,9,12,1,0,3,26,4,19,1,59,249
108893,656464,"Kevin Ginkel",25,2019,"AZ",25,0,0,24.3,3,0,2,0,8,1.48,7,4,10,3,0,2,24,9,28,0,96,396
108934,608344,"Cole Irvin",25,2019,"PHI",16,3,0,41.7,2,1,1,0,0,5.83,28,27,30,8,0,7,74,13,31,3,181,639
66703,575070,"Enderson Franco",26,2019,"SF",5,0,0,5.3,0,0,0,0,1,3.38,2,2,2,1,0,1,8,1,4,0,20,88
66859,591693,"Edubray Ramos",26,2019,"PHI",20,0,0,15,1,0,0,2,2,5.4,10,9,11,2,1,5,38,7,11,1,69,285
66895,591741,"José Osuna",26,2019,"PIT",2,0,0,2.3,0,0,0,0,0,3.86,1,1,2,0,0,1,6,0,0,0,9,31
67132,592789,"Noah Syndergaard",26,2019,"NYM",32,32,1,197.7,10,8,0,0,0,4.28,101,94,129,37,4,24,311,49,202,6,824,3089
67139,592815,"Sam Tuivailala",26,2019,"SEA",23,2,0,23,1,0,0,1,7,2.35,6,6,8,3,1,1,21,12,27,2,95,392
67148,592836,"Taijuan Walker",26,2019,"AZ",1,1,0,1,0,0,0,0,0,0,0,0,0,1,0,0,2,0,1,0,4,15
67169,593140,"Michael Feliz",26,2019,"PIT",58,1,0,56.3,4,4,0,1,3,3.99,27,25,25,7,1,11,86,27,73,2,239,1016
67182,593334,"Domingo Germán",26,2019,"NYY",27,24,0,143,18,4,0,0,0,4.03,69,64,68,27,0,30,242,39,153,5,594,2247
67243,593423,"Frankie Montas",26,2019,"OAK",16,16,0,96,9,2,0,0,0,2.63,35,28,52,23,1,8,133,23,103,4,394,1485
67418,593643,"Hanser Alberto",26,2019,"BAL",1,0,0,1,0,0,0,0,0,18,2,2,0,0,0,1,4,2,0,1,7,20
67451,593679,"Gabriel Ynoa",26,2019,"BAL",36,13,0,110.7,1,10,0,0,0,5.61,77,69,71,24,2,29,241,26,67,3,480,1814
67588,593958,"Eduardo Rodriguez",26,2019,"BOS",34,34,0,203.3,19,6,0,0,0,3.81,88,86,139,30,2,24,301,75,213,7,859,3380
67687,594311,"Jandel Gustave",26,2019,"SF",23,0,0,24.3,0,0,1,1,4,2.96,11,8,13,4,0,1,25,9,14,0,99,349
68132,596720,"Dovydas Neverauskas",26,2019,"PIT",10,0,0,9.3,0,0,0,0,1,10.61,11,11,7,6,0,2,27,7,10,2,53,212
68717,592858,"Rowan Wick",26,2019,"CHC",31,0,0,33.3,2,0,2,0,5,2.43,13,9,16,6,0,0,28,16,35,3,140,587
69038,600986,"Thyago Vieira",26,2019,"CHW",6,0,0,7,1,0,0,0,0,9,8,7,10,1,0,0,12,5,8,0,37,169
69354,600887,"Miguel Del Pozo",26,2019,"LAA",17,0,0,9.3,1,1,0,0,0,10.61,11,11,6,1,0,3,20,8,11,0,45,183
69545,605288,"Adrian Houser",26,2019,"MIL",35,18,0,111.3,6,7,0,0,1,3.72,49,46,69,14,4,14,165,37,117,5,462,1810
69614,606131,"Luis Perdomo",26,2019,"SD",47,1,0,72,2,4,0,2,7,4,34,32,49,13,1,6,102,18,55,2,296,1041
69644,606167,"Adalberto Mejía",26,2019,,35,0,0,31.3,0,2,0,1,5,6.61,25,23,20,8,1,4,55,21,30,0,145,629
69788,606424,"Jarlín García",26,2019,"MIA",53,0,0,50.7,4,2,0,1,6,3.02,17,17,30,5,1,4,59,16,39,2,206,754
69826,606625,"Reyes Moronta",26,2019,"SF",56,0,0,56.7,3,7,0,5,15,2.86,19,18,28,9,0,4,62,32,70,3,245,1034
70188,608032,"Carlos Estévez",26,2019,"COL",71,0,0,72,2,2,0,2,11,3.75,34,30,38,20,0,12,126,23,81,1,308,1240
70271,605483,"Blake Snell",26,2019,"TB",23,23,0,107,6,8,0,0,0,4.29,53,51,64,18,0,14,156,40,147,1,441,1890
70429,605130,"Scott Barlow",26,2019,"KC",61,0,0,70.3,3,3,1,2,14,4.22,33,33,38,16,4,6,106,37,92,3,310,1300
70431,605151,"Archie Bradley",26,2019,"AZ",66,1,0,71.7,4,5,18,3,7,3.52,30,28,45,15,2,5,101,36,87,5,317,1283
70438,605195,"Kyle Crick",26,2019,"PIT",52,0,0,49,3,7,0,7,13,4.96,30,27,24,6,1,10,79,35,61,7,226,933
70464,605347,"Jorge López",26,2019,"KC",39,18,0,123.7,4,9,1,1,0,6.33,94,87,85,26,2,27,251,42,109,10,548,2049
70473,605397,"Joe Musgrove",26,2019,"PIT",32,31,0,170.3,11,12,0,0,1,4.44,98,84,94,48,5,21,289,39,157,9,718,2654
70481,605441,"Yacksel Ríos",26,2019,,14,0,0,13,1,0,0,0,1,6.92,13,10,8,4,0,4,32,8,12,3,65,237
70485,605452,"Joe Ross",26,2019,"WAS",27,9,0,64,4,4,0,2,2,5.48,41,39,48,19,0,7,114,33,57,4,295,1138
70497,605538,"Matt Wisler",26,2019,,44,8,0,51.3,3,4,0,3,8,5.61,34,32,32,13,1,10,101,16,63,0,224,935
70552,607231,"John Gant",26,2019,"STL",64,0,0,66.3,11,1,3,3,19,3.66,29,27,35,11,1,4,76,34,60,0,269,1085
70753,605164,"Dylan Bundy",26,2019,"BAL",30,30,0,161.7,7,14,0,0,0,4.79,95,86,91,40,1,29,290,58,162,6,700,2778
70759,595881,"Tyler Beede",26,2019,"SF",24,22,0,117,5,10,0,0,0,5.08,70,66,84,19,2,22,216,46,113,5,523,2026
70761,605260,"Taylor Guerrieri",26,2019,"TEX",20,0,0,26.3,0,0,0,0,3,5.81,19,17,16,4,3,3,45,22,27,2,123,490
70762,596112,"Robert Stephenson",26,2019,"CIN",57,0,0,64.7,3,2,0,4,11,3.76,30,27,17,15,2,9,89,24,81,0,262,1001
70776,596451,"Roman Quinn",26,2019,"PHI",2,0,0,3.3,0,1,0,0,0,8.1,3,3,6,1,0,0,8,3,1,0,19,64
70778,596057,"Daniel Norris",26,2019,"DET",32,29,0,144.3,3,13,0,0,0,4.49,75,72,97,28,4,25,265,38,125,4,610,2360
70790,605155,"Colten Brewer",26,2019,"BOS",58,0,0,54.7,1,2,0,1,6,4.12,26,25,40,12,1,6,91,33,52,2,252,979
70798,605540,"Brandon Woodruff",26,2019,"MIL",22,22,0,121.7,11,3,0,0,0,3.62,49,49,81,15,1,12,162,30,143,5,493,1976
70814,605501,"Stephen Tarpley",26,2019,"NYY",21,1,0,24.7,1,0,2,1,2,6.93,20,19,22,6,0,6,58,15,34,2,120,502
70822,605280,"Clay Holmes",26,2019,"PIT",35,0,0,50,1,2,0,1,1,5.58,36,31,30,9,1,5,71,36,56,9,240,872
70827,605498,"Andrew Suárez",26,2019,"SF",21,2,0,32.7,0,2,0,1,1,5.79,23,21,21,10,1,7,72,14,25,1,148,538
70869,606959,"Rookie Davis",26,2019,"PIT",5,1,0,10.7,0,1,0,0,0,6.75,8,8,5,4,0,3,25,8,10,0,51,192
70881,607215,"Eric Skoglund",26,2019,"KC",6,4,0,21,0,3,0,0,0,9,21,21,16,8,1,5,55,9,4,1,101,395
70883,607074,"Carlos Rodón",26,2019,"CHW",7,7,0,34.7,3,2,0,0,0,5.19,22,20,21,7,1,4,54,17,46,1,158,696
70921,596071,"Dillon Peters",26,2019,"LAA",17,12,0,72,4,4,0,0,0,5.38,50,43,41,24,2,18,167,26,55,5,327,1274
70943,605400,"Aaron Nola",26,2019,"PHI",34,34,0,202.3,12,7,0,0,0,3.87,91,87,112,34,3,27,297,80,229,11,852,3331
70964,607200,"Erick Fedde",26,2019,"WAS",21,12,0,78,4,2,0,0,0,4.5,39,39,53,16,1,11,132,33,41,2,334,1287
70966,595897,"Nick Burdi",26,2019,"PIT",11,0,0,8.7,2,1,0,1,0,9.35,9,9,7,2,1,1,18,2,17,0,39,159
70972,607223,"AJ Reed",26,2019,"CHW",1,0,0,1,0,0,0,0,0,0,0,0,0,0,0,0,0,0,0,0,3,12
70977,605200,"Zach Davies",26,2019,"MIL",31,31,0,159.7,10,7,0,0,0,3.55,73,63,103,27,5,20,252,51,102,2,672,2678
71016,605309,"Keone Kela",26,2019,"PIT",32,0,0,29.7,2,0,1,4,6,2.12,7,7,7,9,0,3,37,11,33,1,119,504
71017,596001,"Jakob Junis",26,2019,"KC",31,31,0,175.3,9,14,0,0,0,5.24,108,102,122,37,2,31,326,58,164,11,771,2924
71042,595928,"John Curtiss",26,2019,"LAA",1,0,0,2.3,0,0,0,0,0,3.86,1,1,1,1,0,0,3,3,1,0,12,48
71094,605482,"Cy Sneed",26,2019,"HOU",8,0,0,21.3,0,1,0,0,0,5.48,13,13,16,5,0,5,46,5,23,0,93,344
71098,607536,"Kyle Freeland",26,2019,"COL",22,22,0,104.3,3,11,0,0,0,6.73,85,78,73,21,7,25,236,38,79,2,472,1776
71157,607555,"Taylor Guilbeau",26,2019,"SEA",17,0,0,12.3,0,0,0,2,4,3.65,6,5,7,0,1,2,18,3,7,1,51,181
71189,605469,"Chandler Shepherd",26,2019,"BAL",5,3,0,19,0,0,0,0,0,6.63,15,14,14,3,1,5,43,6,17,2,84,318
71295,607644,"John Means",26,2019,"BAL",31,27,0,155,12,11,0,0,0,3.6,68,62,79,33,3,23,246,38,121,5,637,2680
71331,607572,"Sam Howard",26,2019,"COL",20,0,0,19,2,0,0,0,0,6.63,16,14,13,3,0,5,39,10,23,3,91,383
71383,595939,"Chris Ellis",26,2019,"KC",1,0,0,1,0,0,0,0,0,0,0,0,1,0,0,0,1,1,0,0,5,17
100243,605525,"J.B. Wendelken",26,2019,"OAK",27,0,0,32.7,3,1,0,1,1,3.58,14,13,12,6,1,2,35,9,34,2,131,485
100526,621142,"Ty Buttrey",26,2019,"LAA",72,0,0,72.3,6,7,2,4,26,3.98,34,32,50,10,1,8,105,23,84,5,309,1210
100945,622491,"Luis Castillo",26,2019,"CIN",32,32,0,190.7,15,8,0,0,0,3.4,76,72,87,29,1,22,236,78,226,7,780,3066
100959,622505,"Victor Alcántara",26,2019,"DET",46,0,0,42.7,3,2,0,3,10,4.85,25,23,27,10,0,8,79,15,24,2,182,687
101178,622774,"José Manuel Fernández",26,2019,"DET",4,0,0,3.7,0,0,0,0,0,17.18,8,7,3,2,0,1,11,5,2,1,23,77
102032,592254,"José De León",26,2019,"TB",3,0,0,4,1,0,0,0,0,2.25,2,1,3,0,0,0,3,3,7,2,21,80
102061,601713,"Nick Pivetta",26,2019,"PHI",30,13,1,93.7,4,6,1,0,1,5.38,64,56,60,18,5,20,191,39,89,4,421,1619
102489,641149,"Wes Parsons",26,2019,,32,0,0,34.7,1,2,0,0,2,5.45,24,21,22,3,1,6,55,29,26,2,157,637
102512,641341,"Tyler Bashlor",26,2019,"NYM",24,0,0,22,0,3,0,3,1,6.95,17,17,13,2,0,6,41,17,20,0,103,381
102601,641627,"Trevor Gott",26,2019,"SF",50,0,0,52.7,7,0,1,1,1,4.44,26,26,31,5,1,4,60,17,57,2,214,910
102719,642003,"Cody Reed",26,2019,"CIN",3,0,0,6.3,0,0,0,0,0,1.42,1,1,6,0,0,0,6,1,7,0,25,58
102722,642008,"Jacob Rhame",26,2019,"NYM",5,0,0,6.3,0,1,0,0,0,4.26,4,3,0,2,0,1,8,9,5,0,30,121
102744,642083,"Aaron Slegers",26,2019,"TB",1,0,0,3,0,0,1,0,0,3,1,1,2,0,0,1,6,0,0,1,12,42
103372,643316,"Paul Fry",26,2019,"BAL",66,0,0,57.3,1,9,3,5,11,5.34,39,34,35,11,1,7,88,29,55,6,255,1076
103556,643617,"Zac Reininger",26,2019,"DET",25,1,0,28,0,3,0,0,1,8.68,28,27,16,15,2,11,96,16,17,0,140,533
103695,645801,"Mike Ford",26,2019,"NYY",1,0,0,2,0,0,0,0,0,22.5,5,5,3,1,0,2,13,0,1,0,12,42
103738,622103,"Gerardo Reyes",26,2019,"SD",27,0,0,26,4,0,0,1,1,7.62,22,22,15,4,2,3,41,11,38,3,117,458
103786,596101,"Justin Shafer",26,2019,"TOR",34,0,0,39.7,2,1,1,0,3,3.86,19,17,21,12,2,6,75,25,39,1,182,732
103794,605121,"Justin Anderson",26,2019,"LAA",54,0,0,47,3,0,1,1,13,5.55,32,29,19,16,1,6,78,32,60,1,217,896
103808,605447,"Jordan Romano",26,2019,"TOR",17,0,0,15.3,0,2,0,0,5,7.63,14,13,12,1,0,4,30,9,21,4,75,311
103809,605513,"Spencer Turnbull",26,2019,"DET",30,30,0,148.3,3,17,0,0,0,4.61,86,76,102,34,4,14,238,59,146,16,656,2658
103818,613317,"Kyle Bird",26,2019,"TEX",12,0,0,12.7,0,0,1,0,0,7.82,11,11,6,0,0,5,26,15,10,2,65,240
104719,656186,"Dan Altavilla",26,2019,"SEA",17,0,0,14.7,2,1,0,2,1,5.52,9,9,6,2,0,1,14,12,18,0,64,280
104750,656322,"Sam Coonrod",26,2019,"SF",33,0,0,27.7,5,1,0,1,0,3.58,11,11,14,2,0,3,30,15,20,4,114,452
104760,656354,"Austin Davis",26,2019,"PHI",14,0,0,20.7,0,0,0,0,0,6.53,15,15,13,3,0,6,43,14,24,3,98,407
104803,656547,"Jonathan Holder",26,2019,"NYY",34,1,0,41.3,5,2,0,2,4,6.31,32,29,27,7,1,8,76,11,46,2,181,693
104845,656725,"Alex McRae",26,2019,"PIT",11,2,0,26.7,0,4,0,0,0,8.78,30,26,21,6,0,9,69,16,19,3,132,497
104855,656756,"Jordan Montgomery",26,2019,"NYY",2,1,0,4,0,0,0,0,0,6.75,3,3,3,3,0,1,13,0,5,0,19,82
104863,656794,"Sean Newcomb",26,2019,"ATL",55,4,0,68.3,6,3,1,2,16,3.16,28,24,42,10,1,8,97,29,65,3,293,1181
104950,657117,"Austen Williams",26,2019,"WAS",2,0,0,0.3,0,0,0,0,0,162,6,6,1,2,0,2,13,1,1,0,7,29
104985,657228,"Jake Jewell",26,2019,"LAA",18,0,0,26.3,0,0,0,0,1,6.84,20,20,16,3,1,8,57,8,23,3,114,412
105101,657585,"Reed Garrett",26,2019,"DET",13,0,0,15.3,0,0,0,1,0,8.22,15,14,13,8,0,3,41,13,10,1,77,318
105129,657624,"Josh James",26,2019,"HOU",49,1,0,61.3,5,1,1,2,6,4.7,34,32,28,7,1,10,85,35,100,4,266,1132
105219,657766,"Locke St. John",26,2019,"TEX",7,0,0,6.7,0,0,0,0,2,5.4,4,4,4,3,0,0,10,4,5,0,33,149
105384,596043,"Daniel Mengden",26,2019,"OAK",13,9,0,59.7,5,2,1,0,0,4.83,32,32,35,16,1,7,98,27,42,0,260,1048
105400,657031,"Josh Taylor",26,2019,"BOS",52,1,0,47.3,2,2,0,2,6,3.04,17,16,30,5,0,5,60,17,62,2,195,796
105417,659275,"Dinelson Lamet",26,2019,"SD",14,14,0,73,3,5,0,0,0,4.07,38,33,36,14,0,12,112,30,105,5,313,1232
105425,656546,"Jeff Hoffman",26,2019,"COL",15,15,0,70,2,6,0,0,0,6.56,51,51,37,18,1,21,160,34,68,4,315,1256
105434,661255,"Yoan López",26,2019,"AZ",70,0,0,60.7,2,7,1,3,21,3.41,27,23,28,11,2,11,100,17,42,0,246,865
105494,664196,"Tanner Anderson",26,2019,"OAK",5,5,0,22.3,0,3,0,0,0,6.04,16,15,24,2,0,4,44,7,18,0,105,422
105736,664199,"Taylor Clarke",26,2019,"AZ",23,15,0,84.7,5,5,1,0,0,5.31,55,50,42,17,4,23,180,30,67,6,369,1511
106081,665093,"Zac Grotz",26,2019,"SEA",14,0,0,17.3,1,0,0,0,3,4.15,9,8,11,3,0,0,17,8,18,1,73,298
106241,664918,"Kyle Keller",26,2019,"MIA",10,0,0,10.7,0,0,0,0,0,3.38,4,4,2,0,0,3,14,8,11,2,46,193
106243,665001,"Trevor Kelley",26,2019,"BOS",10,0,0,8.3,0,3,0,0,1,8.64,8,8,3,4,0,2,19,5,6,0,40,163
106414,664208,"Phil Maton",26,2019,,30,0,0,36.7,0,0,0,0,2,6.14,27,25,20,10,1,7,71,12,33,2,163,608
106503,664238,"Dylan Moore",26,2019,"SEA",1,0,0,1,0,0,0,0,0,36,4,4,5,0,0,0,5,2,0,0,10,35
106701,596074,"Bobby Poyner",26,2019,"BOS",13,1,0,11.7,0,1,0,0,0,6.94,9,9,5,2,1,2,20,5,11,1,49,225
106709,663432,"Tanner Rainey",26,2019,"WAS",52,0,0,48.3,2,3,0,3,9,3.91,22,21,18,7,1,6,59,38,73,4,214,900
106950,605488,"Jeffrey Springs",26,2019,"TEX",25,0,0,32.3,4,1,0,0,1,6.4,23,23,22,11,1,4,63,23,32,0,155,665
107158,623354,"Daniel Zamora",26,2019,"NYM",17,0,0,8.7,0,1,0,0,0,5.19,5,5,6,3,0,1,16,5,8,1,41,152
107264,605521,"Art Warren",26,2019,"SEA",6,0,0,5.3,1,0,0,0,1,0,0,0,2,0,0,0,2,2,5,0,21,77
107277,664871,"Kyle Dowdy",26,2019,"TEX",13,1,0,22.3,2,1,0,1,0,7.25,20,18,18,4,0,4,42,18,17,1,110,438
107792,670036,"Matt Festa",26,2019,"SEA",20,0,0,22.3,0,2,0,2,3,5.64,15,14,8,5,2,5,44,12,21,2,101,381
108123,664192,"Joey Lucchesi",26,2019,"SD",30,30,0,163.7,10,10,0,0,0,4.18,78,76,86,32,3,23,251,56,158,2,686,2641
108191,596035,"Reggie McClain",26,2019,"SEA",14,2,0,21,1,1,0,1,0,6,14,14,13,7,0,2,35,13,11,0,95,354
109041,670950,"Trevor Richards",26,2019,,30,23,0,135.3,6,12,0,0,1,4.06,63,61,80,25,3,19,215,56,127,5,580,2287
60931,572008,"Chris Owings",27,2019,"KC",1,0,0,1.7,0,0,0,0,0,21.6,4,4,3,1,0,2,13,1,0,0,12,43
61000,572140,"Tyler Skaggs",27,2019,"LAA",15,15,0,79.7,7,7,0,0,0,4.29,41,38,50,13,1,9,115,28,78,2,335,1386
66064,553878,"Felipe Vázquez",27,2019,"PIT",56,0,0,60,5,1,28,3,0,1.65,12,11,28,9,1,5,69,13,90,4,236,958
66267,570488,"Phillips Valdez",27,2019,"TEX",11,0,0,16,0,0,0,0,0,3.94,7,7,12,2,0,3,28,9,18,2,75,293
66311,570632,"José Ureña",27,2019,"MIA",24,13,0,84.7,4,10,3,2,0,5.21,53,49,64,22,0,13,160,26,62,2,369,1372
66339,570666,"Luis Cessa",27,2019,"NYY",43,0,0,81,2,1,1,0,4,4.11,42,37,47,13,1,14,132,31,75,3,343,1304
66930,592135,"Cam Bedrosian",27,2019,"LAA",59,7,0,61.3,3,3,1,3,15,3.23,30,22,34,5,2,7,78,22,64,3,258,1014
66931,592145,"Jesse Biddle",27,2019,,30,0,0,28,0,1,0,1,1,8.36,33,26,30,6,1,5,65,22,26,4,152,601
66940,592169,"Austin Brice",27,2019,"MIA",36,0,0,44.7,1,0,0,1,7,3.43,21,17,25,5,0,7,63,18,46,7,199,779
66960,592222,"Alex Claudio",27,2019,"MIL",83,0,0,62,2,2,0,3,22,4.06,29,28,33,15,1,8,98,24,44,6,267,969
66991,592314,"Mike Foltynewicz",27,2019,"ATL",21,21,0,117,8,6,0,0,0,4.54,65,59,63,19,4,23,205,37,105,2,491,1888
67031,592468,"Nick Kingham",27,2019,,25,4,0,55.7,4,2,1,0,0,7.28,45,45,43,22,2,11,137,25,46,0,259,1027
67083,592662,"Robbie Ray",27,2019,"AZ",33,33,0,174.3,12,8,0,0,0,4.34,91,84,82,33,5,30,283,84,235,5,747,3056
67107,592717,"Aaron Sanchez",27,2019,,27,27,0,131.3,5,14,0,0,0,5.89,92,86,94,29,2,20,238,68,115,11,605,2304
67143,592826,"Vince Velasquez",27,2019,"PHI",33,23,0,117.3,7,8,0,0,2,4.91,69,64,68,22,4,26,228,43,130,9,516,2119
67219,593372,"Carlos Martinez",27,2019,"STL",48,0,0,48.3,4,2,24,3,3,3.17,18,17,31,6,0,2,51,18,53,3,200,778
67560,593833,"Wander Suero",27,2019,"WAS",78,0,0,71.3,6,9,1,6,19,4.54,36,36,45,14,0,5,93,26,81,3,296,1210
67604,593974,"Wandy Peralta",27,2019,,47,0,0,39.7,1,1,0,1,3,5.67,25,25,23,6,0,11,79,16,32,2,172,645
67656,594056,"Reymin Guduan",27,2019,"HOU",7,0,0,5.3,1,0,0,1,0,11.81,7,7,4,1,0,3,18,4,6,0,27,112
67864,594986,"Kyle Ryan",27,2019,"CHC",73,0,0,61,4,2,0,2,14,3.54,26,24,44,5,1,5,77,29,58,1,260,1052
68086,595918,"A.J. Cole",27,2019,"CLE",25,0,0,26,3,1,1,0,0,3.81,16,11,18,9,0,4,52,8,30,0,118,480
68444,547179,"Michael Lorenzen",27,2019,"CIN",73,0,0,83.3,1,4,7,4,21,2.92,29,27,46,12,1,9,109,28,85,2,343,1298
68490,592094,"Jason Adam",27,2019,"TOR",23,0,0,21.7,3,0,0,1,4,2.91,8,7,10,4,0,1,22,10,18,3,91,396
68518,592165,"Brandon Brennan",27,2019,"SEA",44,0,0,47.3,3,6,0,2,8,4.56,25,24,20,8,0,6,60,23,47,0,195,710
68529,592229,"Dylan Covey",27,2019,"CHW",18,12,0,58.7,1,8,0,1,0,7.98,54,52,50,13,0,12,124,27,41,3,279,1016
68541,592280,"Ryan Eades",27,2019,,8,0,0,11.3,0,1,0,1,1,2.38,3,3,6,3,0,2,20,6,10,1,50,202
68563,592346,"Chi Chi González",27,2019,"COL",14,12,0,63,2,6,0,0,0,5.29,39,37,34,13,1,11,107,33,46,1,278,1145
68564,592351,"Jon Gray",27,2019,"COL",26,25,0,150,11,8,0,0,0,3.84,70,64,89,34,5,19,248,56,149,4,637,2369
68592,592426,"Luke Jackson",27,2019,"ATL",71,0,0,72.7,9,2,18,7,9,3.84,34,31,57,9,0,10,115,26,106,2,315,1253
68656,592644,"Adam Plutko",27,2019,"CLE",21,20,0,109.3,7,5,0,0,0,4.86,61,59,65,27,1,22,210,26,78,4,462,1794
68671,592712,"Connor Sadzeck",27,2019,"SEA",20,0,0,23.7,0,1,1,1,2,2.66,10,7,11,4,0,3,31,15,27,2,107,424
68691,592773,"Ryne Stanek",27,2019,,63,27,0,77,0,4,1,4,7,3.97,39,34,36,13,1,11,109,39,89,0,327,1298
68692,592779,"Brock Stewart",27,2019,,13,0,0,25.7,4,0,0,0,0,9.82,29,28,17,8,1,11,80,8,19,3,124,486
68694,592791,"Jameson Taillon",27,2019,"PIT",7,7,1,37.3,2,3,0,0,0,4.1,24,17,19,9,2,4,59,8,30,2,158,555
68718,592859,"Stevie Wilkerson",27,2019,"BAL",4,0,0,5.3,0,0,1,0,0,6.75,4,4,3,1,0,2,13,0,1,0,22,45
68759,594835,"Marco Gonzales",27,2019,"SEA",34,34,0,203,16,13,0,0,0,3.99,106,90,134,50,3,23,335,56,147,6,866,3162
68781,594902,"Ben Lively",27,2019,"KC",1,0,0,1,0,0,0,0,0,27,3,3,2,0,0,1,6,0,1,0,6,27
68794,594965,"Daniel Ponce de Leon",27,2019,"STL",13,8,0,48.7,1,2,0,0,0,3.7,21,20,23,7,0,6,61,26,52,2,203,861
70356,571858,"Branden Kline",27,2019,"BAL",34,0,0,41,1,4,0,1,5,5.93,28,27,25,10,0,9,81,19,34,1,183,708
70455,605301,"Williams Jerez",27,2019,,12,0,0,10.3,1,0,0,0,1,4.35,5,5,7,2,1,2,22,9,9,0,48,191
70482,605446,"Dereck Rodríguez",27,2019,"SF",28,16,0,99,6,11,0,0,0,5.64,74,62,64,21,2,21,196,36,71,2,439,1663
70486,605463,"Tayler Scott",27,2019,,13,2,0,16.3,0,0,0,0,0,14.33,28,26,21,4,0,6,53,11,14,4,93,354
70860,596027,"Dillon Maples",27,2019,"CHC",14,0,0,11.7,1,0,0,0,0,5.4,7,7,4,0,0,2,12,10,18,4,54,237
70885,592716,"Adrian Sampson",27,2019,"TEX",35,15,1,125.3,6,8,0,0,0,5.89,86,82,83,38,6,29,293,36,101,9,563,2056
70946,607237,"Amir Garrett",27,2019,"CIN",69,0,0,56,5,3,0,3,22,3.21,22,20,28,9,0,7,74,35,78,4,246,949
71343,605218,"Carl Edwards Jr.",27,2019,,22,0,0,17,1,1,0,2,4,8.47,17,16,8,1,0,3,22,13,19,1,78,346
99823,545332,"Jake Barrett",27,2019,"NYY",2,0,0,3.7,0,0,0,0,0,14.73,6,6,2,2,0,2,14,2,4,0,19,70
99949,571539,"Matt Carasiti",27,2019,"SEA",11,5,0,9.7,0,1,0,0,0,4.66,6,5,7,2,0,2,19,5,10,0,43,185
100191,580792,"Nick Goody",27,2019,"CLE",39,0,0,40.7,3,2,0,0,10,3.54,18,16,17,5,1,7,58,21,50,0,172,706
100206,592866,"Trevor Williams",27,2019,"PIT",26,26,0,145.7,7,9,0,0,0,5.38,93,87,90,40,5,27,293,44,113,7,636,2327
100246,606149,"Giovanny Gallegos",27,2019,"STL",66,0,0,74,3,2,1,3,19,2.31,19,19,24,10,1,9,83,16,93,3,279,1134
100305,608678,"Dominic Leone",27,2019,"STL",40,0,0,40.7,1,0,1,1,0,5.53,28,25,21,9,0,9,75,22,46,0,180,662
100555,621219,"Alec Mills",27,2019,"CHC",9,4,0,36,1,0,1,0,0,2.75,11,11,20,5,1,5,53,11,42,7,152,553
100612,621381,"Matt Strahm",27,2019,"SD",46,16,0,114.7,6,11,0,1,6,4.71,61,60,71,27,1,22,216,22,118,7,487,1789
100727,622092,"Kyle Zimmer",27,2019,"KC",15,0,0,18.3,0,1,0,0,0,10.8,22,22,17,8,1,2,44,19,18,0,102,435
101176,622772,"Jimmy Cordero",27,2019,,31,0,0,37.3,1,1,0,0,4,2.89,12,12,16,5,1,4,45,11,31,3,146,541
102030,592233,"Stefan Crichton",27,2019,"AZ",28,0,0,30.3,1,0,0,0,3,3.56,12,12,17,3,0,3,35,8,33,2,123,467
102043,592705,"Nick Rumbelow",27,2019,"SEA",3,0,0,1.3,0,0,1,0,0,27,4,4,1,0,0,2,9,1,2,0,9,19
102044,592761,"Caleb Smith",27,2019,"MIA",28,28,0,153.3,10,11,0,0,0,4.52,82,77,64,29,2,33,260,60,168,6,646,2661
102049,592865,"Taylor Williams",27,2019,"MIL",10,0,0,14.7,1,1,0,1,0,9.82,17,16,17,4,0,1,29,7,15,2,73,267
102051,594577,"Mike Mayers",27,2019,"STL",16,0,0,19,0,1,0,0,1,6.63,14,14,11,5,2,3,39,12,16,1,89,340
102084,608723,"Austin Voth",27,2019,"WAS",9,8,0,43.7,2,1,0,0,0,3.3,16,16,17,9,2,5,61,13,44,3,174,684
102138,621294,"Ben Heller",27,2019,"NYY",6,0,0,7.3,0,0,0,0,0,1.23,1,1,4,1,0,1,10,3,9,0,28,102
102199,623913,"Wei-Chung Wang",27,2019,,25,0,0,31,3,0,0,0,0,3.77,13,13,18,5,0,4,44,14,18,1,129,519
102546,641438,"Shane Carle",27,2019,"ATL",6,0,0,9.3,0,0,0,0,0,9.64,10,10,4,3,1,3,25,9,6,3,49,187
102572,641525,"Brandon Dixon",27,2019,"DET",2,0,0,2,0,0,0,0,0,9,2,2,0,0,0,1,4,0,1,2,9,28
102658,641835,"Tim Mayza",27,2019,"TOR",68,0,0,51.3,1,3,0,1,18,4.91,29,28,24,13,0,8,82,27,55,1,227,921
102659,641838,"Kevin McCarthy",27,2019,"KC",56,0,0,60.3,4,2,1,4,6,4.48,31,30,45,19,0,4,99,21,38,2,268,878
102664,641851,"Kyle McGowin",27,2019,"WAS",7,1,0,16,0,0,1,0,0,10.13,19,18,13,2,0,7,45,4,18,1,76,298
102739,642073,"Jimmie Sherfy",27,2019,"AZ",17,0,0,18.3,1,0,1,1,0,5.89,12,12,15,4,0,4,39,5,22,1,83,316
102750,642098,"Glenn Sparkman",27,2019,"KC",31,23,1,136,4,11,0,0,0,6.02,96,91,98,34,2,30,292,41,81,6,606,2273
102770,642152,"Lou Trivino",27,2019,"OAK",61,0,0,60,4,6,0,5,17,5.25,40,35,38,16,0,7,98,31,57,3,269,953
102793,642231,"Jimmy Yacabonis",27,2019,"BAL",29,4,0,41,1,2,0,0,3,6.8,32,31,29,12,1,9,92,24,33,2,193,770
103318,643230,"Steven Brault",27,2019,"PIT",25,19,0,113.3,4,6,0,0,0,5.16,69,65,72,29,1,15,193,53,100,7,505,2001
103721,640455,"Sean Manaea",27,2019,"OAK",5,5,0,29.7,4,0,0,0,0,1.21,4,4,10,3,0,3,28,7,30,2,109,444
103857,623364,"Brad Wieck",27,2019,,44,0,0,34.7,2,2,0,2,9,5.71,23,22,13,7,0,8,59,13,49,3,148,632
103928,642226,"Matt Wotherspoon",27,2019,"BAL",2,0,0,4.7,0,0,0,0,0,15.43,8,8,7,1,0,2,17,2,2,1,26,103
103929,642232,"Ryan Yarbrough",27,2019,"TB",28,14,0,141.7,11,6,0,1,0,4.13,69,65,72,31,3,15,203,20,117,9,563,2054
103953,642840,"Joe Harvey",27,2019,,18,0,0,18,1,0,0,0,0,5,11,10,13,1,1,3,30,13,17,2,84,361
103974,643466,"Harrison Musgrave",27,2019,"COL",10,0,0,10,0,0,0,0,0,3.6,4,4,7,1,1,0,12,7,12,0,47,205
104735,656257,"Jeff Brigham",27,2019,"MIA",32,0,0,38.3,3,2,1,1,5,4.46,20,19,24,3,1,8,65,14,39,1,161,690
105088,657566,"Montana DuRapau",27,2019,"PIT",14,2,0,17.3,0,1,0,0,0,9.35,24,18,16,6,1,4,47,9,22,2,90,327
58044,544365,"Manny Bañuelos",28,2019,"CHW",16,8,0,50.7,3,4,0,0,0,6.93,39,39,39,9,0,12,105,33,44,1,235,944
58407,543475,"Jordan Lyles",28,2019,,28,28,0,141,12,8,0,0,0,4.15,72,65,73,28,5,25,244,55,146,1,599,2377
58533,527048,"Martín Pérez",28,2019,"MIN",32,29,0,165.3,10,7,0,0,0,5.12,104,94,125,36,0,23,289,67,135,3,737,2771
58731,527054,"Julio Teheran",28,2019,"ATL",33,33,0,174.7,10,11,0,0,0,3.81,81,74,91,33,2,22,251,83,162,14,754,3034
58775,527055,"Arodys Vizcaíno",28,2019,"ATL",4,0,0,4,1,0,1,1,0,2.25,1,1,0,2,0,1,8,3,6,0,17,68
59021,541650,"Hernán Pérez",28,2019,"MIL",3,0,0,3,0,0,0,0,0,3,1,1,1,0,0,1,5,2,1,0,11,41
59431,545358,"Max Stassi",28,2019,"HOU",1,0,0,0.3,0,0,0,0,0,0,0,0,0,0,0,0,0,0,0,0,1,5
59584,571437,"Aaron Altherr",28,2019,"PHI",1,0,0,1,0,0,0,0,0,9,1,1,1,1,0,0,3,0,2,0,5,19
60047,543901,"Ryan Weber",28,2019,"BOS",18,3,0,40.7,2,4,0,0,0,5.09,25,23,30,11,2,5,78,8,29,3,181,674
60094,545064,"Jairo Díaz",28,2019,"COL",56,0,0,57.7,6,4,5,3,7,4.53,34,29,33,13,3,7,96,19,63,2,245,887
60317,573668,"Juan Minaya",28,2019,"CHW",22,0,0,27.7,0,0,0,0,0,3.9,13,12,15,11,1,4,56,12,27,2,126,478
60626,571946,"Shelby Miller",28,2019,"TEX",19,8,0,44,1,3,0,1,1,8.59,46,42,41,9,0,8,91,29,30,3,220,862
60633,571974,"John Ryan Murphy",28,2019,"AZ",2,0,0,3,0,0,0,0,0,27,9,9,4,3,0,3,22,3,0,0,22,68
60652,572044,"Brooks Pounders",28,2019,"NYM",7,0,0,7.3,1,0,0,0,0,6.14,5,5,6,1,1,1,15,2,5,1,34,135
60740,572362,"Robbie Erlin",28,2019,"SD",37,1,0,55.3,0,1,0,1,5,5.37,36,33,55,11,0,6,101,15,52,1,251,959
65957,543037,"Gerrit Cole",28,2019,"HOU",33,33,0,212.3,20,5,0,0,0,2.5,66,59,82,30,1,29,261,48,326,3,817,3360
66174,554340,"Yimi García",28,2019,"LAD",64,0,0,62.3,1,4,0,3,4,3.61,28,25,15,9,1,15,96,14,66,6,247,997
66336,570663,"Hansel Robles",28,2019,"LAA",71,1,0,72.7,5,1,23,4,2,2.48,20,20,41,11,0,6,87,16,75,0,283,1141
66567,571917,"Parker Markel",28,2019,,20,0,0,22,0,1,0,0,0,7.77,21,19,13,7,0,6,51,17,24,3,110,460
66650,572998,"Josh Lucas",28,2019,"BAL",9,0,0,15.7,0,0,1,0,0,5.74,12,10,10,2,0,2,22,7,16,0,69,273
67118,592741,"Chasen Shreve",28,2019,"STL",3,0,0,2,1,0,0,0,1,9,2,2,0,2,0,0,4,1,2,1,10,42
67641,594027,"Tayron Guerrero",28,2019,"MIA",52,0,0,46,1,2,0,4,6,6.26,34,32,27,8,0,7,71,36,43,6,216,900
67865,594987,"Casey Sadler",28,2019,,33,1,0,46.3,4,0,1,1,2,2.14,14,11,30,5,1,5,63,13,31,4,194,696
68071,595798,"R.J. Alaniz",28,2019,,12,0,0,15.7,1,0,0,0,0,9.19,17,16,11,5,0,3,33,7,13,0,71,262
68307,598271,"Brian Johnson",28,2019,"BOS",21,7,0,40.3,1,3,0,1,0,6.02,29,27,29,17,1,6,90,23,31,0,193,772
68557,592332,"Kevin Gausman",28,2019,,31,17,0,102.3,3,9,0,0,2,5.72,71,65,75,22,1,15,182,32,114,5,451,1642
68565,643338,"Chad Green",28,2019,"NYY",54,15,0,69,4,4,2,0,4,4.17,35,32,40,14,2,10,114,20,98,6,296,1275
68741,594736,"Cody Anderson",28,2019,"CLE",5,2,0,8.7,0,1,0,1,0,9.35,9,9,7,4,0,1,19,8,9,1,46,193
68855,595191,"Jerad Eickhoff",28,2019,"PHI",12,10,0,58.3,3,4,1,0,0,5.71,37,37,28,11,1,18,125,18,50,2,245,974
69637,606160,"Rafael Montero",28,2019,"TEX",22,0,0,29,2,0,0,1,7,2.48,8,8,14,3,1,5,43,5,34,2,113,459
69964,607374,"Nick Tropeano",28,2019,"LAA",3,1,0,13.7,0,1,0,0,0,9.88,15,15,10,2,0,6,38,6,10,2,66,273
70293,542888,"Shawn Armstrong",28,2019,,55,0,0,58,1,1,4,5,9,5.74,38,37,44,13,1,8,105,29,63,4,271,1134
70297,543001,"Ryan Carpenter",28,2019,"DET",9,9,0,40.7,1,6,0,0,0,9.3,46,42,34,14,1,12,113,13,25,2,197,685
70335,545333,"Trevor Bauer",28,2019,,34,34,1,213,11,13,0,0,0,4.48,118,106,100,43,7,34,343,82,253,19,911,3685
70354,571704,"Ken Giles",28,2019,"TOR",53,0,0,53,2,3,23,1,0,1.87,11,11,21,10,0,5,61,17,83,0,208,810
70359,571882,"Derek Law",28,2019,"TOR",58,4,0,60.7,1,2,5,1,8,4.9,36,33,36,15,2,8,104,40,67,3,285,1193
70361,571948,"Hoby Milner",28,2019,"TB",4,0,0,3.7,0,0,0,0,1,7.36,3,3,1,3,0,0,7,1,3,1,17,70
70371,573186,"Marcus Stroman",28,2019,,32,32,0,184.3,10,13,0,0,0,3.22,77,66,131,32,2,18,273,58,159,1,774,3042
70437,605182,"Mike Clevinger",28,2019,"CLE",21,21,0,126,13,4,0,0,0,2.71,38,38,61,24,1,10,152,37,169,2,499,2090
70514,606965,"Chris Devenski",28,2019,"HOU",61,1,0,69,2,3,0,1,7,4.83,39,37,40,13,3,13,127,21,72,3,298,1144
70641,608379,"Michael Wacha",28,2019,"STL",29,24,0,126.7,6,7,0,0,0,4.76,71,67,91,25,1,26,248,54,104,3,561,2197
70673,608596,"Tom Murphy",28,2019,"SEA",3,0,0,3,0,0,0,0,0,6,2,2,0,1,0,0,2,1,2,0,11,42
71344,643778,"Tyler Webb",28,2019,"STL",65,0,0,55,2,1,1,0,8,3.76,23,23,19,5,2,7,63,23,48,2,221,881
99821,571927,"Steven Matz",28,2019,"NYM",32,30,1,160.3,11,10,0,0,1,4.21,83,75,100,32,4,27,284,52,153,7,691,2701
99833,572125,"Sam Selman",28,2019,"SF",10,0,0,10.3,0,0,0,1,1,4.35,5,5,3,1,0,2,13,6,10,2,44,186
99842,572703,"Luke Bard",28,2019,"LAA",32,3,0,49,3,3,0,1,1,4.78,27,26,27,6,0,8,71,13,40,5,199,794
99857,571670,"Dylan Floro",28,2019,"LAD",50,0,0,46.7,5,3,0,3,6,4.24,25,22,33,8,1,4,68,14,42,2,201,730
99874,571760,"Andrew Heaney",28,2019,"LAA",18,18,0,95.3,4,6,0,0,0,4.91,53,52,58,15,0,20,168,30,118,7,409,1688
99954,573124,"Taylor Rogers",28,2019,"MIN",60,0,0,69,2,4,30,6,10,2.61,20,20,41,9,0,8,91,11,90,6,278,1040
99961,571863,"Matt Koch",28,2019,"AZ",9,0,0,20.7,0,0,0,0,0,9.15,21,21,13,8,0,8,61,4,9,5,96,364
99984,572086,"Brady Rodgers",28,2019,"HOU",3,0,0,5,0,0,0,0,0,16.2,9,9,2,1,0,4,20,3,4,0,25,114
99992,573046,"Mike Morin",28,2019,,52,0,0,50.7,1,3,1,1,8,4.62,29,26,30,10,0,6,74,10,26,4,210,717
99999,572021,"James Pazos",28,2019,"COL",12,0,0,10.3,0,0,0,0,3,1.74,2,2,5,1,0,1,11,4,10,0,39,149
100036,571912,"Luke Maile",28,2019,"TOR",2,0,0,2,0,0,0,0,0,0,0,0,1,0,0,0,1,0,3,1,8,33
100067,571656,"Buck Farmer",28,2019,"DET",73,1,0,67.7,6,6,0,3,15,3.72,32,28,37,14,3,8,106,24,73,5,288,1156
100110,573009,"Joe Mantiply",28,2019,"NYY",1,0,0,3,1,0,0,0,0,9,3,3,1,0,1,1,8,2,2,0,14,52
100171,571657,"Kyle Farmer",28,2019,"CIN",1,0,0,1.3,0,0,0,0,0,0,0,0,1,0,0,0,1,0,0,0,5,
100188,572403,"Drew VerHagen",28,2019,"DET",22,4,0,58,4,3,0,0,1,5.9,40,38,44,15,2,9,116,23,50,4,258,944
100288,608638,"JT Chargois",28,2019,"LAD",21,0,0,21.3,1,0,0,0,0,6.33,16,15,12,4,1,4,39,5,28,2,88,293
100292,608648,"Tyler Duffey",28,2019,"MIN",58,0,0,57.7,5,1,0,2,16,2.5,23,16,30,6,0,8,74,14,81,3,238,978
100316,608700,"Kevin Plawecki",28,2019,"CLE",2,0,0,2,0,0,0,0,0,0,0,0,0,0,0,0,0,0,0,0,6,19
100322,608716,"Drew Steckenrider",28,2019,"MIA",15,0,0,14.3,0,2,0,1,3,6.28,10,10,3,0,0,6,27,5,14,1,58,237
100323,608717,"Chris Stratton",28,2019,,35,5,0,76,1,3,0,0,1,5.57,50,47,57,21,2,13,157,33,69,0,344,1243
100392,613534,"Austin Adams",28,2019,,30,2,0,32,2,2,0,2,10,3.94,14,14,11,5,0,4,37,16,53,1,130,530
100544,621199,"Matt Bowman",28,2019,"CIN",27,0,0,32,2,0,0,0,0,3.66,15,13,17,8,0,2,41,13,25,0,137,549
100591,621295,"Nick Wittgren",28,2019,"CLE",55,0,0,57.7,5,1,4,2,12,2.81,22,18,26,11,0,10,88,16,60,0,232,970
100613,621385,"Daniel Stumpf",28,2019,"DET",48,0,0,29,1,1,0,2,5,4.34,18,14,23,6,1,5,58,15,28,0,135,522
100718,622072,"Alex Wood",28,2019,"CIN",7,7,0,35.7,1,3,0,0,0,5.8,25,23,21,9,0,11,83,9,30,1,153,586
101408,623402,"Tim Peterson",28,2019,"NYM",6,0,0,7.3,0,0,0,0,0,4.91,4,4,5,1,0,1,11,7,3,1,35,142
101991,621389,"Ty Blach",28,2019,,7,5,0,27,1,3,0,0,0,12,37,36,27,10,1,8,82,17,20,0,139,520
102011,571510,"Matthew Boyd",28,2019,"DET",32,32,0,185.3,9,12,0,0,0,4.56,101,94,101,36,2,39,335,50,238,8,788,3024
102075,608652,"Luke Farrell",28,2019,"TEX",9,1,0,13.3,1,0,0,0,0,2.7,4,4,2,0,1,3,17,3,12,0,48,212
102136,621289,"Jaime Schultz",28,2019,"LAD",4,0,0,5,0,0,0,0,0,7.2,4,4,3,2,0,1,11,3,3,0,22,96
102634,641755,"Tyler Kinley",28,2019,"MIA",52,0,0,49.3,3,1,1,2,1,3.65,20,20,31,7,0,5,65,36,46,1,221,866
102705,641941,"Emilio Pagán",28,2019,"TB",66,0,0,70,4,2,20,9,8,2.31,19,18,24,6,3,12,93,13,96,1,267,1074
102794,642233,"Eric Yardley",28,2019,"SD",10,0,0,11.7,0,1,0,0,0,2.31,5,3,10,1,0,1,16,3,7,1,52,181
103333,643256,"Adam Cimber",28,2019,"CLE",68,0,0,56.7,6,3,1,2,19,4.45,29,28,39,10,1,6,86,19,41,4,244,797
103391,643354,"Donnie Hart",28,2019,,5,0,0,7.7,0,0,0,0,0,0,0,0,4,0,0,0,4,4,3,0,29,104
103494,643511,"Tyler Rogers",28,2019,"SF",17,0,0,17.7,2,0,0,2,5,1.02,3,2,9,3,0,0,15,4,16,1,71,255
103546,643603,"Tyler White",28,2019,"HOU",4,0,0,3.3,0,0,0,0,0,21.6,8,8,0,3,0,4,22,5,2,0,22,88
105121,657610,"Trevor Hildenberger",28,2019,"MIN",22,0,0,16.3,2,2,1,0,6,10.47,19,19,20,8,0,2,44,7,15,3,88,326
107196,623433,"Nick Anderson",28,2019,,68,0,0,65,5,4,1,4,16,3.32,24,24,31,11,2,8,91,18,110,2,264,1101
125512,579328,"Yusei Kikuchi",28,2019,"SEA",32,32,1,161.7,6,11,0,0,0,5.46,109,98,112,41,6,36,356,50,116,6,721,2628
50677,501303,"Ehire Adrianza",29,2019,"MIN",1,0,0,1,0,0,0,0,0,27,3,3,2,2,1,0,9,0,1,0,8,21
50866,501593,"Luis Avilán",29,2019,"NYM",45,0,0,32,4,0,0,0,3,5.06,18,18,23,5,0,5,53,14,30,3,141,600
56278,521655,"Wilmer Font",29,2019,,48,17,0,84.3,4,5,0,1,2,4.48,42,42,34,26,1,17,157,30,95,3,357,1523
56449,516969,"Kelvin Herrera",29,2019,"CHW",57,0,0,51.3,3,3,1,2,6,6.14,36,35,41,10,1,8,96,23,53,1,235,907
56723,517593,"Danny Salazar",29,2019,"CLE",1,1,0,4,0,1,0,0,0,4.5,2,2,1,1,0,2,11,3,2,0,17,66
57679,525768,"Tim Collins",29,2019,"CHC",9,0,0,8.7,0,0,0,0,0,3.12,3,3,5,3,0,1,15,3,4,0,38,160
57743,518516,"Madison Bumgarner",29,2019,"SF",34,34,0,207.7,9,9,0,0,0,3.9,99,90,115,41,5,30,332,43,203,10,844,3238
57820,543135,"Nathan Eovaldi",29,2019,"BOS",23,12,0,67.7,2,1,0,1,4,5.99,46,45,43,13,0,16,133,35,70,3,302,1264
57938,543272,"Brad Hand",29,2019,"CLE",60,0,0,57.3,6,4,34,5,0,3.3,21,21,34,13,0,6,84,18,84,4,242,946
58241,543022,"Tyler Chatwood",29,2019,"CHC",38,5,0,76.7,5,3,2,2,4,3.76,33,32,47,10,0,8,99,37,74,5,324,1285
58281,519293,"Will Smith",29,2019,"SF",63,0,0,65.3,6,0,34,4,0,2.76,20,20,30,4,2,10,84,21,96,0,257,1042
58415,543483,"Matt Magill",29,2019,,50,0,0,50.7,5,2,5,2,1,4.09,31,23,28,15,1,7,89,20,64,2,229,885
58507,543606,"Jake Odorizzi",29,2019,"MIN",30,30,0,159,15,7,0,0,0,3.51,65,62,92,29,2,16,220,53,178,4,658,2784
58787,543903,"Allen Webster",29,2019,"CHC",12,0,0,11,0,0,1,0,0,4.91,7,6,9,3,0,2,23,5,9,1,52,171
58905,544727,"Jeurys Familia",29,2019,"NYM",66,0,0,60,4,2,0,4,14,5.7,39,38,40,14,1,7,99,42,63,3,274,1041
58911,543507,"Trevor May",29,2019,"MIN",65,0,0,64.3,5,3,2,2,17,2.94,24,21,28,7,0,8,74,26,79,3,266,1166
59012,541640,"Erasmo Ramírez",29,2019,"BOS",1,0,0,3,0,0,0,0,0,12,4,4,1,1,0,2,11,1,1,1,15,41
59541,552640,"Andrew Kittredge",29,2019,"TB",37,7,0,49.7,1,0,0,0,3,4.17,25,23,38,5,1,7,79,12,58,2,210,816
59626,571578,"Patrick Corbin",29,2019,"WAS",33,33,1,202,14,7,0,0,0,3.25,81,73,107,37,1,24,280,70,238,3,835,3299
60016,543532,"Tim Melville",29,2019,"COL",7,7,0,33.3,2,3,0,0,0,4.86,18,18,20,5,0,9,66,14,24,1,143,563
60664,572096,"Trevor Rosenthal",29,2019,,22,0,0,15.3,0,1,0,0,2,13.5,24,23,10,1,0,0,12,26,17,4,85,405
61025,476594,"Robert Stock",29,2019,"SD",10,0,0,10.7,1,0,0,1,0,10.13,14,12,9,3,0,2,23,8,15,1,56,229
65851,518397,"Scott Alexander",29,2019,"LAD",28,0,0,17.3,3,2,0,0,7,3.63,7,7,11,3,1,2,28,7,9,1,76,278
65947,542881,"Tyler Anderson",29,2019,"COL",5,5,0,20.7,0,3,0,0,0,11.76,27,27,16,8,1,8,67,11,23,0,106,428
65965,543219,"Sean Gilmartin",29,2019,"BAL",1,1,0,2.3,0,1,0,0,0,19.29,5,5,4,1,0,2,14,2,1,0,16,68
66213,554430,"Zack Wheeler",29,2019,"NYM",31,31,0,195.3,11,8,0,0,0,3.96,93,86,140,33,1,22,297,50,195,2,828,3158
66234,570240,"Félix Peña",29,2019,"LAA",22,7,0,96.3,8,3,0,0,1,4.58,56,49,45,19,0,16,147,34,101,6,407,1570
66543,571710,"Mychal Givens",29,2019,"BAL",58,0,0,63,2,6,11,8,7,4.57,35,32,29,4,3,13,98,26,86,2,260,1092
67028,592454,"Tommy Kahnle",29,2019,"NYY",72,0,0,61.3,3,2,0,5,27,3.67,27,25,27,8,1,9,82,20,88,2,248,999
67172,593144,"Richard Rodríguez",29,2019,"PIT",72,0,0,65.3,4,5,1,4,16,3.72,30,27,46,5,0,14,112,23,63,2,285,1150
68234,597113,"DJ Johnson",29,2019,"COL",28,0,0,25,0,2,0,0,4,5.04,14,14,16,5,1,1,33,19,24,3,116,489
68319,598286,"Nick Ramirez",29,2019,"DET",46,0,0,79.7,5,4,0,1,1,4.07,45,36,46,16,3,11,131,35,74,1,348,1323
68320,598287,"Noé Ramirez",29,2019,"LAA",51,7,0,67.7,5,4,0,0,3,3.99,30,30,37,11,2,9,101,20,79,5,280,1107
68419,534910,"Jesse Hahn",29,2019,"KC",6,0,0,4.7,0,1,0,0,0,13.5,7,7,4,2,0,1,12,6,7,0,27,107
68471,572143,"Burch Smith",29,2019,,17,0,0,21.3,0,1,0,1,0,5.48,14,13,17,5,1,3,42,14,20,1,106,425
68990,595465,"Dan Winkler",29,2019,"ATL",27,0,0,21.7,3,1,0,1,6,4.98,14,12,8,4,1,5,39,11,22,1,93,351
69131,518566,"Taylor Cole",29,2019,"LAA",38,6,0,51.7,3,4,0,0,4,5.92,35,34,40,15,1,2,81,24,50,2,231,911
69156,542882,"Matt Andriese",29,2019,"AZ",54,0,0,70.7,5,5,1,3,4,4.71,37,37,45,17,2,8,117,27,79,3,310,1202
69169,543169,"Brian Flynn",29,2019,"KC",11,1,0,29.3,2,2,0,0,0,5.22,18,17,27,9,0,2,53,17,22,3,139,509
69172,543294,"Kyle Hendricks",29,2019,"CHC",30,30,1,177,11,10,0,0,0,3.46,78,68,108,39,2,19,268,32,150,9,730,2690
69523,605156,"Aaron Brooks",29,2019,,29,18,0,110,6,8,0,0,0,5.65,72,69,67,26,4,21,215,34,82,10,482,1898
69552,605359,"Evan Marshall",29,2019,"CHW",55,0,0,50.7,4,2,0,4,19,2.49,16,14,29,8,0,5,65,24,41,0,209,834
69553,605361,"Nick Martini",29,2019,"OAK",1,0,0,1,0,0,0,0,0,0,0,0,0,0,0,0,0,2,1,0,5,16
69837,606930,"Jacob Barnes",29,2019,,33,1,0,32.7,1,5,0,0,1,7.44,30,27,22,6,1,7,65,22,32,0,160,660
70016,607473,"Chasen Bradford",29,2019,"SEA",12,0,0,16.7,0,0,1,0,1,4.86,9,9,8,3,0,6,38,4,11,0,69,247
70069,607625,"Seth Lugo",29,2019,"NYM",61,0,0,80,7,4,6,5,21,2.7,28,24,37,10,1,8,92,16,104,5,314,1274
70300,543045,"Adam Conley",29,2019,"MIA",60,0,0,60.7,2,11,2,2,6,6.53,45,44,46,17,3,10,129,29,53,3,283,1061
70302,543089,"Taylor Davis",29,2019,"CHC",1,0,0,1,0,0,0,0,0,0,0,0,3,0,0,0,3,0,0,0,6,6
70303,543193,"Drew Gagnon",29,2019,"NYM",18,0,0,23.7,3,1,0,1,0,8.37,26,22,17,6,0,11,73,7,17,2,117,401
70304,543208,"Sam Gaviglio",29,2019,"TOR",52,0,0,95.7,4,2,0,0,5,4.61,51,49,49,18,0,18,157,22,88,4,392,1427
70306,543243,"Sonny Gray",29,2019,"CIN",31,31,0,175.3,11,8,0,0,0,2.87,59,56,80,21,4,17,202,68,204,7,708,2807
70376,582494,"Robby Scott",29,2019,"AZ",11,0,0,7.3,1,0,0,0,0,4.91,4,4,4,3,0,1,14,7,9,0,37,164
70432,605154,"John Brebbia",29,2019,"STL",66,0,0,72.7,3,4,0,1,13,3.59,31,29,40,12,1,6,91,27,87,3,304,1214
70436,605177,"Andrew Chafin",29,2019,"AZ",77,0,0,52.7,2,2,0,4,23,3.76,23,22,42,4,0,6,74,18,68,2,225,893
70472,605388,"Adam Morgan",29,2019,"PHI",40,0,0,29.7,3,3,0,2,19,3.94,14,13,12,3,1,4,37,10,29,3,120,463
70498,605541,"Mike Wright Jr.",29,2019,,19,0,0,29.3,0,1,1,1,0,7.98,30,26,26,12,0,6,74,12,30,2,147,577
70752,543343,"Danny Hultzen",29,2019,"CHC",6,0,0,3.3,0,0,0,0,0,0,0,0,4,0,0,0,4,2,5,1,18,73
70758,598264,"Matt Barnes",29,2019,"BOS",70,0,0,64.3,5,4,4,8,26,3.78,29,27,34,9,0,8,84,38,110,2,285,1289
70803,543101,"Anthony DeSclafani",29,2019,"CIN",31,31,0,166.7,9,9,0,0,0,3.89,77,72,93,28,1,29,268,49,167,4,696,2587
70811,605143,"Ray Black",29,2019,,17,0,0,16,0,1,0,2,2,5.06,9,9,8,0,1,5,31,9,18,1,70,263
70826,548389,"Ross Stripling",29,2019,"LAD",32,15,0,90.7,4,4,0,0,3,3.47,40,35,49,23,1,11,142,20,93,2,370,1444
70916,543677,"Matt Ramsey",29,2019,"LAA",1,0,0,1,0,0,0,0,0,0,0,0,0,0,0,0,0,0,1,0,3,11
70982,605479,"Josh D. Smith",29,2019,,14,0,0,12.7,0,0,0,0,0,6.39,9,9,6,4,1,0,17,11,14,3,64,285
70988,607352,"Joe Biagini",29,2019,,63,0,0,64.7,3,2,1,2,11,4.59,35,33,41,15,1,14,130,26,60,1,281,1140
71000,607391,"Chris Mazza",29,2019,"NYM",9,0,0,16.3,1,1,0,0,0,5.51,10,10,11,9,1,0,32,5,11,4,74,284
71177,607457,"Kyle Barraclough",29,2019,,43,0,0,33.7,1,2,0,3,8,5.61,24,21,22,7,0,9,72,21,40,2,164,708
71213,607732,"Jacob Stallings",29,2019,"PIT",1,0,0,1,0,0,0,0,0,0,0,0,0,0,0,0,0,0,0,0,3,7
100137,643327,"Zack Godley",29,2019,,33,9,0,92,4,5,2,0,0,5.97,62,61,58,20,4,14,166,42,70,5,407,1548
100324,608718,"Brent Suter",29,2019,"MIL",9,0,0,18.3,4,0,0,0,2,0.49,1,1,6,2,1,1,17,1,15,0,65,233
101231,623149,"Paul Sewald",29,2019,"NYM",17,0,0,19.7,1,1,1,0,0,4.58,10,10,9,6,0,3,33,3,22,1,80,330
101264,623184,"Scott Oberg",29,2019,"COL",49,0,0,56,6,1,5,3,8,2.25,18,14,31,2,1,5,58,23,57,0,223,897
101433,623430,"Ryan Dull",29,2019,,11,0,0,12.7,0,0,0,0,1,12.79,19,18,10,10,0,5,50,7,15,1,71,252
101438,623439,"Ryan Garton",29,2019,"SEA",2,0,0,3,0,0,0,0,0,12,4,4,1,1,0,2,11,1,1,0,14,63
102149,621397,"Tyler Olson",29,2019,"CLE",39,0,0,30.7,1,1,0,1,1,4.4,15,15,21,10,0,3,53,16,28,2,140,543
102294,628452,"Raisel Iglesias",29,2019,"CIN",68,0,0,67,3,12,34,6,3,4.16,31,31,35,13,1,12,112,21,89,2,279,1115
102757,642121,"Cole Sulser",29,2019,"TB",7,0,0,7.3,0,0,0,0,0,0,0,0,4,1,0,0,6,3,9,0,29,130
103484,643493,"Austin Pruitt",29,2019,"TB",14,2,0,47,3,0,0,0,0,4.4,23,23,29,10,1,7,80,12,39,0,193,720
105123,657612,"Tim Hill",29,2019,"KC",46,0,0,39.7,2,0,1,1,9,3.63,17,16,22,5,0,4,48,13,39,4,161,632
50101,502042,"Chris Archer",30,2019,"PIT",23,23,0,119.7,3,9,0,0,0,5.19,73,69,69,18,2,25,211,55,143,4,526,2097
50538,503449,"Wily Peralta",30,2019,"KC",42,0,0,40.3,2,4,2,3,5,5.8,28,26,30,8,0,7,74,19,23,2,176,646
50704,501381,"Michael Pineda",30,2019,"MIN",26,26,0,146,11,5,0,0,0,4.01,68,65,90,26,2,23,240,28,140,5,600,2182
50878,501625,"Jose Alvarez",30,2019,"PHI",67,1,0,59,3,4,1,2,16,3.36,25,22,48,10,0,8,100,18,51,1,255,983
51574,500610,"Deolis Guerra",30,2019,"MIL",1,0,0,0.7,0,0,0,0,0,54,4,4,3,0,0,1,7,0,0,0,6,17
51594,500724,"JC Ramírez",30,2019,"LAA",5,0,0,8,0,0,0,0,0,4.5,4,4,2,4,1,1,17,1,4,1,34,107
51645,500779,"Jose Quintana",30,2019,"CHC",32,31,0,171,13,9,0,0,1,4.68,100,89,126,43,2,20,298,46,152,2,745,2733
55592,518468,"Michael Blazek",30,2019,"WAS",4,0,0,5,0,0,0,0,0,7.2,4,4,4,1,0,1,10,5,0,0,26,86
55735,517008,"Alex Colomé",30,2019,"CHW",62,0,0,61,4,5,30,3,0,2.8,28,19,23,10,2,7,77,23,55,1,249,975
55773,518586,"Charlie Culberson",30,2019,"ATL",2,0,0,2,0,0,0,0,0,0,0,0,1,1,0,0,3,2,1,0,10,52
56197,518633,"Danny Duffy",30,2019,"KC",23,23,0,130.7,7,6,0,0,0,4.34,69,63,75,28,1,21,218,46,115,8,555,2161
56426,521230,"Liam Hendriks",30,2019,"OAK",75,2,0,85,4,4,25,7,8,1.8,18,17,39,16,1,5,94,21,124,2,332,1317
56949,519393,"Marcus Walden",30,2019,"BOS",70,0,0,78,9,2,2,4,8,3.81,38,33,37,17,1,6,98,32,76,5,327,1236
57473,519043,"Matt Moore",30,2019,"DET",2,2,0,10,0,0,0,0,0,0,0,0,3,0,0,0,3,1,9,0,33,117
57520,519222,"Austin Romine",30,2019,"NYY",1,0,0,1,0,0,0,0,0,27,3,3,1,1,0,2,11,0,0,0,7,21
57557,519326,"Hunter Strickland",30,2019,,28,0,0,24.3,2,1,2,1,10,5.55,15,15,10,6,0,6,46,8,18,3,105,369
57745,519144,"Rick Porcello",30,2019,"BOS",32,32,0,174.3,14,12,0,0,0,5.52,114,107,119,43,5,31,344,45,143,6,768,2927
58436,519008,"T.J. McFarland",30,2019,"AZ",51,0,0,56,0,0,0,0,9,4.82,35,30,50,13,2,6,106,20,35,1,250,894
58552,519151,"Ryan Pressly",30,2019,"HOU",55,0,0,54.3,2,3,3,5,31,2.32,15,14,25,6,0,6,61,12,72,0,211,803
58568,519166,"Neil Ramírez",30,2019,,22,1,0,25,0,1,0,0,2,5.4,16,15,13,6,0,7,53,15,24,0,112,461
58857,543557,"Mike Montgomery",30,2019,,33,13,0,91,3,9,0,1,3,4.95,55,50,71,23,1,18,192,34,69,4,402,1575
59473,547888,"Masahiro Tanaka",30,2019,"NYY",32,31,1,182,11,9,0,0,0,4.45,95,90,111,43,4,28,321,40,149,2,759,2750
59872,542585,"José Cisnero",30,2019,"DET",35,0,0,35.3,0,4,0,2,4,4.33,21,17,21,7,2,5,61,19,40,3,162,645
60625,571945,"Miles Mikolas",30,2019,"STL",32,32,1,184,9,14,0,0,0,4.16,90,85,127,33,6,27,319,32,144,12,764,2804
60884,572383,"Brian Moran",30,2019,"MIA",10,0,0,6.3,1,0,0,1,2,4.26,3,3,3,1,1,1,12,2,10,2,29,112
60907,572888,"Shane Greene",30,2019,,65,0,0,62.7,0,3,23,5,10,2.3,22,16,31,7,0,8,77,17,64,3,252,949
60921,573185,"Dan Straily",30,2019,"BAL",14,8,0,47.7,2,4,0,0,0,9.82,53,52,36,13,2,22,156,22,33,2,236,966
61056,544931,"Stephen Strasburg",30,2019,"WAS",33,33,0,209,18,6,0,0,0,3.32,79,77,107,25,5,24,268,56,251,10,841,3383
65751,519242,"Chris Sale",30,2019,"BOS",25,25,1,147.3,6,11,0,0,0,4.4,80,72,67,30,2,24,229,37,218,13,612,2464
65855,518452,"Chad Bettis",30,2019,"COL",39,3,0,63.7,1,6,1,2,4,6.08,47,43,49,17,2,10,129,21,42,5,287,1030
65879,518876,"Merrill Kelly",30,2019,"AZ",32,32,0,183.3,13,14,0,0,0,4.42,95,90,113,38,4,29,317,57,158,2,777,2960
65895,519076,"Jimmy Nelson",30,2019,"MIL",10,3,0,22,0,2,0,0,0,6.95,18,17,14,4,3,4,47,17,26,2,105,407
66729,576397,"Jedd Gyorko",30,2019,"STL",1,0,0,0.3,0,0,0,0,0,0,0,0,0,0,0,0,0,0,1,0,1,4
66774,584171,"Hector Velázquez",30,2019,"BOS",34,8,0,56.3,1,4,0,1,1,5.43,40,34,35,14,2,7,97,28,49,3,247,959
67011,592390,"Heath Hembree",30,2019,"BOS",45,0,0,39.7,1,0,2,1,4,3.86,20,17,16,8,3,7,69,18,46,3,173,718
67034,592473,"Adam Kolarek",30,2019,,80,0,0,55,6,3,1,0,19,3.27,22,20,32,8,1,7,79,16,45,3,229,794
67137,592804,"Tyler Thornburg",30,2019,"BOS",16,0,0,18.7,0,0,0,0,0,7.71,16,16,6,10,1,4,45,10,22,1,86,382
67154,592879,"Asher Wojciechowski",30,2019,"BAL",17,16,0,82.3,4,8,0,0,0,4.92,46,45,42,17,4,17,156,28,80,9,361,1467
67355,593576,"Héctor Neris",30,2019,"PHI",68,0,0,67.7,3,6,28,6,2,2.93,24,22,28,7,0,10,82,24,89,6,275,1125
67764,594840,"Matt Grace",30,2019,"WAS",51,1,0,46.7,1,2,0,0,4,6.36,34,33,37,13,0,11,107,10,35,2,206,704
68391,518774,"Matt Harvey",30,2019,"LAA",12,12,0,59.7,3,5,0,0,0,7.09,48,47,33,15,2,13,121,29,39,3,266,942
68404,519141,"Drew Pomeranz",30,2019,,46,18,0,104,2,10,2,0,12,4.85,58,56,67,14,3,21,188,44,137,4,455,1942
68414,519443,"Brandon Workman",30,2019,"BOS",73,0,0,71.7,10,1,16,6,15,1.88,18,15,21,7,0,1,39,45,104,2,286,1244
68467,572020,"James Paxton",30,2019,"NYY",29,29,0,150.7,15,6,0,0,0,3.82,71,64,83,30,2,23,241,55,186,2,633,2663
68494,592102,"Cody Allen",30,2019,"LAA",25,0,0,23,0,2,4,0,0,6.26,16,16,8,6,1,9,59,20,28,0,116,491
68643,592612,"Josh Osich",30,2019,"CHW",57,0,0,67.7,4,0,0,2,2,4.66,38,35,34,13,0,15,120,15,61,0,272,1054
68688,592767,"Drew Smyly",30,2019,,25,21,0,114,4,7,1,0,0,6.24,83,79,67,23,4,32,253,55,120,2,514,2130
69516,605135,"Chris Bassitt",30,2019,"OAK",28,25,0,144,10,5,0,0,0,3.81,66,61,80,21,3,21,215,47,141,13,612,2410
70044,607560,"Ryne Harper",30,2019,"MIN",61,0,0,54.3,4,2,1,3,12,3.81,25,23,35,11,1,7,88,10,50,1,225,853
70509,606273,"Roenis Elías",30,2019,,48,0,0,50,4,2,14,3,2,3.96,32,22,29,7,0,10,83,18,47,1,216,799
105362,658792,"Aaron Wilkerson",30,2019,"MIL",8,0,0,16,0,0,0,0,0,7.31,13,13,17,4,0,4,41,9,11,0,80,333
47965,445276,"Kenley Jansen",31,2019,"LAD",62,0,0,63,5,3,33,8,0,3.71,28,26,29,12,1,9,92,16,80,4,263,1049
49775,476454,"Dellin Betances",31,2019,"NYY",1,0,0,0.7,0,0,0,0,0,0,0,0,0,0,0,0,0,0,2,0,2,8
49786,477132,"Clayton Kershaw",31,2019,"LAD",29,28,0,178.3,16,5,0,0,0,3.03,63,60,91,23,3,28,258,41,189,2,706,2575
49925,468504,"Jhoulys Chacín",31,2019,,25,24,0,103.3,3,12,0,0,0,6.01,73,69,68,20,2,25,214,46,101,5,470,1945
50094,502026,"Jeremy Jeffress",31,2019,"MIL",48,0,0,52,3,4,1,3,12,5.02,32,29,39,10,0,5,79,17,46,5,225,860
50155,502154,"Zack Britton",31,2019,"NYY",66,0,0,61.3,3,1,3,4,29,1.91,13,13,29,6,0,3,53,31,53,1,244,902
50167,502171,"Alex Cobb",31,2019,"BAL",3,3,0,12.3,0,2,0,0,0,10.95,16,15,7,5,0,9,53,2,8,0,60,229
50199,502239,"Trevor Cahill",31,2019,"LAA",37,11,0,102.3,4,9,0,0,0,5.98,71,68,58,24,4,25,218,39,81,6,455,1720
51184,491696,"Jesús Sucre",31,2019,"BAL",1,0,0,1,0,0,0,0,0,0,0,0,0,0,0,0,0,0,0,0,3,9
51862,491646,"Jeanmar Gómez",31,2019,"TEX",16,0,0,15.3,1,0,0,0,0,8.22,15,14,14,7,0,2,36,6,10,1,73,270
51990,457754,"Jon Edwards",31,2019,"CLE",9,0,0,8,2,0,0,0,0,2.25,2,2,1,2,0,2,13,6,5,2,36,143
52251,444468,"Héctor Rondón",31,2019,"HOU",62,1,0,60.7,3,2,0,3,19,3.71,25,25,31,14,1,10,102,20,48,4,257,972
53014,547973,"Aroldis Chapman",31,2019,"NYY",60,0,0,57,3,2,37,5,0,2.21,18,14,28,7,0,3,54,25,85,1,235,969
55520,520980,"Pedro Báez",31,2019,"LAD",71,0,0,69.7,7,2,1,6,25,3.1,30,24,28,8,1,6,71,23,69,4,276,1088
55617,518489,"Ryan Brasier",31,2019,"BOS",62,0,0,55.7,2,4,7,4,10,4.85,33,30,32,10,0,9,88,21,60,3,241,943
56742,502327,"Héctor Santiago",31,2019,,19,2,0,33.7,1,1,0,0,0,6.68,26,25,22,12,0,8,78,22,40,0,163,713
57086,502748,"Brad Peacock",31,2019,"HOU",23,15,0,91.7,7,6,0,0,0,4.12,43,42,41,20,2,15,147,31,96,5,383,1509
57286,474463,"Brett Anderson",31,2019,"OAK",31,31,0,176,13,9,0,0,0,3.89,80,76,126,33,2,20,278,49,90,4,743,2654
58082,542953,"Buddy Boshers",31,2019,"TOR",28,1,0,20,0,3,0,0,4,4.05,10,9,12,5,0,3,34,10,26,1,91,384
58217,543148,"Tim Federowicz",31,2019,"TEX",1,0,0,1,0,0,0,0,0,9,1,1,2,0,0,1,6,0,0,0,6,10
58309,543351,"Jay Jackson",31,2019,"MIL",28,0,0,30.3,1,0,0,1,2,4.45,15,15,12,4,0,6,44,18,47,2,132,532
58350,518886,"Craig Kimbrel",31,2019,"CHC",23,0,0,20.7,0,4,13,3,0,6.53,15,15,7,5,0,9,53,12,30,2,96,377
58661,543766,"Bryan Shaw",31,2019,"COL",70,0,0,72,3,2,1,6,12,5.38,44,43,38,15,4,12,128,30,58,5,312,1191
58823,542914,"Anthony Bass",31,2019,"SEA",44,0,0,48,2,4,5,5,6,3.56,20,19,20,4,1,5,51,17,43,1,189,714
59179,458677,"Justin Wilson",31,2019,"NYM",45,0,0,39,4,2,4,1,9,2.54,12,11,24,5,0,4,50,19,44,2,166,691
59266,501985,"Mike Minor",31,2019,"TEX",32,32,2,208.3,14,10,0,0,0,3.59,86,83,132,28,0,30,308,68,200,7,863,3356
59304,502624,"Chase Anderson",31,2019,"MIL",32,27,0,139,8,4,0,0,0,4.21,67,65,68,29,6,23,236,50,124,8,592,2299
59351,523260,"Joe Kelly",31,2019,"LAD",55,0,0,51.3,5,4,1,5,8,4.56,31,26,33,10,0,6,77,22,62,3,226,881
59653,571735,"David Hale",31,2019,"NYY",20,0,0,37.7,3,0,2,0,1,3.11,13,13,23,12,2,2,61,7,23,1,157,580
60107,572193,"Ryan Tepera",31,2019,"TOR",23,1,0,21.7,0,2,0,0,2,4.98,12,12,10,4,1,5,41,8,14,0,91,340
60448,572971,"Dallas Keuchel",31,2019,"ATL",19,19,0,112.7,8,8,0,0,0,3.75,50,47,81,14,4,16,185,39,91,9,487,1864
60509,573127,"Zac Rosscup",31,2019,,28,0,0,18,2,0,0,1,5,5,15,10,16,4,0,2,32,19,26,0,94,372
60619,571901,"Aaron Loup",31,2019,"SD",4,0,0,3.3,0,0,0,0,1,0,0,0,1,1,0,0,3,1,5,1,14,53
60655,572070,"Garrett Richards",31,2019,"SD",3,3,0,8.7,0,1,0,0,0,8.31,8,8,3,3,2,2,23,6,11,0,41,157
60759,476589,"Adam Warren",31,2019,"SD",25,0,0,28.7,4,1,0,0,3,5.34,18,17,15,3,1,9,60,12,25,1,124,555
61051,502190,"Mike Leake",31,2019,,32,32,2,197,12,11,0,0,0,4.29,114,94,138,45,3,41,401,27,127,10,835,2968
65801,502043,"Kyle Gibson",31,2019,"MIN",34,29,0,160,13,7,0,1,2,4.84,99,86,118,30,4,23,282,56,160,7,706,2764
65809,502202,"Brad Boxberger",31,2019,"KC",29,0,0,26.7,1,3,1,3,0,5.4,16,16,16,5,1,3,41,17,27,1,122,487
65816,502273,"Mike Freeman",31,2019,"CLE",1,0,0,2,0,0,0,0,0,9,2,2,0,1,0,1,6,0,0,0,8,23
65829,502578,"Aaron Barrett",31,2019,"WAS",3,0,0,2.3,0,0,0,0,0,15.43,4,4,4,0,0,1,8,4,1,0,16,68
65830,502593,"Jake Petricka",31,2019,"MIL",6,0,0,8,0,0,0,0,0,3.38,3,3,3,3,0,0,9,6,3,0,36,118
67016,592407,"Bryan Holaday",31,2019,"MIA",1,0,0,0.3,0,0,0,0,0,0,0,0,0,0,0,0,0,0,0,0,1,1
67738,594795,"Grant Dayton",31,2019,"ATL",14,0,0,12,0,1,0,1,1,3,5,4,8,0,0,4,24,4,14,0,51,204
67740,594798,"Jacob deGrom",31,2019,"NYM",32,32,0,204,11,8,0,0,0,2.43,59,55,106,28,1,19,241,44,254,7,804,3190
67836,594951,"Ryan O'Rourke",31,2019,"NYM",2,0,0,1.3,0,0,0,0,0,0,0,0,0,0,0,0,0,3,1,0,6,21
67875,595001,"Josh A. Smith",31,2019,"BOS",18,2,0,31,0,3,1,1,0,5.81,22,20,22,4,0,10,70,8,29,3,139,593
68372,473879,"Sam Dyson",31,2019,,61,0,0,62.3,5,1,2,2,23,3.32,26,23,37,9,1,6,82,13,55,3,249,847
68438,544928,"Tyler Lyons",31,2019,,14,0,0,12.7,1,2,0,0,1,6.39,9,9,5,4,0,4,29,5,17,1,54,191
68804,595014,"Blake Treinen",31,2019,"OAK",57,0,0,58.7,6,5,16,5,3,4.91,33,32,40,9,0,9,94,37,59,1,266,999
69123,501992,"Nate Karns",31,2019,"BAL",4,2,0,5.3,0,1,0,0,0,0,1,0,6,1,0,0,8,3,5,1,25,91
102254,628317,"Kenta Maeda",31,2019,"LAD",37,26,0,153.7,10,8,3,0,4,4.04,70,69,67,21,4,22,209,51,169,4,624,2433
46155,476451,"Jeremy Hellickson",32,2019,"WAS",9,8,0,39,2,3,0,0,0,6.23,31,27,28,10,0,9,84,20,30,1,183,675
47229,471911,"Carlos Carrasco",32,2019,"CLE",23,12,1,80,6,7,1,1,1,5.29,48,47,49,23,2,18,173,16,96,2,341,1274
47243,458584,"Xavier Cedeño",32,2019,"CHC",5,0,0,2,0,0,0,0,0,0,0,0,2,2,0,0,6,3,1,0,13,45
48219,459429,"Jake McGee",32,2019,"COL",45,0,0,41.3,0,2,0,2,4,4.35,25,20,26,8,2,11,92,11,35,3,180,647
48318,456488,"Eduardo Núñez",32,2019,"BOS",1,0,0,1,0,0,0,0,0,9,1,1,0,0,0,1,4,0,0,0,4,14
48658,475054,"Chaz Roe",32,2019,"TB",71,0,0,51,1,3,1,5,25,4.06,27,23,36,10,0,3,68,31,65,1,229,925
48901,467055,"Pablo Sandoval",32,2019,"SF",1,0,0,1,0,0,0,0,0,0,0,0,0,0,0,0,0,0,0,1,3,10
49727,472610,"Luis García",32,2019,"LAA",64,2,0,62,2,1,1,2,6,4.35,35,30,43,5,0,13,105,33,57,5,278,1045
49832,467100,"Iván Nova",32,2019,"CHW",34,34,2,187,11,12,0,0,0,4.72,107,98,151,44,0,30,359,47,114,9,806,3003
49890,467827,"Gerardo Parra",32,2019,"WAS",1,0,0,0,0,0,0,0,0,,5,5,1,0,0,0,1,4,0,0,5,25
50058,488748,"Ryan Buchter",32,2019,"OAK",64,0,0,45.3,1,1,0,5,12,2.98,16,15,25,8,1,8,76,23,50,2,198,783
52416,456051,"Hector Noesí",32,2019,"MIA",12,4,0,27.7,0,3,0,0,0,8.46,26,26,14,6,3,7,63,14,24,1,124,497
53155,506433,"Yu Darvish",32,2019,"CHC",31,31,0,178.7,6,8,0,0,0,3.98,82,79,80,23,4,33,270,56,229,11,731,2848
53253,448281,"Sean Doolittle",32,2019,"WAS",63,0,0,60,6,5,29,6,2,4.05,27,27,39,10,3,11,112,15,66,2,260,1074
55831,518614,"Daniel Descalso",32,2019,"CHC",1,0,0,1,0,0,0,0,0,18,2,2,0,1,0,1,6,0,0,0,5,14
55842,518617,"Jake Diekman",32,2019,,76,0,0,62,1,7,0,2,31,4.65,34,32,33,12,1,3,72,39,84,11,282,1184
56468,502706,"Derek Holland",32,2019,,51,8,1,84.3,2,5,0,1,2,6.08,61,57,47,14,1,20,158,45,82,4,376,1473
57000,504379,"Juan Nicasio",32,2019,"PHI",47,0,0,47.3,2,3,1,1,10,4.75,27,25,39,13,1,4,84,21,45,2,217,831
57403,488984,"Tommy Hunter",32,2019,"PHI",5,0,0,5.3,0,0,0,0,1,0,0,0,2,0,0,0,2,0,5,0,18,72
57806,543118,"Oliver Drake",32,2019,"TB",50,0,0,56,5,2,2,1,13,3.21,20,20,19,8,0,9,71,19,70,1,219,941
57860,518693,"Sam Freeman",32,2019,"LAA",1,0,0,2,0,0,0,0,0,4.5,1,1,2,0,0,1,6,2,0,0,11,40
57948,543278,"Blaine Hardy",32,2019,"DET",39,0,0,44.3,1,1,0,0,7,4.47,24,22,21,5,2,10,77,13,29,0,182,689
57996,543339,"Daniel Hudson",32,2019,,69,1,0,73,9,3,8,4,11,2.47,25,20,31,17,0,8,97,27,71,4,304,1215
58075,542947,"Richard Bleier",32,2019,"BAL",53,1,0,55.3,3,0,4,1,5,5.37,34,33,39,19,1,6,104,8,30,4,235,760
58136,488768,"Andrew Cashner",32,2019,,42,23,0,150,11,8,1,0,4,4.68,84,78,93,27,5,19,238,58,108,4,636,2511
58260,502522,"Justin Miller",32,2019,"WAS",17,0,0,15.7,1,0,0,1,4,4.02,8,7,11,0,0,5,31,4,11,2,65,275
58268,475479,"David Phelps",32,2019,,41,1,0,34.3,2,1,1,4,5,3.41,14,13,21,2,3,5,54,17,36,1,147,640
58289,543883,"Nick Vincent",32,2019,,32,1,0,44.7,1,4,0,0,1,4.43,23,22,30,8,1,8,81,12,47,4,194,745
58318,543359,"Dan Jennings",32,2019,"WAS",8,0,0,4.7,1,2,0,2,0,13.5,8,7,7,0,0,1,11,7,9,1,32,134
58410,458681,"Lance Lynn",32,2019,"TEX",33,33,0,208.3,16,11,0,0,0,3.67,89,85,126,42,6,21,312,59,246,8,875,3435
58441,543521,"Collin McHugh",32,2019,"HOU",35,8,0,74.7,4,5,0,0,5,4.7,41,39,29,19,2,12,121,30,82,3,317,1294
58453,489119,"Wade Miley",32,2019,"HOU",33,33,0,167.3,14,6,0,0,0,3.98,83,74,114,25,2,23,262,61,140,5,720,2863
58459,543548,"Tommy Milone",32,2019,"SEA",23,6,0,111.7,4,10,0,0,0,4.76,61,59,48,29,1,24,205,23,94,2,453,1669
58617,475115,"Tyson Ross",32,2019,"DET",7,7,0,35.3,1,5,0,0,0,6.11,28,24,27,6,1,7,70,18,25,1,162,594
58667,533167,"Matt Shoemaker",32,2019,"TOR",5,5,0,28.7,3,0,0,0,0,1.57,7,5,9,3,1,3,30,9,24,1,108,418
58670,543776,"JB Shuck",32,2019,"PIT",1,0,0,1,0,0,0,0,0,0,0,0,1,0,0,0,1,1,0,0,5,13
58899,488671,"Alex Avila",32,2019,"AZ",2,0,0,2,0,0,0,0,0,4.5,1,1,2,0,0,0,2,1,1,0,8,25
58921,543699,"Tanner Roark",32,2019,,31,31,0,165.3,10,10,0,0,0,4.35,84,80,113,36,3,28,306,51,157,13,722,2884
59239,489446,"Kirby Yates",32,2019,"SD",60,0,0,60.7,0,5,41,3,0,1.19,14,8,28,11,0,2,58,13,101,7,243,1020
59978,542866,"Austin Adams",32,2019,,15,0,0,16.7,0,0,0,0,0,7.02,13,13,9,5,0,4,35,13,14,0,80,287
60031,543734,"Chris Rusin",32,2019,"COL",2,0,0,1,0,0,0,0,0,36,4,4,2,2,0,1,10,1,0,0,9,25
60051,543935,"Alex Wilson",32,2019,"MIL",13,0,0,11.3,1,1,1,0,2,9.53,12,12,9,3,0,3,27,9,13,0,57,202
60219,572821,"Brian Dozier",32,2019,"WAS",1,0,0,1,0,0,0,0,0,18,2,2,0,1,0,1,6,0,0,0,5,15
60787,547943,"Hyun Jin Ryu",32,2019,"LAD",29,29,1,182.7,14,5,0,0,0,2.32,53,47,108,35,0,17,246,24,163,4,723,2704
101658,624586,"James Hoyt",32,2019,"CLE",8,0,0,8.3,0,0,0,0,1,2.16,2,2,3,0,1,2,14,2,10,0,32,123
103737,628333,"Odrisamer Despaigne",32,2019,"CHW",3,3,0,13.3,0,2,0,0,0,9.45,14,14,15,5,1,3,40,7,7,1,68,255
45529,461829,"Gio González",33,2019,"MIL",19,17,0,87.3,3,2,0,0,0,3.5,36,34,47,14,6,9,129,37,78,0,366,1399
45536,433587,"Félix Hernández",33,2019,"SEA",15,15,0,71.7,1,8,0,0,0,6.4,58,51,44,23,1,17,161,25,57,6,325,1216
45612,456701,"Homer Bailey",33,2019,,31,31,0,163.3,13,9,0,0,0,4.57,84,83,114,24,3,21,255,53,149,4,696,2730
45945,435622,"Ian Desmond",33,2019,"COL",1,0,0,1,0,0,0,0,0,0,0,0,0,1,0,0,2,0,0,0,4,15
46009,456387,"Ryan Feierabend",33,2019,"TOR",2,1,1,5.7,0,1,0,0,0,11.12,7,7,7,2,0,2,19,1,4,0,29,104
46761,461872,"Anthony Swarzak",33,2019,,59,0,0,53.3,3,4,4,3,17,4.56,30,27,35,4,1,12,94,27,52,0,234,941
47360,451584,"Wade Davis",33,2019,"COL",50,0,0,42.7,1,6,15,3,0,8.65,42,41,34,9,1,7,83,29,42,2,206,839
47415,456501,"Johnny Cueto",33,2019,"SF",4,4,0,16,1,2,0,0,0,5.06,9,9,4,3,1,3,25,9,13,0,67,265
47851,457915,"Javy Guerra",33,2019,,51,0,0,67.7,3,1,2,0,5,4.66,36,35,42,13,2,10,114,17,57,1,287,1076
49706,472551,"Fernando Abad",33,2019,"SF",21,0,0,13,0,2,0,0,8,4.15,6,6,7,0,0,2,15,3,9,0,49,171
50224,502304,"David Carpenter",33,2019,"TEX",4,0,0,3.3,0,0,0,0,0,5.4,4,2,2,2,0,0,6,4,2,0,19,69
51434,493603,"Adam Ottavino",33,2019,"NYY",73,0,0,66.3,6,5,2,7,28,1.9,17,14,32,9,1,5,73,40,88,2,283,1130
51927,453172,"Jared Hughes",33,2019,,72,0,0,71.3,5,5,1,3,8,4.04,37,32,32,12,0,13,108,27,54,2,289,1103
52253,448801,"Chris Davis",33,2019,"BAL",1,0,0,1,0,0,0,0,0,9,1,1,0,1,0,1,6,0,1,0,5,22
52691,453562,"Jake Arrieta",33,2019,"PHI",24,24,0,135.7,8,8,0,0,0,4.64,76,70,105,22,1,21,236,51,110,7,594,2192
53026,612672,"Wei-Yin Chen",33,2019,"MIA",45,0,0,68.3,0,1,0,0,3,6.59,54,50,50,20,2,15,156,18,63,5,307,1151
54159,455119,"Chris Martin",33,2019,,58,0,0,55.7,1,3,4,2,18,3.4,23,21,36,7,0,9,86,5,65,0,216,863
54694,456034,"David Price",33,2019,"BOS",22,22,0,107.3,7,5,0,0,0,4.28,57,51,64,28,2,15,186,32,128,3,458,1861
55725,518553,"Steve Cishek",33,2019,"CHC",70,0,0,64,4,6,7,4,11,2.95,22,21,35,6,0,7,75,29,57,7,267,1109
56333,518715,"Cory Gearrin",33,2019,,66,2,0,55.3,1,3,0,0,14,4.07,25,25,41,7,2,5,81,25,47,4,241,903
56519,518858,"Nate Jones",33,2019,"CHW",13,0,0,10.3,0,1,1,0,2,3.48,4,4,8,0,0,2,16,7,10,1,47,206
57163,519455,"Jordan Zimmermann",33,2019,"DET",23,23,0,112,1,13,0,0,0,6.91,89,86,90,29,7,19,245,25,82,6,504,1866
57320,489295,"Brian Schlitter",33,2019,"OAK",6,0,0,9.7,0,0,0,0,0,3.72,4,4,9,3,0,0,15,4,6,0,41,149
57424,446372,"Corey Kluber",33,2019,"CLE",7,7,0,35.7,2,3,0,0,0,5.8,26,23,29,11,0,4,67,15,38,3,168,611
57701,446321,"Ross Detwiler",33,2019,"CHW",18,12,0,69.7,3,5,0,0,0,6.59,54,51,52,13,1,20,161,27,46,3,315,1157
57708,518813,"Greg Holland",33,2019,"AZ",40,0,0,35.7,1,2,17,5,0,4.54,18,18,14,6,0,5,46,24,41,0,152,598
58089,542960,"Brad Brach",33,2019,,58,0,0,54.3,5,4,0,3,6,5.47,33,33,42,8,3,4,83,31,60,1,242,996
58842,543376,"Caleb Joseph",33,2019,"AZ",2,0,0,1.3,0,0,0,0,0,0,0,0,0,0,0,0,0,0,0,0,4,7
45471,446481,"Sean Rodríguez",34,2019,"PHI",2,0,0,1.3,0,0,0,0,0,0,0,0,0,0,0,0,0,0,1,0,4,11
45514,461325,"Tyler Clippard",34,2019,"CLE",53,3,0,62,1,0,0,0,8,2.9,20,20,17,11,2,8,77,15,64,7,241,930
45571,433589,"Yusmeiro Petit",34,2019,"OAK",80,0,0,83,5,3,0,2,29,2.71,25,25,33,10,3,11,106,10,71,0,308,1137
46298,445213,"Brandon Kintzler",34,2019,"CHC",62,0,0,57,3,3,1,2,17,2.68,18,17,28,9,3,5,75,13,48,4,227,855
46719,467008,"Pedro Strop",34,2019,"CHC",50,0,0,41.7,2,5,10,6,6,4.97,24,23,17,9,1,6,62,20,49,5,178,725
46827,458924,"Jonny Venters",34,2019,,12,0,0,8,0,1,1,1,2,12.38,16,11,8,1,0,3,22,10,12,2,49,196
47160,453329,"Clay Buchholz",34,2019,"TOR",12,12,0,59,2,5,0,0,0,6.56,44,43,37,22,0,13,133,16,39,1,254,963
47296,445197,"Mike Dunn",34,2019,"COL",28,0,0,17.7,1,0,0,1,2,7.13,14,14,9,3,1,4,34,6,15,0,75,301
47804,456696,"David Hernandez",34,2019,"CIN",47,0,0,42.7,2,5,2,3,12,8.02,39,38,30,13,3,7,93,21,53,1,199,778
47850,448855,"Junior Guerra",34,2019,"MIL",72,0,0,83.7,9,5,3,8,20,3.55,35,33,34,12,1,11,105,36,77,4,344,1353
48858,477569,"Fernando Salas",34,2019,"PHI",3,0,0,2.7,0,0,0,0,0,6.75,2,2,6,1,0,1,12,0,2,0,15,61
49617,453192,"Andrew Miller",34,2019,"STL",73,0,0,54.7,5,6,6,5,28,4.45,32,27,32,2,0,11,80,27,70,8,236,961
50175,502188,"Jeff Samardzija",34,2019,"SF",32,32,0,181.3,11,12,0,0,0,3.52,78,71,91,24,9,28,278,49,140,6,740,3000
51032,501789,"Will Harris",34,2019,"HOU",68,0,0,60,4,1,4,1,26,1.5,14,10,33,3,0,6,63,14,62,0,229,912
51959,453281,"Wade LeBlanc",34,2019,"SEA",26,8,0,121.3,6,7,0,0,0,5.71,80,77,82,33,2,28,266,31,92,1,532,1953
51962,453284,"Blake Parker",34,2019,,60,2,0,61.3,3,3,10,1,13,4.55,32,31,33,7,0,13,99,22,65,3,255,1020
52032,458708,"Josh Tomlin",34,2019,"ATL",51,1,0,79.3,2,1,2,2,7,3.74,35,33,54,10,4,14,142,7,51,0,320,1136
52231,453343,"Mark Melancon",34,2019,,66,0,0,67.3,5,2,12,0,5,3.61,28,27,57,9,1,4,94,18,68,2,284,1068
52572,453178,"Ian Kennedy",34,2019,"KC",63,0,0,63.3,3,2,30,4,1,3.41,24,24,51,7,0,6,89,17,73,1,266,1095
56753,453286,"Max Scherzer",34,2019,"WAS",27,27,0,172.3,11,7,0,0,0,2.92,59,56,83,43,0,18,241,33,243,7,693,2769
56957,453265,"Tony Watson",34,2019,"SF",60,0,0,54,2,2,0,3,25,4.17,26,25,39,6,2,9,93,12,41,5,231,814
56987,453214,"Steven Wright",34,2019,"BOS",6,0,0,6.3,0,1,0,0,0,8.53,6,6,7,1,0,3,21,4,5,1,33,76
57047,519096,"Dan Otero",34,2019,"CLE",25,0,0,29.7,0,0,0,0,1,4.85,17,16,29,7,0,6,67,3,16,1,131,416
57235,502085,"David Robertson",34,2019,"PHI",7,0,0,6.7,0,1,0,0,2,5.4,4,4,6,1,0,1,12,6,6,0,33,136
58768,519381,"Pat Venditte",34,2019,"SF",2,0,0,3.3,0,0,0,0,0,16.2,6,6,3,0,0,1,7,2,2,3,19,63
59639,571666,"Mike Fiers",34,2019,"OAK",33,33,1,184.7,15,4,0,0,0,3.9,82,80,115,19,2,30,279,53,126,9,754,2837
31734,425844,"Zack Greinke",35,2019,,33,33,0,208.7,18,5,0,0,0,2.93,73,68,115,37,2,21,279,30,187,4,810,3108
37412,429719,"Edwin Jackson",35,2019,,18,13,0,67.7,3,10,0,0,0,9.58,81,72,54,25,3,23,205,32,52,3,336,1315
38551,434538,"Francisco Liriano",35,2019,"PIT",69,0,0,70,5,3,0,4,12,3.47,32,27,37,15,0,8,99,36,63,3,302,1133
45534,430935,"Cole Hamels",35,2019,"CHC",27,27,0,141.7,7,7,0,0,0,3.81,64,60,96,28,0,17,220,56,142,7,617,2394
45548,452657,"Jon Lester",35,2019,"CHC",31,31,0,171.7,13,10,0,0,0,4.46,101,85,139,35,5,26,328,52,165,5,764,3041
45578,434671,"Aníbal Sánchez",35,2019,"WAS",30,30,0,166,11,8,0,0,0,3.85,77,71,90,38,3,22,263,58,134,4,712,2689
45621,450172,"Edinson Volquez",35,2019,"TEX",11,4,0,16,0,1,0,0,1,6.75,12,12,14,3,0,3,32,12,10,0,75,297
46630,448609,"Tony Sipp",35,2019,"WAS",36,0,0,21,1,2,0,1,9,4.71,12,11,14,4,0,1,26,9,18,1,92,363
46711,465657,"Joakim Soria",35,2019,"OAK",71,1,0,69,2,4,1,5,21,4.3,33,33,35,6,1,9,86,20,79,3,278,1099
46755,489334,"Craig Stammen",35,2019,"SD",76,0,0,82,8,7,4,9,31,3.29,36,30,49,17,1,13,138,15,73,2,339,1250
47078,460283,"Jerry Blevins",35,2019,"ATL",45,0,0,32.3,1,0,1,0,10,3.9,15,14,14,6,0,5,46,16,37,2,141,558
47279,445926,"Jesse Chavez",35,2019,"TEX",48,9,0,78,3,5,1,1,8,4.85,48,42,48,20,2,12,142,22,72,5,337,1306
47658,462136,"Marco Estrada",35,2019,"OAK",5,5,0,23.7,0,2,0,0,0,6.85,19,18,11,3,2,7,51,8,11,3,106,333
48258,450203,"Charlie Morton",35,2019,"TB",33,33,0,194.7,16,6,0,0,0,3.05,71,66,100,33,6,15,244,57,240,12,790,3137
48633,448602,"Mark Reynolds",35,2019,"COL",1,0,0,1,0,0,0,0,0,18,2,2,2,0,0,0,2,1,0,1,7,21
48674,453385,"Clayton Richard",35,2019,"TOR",10,10,0,45.3,1,5,0,0,0,5.96,33,30,32,11,1,9,93,18,22,4,201,728
50258,502381,"Luke Gregerson",35,2019,"STL",6,0,0,5.7,0,0,0,0,0,7.94,5,5,9,2,0,0,13,1,2,0,27,104
51059,501817,"Tony Barnette",35,2019,"CHC",2,0,0,1.3,0,0,0,0,0,6.75,1,1,1,0,0,1,5,0,0,0,5,25
51129,501925,"Joe Smith",35,2019,"HOU",28,0,0,25,1,0,0,1,4,1.8,6,5,13,4,0,2,29,5,22,0,96,344
52054,460086,"Alex Gordon",35,2019,"KC",2,0,0,2.3,0,0,0,0,0,19.29,5,5,7,0,0,1,11,2,0,0,17,62
53724,673633,"Yoshihisa Hirano",35,2019,"AZ",62,0,0,53,5,5,1,5,15,4.75,31,28,35,9,0,7,81,22,61,3,233,935
56533,518875,"Shawn Kelley",35,2019,"TEX",51,0,0,47.3,5,2,11,4,6,4.94,27,26,31,11,1,12,104,11,43,2,205,768
31602,425772,"Jeff Mathis",36,2019,"TEX",2,0,0,2,0,0,0,0,0,9,2,2,2,0,0,1,6,0,1,0,9,27
31607,429722,"Ervin Santana",36,2019,"CHW",3,3,0,13.3,0,2,0,0,0,9.45,14,14,5,7,1,6,46,6,5,0,64,250
31948,458006,"Matt Albers",36,2019,"MIL",67,0,0,59.7,8,6,4,2,10,5.13,34,34,34,11,0,8,88,29,57,3,258,1005
45379,434778,"Kendrys Morales",36,2019,"OAK",1,0,0,1,0,0,0,0,0,9,1,1,1,0,0,0,1,2,0,1,7,21
45447,431145,"Russell Martin",36,2019,"LAD",4,0,0,4,0,0,0,0,0,0,0,0,1,1,0,0,3,0,2,0,13,45
45522,435043,"Zach Duke",36,2019,"CIN",30,0,0,23.3,3,1,0,0,4,5.01,13,13,12,5,0,4,38,18,18,2,106,389
45595,450306,"Jason Vargas",36,2019,,30,29,1,149.7,7,9,0,0,0,4.51,84,75,85,34,1,21,240,63,124,6,649,2505
45613,434378,"Justin Verlander",36,2019,"HOU",34,34,2,223,21,6,0,0,0,2.58,66,64,66,28,7,36,287,42,299,6,847,3242
46084,457918,"J.A. Happ",36,2019,"NYY",31,30,0,161.3,12,8,0,0,0,4.91,88,88,98,27,1,34,291,49,140,5,678,2695
49107,448614,"Carlos Torres",36,2019,"DET",4,0,0,6,0,0,0,0,0,7.5,5,5,6,1,0,2,16,1,8,1,29,73
49543,489265,"Sergio Romo",36,2019,,65,0,0,60.3,2,1,20,3,17,3.43,27,23,31,11,1,7,84,17,60,2,249,995
50555,503285,"Darren O'Day",36,2019,"ATL",8,0,0,5.3,0,0,0,0,0,1.69,1,1,0,3,0,0,6,1,6,1,21,78
51354,493200,"Seunghwan Oh",36,2019,"COL",21,0,0,18.3,3,1,0,1,3,9.33,19,19,22,1,0,6,48,6,16,0,88,372
639,424144,"Oliver Pérez",37,2019,"CLE",67,0,0,40.7,2,4,1,4,22,3.98,20,18,19,14,0,5,67,12,48,3,173,652
31361,425794,"Adam Wainwright",37,2019,"STL",31,31,0,171.7,14,10,0,0,0,4.19,83,80,118,38,3,22,291,64,153,8,745,2784
45438,435079,"Ian Kinsler",37,2019,"SD",1,0,0,1,0,0,0,0,0,0,0,0,1,0,0,0,1,2,0,1,6,27
1117,282332,"CC Sabathia",38,2019,"NYY",23,22,0,107.3,5,8,0,0,1,4.95,64,59,62,23,0,27,216,39,107,3,468,1729
40263,450212,"Pat Neshek",38,2019,"PHI",20,0,0,18,0,1,3,0,6,5,11,10,16,1,1,5,41,1,9,0,78,278
45495,450314,"Ben Zobrist",38,2019,"CHC",1,0,0,1,0,0,0,0,0,0,0,0,0,0,0,0,0,2,1,0,5,19
36959,448179,"Rich Hill",39,2019,"LAD",13,13,0,58.7,4,1,0,0,0,2.45,20,16,31,7,0,10,85,18,72,4,242,966
1449,407845,"Fernando Rodney",42,2019,,55,0,0,47.7,0,5,2,4,17,5.66,31,30,36,8,0,5,72,28,49,0,210,851