"bpid","mlbid","Name","Age","Season","Team","G","GS","IP","W","L","SV","ERA","RA9","DRA","FIP","cFIP","WHIP","K%","BB%","HR%","GB%","DRA-","WARP"
158731,800311,"Didier Fuentes",20,2025,"ATL",4,4,13,0,3,0,13.85,13.85,5.95,9.22,114,2.23,17.4,8.7,8.7,26.5,132,0
150806,699134,"Bradgley Rodriguez",21,2025,"SD",7,0,7.7,1,0,0,1.17,1.17,4.21,3.22,96,0.91,29,9.7,0,56.3,93,0.1
153071,702056,"Trey Yesavage",21,2025,"TOR",3,3,14,1,0,0,3.21,3.21,3.88,2.26,91,1.43,25.8,11.3,0,56.4,86,0.3
153283,702674,"Caden Dana",21,2025,"LAA",7,5,32.3,0,4,0,6.4,6.68,4.77,6.39,103,1.48,23.4,12.8,6.4,40.4,106,0.3
141891,683409,"Angel Chivilli",22,2025,"COL",43,0,58.7,1,5,0,7.06,7.52,4.87,6.12,107,1.69,15.6,8.4,4.7,49.8,108,0
148008,691251,"Andry Lara",22,2025,"WSH",9,0,14.3,0,0,0,8.79,9.42,5.03,5.53,107,2.44,12.8,10.3,2.6,50.8,111,0
148109,691441,"Cristian Mena",22,2025,"AZ",3,0,6.7,1,0,0,1.35,1.35,4.73,4.12,101,0.9,30.8,11.5,3.8,53.3,105,0
148223,691587,"Eury Pérez",22,2025,"MIA",20,20,95.3,7,6,0,4.25,4.44,4.57,3.76,99,1.05,27.3,8.3,3.1,31.4,101,1.2
148246,691594,"Javier Sanoja",22,2025,"MIA",8,0,9.3,0,0,0,16.39,16.39,7.19,10.19,132,3.11,1.9,9.3,7.4,22.9,159,-0.3
148424,692030,"Jose Corniell",22,2025,"TEX",1,0,1.7,0,1,0,16.2,21.6,6.46,11.45,119,2.4,11.1,11.1,11.1,42.9,143,0
151426,696149,"Bubba Chandler",22,2025,"PIT",7,4,31.3,4,1,1,4.02,4.02,4.02,2.75,94,0.93,25,3.2,1.6,46.5,89,0.5
151488,700363,"AJ Smith-Shawver",22,2025,"ATL",9,9,44.3,3,2,0,3.86,4.06,5.54,3.92,109,1.4,22,10.5,2.1,35.2,123,0.1
151613,695549,"Jackson Jobe",22,2025,"DET",10,10,49,4,1,0,4.22,4.41,5.58,5.09,116,1.49,17.9,12.4,3.2,42.7,124,0.1
151625,695534,"Chase Petty",22,2025,"CIN",3,2,6,0,3,0,19.5,21,5.86,11.89,112,3.67,17.5,20,7.5,25,130,0
151723,695505,"Chase Burns",22,2025,"CIN",13,8,43.3,0,3,0,4.57,5.19,3.21,2.74,76,1.32,35.6,8.5,2.7,35.2,71,1.1
160614,696270,"Ryan Johnson",22,2025,"LAA",14,0,14.7,1,1,1,7.36,9.2,3.63,5.44,90,1.98,22.2,6.9,5.6,49,80,0.2
161459,801139,"Payton Tolle",22,2025,"BOS",7,3,16.3,0,1,0,6.06,6.61,4.76,6.17,101,1.59,25.7,10.8,6.8,31.9,105,0.1
162781,804636,"Jonah Tong",22,2025,"NYM",5,5,18.7,2,3,0,7.71,9.64,4.72,4.4,97,1.77,25.3,10.3,3.4,35.7,104,0.2
166694,806960,"Luis Morales",22,2025,"ATH",10,9,48.7,4,3,0,3.14,3.33,5.18,4.59,111,1.15,21.6,9,4,35,115,0.3
112555,679883,"Luinder Avila",23,2025,"KC",13,0,14,1,1,0,1.29,1.29,4.15,2.05,96,0.93,28.6,10.7,0,50,92,0.1
118994,679922,"Carlos Duran",23,2025,"ATH",1,0,0.3,0,0,0,81,81,4.7,30.05,119,12,0,60,0,0,104,0
121867,682790,"Wikelman González",23,2025,"CWS",16,0,20.3,1,0,0,2.66,3.98,4.66,3,101,1.23,28.7,13.8,1.1,30,103,0
128054,679885,"Justin Martinez",23,2025,"AZ",17,0,15.3,1,2,5,4.11,4.7,4.62,4.14,95,1.24,32.8,17.9,1.5,53.3,102,0
141711,683155,"Joey Estes",23,2025,"ATH",3,2,11,0,2,0,9.82,9.82,6.59,8.59,126,2,10.9,10.9,7.3,26.2,146,-0.2
142066,683618,"Edgardo Henriquez",23,2025,"LAD",22,0,19,2,1,1,2.37,2.37,4.38,3.49,96,1.16,23.1,6.4,2.6,45.5,97,0.1
142085,683627,"Anthony Molina",23,2025,"COL",17,1,34.7,1,1,0,7.27,7.79,4.9,7.03,106,1.67,15,3.8,7.5,40.9,109,0
145915,689254,"Mason Fluharty",23,2025,"TOR",55,0,52.7,5,2,1,4.44,4.78,4.22,3.88,99,1.14,26,11.2,2.8,40.6,94,0.4
147751,690953,"Mick Abel",23,2025,,10,8,39,3,4,0,6.23,6.46,4.96,5.13,104,1.51,22.4,9.2,4.6,37.3,110,0.3
147803,690986,"Kyle Harrison",23,2025,,11,6,35.7,1,1,0,4.04,4.04,4.25,3.75,96,1.37,24.4,9,2.6,36.9,94,0.5
147807,690990,"Cade Horton",23,2025,"CHC",23,22,118,11,4,0,2.67,3.05,4.61,3.67,106,1.08,20.4,6.9,2.1,42.4,102,1.4
147819,690997,"Nolan McLean",23,2025,"NYM",8,8,48,5,1,0,2.06,2.44,3.11,3.06,76,1.04,30.3,8.5,2.1,60.2,69,1.4
148274,691769,"Philip Abner",23,2025,"AZ",5,0,3.7,0,0,0,4.91,4.91,3.99,2.95,96,2.18,27.8,16.7,0,30,88,0
148324,691799,"Grant Taylor",23,2025,"CWS",36,2,36.7,2,4,6,4.91,4.91,2.96,1.33,68,1.42,34.4,9.6,0,47.7,66,0.8
148363,691951,"Sam Aldegheri",23,2025,"LAA",4,2,13.7,0,2,0,7.9,9.22,5.57,7.22,108,2.2,16.4,13.7,4.1,40.4,123,0
151666,701656,"Logan Henderson",23,2025,"MIL",5,5,25.3,3,0,0,1.78,1.78,4.42,3.11,96,0.99,33.3,8.1,3,20.7,98,0.4
151692,692230,"Carlos Rodriguez",23,2025,"MIL",4,0,9.7,1,0,0,6.52,6.52,5.47,5.09,111,2.28,22,18,2,33.3,121,-0.1
151715,700187,"Troy Taylor",23,2025,"SEA",8,0,6.7,0,0,0,12.15,12.15,6.18,8.15,122,2.55,5.4,8.1,5.4,22.6,137,-0.1
156680,694819,"Jacob Misiorowski",23,2025,"MIL",15,14,66,5,3,0,4.36,4.64,3.68,3.66,86,1.23,32,11,2.9,34.9,81,1.5
160224,694462,"Hurston Waldrep",23,2025,"ATL",10,9,56.3,6,1,0,2.88,2.88,4.15,3.3,95,1.19,24,9.6,1.3,49,92,0.9
161332,694973,"Paul Skenes",23,2025,"PIT",32,32,187.7,10,10,0,1.97,2.16,3.01,2.45,75,0.95,29.5,5.7,1.5,44.3,67,5.8
161602,801403,"Chase Dollander",23,2025,"COL",21,21,98,2,12,0,6.52,6.98,5.6,5.62,113,1.55,18.6,11.1,4.1,41.8,124,0.1
163878,806185,"Hayden Birdsong",23,2025,"SF",21,10,65.7,4,4,0,4.8,5.76,6.21,5.05,115,1.49,22.8,12.4,3.4,33.5,137,-0.6
163965,802419,"Thomas Harrington",23,2025,"PIT",3,1,8.7,0,1,1,15.58,15.58,5.72,8.53,111,2.88,14,14,6,41.7,127,-0.1
164332,808963,"Roki Sasaki",23,2025,"LAD",10,8,36.3,1,1,0,4.46,4.46,6.52,5.89,121,1.43,17.4,13.7,3.7,38.9,144,-0.4
170375,813349,"Connelly Early",23,2025,"BOS",4,4,19.3,1,2,0,2.33,2.79,2.89,0.82,71,1.09,36.7,5.1,0,48.9,64,0.6
173462,820862,"José Fermin",23,2025,"LAA",40,0,34.3,3,2,0,4.46,5.5,5.04,5.9,107,1.4,25.7,15.1,5.3,31.5,112,-0.1
110327,675848,"Juan Mejia",24,2025,"COL",55,0,61.3,2,2,1,3.96,4.99,4.41,3.79,95,1.26,26.1,9.6,2.3,38.3,98,0.3
110387,672456,"Keider Montero",24,2025,"DET",20,12,90.7,5,3,0,4.37,4.57,5.16,4.85,110,1.39,18.5,8,4.1,40.5,114,0.2
112289,678215,"Luarbert Arias",24,2025,"MIA",7,0,10.3,0,0,0,11.32,11.32,6.18,5.84,116,2.13,18.2,9.1,3.6,21.1,137,-0.2
114206,671737,"Taj Bradley",24,2025,,27,27,142.7,6,8,0,5.05,5.55,4.6,4.26,102,1.31,21,9.3,3.1,42.8,102,1.8
117444,681168,"Luis Curvelo",24,2025,"TEX",17,0,19,1,1,0,5.68,6.16,5.37,4.58,111,1.42,23.8,11.9,3.6,25.9,119,-0.1
120108,680755,"Braydon Fisher",24,2025,"TOR",52,1,50,7,0,0,2.7,2.7,4.25,2.93,98,1.02,30.7,9.4,2,35.6,94,0.3
122780,682995,"Hunter Barco",24,2025,"PIT",2,0,3,1,0,0,0,0,4.11,1.22,96,1,25,0,0,44.4,91,0
126791,681432,"Luke Little",24,2025,"CHC",2,0,2.7,0,0,0,3.38,6.75,4.66,6.97,101,2.63,26.7,40,0,40,103,0
129321,682825,"Luis Mey",24,2025,"CIN",23,0,21,2,0,0,3.43,3.43,5.13,5.65,106,1.62,21.9,17.7,3.1,50.9,114,-0.1
132337,678821,"Luis Peralta",24,2025,"COL",22,0,19,1,3,0,9.47,10.42,6.4,8.8,123,2.32,15.8,17.8,5.9,29.2,142,-0.4
133260,682990,"Quinn Priester",24,2025,"MIL",29,24,157.3,13,3,0,3.32,3.55,3.61,4.1,92,1.24,20.2,7.7,2.8,55.1,80,3.5
141257,680573,"Simeon Woods Richardson",24,2025,"MIN",23,22,111.3,7,4,0,4.04,4.28,4.98,4.43,109,1.28,22.7,9.8,3.6,33,110,0.9
141319,680736,"Justin Wrobleski",24,2025,"LAD",24,2,66.7,5,5,2,4.32,4.59,3,3.01,74,1.23,27.1,6.1,2.1,48.9,66,1.5
141755,683175,"Connor Phillips",24,2025,"CIN",21,0,25,5,0,0,2.88,3.24,4.4,3.9,97,0.92,32.7,12.2,3.1,30.8,97,0.1
143047,685326,"McCade Brown",24,2025,"COL",7,7,25.7,0,5,0,7.36,7.36,6.18,7.04,116,1.83,18.3,13.5,4.8,34.6,137,-0.2
143786,686563,"Jonathan Cannon",24,2025,"CWS",22,17,103.7,4,10,0,5.82,5.99,5.84,5.05,113,1.49,18.5,8.2,4.1,37.3,129,-0.4
143969,686930,"Mason Barnett",24,2025,"ATH",5,5,22.3,1,1,0,6.85,7.25,5.57,4.8,110,1.66,17.3,10.6,2.9,35.1,123,0
144003,687134,"Bradley Blalock",24,2025,"COL",14,12,58.7,2,6,0,9.36,9.36,7.06,7.4,131,1.84,9.8,8.4,6.2,40.1,156,-1
144267,686799,"Jack Kochanowicz",24,2025,"LAA",23,23,111,3,11,0,6.81,7.22,6.01,5.97,118,1.75,14.1,11.3,4.1,52.3,133,-0.4
144346,687209,"Zach Maxwell",24,2025,"CIN",8,0,10,0,0,0,4.5,4.5,4.24,5.72,94,1.4,30.2,9.3,7,30.8,94,0.1
144355,686790,"Trevor McDonald",24,2025,"SF",3,2,15,1,0,0,3.6,3.6,4.33,2.62,97,1.07,23.3,3.3,1.7,52.3,96,0.2
144449,687074,"Tyler Owens",24,2025,"DET",3,0,3,0,0,0,3,3,5.69,5.38,113,2,6.7,20,0,45.5,126,0
144455,687223,"Carson Palmquist",24,2025,"COL",9,7,34.3,0,4,0,8.91,9.17,7.1,7.88,124,2.04,15.4,14.3,5.7,30.8,157,-0.6
144607,687075,"Brandon Sproat",24,2025,"NYM",4,4,20.7,0,2,0,4.79,4.79,4.5,2.89,102,1.21,20.2,8.3,0,50,100,0.3
144755,687847,"Marc Church",24,2025,"TEX",5,0,4.7,0,0,0,3.86,3.86,5.51,4.76,113,2.14,21.7,26.1,0,41.7,122,0
144849,687863,"Porter Hodge",24,2025,"CHC",36,0,33,2,2,2,6.27,6.55,4.54,5.98,97,1.58,27.2,12.2,6.1,38.2,101,0.1
145156,687931,"Carson Whisenhunt",24,2025,"SF",5,5,23.3,2,1,0,5.01,5.4,5.8,7,112,1.46,15.7,11.8,5.9,45.8,128,0
145203,688642,"Zach Agnos",24,2025,"COL",30,0,31.3,1,3,4,6.61,7.18,6,5.62,121,1.5,13.9,11.7,3.6,39.2,133,-0.4
145872,688138,"Logan Evans",24,2025,"SEA",16,15,81.3,6,5,0,4.32,4.98,5.73,4.97,116,1.39,16.9,8.9,3.7,39.8,127,-0.1
146336,690829,"Ben Joyce",24,2025,"LAA",5,0,4.3,1,0,0,6.23,8.31,6.39,6.97,120,1.62,4.8,9.5,4.8,38.9,141,-0.1
146369,689147,"Orion Kerkering",24,2025,"PHI",69,0,60,8,4,4,3.3,4.2,4.26,3.91,96,1.37,24.4,10.2,2.3,42.9,94,0.4
147607,689958,"Andrew Walters",24,2025,"CLE",2,0,1.3,0,0,0,13.5,13.5,4.66,9.8,100,1.5,33.3,0,16.7,25,103,0
148204,682989,"Victor Mederos",24,2025,"LAA",5,3,17,0,2,0,7.41,7.41,6.11,7.11,117,1.76,17.3,14.8,4.9,32.7,135,-0.1
149389,692285,"Luis Guerrero",24,2025,"BOS",13,0,17.3,0,1,0,4.15,4.15,5.69,4.32,120,1.33,13.9,19.4,0,45.8,126,-0.2
150972,700270,"Yilber Díaz",24,2025,"AZ",1,0,3,0,0,0,9,9,6.51,5.56,111,2.33,6.7,20,0,36.4,144,-0.1
151438,700241,"Michael McGreevy",24,2025,"STL",17,16,95.7,8,4,0,4.52,4.7,4.57,4.36,107,1.26,14.5,5,3,47.3,101,1.2
151531,697812,"Joe Rock",24,2025,"TB",3,0,7.7,0,0,0,2.35,2.35,3.73,3.44,89,1.17,31.4,5.7,2.9,55,83,0.1
152811,675512,"Troy Melton",24,2025,"DET",16,4,45.7,3,2,0,2.76,2.96,4.6,4.52,107,1.01,20,8.3,3.9,43,102,0.3
155346,693645,"Cam Schlittler",24,2025,"NYY",14,14,73,4,3,0,2.96,2.96,4.46,3.65,99,1.22,27.6,10.2,2.6,36.4,99,1
156820,694918,"Blade Tidwell",24,2025,"NYM",4,2,15,1,1,0,9,9,6.28,7.56,119,2.2,12.8,12.8,5.1,33.3,139,-0.2
158579,800048,"Parker Messick",24,2025,"CLE",7,7,39.7,3,1,0,2.72,2.72,3.47,2.9,86,1.31,23,3.6,2.4,48.8,77,1
158580,800049,"Adam Mazur",24,2025,"MIA",6,6,30,0,4,0,4.8,6.3,6.41,4.99,119,1.5,13.7,8.6,2.9,43,142,-0.3
163793,805123,"AJ Blubaugh",24,2025,"HOU",11,3,32,3,1,0,1.69,3.09,4.32,4.42,100,0.91,28,9.6,4.8,33.3,96,0.3
163990,805427,"Drew Sommers",24,2025,"DET",4,0,3,0,1,0,18,18,4.05,9.38,97,3.33,15.8,15.8,5.3,33.3,90,0
170364,815083,"Mitch Farris",24,2025,"LAA",5,5,24.3,1,3,0,6.66,7.03,6.26,4.69,112,1.44,22.4,10.3,3.7,21.1,139,-0.2
108077,666659,"Sauryn Lao",25,2025,,8,0,11,1,0,0,4.91,5.73,4.67,4.71,101,1.45,18.4,4.1,4.1,45.9,103,0
108552,666619,"Gregory Santos",25,2025,"SEA",8,0,7,1,1,0,5.14,7.71,5.92,6.48,120,2.29,0,22.2,0,60.7,131,-0.1
109622,672710,"Roansy Contreras",25,2025,,5,0,12.7,0,0,0,5.68,5.68,5.17,6.01,111,1.11,11.8,3.9,5.9,35.7,115,-0.1
109907,672782,"Yoendrys Gómez",25,2025,,21,9,62.7,3,3,1,5.17,5.74,5.37,5.19,112,1.39,20.9,9.7,4.3,36.4,119,0.1
110535,672724,"Oswald Peraza",25,2025,"LAA",2,0,2.3,0,0,0,30.86,30.86,5.14,9.91,112,3.86,0,0,6.3,46.7,114,0
111079,672582,"Angel Zerpa",25,2025,"KC",69,2,64.7,5,2,0,4.18,4.18,3.42,3.78,86,1.38,21.1,8,2.5,61.7,76,1.1
111097,676962,"Ben Brown",25,2025,"CHC",25,15,106.3,5,8,1,5.92,6.18,3.77,4.16,84,1.44,25.6,6.8,3.8,42.2,83,2
111154,676679,"Luis Vázquez",25,2025,"BAL",4,0,4.3,0,0,0,0,0,4.51,3.74,105,0.92,0,7.1,0,69.2,100,0
111177,676282,"Joey Cantillo",25,2025,"CLE",34,13,95.3,5,3,1,3.21,3.68,3.75,3.47,87,1.26,26.9,10.5,2.5,41,83,1.8
111200,668881,"Hunter Greene",25,2025,"CIN",19,19,107.7,7,4,0,2.76,2.93,3.59,3.36,84,0.94,31.4,6.2,3.6,33.5,80,2.6
112382,681293,"Spencer Arrighetti",25,2025,"HOU",7,7,35.3,1,5,0,5.35,5.35,6.08,5.45,117,1.42,19.9,12.8,3.8,37.3,135,-0.2
112437,677952,"Braxton Ashcraft",25,2025,"PIT",26,8,69.7,4,4,0,2.71,2.84,3.54,2.87,86,1.25,24.3,8.2,1,49.7,78,1.4
113344,678368,"Valente Bellozo",25,2025,"MIA",32,6,81.3,1,4,0,4.65,4.87,5.59,5.29,119,1.33,15.5,6.6,4.3,30.8,124,-0.5
114159,671212,"Joe Boyle",25,2025,"TB",13,9,52,1,4,0,4.67,5.71,4.3,4.11,96,1.35,25.7,12.4,2.7,44.5,95,0.7
114818,680732,"Sean Burke",25,2025,"CWS",28,22,134.3,4,11,0,4.29,5.09,5.25,4.84,108,1.45,22.3,10.6,3.9,35.4,116,0.4
114867,681347,"Mike Burrows",25,2025,"PIT",23,19,96,2,4,0,3.94,4.03,4.31,4.09,99,1.24,24.1,7.7,3.2,40.9,96,1.4
118309,672282,"Reid Detmers",25,2025,"LAA",61,0,63.7,6,3,3,3.96,4.1,3.09,3.03,76,1.3,30.1,9.4,2.3,44,69,1.3
119330,669438,"Mason Englert",25,2025,"TB",29,0,44.7,0,1,0,3.83,4.03,4.15,3.05,95,1.21,23.8,5.9,2.2,40.6,92,0.3
119979,678606,"Jose A. Ferrer",25,2025,"WSH",72,0,76.3,4,4,11,4.48,4.83,3.06,3.12,78,1.27,21.9,4.9,1.5,59.6,68,1.5
122650,678020,"Seth Halvorsen",25,2025,"COL",42,0,39.7,1,2,11,4.99,5.9,4.42,5.22,97,1.54,20.9,11.6,4.1,51.7,98,0.2
123266,678692,"Ronny Henriquez",25,2025,"MIA",69,0,73,7,1,7,2.22,2.84,3.49,3.24,83,1.1,32.3,8.9,2.6,39.7,77,1.1
123271,669371,"Cole Henry",25,2025,"WSH",57,0,52.7,1,2,2,4.27,4.61,6.32,5.43,121,1.42,21.6,13.3,2.9,31.5,140,-0.9
123682,677955,"Jaden Hill",25,2025,"COL",28,0,29.3,1,1,0,3.38,4.3,4.57,3.53,99,1.33,24,9.3,1.6,43.4,101,0.1
123838,680684,"Gunnar Hoglund",25,2025,"ATH",6,6,32.3,1,3,0,6.4,6.4,5.07,6.67,111,1.52,16.5,7.9,7.2,41,112,0.2
123911,680880,"Grant Holman",25,2025,"ATH",22,2,23,4,2,0,5.09,5.48,4.87,4.57,108,1.52,16.5,8.7,2.9,43.4,108,0
126483,683004,"Jack Leiter",25,2025,"TEX",29,29,151.7,10,10,0,3.86,4.09,5.04,4.06,108,1.28,22.9,10.4,2.8,37.6,112,1.1
126657,669461,"Matthew Liberatore",25,2025,"STL",29,29,151.7,8,12,0,4.21,4.69,5.12,4.11,108,1.31,18.8,6.2,2.9,37.6,113,1
128575,680729,"Garrett McDaniels",25,2025,"LAA",10,0,10.7,0,0,0,5.91,6.75,4.9,6.89,106,1.97,12,16,4,71.4,108,0
129854,682254,"Mason Montgomery",25,2025,"TB",57,0,46,1,3,1,5.67,6.26,3.74,3.83,84,1.65,30.1,12.9,2.9,41.5,83,0.6
130423,682610,"Roddery Muñoz",25,2025,"STL",9,0,11,0,0,0,8.18,8.18,5.22,7.86,106,1.64,27.5,17.6,7.8,21.4,116,-0.1
130861,680951,"Doug Nikhazy",25,2025,"CLE",2,1,4,0,1,0,13.5,13.5,4.94,5.05,104,2.75,21.7,26.1,0,25,109,0
131358,681857,"Reese Olson",25,2025,"DET",13,13,68.7,4,4,0,3.15,3.15,4.49,3.41,99,1.21,22.8,8.8,1.8,42.6,99,0.9
131860,680730,"Mitchell Parker",25,2025,"WSH",33,30,164.7,9,16,1,5.68,6.34,6.7,5.08,120,1.43,14.2,8,3.4,36.8,148,-2
132620,678022,"Jack Perkins",25,2025,"ATH",12,4,38.7,3,2,3,4.19,4.19,4.81,4.03,106,1.16,23,11.2,2.5,41.3,106,0.2
134211,680689,"Lyon Richardson",25,2025,"CIN",34,0,37.7,0,3,0,4.3,5.97,5.17,4.15,109,1.54,17.4,12.2,1.2,53.8,114,-0.2
134629,677958,"Kumar Rocker",25,2025,"TEX",14,14,64.3,4,5,0,5.74,5.88,4.98,4.79,104,1.46,19.5,8,3.8,48.5,110,0.5
134896,678495,"Randy Rodríguez",25,2025,"SF",50,0,50.7,3,5,4,1.78,2.13,3.35,2.49,80,0.89,33.8,5.6,2,37.1,74,0.9
136375,680885,"Spencer Schwellenbach",25,2025,"ATL",17,17,110.7,7,4,0,3.09,3.58,3.46,3.34,83,0.97,24.9,4.1,3,47.1,77,2.8
136890,681217,"Chase Silseth",25,2025,"LAA",10,0,11,0,0,0,1.64,1.64,4,3.78,94,1.45,26.5,12.2,2,55.2,89,0.1
137155,681916,"Dylan Smith",25,2025,"DET",7,0,13,1,0,0,1.38,1.38,5.54,4.28,117,0.85,8.3,10.4,0,52.8,123,-0.1
137252,681343,"Shane Smith",25,2025,"CWS",29,29,146.3,7,8,0,3.81,4.31,4.37,4.01,99,1.2,23.5,9.4,2.8,40.4,97,2.2
139369,682842,"Abner Uribe",25,2025,"MIL",75,0,75.3,3,2,7,1.67,2.15,3.41,2.84,80,1.04,30.2,9.1,1.3,52.6,75,1.2
139673,672841,"Carlos Vargas",25,2025,"SEA",70,0,77,5,5,1,3.97,4.56,3.98,4.5,100,1.34,16.3,6.9,3,55.9,88,0.7
139729,678024,"Mike Vasil",25,2025,"CWS",47,3,101,5,3,4,2.5,2.85,4.61,4.24,107,1.25,19.4,12.3,1.9,50.7,102,0.4
140142,680767,"Victor Vodnik",25,2025,"COL",52,0,50.7,4,3,10,3.02,3.38,4.36,3.86,96,1.4,22.8,12.1,1.9,54.3,97,0.3
140479,677960,"Ryan Weathers",25,2025,"MIA",8,8,38.3,2,2,0,3.99,4.7,4.41,4.68,99,1.28,22.3,7.2,4.2,44,98,0.6
140736,669391,"Owen White",25,2025,"CWS",3,0,7,0,0,0,9,9,4.53,4.48,101,2.43,17.1,8.6,2.9,42.3,100,0
140834,677961,"Cole Wilcox",25,2025,"TB",1,0,1,0,0,0,27,63,5.38,10.05,108,7,8.3,25,0,37.5,119,0
140930,668909,"Gavin Williams",25,2025,"CLE",31,31,167.7,12,5,0,3.06,3.33,4.34,4.31,98,1.27,24.6,11.8,3.3,45.6,96,2.6
141131,668390,"Cole Winn",25,2025,"TEX",33,0,41.7,0,1,0,1.51,1.73,4.38,3.82,103,0.96,21.6,10.5,1.9,46.2,97,0.2
143422,684974,"Craig Yoho",25,2025,"MIL",8,0,8.7,0,0,0,7.27,7.27,5.27,6.57,114,1.96,17.1,22,2.4,41.7,117,-0.1
143599,686228,"Juan Burgos",25,2025,,13,0,13.3,1,1,0,6.08,6.75,4.89,5.02,107,1.88,21.5,12.3,3.1,42.9,108,0
143656,686218,"Emmet Sheehan",25,2025,"LAD",15,12,73.3,6,3,0,2.82,3.56,3.83,3.02,89,0.97,30.6,7.6,2.4,33.7,85,1.4
143994,686701,"Ryan Bergert",25,2025,,19,15,76.3,2,2,0,3.66,3.77,6.1,3.99,118,1.26,22.6,10.8,2.5,28.5,135,-0.4
146772,688158,"David Morgan",25,2025,"SD",41,2,47.3,1,2,0,2.66,2.66,4.29,3.79,98,1.23,25.9,11.9,2.1,44.9,95,0.3
147783,690928,"Hunter Dobbins",25,2025,"BOS",13,11,61,4,1,0,4.13,4.43,4.51,3.79,103,1.28,17.6,6.6,2.3,48.4,100,0.7
147789,690916,"Richard Fitts",25,2025,"BOS",11,10,45,2,4,0,5,5.4,4.78,5.72,106,1.31,20.5,8.2,5.6,42.5,106,0.4
148211,691548,"Rolddy Muñoz",25,2025,"ATL",3,0,3.7,0,0,0,12.27,12.27,5.2,9.77,111,2.45,23.8,23.8,4.8,55.6,115,0
148637,694361,"Will Klein",25,2025,"LAD",14,0,15.3,1,1,0,2.35,3.52,4.37,2.83,95,1.57,30,14.3,0,51.4,97,0.1
149134,694350,"Zach Brzykcy",25,2025,"WSH",26,0,23,0,1,0,9,9,5.63,6.35,112,1.74,21.8,10.9,5.5,26.4,125,-0.2
149535,695418,"Brad Lord",25,2025,"WSH",48,19,130.7,5,10,0,4.34,4.48,4.13,4.32,97,1.29,19.8,7.9,3.1,48.2,91,2
149873,694037,"Daniel Palencia",25,2025,"CHC",54,0,52.7,1,6,22,2.91,3.25,3.6,3.17,84,1.14,28.4,7.4,2.3,38.2,80,0.7
151228,700669,"Gordon Graceffo",25,2025,"STL",26,0,43,3,1,1,6.28,6.91,4.71,3.01,99,1.47,20.7,6.7,1,45.7,104,0
151243,701552,"Andre Granillo",25,2025,"STL",14,0,21,1,0,1,4.71,4.71,5.41,4.51,113,1.38,19.8,7.7,3.3,27.7,120,-0.2
151286,694851,"Andrew Hoffmann",25,2025,,11,0,12,1,1,0,6,9,5.72,5.82,111,2,19.7,16.4,3.3,33.3,127,-0.1
151380,696147,"Sam Bachman",25,2025,"LAA",23,0,20.3,2,3,0,6.2,6.64,4.65,3.54,100,1.57,19.1,10.6,1.1,55.4,103,0
151556,700249,"Cade Povich",25,2025,"BAL",22,20,112.3,3,8,0,5.21,5.61,4.43,4.09,95,1.5,24.2,8.8,3.5,41.7,98,1.5
151557,701581,"David Festa",25,2025,"MIN",11,10,53.3,3,4,0,5.4,5.91,4.71,4.79,104,1.28,23.1,8.3,4.4,35.3,104,0.5
151582,696136,"Jordan Wicks",25,2025,"CHC",8,0,14.3,0,1,1,6.28,7.53,3.76,3.43,90,1.74,19.4,1.5,3,47.2,83,0.2
151587,696131,"Mason Black",25,2025,"SF",1,0,4,0,0,0,6.75,11.25,4.35,7.22,99,1.25,26.3,0,10.5,35.7,96,0
151637,701487,"Pierson Ohl",25,2025,"MIN",14,3,30,0,3,0,5.1,6.6,5.07,4.12,107,1.5,20.3,5.3,3.8,34.3,112,0
151651,701519,"Travis Adams",25,2025,"MIN",18,2,33.7,1,4,0,7.49,7.75,6.33,5.31,118,1.66,19.6,10.8,3.8,32.1,140,-0.5
151691,693433,"Bryan Woo",25,2025,"SEA",30,30,186.7,15,7,0,2.94,3.09,3.35,3.38,86,0.93,27.1,4.9,3.6,40.4,74,5
151693,702070,"Noah Cameron",25,2025,"KC",24,24,138.3,9,7,0,2.99,2.99,4.29,4.09,100,1.1,20.5,7.7,3.2,41.2,95,2.2
161632,801434,"Paul Gervase",25,2025,,6,0,8.3,0,0,0,4.32,4.32,5.66,8.01,117,1.68,20.5,15.4,7.7,16,125,-0.1
161805,801216,"Christian Montes De Oca",25,2025,"AZ",1,0,2.7,0,0,0,0,0,4.71,2.85,108,0.38,22.2,11.1,0,50,104,0
163859,805673,"Zebby Matthews",25,2025,"MIN",16,16,79.3,5,6,0,5.56,5.67,4.57,3.7,97,1.49,24.9,6.8,3.4,32.2,101,1
167390,805299,"Brandyn Garcia",25,2025,,14,0,14.3,0,2,0,5.65,7.53,4.24,3.13,98,1.81,21.2,12.1,0,48.8,94,0.1
108258,666661,"Juan Morillo",26,2025,"AZ",42,0,34.3,0,3,1,4.19,4.98,4.41,3.72,96,1.69,23.7,13.2,1.3,48.4,98,0.2
108274,662253,"Andrés Muñoz",26,2025,"SEA",64,0,62.3,3,3,38,1.73,2.6,3.51,2.34,83,1.03,32.7,11,0.8,50,78,0.9
108618,666277,"George Soriano",26,2025,"MIA",24,0,36.7,2,0,1,8.35,8.84,5.25,6.52,108,1.77,20.8,11,5.8,44.3,116,-0.2
108619,667755,"José Soriano",26,2025,"LAA",31,31,169,10,11,0,4.26,4.74,3.62,3.65,89,1.4,21,10.8,1.7,64.5,80,4
108993,668964,"Tobias Myers",26,2025,"MIL",22,6,50.7,1,2,0,3.55,3.73,5.18,4.01,111,1.36,17.3,6.8,2.3,36.4,115,0
109125,670970,"Adrian Morejon",26,2025,"SD",75,0,73.7,13,6,3,2.08,2.81,3.13,2.37,81,0.9,24.5,5.9,0.7,51.3,69,1.4
109324,665660,"Elvis Alvarado",26,2025,"ATH",37,0,42.3,1,1,0,3.19,3.61,4.35,4.23,98,1.32,27.3,12,3.3,39.4,96,0.2
109417,669358,"Shane Baz",26,2025,"TB",31,31,166.3,10,12,0,4.87,4.92,3.85,4.28,90,1.33,24.8,9,3.7,46.8,85,3.5
109661,674444,"Steven Cruz",26,2025,"KC",47,0,45.7,3,1,0,3.74,3.94,4.88,4.06,109,1.18,20.1,9.5,2.6,38.6,108,0
110348,675650,"Michael Mercado",26,2025,"PHI",3,0,3,0,0,0,15,15,4.8,8.89,103,3.67,20,20,5,33.3,106,0
110572,673820,"Robinson Piña",26,2025,,2,0,2.3,0,0,0,7.71,15.43,5.54,9.1,112,2.57,7.1,7.1,7.1,33.3,123,0
111090,676070,"Jacob Amaya",26,2025,"CWS",1,0,1,0,0,0,0,0,5.04,3.05,110,0,0,0,0,0,112,0
111112,669022,"MacKenzie Gore",26,2025,"WSH",30,30,159.7,5,15,0,4.17,4.23,4.1,3.81,89,1.35,27.2,9.3,2.9,37.6,91,2.9
111121,676661,"Max Lazar",26,2025,"PHI",36,0,41.3,1,1,1,4.79,5.01,5.51,5.04,114,1.28,15.3,7.1,4.1,36.4,122,-0.3
111145,669422,"Matt Sauer",26,2025,"LAD",10,1,29.7,2,1,1,6.37,6.98,4.73,5.25,104,1.45,18.6,6.2,4.7,41.1,105,0.1
111151,676206,"Freddy Tarnok",26,2025,"MIA",5,0,7.3,1,0,1,2.45,2.45,4.26,4.31,95,0.68,35.7,14.3,3.6,69.2,94,0.1
111187,677649,"Ezequiel Duran",26,2025,"TEX",4,0,3.3,0,0,0,0,0,4.94,3.05,111,0.3,0,0,0,36.4,109,0
111203,669084,"DL Hall",26,2025,"MIL",20,3,38.7,1,0,0,3.49,3.49,4.81,3.82,111,1.06,17.4,11,1.3,36.9,107,0.1
111237,674384,"Eduarniel Núñez",26,2025,,10,0,12.7,1,0,0,7.11,7.11,6.3,6.74,123,1.89,18.3,18.3,3.3,20,139,-0.2
111327,671096,"Andrew Abbott",26,2025,"CIN",29,29,166.3,10,7,0,2.87,3.25,4.78,3.75,104,1.15,21.8,6.3,2.8,31.3,106,1.7
111773,671106,"Logan Allen",26,2025,"CLE",30,29,156.7,8,11,0,4.37,4.83,5.07,4.29,112,1.4,18,9.2,2.7,45.1,112,1.1
113331,678394,"Brayan Bello",26,2025,"BOS",29,28,166.7,11,9,0,3.35,3.83,4.79,4.11,108,1.24,17.7,8.4,2.3,49.6,106,1.7
113630,676440,"Tanner Bibee",26,2025,"CLE",31,31,182.3,12,11,0,4.24,4.59,4.22,4.25,101,1.23,21.3,7.1,3.5,44.6,93,3.1
114833,676475,"Alec Burleson",26,2025,"STL",1,0,1,0,0,0,0,0,4.25,6.22,101,1,0,0,0,33.3,94,0
115693,676508,"Ben Casparius",26,2025,"LAD",46,3,77.7,7,5,2,4.64,4.75,4.43,3.66,99,1.27,21.3,6.3,2.4,33.2,98,0.4
115711,680604,"Blas Castaño",26,2025,"SEA",1,0,3,0,0,0,9,9,6.13,9.72,118,2,6.3,12.5,6.3,25,136,-0.1
115906,676917,"Cade Cavalli",26,2025,"WSH",10,10,48.7,3,1,0,4.25,5.18,4.07,4.62,95,1.48,18.3,6.8,3.2,54.4,90,0.9
115926,677944,"Slade Cecconi",26,2025,"CLE",23,23,132,7,7,0,4.3,4.5,4.6,4.56,105,1.19,20,5.9,4.4,40.9,102,1.6
117185,676979,"Garrett Crochet",26,2025,"BOS",32,32,205.3,18,5,0,2.59,2.72,2.61,2.8,66,1.03,31.3,5.7,2.9,48.2,58,7.3
117298,678316,"Omar Cruz",26,2025,"SD",2,0,3.7,0,0,0,4.91,4.91,4.72,2.95,103,1.91,27.8,16.7,0,30,105,0
117434,675540,"Xzavion Curry",26,2025,"MIA",3,0,3,0,1,0,6,12,5.56,5.56,110,2.33,6.3,18.8,0,33.3,123,0
118842,676263,"Jack Dreyer",26,2025,"LAD",67,5,76.3,3,2,4,2.95,3.07,3.85,2.91,93,1.05,24.1,7.8,1.3,36.8,85,0.9
119133,671109,"Jake Eder",26,2025,"LAA",8,0,18.3,0,1,0,4.91,4.91,5.26,5.18,110,1.31,19.2,11.5,3.8,30.2,117,-0.1
119526,669093,"Jeremiah Estrada",26,2025,"SD",77,0,73,4,5,3,3.45,3.82,3.17,3.63,75,1.16,35.5,8.9,3.9,34.3,70,1.4
119528,681751,"Lazaro Estrada",26,2025,"TOR",2,0,7.3,0,0,0,8.59,8.59,4.6,5.09,103,1.5,28.6,2.9,5.7,22.7,102,0
121446,669372,"J.T. Ginn",26,2025,"ATH",23,16,90.3,4,7,0,5.08,5.18,3.55,4.53,86,1.36,25.3,7.9,4.3,52.3,79,2.1
121919,676467,"Colton Gordon",26,2025,"HOU",20,14,86,6,4,1,5.34,5.65,5.6,5.28,111,1.42,19,5,5.5,31.8,124,-0.1
122708,676106,"Emerson Hancock",26,2025,"SEA",22,16,90,4,5,0,4.9,5.1,5.6,4.99,116,1.38,16.6,8.1,3.9,43.5,124,0
124258,676428,"Brant Hurter",26,2025,"DET",43,4,63,4,3,2,2.43,3.71,4.03,3.53,94,1.33,24.5,9.7,1.4,48,89,0.6
126356,673929,"Jordan Leasure",26,2025,"CWS",68,1,64.3,5,6,7,3.92,4.2,4.21,4.4,94,1.23,30.1,11.2,4.5,28,93,0.5
129333,676974,"Max Meyer",26,2025,"MIA",12,12,64.7,3,5,0,4.73,5.43,3.67,4.55,88,1.42,23.9,7,4.2,49.2,81,1.5
129445,676272,"Bobby Miller",26,2025,"LAD",2,1,5,0,0,0,12.6,12.6,5.21,7.42,103,2.6,25,7.1,7.1,27.8,115,0
129452,682243,"Bryce Miller",26,2025,"SEA",18,18,90.3,4,6,0,5.68,5.68,5.54,5.09,112,1.41,18.9,8.7,4.3,38.2,123,0.1
129665,669387,"Carmen Mlodzinski",26,2025,"PIT",34,12,99,5,8,0,3.55,3.82,4.03,3.42,94,1.3,21.2,6.4,1.9,47.2,89,1.4
130441,668716,"Noah Murdock",26,2025,"ATH",14,0,17,1,1,0,13.24,13.24,5.73,4.46,112,2.71,21.4,20.4,0,41.8,127,-0.2
131491,682847,"Luis L. Ortiz",26,2025,"CLE",16,16,88.7,4,9,0,4.36,4.47,4.36,4.1,97,1.38,25.1,11,3.1,46.9,97,1.3
131744,669449,"Jake Palisch",26,2025,"CWS",1,0,1,0,0,0,18,18,4.88,3.05,107,3,0,0,0,50,108,0
131748,669467,"Andre Pallante",26,2025,"STL",31,31,162.7,6,15,0,5.42,6.03,4.41,4.77,103,1.45,15.5,8.7,2.9,58.8,98,2.4
135525,671131,"Jackson Rutledge",26,2025,"WSH",63,0,73.3,4,2,0,5.77,6.01,4.83,5.6,103,1.53,19.6,7.6,4.8,40.6,107,0
135872,682144,"Jayvien Sandridge",26,2025,"NYY",1,0,0.7,0,0,0,27,27,4.44,30.05,101,4.5,33.3,33.3,16.7,0,98,0
136475,678011,"Anthony Seigler",26,2025,"MIL",1,0,1,0,0,0,0,0,4.09,3.22,97,1,0,0,0,25,90,0
137126,671922,"Cade Smith",26,2025,"CLE",76,0,73.7,8,5,16,2.93,3.79,3.2,1.87,75,1,34.7,6.3,1.3,35.8,71,1.4
137960,675911,"Spencer Strider",26,2025,"ATL",23,23,125.3,7,14,0,4.45,4.52,4.8,4.62,102,1.4,24.3,9.5,3.7,36.4,106,1.3
138569,678906,"Kai-Wei Teng",26,2025,"SF",8,7,29.7,2,4,0,6.37,7.28,4.84,3.9,99,1.55,28.1,12.2,1.4,39.5,107,0.2
139775,681190,"Randy Vásquez",26,2025,"SD",28,26,133.7,6,7,0,3.84,3.97,5.86,4.94,123,1.32,13.7,9.1,2.8,39.7,130,-0.3
141102,669717,"Will Wilson",26,2025,"CLE",1,0,2,0,0,0,9,9,5.41,9.55,115,1,0,0,12.5,12.5,120,0
143325,685005,"Christian Roa",26,2025,"MIA",2,0,3,0,0,0,0,0,5.01,4.22,107,1.33,25,25,0,50,111,0
143668,686249,"Nathan Wiles",26,2025,"ATL",1,0,1,0,0,0,27,27,4.19,1.22,98,4,14.3,0,0,33.3,93,0
143774,686613,"Hunter Brown",26,2025,"HOU",31,31,185.3,12,9,0,2.43,2.67,3.25,3.05,83,1.03,28.3,7.8,2.3,47.7,72,5.2
143882,686676,"Korey Lee",26,2025,"CWS",2,0,3,0,0,0,3,3,5.81,5.05,117,2,0,14.3,0,33.3,129,0
144150,687473,"Ryan Gusto",26,2025,,27,17,101.7,7,7,0,5.67,5.93,4.83,4.55,105,1.47,21.4,7.9,3.8,36.5,107,0.8
144225,686751,"Seth Johnson",26,2025,"PHI",10,0,12.7,1,1,0,4.26,5.68,3.69,4.57,88,1.18,31.5,7.4,5.6,48.5,82,0.2
144487,687166,"Austin Pope",26,2025,"AZ",1,0,2,0,0,0,0,0,4.94,3.72,105,1.5,11.1,11.1,0,57.1,109,0
144696,687064,"Brandon Young",26,2025,"BAL",12,12,57.7,1,7,0,6.24,6.55,4.84,5.27,105,1.54,18.4,8.6,4.7,43.3,107,0.6
144830,687589,"Dom Hamel",26,2025,"NYM",1,0,1,0,0,0,0,0,4.78,6.22,101,3,0,0,0,40,106,0
145971,688107,"Robert Gasser",26,2025,"MIL",2,2,5.7,0,2,0,3.18,9.53,5.09,6.93,110,1.59,17.2,13.8,3.4,27.8,113,0
147755,690925,"Clayton Beeter",26,2025,,26,0,25.3,0,3,1,4.26,4.26,4.42,4.26,94,1.22,31.7,17.3,2.9,37.7,98,0.1
147896,808967,"Yoshinobu Yamamoto",26,2025,"LAD",30,30,173.7,12,8,0,2.38,2.75,2.91,3.03,75,0.98,29.4,8.6,2,52.7,65,5.5
148627,693312,"Kyle Nicolas",26,2025,"PIT",31,0,38,1,2,0,4.74,4.97,4.98,4.04,106,1.37,20.4,10.8,1.8,40.7,110,-0.1
148629,693821,"Bryce Elder",26,2025,"ATL",28,28,156.3,8,11,0,5.3,5.47,4.41,4.64,101,1.39,19.3,7.5,3.5,47.7,98,2.3
148631,693855,"Ian Seymour",26,2025,"TB",19,5,57,4,3,0,3.79,5.21,4.15,3.1,95,1.19,26.4,7.9,2.1,34.6,92,0.7
148632,694297,"Brandon Pfaadt",26,2025,"AZ",33,33,176.7,13,9,0,5.25,5.45,4.97,4.31,101,1.33,19.2,4.8,3.4,41.9,110,1.5
148638,694363,"Jared Shuster",26,2025,"CWS",12,2,15.7,0,0,0,8.04,8.62,4.56,2.86,101,2.04,14.6,6.1,0,42.9,101,0.1
149502,701121,"Logan VanWey",26,2025,"HOU",9,0,10.7,0,0,0,5.06,5.91,5.11,5.3,113,1.69,14.3,6.1,4.1,36.8,113,0
151232,702795,"Ryan Loutos",26,2025,,12,0,12,1,0,0,12.75,15.75,5.45,8.72,113,2.33,11.8,11.8,5.9,42,121,-0.1
151257,695445,"Chase Lee",26,2025,"DET",32,0,37.3,4,1,0,4.1,4.1,4.54,4.44,103,1.1,24.3,6.1,4.7,35.6,101,0.1
151282,694335,"Matt Svanson",26,2025,"STL",39,0,60.3,4,0,0,1.94,2.09,3.66,2.81,89,0.88,29.1,8.5,1.3,42.3,81,0.8
151383,694359,"Niko Kavadas",26,2025,"LAA",1,0,1.7,0,0,0,0,0,5.01,3.65,106,2.4,11.1,11.1,0,42.9,111,0
151424,694646,"Chayce McDermott",26,2025,"BAL",4,1,8.7,0,1,0,15.58,15.58,6.26,9.97,115,2.77,17.6,23.5,5.9,34.5,139,-0.1
151459,674841,"Andrew Alvarez",26,2025,"WSH",5,5,23.3,1,1,0,2.31,3.09,4.25,3.48,96,1.11,20.4,10.2,1,56.7,94,0.4
151570,694738,"Landen Roupp",26,2025,"SF",22,22,106.7,7,7,0,3.8,4.64,4.53,4,101,1.48,21.4,9.5,2.3,44.5,100,1.4
151578,693313,"Carson Seymour",26,2025,"SF",16,3,36,1,3,0,4.75,5.25,4.89,6.2,109,1.39,16.7,8.3,5.8,49.1,108,0.1
151608,694477,"Chad Patrick",26,2025,"MIL",27,23,119.7,3,8,0,3.53,3.69,4.62,3.62,101,1.28,25.2,8,2.6,31,102,1.4
151615,695243,"Mason Miller",26,2025,,60,0,61.7,1,2,22,2.63,2.77,2.67,2.2,59,0.91,44.4,12,2.1,39.6,59,1.5
151694,701542,"Will Warren",26,2025,"NYY",33,33,162.3,9,8,0,4.44,4.99,4.78,3.98,101,1.37,24.1,9.1,3.1,41.9,106,1.7
162560,802686,"Hayden Harris",26,2025,"ATL",3,0,2.7,0,0,0,3.38,3.38,5.37,5.47,116,1.88,0,16.7,0,40,119,0
105636,660644,"Vidal Bruján",27,2025,"ATL",2,0,2,0,0,0,13.5,13.5,5.79,11.22,114,2.5,0,9.1,9.1,30,128,0
105737,661403,"Emmanuel Clase",27,2025,"CLE",48,0,47.7,5,3,24,3.21,3.78,4.15,2.63,95,1.22,23.3,5.9,1,46,92,0.4
105834,660787,"Yerry De los Santos",27,2025,"NYY",25,0,35.7,0,1,0,3.28,3.79,4.82,3.36,106,1.51,17.5,10.6,0.6,54.4,107,0
105894,661395,"Jhoan Duran",27,2025,,72,0,70,7,6,32,2.06,2.44,2.88,2.31,72,1.1,27.9,6.6,1,64.3,64,1.6
106040,661563,"Luis Gil",27,2025,"NYY",11,11,57,4,1,0,3.32,3.63,7.56,4.54,129,1.4,16.8,13.5,2,32,167,-1.2
106668,663969,"Tyler Phillips",27,2025,"MIA",54,1,77.7,2,1,4,2.78,3.01,4.23,4.23,101,1.13,16.6,7.7,2.6,55.3,94,0.5
106721,660604,"Alan Rangel",27,2025,"PHI",5,0,11,0,0,1,2.45,2.45,5.64,4.59,116,1.45,17.4,13,2.2,28.1,125,-0.1
106748,660844,"Leo Rivas",27,2025,"SEA",1,0,1,0,0,0,0,0,4.27,6.05,103,4,0,16.7,0,40,95,0
106774,660730,"Elvin Rodríguez",27,2025,,7,2,19.7,0,2,0,9.15,9.15,5.96,8.55,119,1.68,20,7.8,10,18.8,132,-0.2
106940,647336,"Michael Soroka",27,2025,,22,17,89.7,3,8,0,4.52,4.92,4.05,4.32,93,1.13,25.1,7.7,3.2,43.3,90,1.6
106975,660761,"José Suarez",27,2025,"ATL",7,1,19.3,2,0,1,1.86,2.33,4.4,3.79,101,1.24,19.8,12.3,1.2,47.3,97,0.2
107170,663465,"Kolby Allard",27,2025,"CLE",33,2,65,2,2,0,2.63,3.05,4.5,3.45,107,1.2,15.8,5.3,1.9,36.8,100,0.3
107172,663474,"Triston McKenzie",27,2025,"CLE",4,0,5.7,0,0,0,11.12,11.12,7.55,7.64,124,2.47,13.3,23.3,3.3,21.1,167,-0.2
107428,665871,"Javier Assad",27,2025,"CHC",8,7,37,4,1,0,3.65,3.65,5.59,4.33,113,1.22,15,7.8,2,46.5,124,0
107559,665795,"Edward Cabrera",27,2025,"MIA",26,26,137.7,8,7,0,3.53,3.92,3.73,3.91,85,1.23,25.8,8.3,2.9,46.9,83,3.1
107732,666808,"Camilo Doval",27,2025,,69,0,65.3,4,3,16,3.58,4.68,4.05,3.51,94,1.32,25.9,12.6,1.4,52.4,90,0.6
108464,669308,"Sean Reynolds",27,2025,"SD",19,1,27,0,1,0,5.33,5.33,5.82,5.52,119,1.37,21.4,14.5,3.4,30.6,129,-0.3
108756,666214,"Joey Wentz",27,2025,,39,13,98,5,7,0,5.79,6.06,4.79,4.13,102,1.57,20.8,9.7,2.5,37.3,106,0.6
108822,666120,"Ian Anderson",27,2025,"LAA",7,0,9.3,0,1,0,11.57,12.54,5.93,6.37,109,2.57,15.7,13.7,3.9,38.9,131,-0.1
108952,668820,"Max Kranick",27,2025,"NYM",24,0,37,3,2,0,3.65,3.65,4.91,4.2,111,1.11,16.7,4.7,3.3,35.6,109,0
108971,669160,"Dustin May",27,2025,,25,23,132.3,7,11,0,4.96,5.3,5.17,4.93,107,1.42,21.1,9.6,3.6,41.7,114,0.7
108975,668834,"Easton McGee",27,2025,"MIL",9,0,14.7,0,0,0,5.52,5.52,4.49,3.36,102,1.36,21,8.1,1.6,47.7,100,0.1
109005,670912,"Johan Oviedo",27,2025,"PIT",9,9,40.3,2,1,0,3.57,3.79,5.32,5.01,111,1.21,24.7,13.5,3.5,31.4,118,0.2
109094,670955,"Edwin Uceta",27,2025,"TB",70,0,76,10,3,1,3.79,3.91,3.87,3.6,91,1.17,32.1,8.4,3.4,31.7,86,0.8
109107,666215,"Forrest Whitley",27,2025,,10,0,12,0,0,0,13.5,15,5.96,6.55,115,2.25,18.2,12.1,4.5,28.9,132,-0.2
109108,669060,"Bryse Wilson",27,2025,"CWS",20,5,47.3,0,2,0,6.65,7.04,6.69,6.22,126,1.82,12.5,8.5,4.9,32.8,148,-0.8
109131,666142,"Cole Ragans",27,2025,"KC",13,13,61.7,3,3,0,4.67,4.82,2.81,2.42,65,1.18,38.1,7.8,2.7,36.5,62,2
109135,666200,"Jesús Luzardo",27,2025,"PHI",32,32,183.7,15,7,0,3.92,4.17,3.32,2.98,77,1.22,28.5,7.5,2.1,41.7,74,5
109236,671305,"Michel Otañez",27,2025,"ATH",6,0,5.3,0,0,0,13.5,13.5,5.34,9.05,107,2.25,21.4,17.9,7.1,37.5,118,0
109267,666168,"Mason Thompson",27,2025,"WSH",14,0,10.7,1,1,0,11.81,13.5,5.61,5.76,110,2.63,18.3,20,1.7,45.9,124,-0.1
109278,670174,"Josh Winckowski",27,2025,"BOS",6,0,11.7,0,1,0,3.86,5.4,4.51,3.05,104,1.37,17.3,9.6,0,54.1,100,0
109477,675989,"Cody Bolton",27,2025,"CLE",1,0,2,0,0,0,13.5,13.5,4.43,2.05,103,2,10,0,0,33.3,98,0
109526,676130,"José Buttó",27,2025,,55,0,67,5,3,1,3.9,4.16,4.65,3.79,102,1.4,20.4,11.3,1.4,47.1,103,0.1
109974,669724,"Brenan Hanifee",27,2025,"DET",54,0,60,3,3,0,3,4.65,4.15,3.17,98,1.32,15.4,5.4,1.2,55.4,92,0.5
110745,674285,"Eduardo Salazar",27,2025,"WSH",30,0,29,0,1,0,8.38,9,5.06,6.64,105,2.21,15.2,11.3,4.6,49.1,112,-0.1
111286,669432,"Trevor Rogers",27,2025,"BAL",18,18,109.7,9,3,0,1.81,1.89,3.63,2.73,91,0.9,24.3,6.9,1.4,45.3,80,2.6
111459,670183,"Garrett Acton",27,2025,"TB",1,0,1,0,0,0,0,0,6.43,9.05,121,2,0,40,0,0,142,0
112434,676879,"Aaron Ashby",27,2025,"MIL",43,1,66.7,5,2,3,2.16,2.16,3.23,2.79,77,1.17,28.1,8.9,1.1,61.2,71,1.2
112439,668933,"Graham Ashcraft",27,2025,"CIN",62,0,65.3,8,5,0,3.99,5.1,3.74,2.81,87,1.42,22.5,8.8,0.7,54.9,83,0.8
113016,669620,"Brady Basso",27,2025,"ATH",11,1,11.7,1,1,0,2.31,3.09,4.57,3.99,105,1.8,14.3,16.1,0,59,101,0
114244,666374,"Matt Brash",27,2025,"SEA",53,0,47.3,1,3,4,2.47,2.85,3.49,2.96,84,1.25,29.1,9,2,52.9,77,0.7
114683,663460,"Kris Bubic",27,2025,"KC",20,20,116.3,8,7,0,2.55,2.94,3.56,2.81,87,1.18,24.4,8.2,1.3,46.5,79,2.8
115227,663462,"Isaiah Campbell",27,2025,"BOS",6,0,7.7,0,0,0,7.04,7.04,4.1,4.74,98,1.83,8.6,2.9,2.9,63.3,91,0.1
117625,669722,"Logan Davidson",27,2025,"LAA",1,0,1,0,0,0,0,0,4.99,1.05,112,0,33.3,0,0,0,111,0
117754,676969,"Brett de Geus",27,2025,"PHI",1,0,2,0,0,0,4.5,4.5,5.22,7.72,111,2,0,30,0,71.4,116,0
119949,681676,"Ryan Fernandez",27,2025,"STL",32,0,30.3,0,4,1,7.12,8.9,4.25,5.23,97,1.68,24.3,11.4,4.3,46.1,94,0.2
123283,674072,"Tommy Henry",27,2025,"AZ",2,0,6.7,0,0,0,4.05,4.05,3.72,7.57,88,1.05,30.8,3.8,11.5,56.3,82,0.1
123824,676510,"Nolan Hoffman",27,2025,"PHI",1,0,1,0,0,0,27,27,5.16,2.22,109,4,28.6,14.3,0,50,114,0
123905,668970,"Gavin Hollowell",27,2025,"CHC",7,0,9.3,0,0,0,4.82,4.82,4.78,4.72,104,1.71,23.3,16.3,2.3,42.3,106,0
125609,669923,"George Kirby",27,2025,"SEA",23,23,126,10,8,0,4.21,4.29,3.71,3.28,88,1.19,26.1,5.5,2.9,43.9,82,2.9
126788,669193,"Jack Little",27,2025,"LAD",2,0,3,0,0,0,6,6,4.69,3.89,105,1.67,14.3,7.1,0,30,104,0
126846,666157,"Nick Lodolo",27,2025,"CIN",29,28,156.7,9,8,0,3.33,3.45,3.75,3.9,92,1.08,24.3,4.8,3.4,42.3,83,3.5
126961,682052,"Jacob Lopez",27,2025,"ATH",21,17,92.7,7,7,0,4.08,4.56,4.52,4.17,98,1.27,28.3,9.3,3.8,26.6,100,1.2
129469,669062,"Erik Miller",27,2025,"SF",36,0,30,4,1,0,1.5,1.5,5.55,4.06,116,1.47,17.2,15.6,0,45.8,123,-0.3
130453,669684,"Chris Murphy",27,2025,"BOS",23,0,34.7,3,0,0,3.12,3.12,4.71,4.98,106,1.18,20.3,13.5,2.7,52.7,104,0
130740,669194,"Ryne Nelson",27,2025,"AZ",33,23,154,7,3,1,3.39,3.62,4.46,3.82,100,1.07,21.3,6.6,2.7,39.8,99,1.9
131515,679358,"Eric Orze",27,2025,"TB",33,0,41.7,1,1,3,3.02,3.46,4.76,3.96,106,1.37,22.5,10.7,2.2,38.8,105,0
132346,671111,"Sammy Peralta",27,2025,"LAA",5,0,10.7,0,1,0,6.75,10.13,4.88,3.24,106,1.78,15.4,11.5,0,36.8,108,0
132835,663455,"Konnor Pilkington",27,2025,"WSH",32,0,28.3,2,0,0,4.45,5.08,4.99,6.05,103,1.38,27.6,13.8,5.7,27.1,111,-0.1
134502,681799,"Ethan Roberts",27,2025,"CHC",10,0,9,1,0,0,6,6,5.49,7.22,112,1.33,15.4,5.1,7.7,30,122,-0.1
135058,669020,"Ryan Rolison",27,2025,"COL",31,1,42.3,1,0,0,7.02,7.44,5.05,6.84,111,1.77,13,10.4,5.7,47.3,112,-0.1
135582,681870,"Erik Sabrowski",27,2025,"CLE",33,0,29.3,0,1,0,1.84,2.45,4.38,3.53,98,1.19,34.7,17.4,1.7,27.3,97,0.2
135874,663485,"Cole Sands",27,2025,"MIN",69,3,72,4,6,3,4.5,5.13,4.34,3.49,99,1.17,21.4,6.4,2.3,42,96,0.4
136488,681882,"Colin Selby",27,2025,"BAL",11,0,14,0,2,0,3.21,3.21,4.36,3.33,98,1.29,23.3,3.3,3.3,47.7,96,0.1
136980,681006,"Josh Simpson",27,2025,"MIA",31,0,30.7,4,2,0,7.34,8.22,3.99,5.44,92,1.83,23.8,14.6,3.3,53.9,88,0.3
137992,669704,"Kade Strowd",27,2025,"BAL",25,0,26.3,0,1,0,1.71,2.05,3.99,3.31,97,1.1,22.9,12.4,1,56.7,88,0.3
138648,671162,"Connor Thomas",27,2025,"MIL",2,0,5.3,0,0,0,20.25,20.25,4.84,10.35,102,2.63,16.1,6.5,9.7,30.4,107,0
139109,669707,"Jared Triolo",27,2025,"PIT",1,0,1,0,0,0,0,18,5.4,19.22,109,4,0,12.5,12.5,14.3,120,0
140615,669713,"Hayden Wesneski",27,2025,"HOU",6,6,32,1,3,0,4.5,4.5,4.45,4.74,101,1.09,22.1,4.6,5.3,35.8,99,0.5
141132,676775,"Keaton Winn",27,2025,"SF",7,0,10,0,0,0,4.5,4.5,4.25,3.32,98,1.4,21.4,4.8,2.4,51.6,94,0.1
141595,666171,"Ryan Zeferjahn",27,2025,"LAA",62,1,57,6,5,2,4.74,4.89,4.32,5.22,96,1.46,28.5,13.3,4.7,34.5,96,0.3
142242,679775,"Kyle Backhus",27,2025,"AZ",32,0,25.3,0,3,2,4.62,4.97,4.56,4.33,101,1.42,19.1,7,2.6,32.9,101,0.1
142386,683769,"Hunter Gaddis",27,2025,"CLE",73,0,66.7,2,2,3,3.11,3.24,4.03,3.41,95,1.19,26.6,7.7,2.9,36.3,89,0.6
142498,683766,"Christian Koss",27,2025,"SF",4,0,4,0,0,0,0,0,5.07,3.22,112,1,0,0,0,37.5,112,0
143104,685126,"Brandon Eisert",27,2025,"CWS",72,3,69.7,3,8,2,4.39,4.65,4.23,4.46,95,1.44,24.2,8.2,3.9,39.6,94,0.5
143142,685299,"Tanner Gordon",27,2025,"COL",15,15,75.3,6,8,0,6.33,7.17,5.41,5.14,107,1.5,18.4,5,4.7,34.1,120,0.2
143313,685068,"Carson Ragsdale",27,2025,"BAL",2,0,5,0,0,0,14.4,14.4,5.49,4.65,112,2.2,16,4,4,30,122,0
143336,685314,"Andrew Saalfrank",27,2025,"AZ",28,0,29,2,1,3,1.24,1.55,4.75,3.4,106,1,16.8,8.8,0.9,45.2,105,0
143399,685107,"Anthony Veneziano",27,2025,,26,1,25,0,0,0,4.68,4.68,4.12,4.86,95,1.56,21.4,9.4,3.4,48.1,91,0.2
143858,686642,"Fraser Ellard",27,2025,"CWS",18,3,17,1,2,0,4.24,4.76,4.43,4.75,97,1.59,29.7,25.7,1.4,40.6,98,0.1
143908,686580,"Justin Slaten",27,2025,"BOS",36,0,34,2,4,3,4.24,5.03,4.67,3.61,105,1.09,18.2,7.3,2.2,41.2,103,0.1
144102,673965,"Caleb Freeman",27,2025,"CWS",5,0,3.3,0,0,0,5.4,5.4,4.62,6.05,103,1.8,18.8,6.3,6.3,25,102,0
144122,687362,"Connor Gillispie",27,2025,"MIA",6,6,26,0,3,0,8.65,9,5.36,5.84,109,1.65,18.7,8.9,4.9,36.4,119,0.1
144167,687396,"Brent Headrick",27,2025,"NYY",17,0,23,0,0,0,3.13,3.13,3.74,3.74,87,1.04,32.6,7.6,4.3,25.9,83,0.3
144213,686753,"Drey Jameson",27,2025,"AZ",3,0,3,0,1,1,3,6,6.05,6.22,118,2.33,0,23.1,0,40,134,0
144214,686826,"Bryce Jarvis",27,2025,"AZ",12,0,22,0,0,1,5.73,5.73,5.17,4.59,108,1.5,21.4,10.2,3.1,33.3,114,-0.1
144245,687330,"Kevin Kelly",27,2025,"TB",41,0,39.7,2,5,0,5.9,6.58,4.14,5.57,99,1.36,20.5,5.3,6.4,44.1,92,0.3
144284,686747,"Joe La Sorsa",27,2025,"CIN",5,0,6.7,0,1,0,10.8,12.15,5.07,11.32,110,2.25,6.1,6.1,12.1,27.6,112,0
144318,687424,"Anthony Maldonado",27,2025,"ATH",6,0,6,0,0,0,12,12,5.86,9.72,110,2.5,21.2,15.2,9.1,19,130,-0.1
144402,687287,"Patrick Monteverde",27,2025,"MIA",1,0,3.7,0,0,0,9.82,9.82,4.53,1.86,99,2.73,20,5,0,33.3,100,0
144465,686752,"Ryan Pepiot",27,2025,"TB",31,31,167.7,11,12,0,3.86,4.13,4.3,4.27,101,1.16,24.6,9,3.8,38.3,95,2.7
144511,687377,"Orlando Ribalta",27,2025,"WSH",22,0,24.3,0,0,0,7.03,7.03,5.53,6.59,112,1.81,20.8,14.2,5,36.4,122,-0.2
144606,686730,"Carson Spiers",27,2025,"CIN",3,2,13.3,0,2,0,6.08,6.08,5.62,6.3,113,1.5,18.3,11.7,5,29.3,125,0
144657,686973,"Louis Varland",27,2025,,74,1,72.7,4,3,0,2.97,3.34,3.35,3.05,82,1.2,25.3,7.4,2,51.8,74,1.2
144730,685801,"Hunter Bigge",27,2025,"TB",13,0,15,0,0,0,2.4,2.4,4.92,6.12,109,1.07,20,8.3,6.7,38.1,109,0
144812,687830,"Sawyer Gipson-Long",27,2025,"DET",8,3,31.3,0,2,0,7.18,7.47,5.16,5.47,108,1.28,19.5,4.5,6,40.4,114,0
144890,687849,"Zak Kent",27,2025,"CLE",12,0,17.7,1,0,0,4.58,5.09,5.26,3.5,109,1.42,21.1,10.5,1.3,37.3,117,-0.1
145063,687606,"Paxton Schultz",27,2025,"TOR",13,2,24.7,0,0,0,4.38,5.84,4.36,3.98,97,1.42,25.5,7.3,3.6,41.1,97,0.2
145080,687765,"Mitch Spence",27,2025,"ATH",32,8,84.7,3,6,1,5.1,6.06,4.77,5.01,108,1.44,17.6,6.9,4.3,43.2,106,0.4
145443,689225,"Beau Brieske",27,2025,"DET",22,1,22,1,3,1,6.55,8.18,5.91,6.19,117,1.64,15.5,11.7,4.9,38.7,131,-0.3
145702,690382,"Michael Darrell-Hicks",27,2025,,7,0,9.7,1,0,0,7.45,7.45,4.9,4.31,105,1.45,18.6,9.3,2.3,36.7,109,0
145773,689266,"Dylan Dodd",27,2025,"ATL",28,0,35,1,0,0,3.6,3.6,3.32,3.88,86,0.94,22.1,3.7,3.7,52,74,0.6
146226,690544,"Bailey Horn",27,2025,"DET",10,0,11.3,0,1,0,1.59,1.59,4.5,4.28,103,1.59,20,14,2,42.4,100,0
146279,689690,"Alek Jacob",27,2025,"SD",29,0,33.3,1,0,0,5.13,5.4,6.09,5.98,122,1.5,15,9.2,3.9,38.2,135,-0.5
146392,689017,"Landon Knack",27,2025,"LAD",10,7,42.3,3,2,1,4.89,5.31,5.45,5.8,111,1.39,22.7,10.3,5.4,31.1,121,0
146462,689520,"Cody Laweryson",27,2025,"MIN",5,0,7.7,0,1,0,1.17,2.35,4.45,1.22,102,0.52,26.9,0,0,42.1,99,0
147927,691172,"Yosver Zulueta",27,2025,"CIN",7,0,7.3,1,0,0,4.91,6.14,5.18,5.27,110,1.23,15.6,12.5,3.1,34.8,115,0
160802,702752,"Jonathan Pintaro",27,2025,"NYM",1,0,0.7,0,0,0,27,27,4.63,9.22,103,6,16.7,33.3,0,66.7,102,0
163735,806188,"Cade Gibson",27,2025,"MIA",44,1,54.7,4,5,0,2.63,2.96,4.33,3.85,99,1.19,18.7,9.1,1.3,50.6,96,0.3
164622,829272,"Shinnosuke Ogasawara",27,2025,"WSH",23,2,38.7,1,1,0,6.98,6.98,4.92,6.25,108,1.55,17.3,9.8,5.2,36.6,109,0
104025,645305,"Ali Sánchez",28,2025,"TOR",1,0,1,0,0,0,18,18,4.94,1.05,103,3,16.7,0,0,20,109,0
104033,645444,"Jose Herrera",28,2025,"AZ",2,0,2,0,0,0,4.5,4.5,5.11,3.22,108,2,0,0,0,50,113,0
104044,646242,"Jhonathan Díaz",28,2025,"SEA",1,0,1.3,0,0,0,0,0,4.21,1.55,100,0.75,20,0,0,25,93,0
104205,650489,"Willi Castro",28,2025,"MIN",1,0,1,0,0,0,0,0,4.46,3.05,105,1,0,0,0,0,99,0
104258,650556,"Bryan Abreu",28,2025,"HOU",70,0,71,3,4,7,2.28,2.28,3.38,2.3,78,1.15,35.5,10.5,1.4,35.3,75,1.2
104481,650893,"Génesis Cabrera",28,2025,,40,0,42.7,0,1,1,6.54,6.75,4.72,6.58,105,1.5,18.7,9.6,6.4,39.4,105,0
104499,650911,"Cristopher Sánchez",28,2025,"PHI",32,32,202,13,5,0,2.45,2.58,2.74,2.64,70,1.06,26.3,5.5,1.5,58.2,61,6.8
104739,656271,"Brock Burke",28,2025,"LAA",69,1,61.7,6,1,0,3.36,3.5,3.56,4.07,90,1.23,20.2,7,3.1,48.9,79,0.9
105007,657277,"Logan Webb",28,2025,"SF",34,34,207,15,11,0,3.22,3.57,3.29,2.69,78,1.24,26.2,5.4,1.6,52.8,73,5.7
105859,664747,"Alexis Díaz",28,2025,,18,0,17.7,1,0,0,8.15,8.66,5.92,8.6,120,1.53,20,14.1,7.1,27.5,131,-0.2
105915,664744,"Jose Espada",28,2025,"BAL",1,0,3,0,0,0,0,0,4.58,0.38,103,0.33,44.4,0,0,40,101,0
105936,663559,"Bailey Falter",28,2025,,26,24,125.3,7,7,0,4.45,4.88,6.01,5.01,122,1.28,15.6,8.9,3.7,35.1,133,-0.5
105950,657571,"Caleb Ferguson",28,2025,,70,0,65.3,5,4,0,3.58,3.72,4.09,3.29,100,1.16,18.9,8.1,0.7,48.2,91,0.5
106195,664299,"Cristian Javier",28,2025,"HOU",8,8,37,2,4,0,4.62,5.35,5.65,3.56,113,1.27,21.7,9.6,1.9,31.8,125,0
106864,663574,"Tony Santillan",28,2025,"CIN",80,0,73.7,1,5,7,2.44,2.81,4.89,3.81,103,1.11,24.9,9.6,2.3,35.9,108,-0.1
107130,663897,"Luke Williams",28,2025,"ATL",6,0,6,0,0,0,3,3,5.11,4.56,111,1.17,16,4,4,25,113,0
107143,663765,"Jake Woodford",28,2025,"AZ",22,0,36.3,0,4,3,6.44,6.94,5.2,4.35,110,1.6,13.5,7.6,1.8,43.5,115,-0.2
107190,663542,"Bryan Hudson",28,2025,,16,0,15,0,1,0,4.8,6,4.58,5.38,101,1.87,25.3,17.3,2.7,41.5,101,0
107237,663558,"Jovani Morán",28,2025,"BOS",2,0,4,0,0,0,6.75,6.75,4.68,2.8,97,2,25,15,0,41.7,104,0
107962,663855,"Jordan Hicks",28,2025,,34,9,67.3,2,7,2,6.95,7.49,4.8,4.39,100,1.66,18.5,10.2,1.9,55.3,106,0.5
108361,665625,"Elvis Peguero",28,2025,,8,1,9.3,0,0,0,6.75,8.68,5.21,5.11,111,1.93,17,12.8,2.1,40.6,115,0
108363,666711,"Joel Peguero",28,2025,"SF",17,0,22.3,3,1,0,2.42,2.82,4.49,3.94,104,1.03,19.8,9.3,2.3,52.5,99,0.1
109051,668941,"JoJo Romero",28,2025,"STL",65,0,61,4,6,8,1.92,3.1,3.92,3.37,96,1.23,21.6,11.4,0.8,55.4,87,0.6
109090,647351,"Abraham Toro",28,2025,"BOS",1,0,1,0,0,0,18,18,5.18,6.05,110,5,0,12.5,0,42.9,115,0
109531,676609,"José Caballero",28,2025,"TB",1,0,1,0,0,0,54,54,7.36,32.05,121,6,0,11.1,22.2,25,163,0
110000,672578,"Carlos Hernández",28,2025,,41,0,43.3,1,0,0,6.23,6.65,5.75,4.22,115,1.66,19.2,10.8,2,32.1,127,-0.5
110436,669459,"Kyle Nelson",28,2025,"AZ",3,0,2,0,0,1,9,9,5.99,13.72,109,2.5,18.2,36.4,9.1,0,133,0
110688,655889,"Manuel Rodríguez",28,2025,"TB",31,0,30.3,1,2,0,2.08,2.67,3.47,2.95,87,1.05,20.7,5,1.7,58.4,77,0.5
110903,676702,"Hunter Stratton",28,2025,,15,0,19,1,1,1,5.21,5.68,5.27,5.17,112,1.58,18,7.9,3.4,31.7,117,-0.1
111134,663878,"Nate Pearson",28,2025,"CHC",11,0,14.7,0,1,0,9.2,9.2,6.51,6.29,125,2.18,9.3,13.3,2.7,33.3,144,-0.3
111196,677651,"Luis Garcia",28,2025,"HOU",2,2,7.7,1,0,0,3.52,3.52,4.86,5.01,108,0.39,25.9,0,7.4,26.3,108,0.1
111222,663893,"Brendon Little",28,2025,"TOR",79,0,68.3,4,2,1,3.03,3.69,3.76,2.83,83,1.38,30.8,15.3,0.7,59.2,83,0.8
111247,647315,"Zach Pop",28,2025,,5,0,6.7,0,1,0,14.85,16.2,5.51,11.34,109,2.55,7.7,5.1,10.3,54.5,122,-0.1
112001,681982,"Grant Anderson",28,2025,"MIL",66,0,69.7,2,6,0,3.23,4.52,4.17,3.93,96,1.26,24.7,9.7,2.7,40.2,92,0.5
114108,680742,"Jonathan Bowlan",28,2025,"KC",34,1,44.3,1,2,0,3.86,4.26,3.93,3.88,94,1.22,25.6,9.4,3.3,47.9,87,0.5
114191,680694,"Kyle Bradish",28,2025,"BAL",6,6,32,1,1,0,2.53,2.53,3.63,2.36,82,1.03,37.3,7.9,2.4,33.8,80,0.8
114635,677865,"Justin Bruihl",28,2025,"TOR",15,0,13.7,0,0,0,5.27,6.59,3.38,4.07,85,1.9,27.7,10.8,3.1,46.2,75,0.2
115362,681962,"Vinny Capra",28,2025,"CWS",3,0,3,0,0,0,6,12,5.2,6.72,110,1.67,6.7,0,6.7,21.4,115,0
117077,680735,"Austin Cox",28,2025,"ATL",13,1,21.3,0,0,0,8.86,8.86,4.06,7.63,94,1.73,21.6,6.9,8.8,45.2,90,0.2
117180,681867,"Cooper Criswell",28,2025,"BOS",7,1,17.7,1,0,1,3.57,5.09,4.46,5.09,105,1.58,11.3,6.3,3.8,53,99,0.1
117546,669721,"Davis Daniel",28,2025,"ATL",3,2,10,0,1,0,5.4,5.4,5.24,5.12,108,1.6,19.6,15.2,2.2,34.5,116,0
117703,663562,"Noah Davis",28,2025,,9,0,11,0,2,0,18,19.64,4.82,12.23,98,2.55,23.1,9.2,10.8,37.8,107,0
119087,681987,"Nate Eaton",28,2025,"BOS",1,0,1,0,0,0,0,0,4.26,3.05,99,2,0,0,0,50,94,0
119354,663671,"Nic Enright",28,2025,"CLE",27,0,31,2,1,1,2.03,2.32,4.93,3.73,108,1.16,23.6,9.4,2.4,33.7,109,0
119844,663372,"Ryan Feltner",28,2025,"COL",6,6,30.3,0,2,0,4.75,5.04,4.85,4.48,102,1.48,18.5,8.9,3,46.9,107,0.3
120724,681892,"Kody Funderburk",28,2025,"MIN",39,0,41,4,1,1,3.51,3.73,3.82,3.27,90,1.51,21.9,9.8,1.1,52.5,85,0.5
121247,680702,"Joey Gerber",28,2025,"TB",2,0,4.3,0,0,0,2.08,2.08,4.29,4.2,99,0.69,26.7,0,6.7,45.5,95,0
121380,669302,"Logan Gilbert",28,2025,"SEA",25,25,131,6,6,0,3.44,3.64,3.26,3.26,74,1.02,32.3,5.8,3.7,38.9,72,3.7
121406,670810,"Logan Gillaspie",28,2025,"SD",3,0,7,0,0,0,2.57,2.57,4.79,6.08,112,1.57,12.9,12.9,3.2,50,106,0
122573,663795,"Justin Hagenman",28,2025,"NYM",9,1,23.7,0,1,1,4.56,4.94,4.37,3.86,100,1.1,23.2,2,4,38.4,97,0.2
122776,663554,"Casey Mize",28,2025,"DET",28,28,149,14,6,0,3.87,4.11,4.3,3.8,98,1.27,22.2,5.7,3.3,39.4,95,2.4
122878,663687,"Hogan Harris",28,2025,"ATH",48,0,64.7,2,1,4,3.2,3.62,4.69,3.62,102,1.35,23.5,11.9,1.8,34.3,104,0.1
123381,678226,"Daysbel Hernández",28,2025,"ATL",39,0,37,4,3,0,3.41,3.89,5.69,5.01,117,1.51,20.2,17.8,1.8,43.4,126,-0.4
123585,682120,"Tim Herrin",28,2025,"CLE",54,0,42.7,5,4,0,4.85,4.85,5.16,4.99,110,1.57,23.2,15.5,2.6,40.7,114,-0.2
123612,676051,"Codi Heuer",28,2025,,3,0,4.7,0,0,0,5.79,5.79,4.63,10.55,103,1.29,23.8,9.5,14.3,50,103,0
123765,663546,"Sean Hjelle",28,2025,"SF",12,1,15,1,1,0,7.8,7.8,5.37,5.29,111,2,15.1,12.3,2.7,41.5,119,-0.1
123804,663773,"Bryan Hoeing",28,2025,"SD",7,0,8,1,0,0,3.38,3.38,4.95,3.1,102,1.5,13.9,8.3,0,60.7,110,0
124381,663623,"Jake Irvin",28,2025,"WSH",33,33,180,9,13,0,5.7,6,5.28,5.72,112,1.43,15.8,7.9,4.8,42.9,117,0.8
125796,663568,"Stephen Kolek",28,2025,,19,19,112.7,5,7,0,3.51,3.91,4.44,3.86,104,1.14,16.7,6.7,2,51.7,98,1.6
125864,663804,"Jackson Kowar",28,2025,"SEA",15,0,17,2,0,0,4.24,4.24,5.27,5.75,109,1.24,21.1,9.9,5.6,35.4,117,-0.1
126346,681517,"Kyle Leahy",28,2025,"STL",62,1,88,4,2,1,3.07,3.27,4.35,3.13,99,1.23,22,7.7,1.4,42.9,96,0.5
126464,668984,"Casey Legumina",28,2025,"SEA",48,1,49.7,4,6,0,5.62,6.52,4.67,4.3,102,1.45,25.1,11.4,3.2,38.7,103,0.1
127265,663738,"Daniel Lynch IV",28,2025,"KC",57,2,67.7,6,2,1,3.06,3.19,4.77,4.67,110,1.36,15.6,9,2.8,47.6,106,0.1
127336,680862,"Willie MacIver",28,2025,"ATH",2,0,2,0,0,0,0,0,4.53,3.05,103,2,0,0,0,70,100,0
127864,663436,"Davis Martin",28,2025,"CWS",26,25,142.7,7,10,0,4.1,4.67,5.05,4.55,109,1.29,17.3,8,3.3,45.9,112,1
130502,681151,"Jayden Murray",28,2025,"HOU",9,1,11.7,0,0,0,1.54,1.54,4.95,2.45,110,1.11,17,6.4,0,36.1,110,0
133178,676571,"PJ Poulin",28,2025,"WSH",28,0,24.7,2,1,1,3.65,3.65,4.11,3.91,94,1.46,24.5,11.8,1.8,41.2,91,0.2
135171,680701,"John Rooney",28,2025,"HOU",1,0,1.3,0,0,0,6.75,6.75,3.74,12.05,93,1.5,33.3,16.7,16.7,33.3,83,0
135847,676742,"Cam Sanders",28,2025,"PIT",6,0,6.7,0,0,0,8.1,8.1,5.99,8.17,118,2.1,11.8,14.7,5.9,24,133,-0.1
135865,680704,"Nick Sandlin",28,2025,"TOR",19,0,16.3,0,2,1,2.2,3.86,5.03,4.52,108,1.16,23.2,11.6,2.9,37.2,111,0
136826,663767,"Chase Shugart",28,2025,"PIT",35,0,45,4,3,0,3.4,3.6,5.61,4.78,117,1.11,17.1,9.4,3.3,33.3,124,-0.4
137001,663903,"Brady Singer",28,2025,"CIN",32,32,169.7,14,12,0,4.03,4.24,5.03,4.07,106,1.24,22.8,8.4,2.7,39,111,1.3
137014,681895,"Evan Sisk",28,2025,,19,0,17.7,1,1,0,3.57,3.57,3.52,3.11,84,1.47,31.3,12.5,1.3,48.8,78,0.3
137044,669373,"Tarik Skubal",28,2025,"DET",31,31,195.3,13,6,0,2.21,2.53,2.96,2.36,72,0.89,32.2,4.4,2.4,40.9,65,6.1
140232,663362,"Matt Waldron",28,2025,"SD",1,1,4.7,0,1,0,7.71,7.71,6.73,8.58,110,2.57,12,24,4,50,149,-0.1
141201,664991,"Grant Wolfram",28,2025,"BAL",21,0,26.7,3,1,0,5.4,6.75,4.22,3.5,93,1.88,23.3,11.3,1.5,50,93,0.2
141739,683232,"Nick Mears",28,2025,"MIL",63,0,56.7,5,3,1,3.49,3.97,4.83,4,107,0.99,20.7,6.3,3.2,33.5,107,0
142702,684320,"Yariel Rodríguez",28,2025,"TOR",66,1,73,3,2,2,3.08,3.21,4.97,4.31,110,1.15,22.1,11.4,2.7,39.1,110,-0.1
143767,686654,"Ty Adcock",28,2025,"NYM",3,0,3,0,0,0,3,3,4.48,6.22,102,1.33,35.7,14.3,7.1,16.7,99,0
144613,686993,"Justin Sterner",28,2025,"ATH",59,1,65,4,3,0,3.18,3.32,4.48,4.19,103,1.05,26.3,7.9,3.8,29.9,99,0.3
144653,687003,"Brian Van Belle",28,2025,"TB",4,0,8.3,1,0,0,5.4,5.4,5.06,4.73,108,1.56,16.7,0,5.6,30,112,0
144894,687911,"Bryan King",28,2025,"HOU",68,0,68,5,4,2,2.78,2.78,3.51,3.59,87,1.04,25.1,4,3.6,40.8,78,1
144917,687922,"Easton Lucas",28,2025,"TOR",6,5,24.3,3,3,0,6.66,6.66,5.53,5.31,112,1.52,21.3,11.1,4.6,34.2,122,0
145142,687888,"Brandon Walter",28,2025,"HOU",9,9,53.7,1,3,0,3.35,3.35,3.65,3.92,89,0.93,24.5,1.9,4.7,43.8,81,1.3
147180,688297,"Chris Roycroft",28,2025,"STL",20,0,20.7,1,3,0,7.84,9.15,5.44,4.92,111,1.84,14.9,11.9,2,46.6,121,-0.2
148420,692024,"Alex Carrillo",28,2025,"NYM",3,0,4.7,0,1,0,13.5,13.5,5.76,14.58,113,1.71,18.2,9.1,18.2,13.3,127,-0.1
149123,699911,"Dugan Darnell",28,2025,"COL",9,0,11.7,1,0,0,3.86,3.86,6.04,5.54,121,1.54,10.2,16.3,2,41.7,134,-0.2
101582,624133,"Ranger Suárez",29,2025,"PHI",26,26,157.3,12,8,0,3.2,3.26,3.46,3.3,87,1.22,23.2,5.8,2.2,46.5,77,4
102110,620443,"Luis Torrens",29,2025,"NYM",2,0,0.7,0,0,0,54,54,5.16,46.72,110,9,0,12.5,25,0,114,0
102119,620454,"José Castillo",29,2025,,29,0,32,2,2,0,3.94,5.06,3.99,4.61,95,1.69,20.1,9.4,2.7,54.5,88,0.3
102482,640902,"Jhonny Pereda",29,2025,"ATH",3,0,3,0,0,0,21,21,5.38,7.38,111,3.67,15,10,5,33.3,119,0
102491,641154,"Pablo López",29,2025,"MIN",14,14,75.7,5,4,0,2.74,3.33,4.41,3.1,98,1.11,23.4,6.4,1.9,38.1,98,1.1
102514,641343,"Jake Bauers",29,2025,"MIL",5,0,5,0,0,0,3.6,7.2,6.05,5.82,118,2.2,3.4,10.3,0,26.1,134,-0.1
102632,641745,"Brad Keller",29,2025,"CHC",68,1,69.7,4,2,3,2.07,2.33,3.26,3.02,84,0.96,27.2,8,1.4,55.5,72,1.3
102644,641793,"Zack Littell",29,2025,,32,32,186.7,10,8,0,3.81,3.91,4.68,4.84,109,1.1,17.1,4.2,4.7,40,104,2.2
103030,642520,"Gerson Garabito",29,2025,"TEX",3,0,8,0,0,0,9,13.5,4.75,3.8,102,2,19.5,2.4,2.4,43.3,105,0
103056,642547,"Freddy Peralta",29,2025,"MIL",33,33,176.7,17,6,0,2.7,2.75,4.2,3.73,96,1.08,28.2,9.1,2.9,36.7,93,3
103196,642701,"Dennis Santana",29,2025,"PIT",70,0,70.3,4,5,16,2.18,2.3,4.35,3.3,104,0.87,22.2,6.3,1.9,38.9,96,0.4
103203,642708,"Amed Rosario",29,2025,"WSH",1,0,1,0,0,0,36,36,5.56,22.22,107,7,0,20,10,50,123,0
103251,642759,"Julian Fernández",29,2025,,4,0,5,1,0,0,5.4,5.4,4.52,7.62,101,1,25,10,10,46.2,100,0
104002,645261,"Sandy Alcantara",29,2025,"MIA",31,31,174.7,11,12,0,5.36,5.51,4.94,4.37,105,1.27,19.1,7.7,3,46.5,109,1.5
104324,650671,"José Quijada",29,2025,"LAA",2,0,1.3,0,0,0,0,0,3.74,3.05,92,2.25,37.5,25,0,33.3,83,0
104730,656240,"Scott Blewett",29,2025,,26,2,44.3,3,0,0,5.48,5.89,4.81,5.46,108,1.42,18,9.3,4.6,47.1,107,0.1
104779,656427,"Jack Flaherty",29,2025,"DET",31,31,161,8,15,0,4.64,4.75,4.5,3.76,97,1.28,27.6,8.7,3.4,36.1,100,2.2
104805,656550,"Grant Holmes",29,2025,"ATL",22,21,115,4,9,0,3.99,4.07,4.17,4.48,95,1.34,25,11,3.3,44.5,92,2
104814,656577,"Alex Jackson",29,2025,"BAL",1,0,1,0,0,0,27,27,5.67,9.05,112,5,0,25,0,16.7,126,0
104816,656605,"Mitch Keller",29,2025,"PIT",32,32,176.3,6,15,0,4.19,4.64,4.54,4.11,102,1.26,20,6.8,2.8,43.8,101,2.3
104824,656629,"Michael Kopech",29,2025,"LAD",14,0,11,0,0,0,2.45,2.45,6.52,4.59,116,1.73,22.6,24.5,0,28.6,144,-0.2
104914,657006,"Justin Steele",29,2025,"CHC",4,4,22.7,3,1,0,4.76,4.76,3.96,5.03,94,1.15,22.8,5.4,5.4,41.5,88,0.4
104930,657053,"Touki Toussaint",29,2025,"LAA",1,0,2,0,0,0,9,9,4.59,1.55,101,2.5,27.3,9.1,0,42.9,102,0
105466,660896,"Jorge Alcala",29,2025,,56,0,55,0,2,0,6.22,7.2,4.94,5.64,105,1.75,23.7,11.7,5.1,32.7,109,-0.1
105559,660825,"Eduard Bazardo",29,2025,"SEA",73,0,78.7,5,0,0,2.52,2.63,3.96,3.56,98,1.02,26.2,8.6,2.9,38.6,88,0.8
105703,656302,"Dylan Cease",29,2025,"SD",32,32,168,8,12,0,4.55,4.88,3.9,3.65,87,1.33,29.8,9.8,2.9,36.6,86,3.5
105831,660853,"Enyel De Los Santos",29,2025,,65,0,66,6,3,0,4.36,4.77,5.09,3.85,109,1.29,22.1,8.6,2.5,32.8,113,-0.2
106516,664294,"Dauri Moreta",29,2025,"PIT",18,0,16.7,1,1,0,3.24,4.32,4.54,3.76,102,1.38,27.9,10.3,2.9,26.2,100,0.1
106610,663978,"Chris Paddack",29,2025,,33,28,158,5,12,1,5.35,5.58,5.55,4.94,115,1.28,16.7,5.5,4.6,36.3,123,0.1
106750,656896,"Emmanuel Rivera",29,2025,"BAL",1,0,1,0,0,0,72,72,5.05,22.05,107,10,0,15.4,7.7,18.2,112,0
106851,665665,"Reiver Sanmartin",29,2025,"CIN",1,0,1.7,0,0,0,0,5.4,5.2,2.62,98,1.8,25,12.5,0,60,115,0
107971,670059,"Colin Holderman",29,2025,"PIT",24,0,25.7,0,2,1,7.01,7.36,5.39,5.95,111,1.95,14.4,12.8,3.2,51.7,119,-0.2
108116,663992,"Richard Lovelady",29,2025,,10,0,11.7,0,1,0,8.49,9.26,3.86,7.04,95,1.54,21.1,10.5,5.3,60,86,0.1
108175,670156,"Miles Mastrobuoni",29,2025,"SEA",1,0,1,0,0,0,0,0,5.54,9.05,111,3,0,33.3,0,50,123,0
108886,668678,"Zac Gallen",29,2025,"AZ",33,33,192,13,15,0,4.83,5.11,4.79,4.59,106,1.26,21.5,8.1,3.8,43.7,106,2
108953,665152,"Dean Kremer",29,2025,"BAL",31,29,171.7,11,10,0,4.19,4.35,4.53,3.88,102,1.21,20.1,6.4,3.1,39.8,100,2.2
108959,669674,"Sam Long",29,2025,"KC",39,0,40.3,2,3,0,5.36,6.92,5.39,5.45,110,1.74,17.5,11.6,3.7,40.9,119,-0.3
109130,672335,"Cionel Pérez",29,2025,"BAL",19,0,21.7,0,0,0,8.31,9.14,4.74,5.68,102,2.12,19.1,16.4,2.7,58,105,0
109456,674370,"Osvaldo Bido",29,2025,"ATH",26,10,79.7,2,5,1,5.87,6.33,6.1,5.99,121,1.61,18.7,9.6,5.2,30.3,135,-0.7
109642,676680,"Tom Cosgrove",29,2025,"CHC",2,0,4,0,0,0,2.25,2.25,4.42,2.47,100,1,18.8,6.3,0,58.3,98,0
109808,676534,"Calvin Faucher",29,2025,"MIA",65,0,60.3,4,4,15,3.28,4.03,4.53,4.33,100,1.28,23.1,9.4,3.1,45,100,0.2
109835,670102,"Bowden Francis",29,2025,"TOR",14,14,64,2,8,0,6.05,6.47,6.14,6.77,118,1.53,18.8,9.4,6.6,33.3,136,-0.3
109868,676395,"Robert Garcia",29,2025,"TEX",71,0,64,4,8,9,2.95,3.66,4.07,3.63,96,1.25,25.3,8.2,3,38.2,90,0.6
109892,656458,"Lucas Gilbreath",29,2025,"COL",1,0,1,0,0,0,9,9,4.78,12.22,100,1,50,0,25,0,106,0
109945,674944,"Sean Guenther",29,2025,"DET",9,1,10.3,0,1,0,5.23,6.1,4.46,2.95,101,1.45,18.6,11.6,0,36.7,99,0.1
110107,676083,"Janson Junk",29,2025,"MIA",21,16,110,6,4,1,4.17,4.42,4.85,3.23,104,1.14,17.2,2.9,1.8,40.5,107,0.8
110167,656641,"Jacob Latz",29,2025,"TEX",33,8,85.7,2,0,1,2.84,2.94,4.82,3.63,105,1.24,21.8,10.6,2,37.9,107,0.4
110259,656686,"Corbin Martin",29,2025,"BAL",17,0,18,1,0,2,6,7.5,4.33,5.22,93,1.72,25.8,10.1,4.5,45.5,96,0.1
110284,676755,"Isaac Mattson",29,2025,"PIT",44,0,47.7,3,3,0,2.45,2.64,5.12,3.75,111,1.13,22.7,9.6,2,26.5,113,-0.2
110297,670766,"Darren McCaughan",29,2025,"MIN",3,0,5.3,0,0,0,1.69,1.69,4.15,1.36,101,1.13,26.1,4.3,0,18.8,92,0
110406,669212,"Eli Morgan",29,2025,"CHC",7,0,7.3,0,1,0,12.27,12.27,5.42,8.68,110,2.05,11.4,8.6,8.6,42.9,120,-0.1
110454,673380,"Dedniel Núñez",29,2025,"NYM",10,0,9.7,0,0,0,4.66,4.66,5.32,4.16,108,1.24,26.8,14.6,2.4,20.8,118,-0.1
110622,675919,"Nick Raquet",29,2025,"STL",2,0,2,0,0,0,0,0,4.07,3.72,98,0.5,14.3,14.3,0,40,90,0
110808,657756,"Connor Seabold",29,2025,,7,0,10.3,0,0,0,4.35,4.35,5.24,4.18,111,1.74,20.8,12.5,2.1,31.3,116,-0.1
110810,676664,"JP Sears",29,2025,,27,27,135.7,9,11,0,5.04,5.24,5.74,5.16,113,1.32,20.1,6.2,5.1,29.2,127,-0.1
110859,676092,"Collin Snider",29,2025,"SEA",24,0,26.3,2,1,0,5.47,6.84,4.47,3.62,99,1.44,20.2,5,2.5,39.1,99,0.1
110964,676701,"Alan Trejo",29,2025,"COL",1,0,1,0,0,0,0,0,5.1,3.22,111,1,0,0,0,100,113,0
111074,676724,"Jared Young",29,2025,"NYM",1,0,0.3,0,0,0,0,0,5.18,12.22,108,6,0,33.3,0,50,115,0
111116,656557,"Tanner Houck",29,2025,"BOS",9,9,43.7,0,3,0,8.04,8.45,5.37,6.07,110,1.69,15.8,8.4,4.9,49,119,0.2
111133,641927,"Bailey Ober",29,2025,"MIN",27,27,146.3,6,9,0,5.1,5.17,5.55,4.81,114,1.3,19.2,5,4.8,29.7,123,0.2
111164,656638,"Alex Lange",29,2025,"DET",1,0,1,0,0,0,0,0,5.3,4.05,103,3,16.7,16.7,0,25,117,0
111244,656849,"David Peterson",29,2025,"NYM",30,30,168.7,9,6,0,4.22,4.48,4.59,3.57,98,1.37,20.7,9,1.5,54.2,102,2.1
111276,676477,"Garrett Whitlock",29,2025,"BOS",62,0,72,7,3,1,2.25,2.63,3.27,2.09,80,1.08,31.1,8.2,0.7,45.7,72,1.3
111290,657376,"Clarke Schmidt",29,2025,"NYY",14,14,78.7,4,4,0,3.32,3.32,5.16,3.86,111,1.09,23.1,9.5,2.8,32.5,114,0.5
111294,656288,"Griffin Canning",29,2025,"NYM",16,16,76.3,7,3,0,3.77,4.13,3.98,4.09,94,1.36,21.4,10.4,2.4,50.2,88,1.5
113203,663941,"Tristan Beck",29,2025,"SF",31,1,56.7,1,0,2,4.61,4.61,5.14,4.34,112,1.11,17.7,6.9,3,41.6,114,-0.2
113690,656234,"Jake Bird",29,2025,,48,0,55.3,4,2,0,5.53,6.02,3.86,3.99,88,1.54,26.6,10.1,2.8,46.1,86,0.6
114350,681146,"Jonah Bride",29,2025,"MIN",4,0,6,0,0,0,15,15,6.64,7.05,122,2.83,5.4,8.1,2.7,20,147,-0.1
116408,665019,"Kody Clemens",29,2025,"MIN",1,0,1,0,0,0,18,18,4.06,29.05,98,3,0,0,33.3,33.3,90,0
116775,664351,"Luis Contreras",29,2025,"HOU",9,0,12,0,0,0,6.75,6.75,5.31,5.05,112,1.58,24.1,14.8,3.7,24.2,118,-0.1
118876,681869,"Shawn Dubin",29,2025,,30,0,33.7,2,0,0,5.08,5.08,4.37,4.86,102,1.43,19.3,7.6,4.1,49,97,0.2
123751,682274,"Yaramil Hiraldo",29,2025,"BAL",18,0,19.7,0,0,0,4.58,5.95,4.3,4.93,97,1.32,25,10.7,4.8,38.9,95,0.1
123933,663947,"Tyler Holton",29,2025,"DET",70,6,78.7,6,5,0,3.66,3.89,3.84,4.55,95,1.04,20.5,5.4,4.8,45.9,85,1
128329,673513,"Yuki Matsui",29,2025,"SD",61,0,63.3,3,1,1,3.98,4.12,5.23,4.96,110,1.36,22.4,12.1,3.7,31.6,116,-0.3
128959,656731,"Tylor Megill",29,2025,"NYM",14,14,68.3,5,5,0,3.95,4.87,4.14,3.52,89,1.36,29.2,10.8,2,40.3,92,1.2
133136,682515,"Logan Porter",29,2025,"SF",1,0,1,0,0,0,9,9,5.21,16.22,110,2,0,0,20,60,115,0
133756,656876,"Drew Rasmussen",29,2025,"TB",31,31,150,10,5,0,2.76,2.82,3.57,3.76,92,1.02,21.7,6.3,3.1,48.6,79,3.7
135535,657746,"Joe Ryan",29,2025,"MIN",31,30,171,13,10,0,3.32,3.63,3.5,3.65,87,1.04,28.2,5.7,3.8,36.5,77,4.2
135620,663967,"César Salazar",29,2025,"HOU",1,0,1,0,0,0,0,0,4.67,6.05,105,0,0,0,0,0,103,0
137713,683021,"Michael Stefanic",29,2025,"TOR",1,0,1,0,0,0,0,0,5.14,3.05,114,0,0,0,0,0,114,0
139955,681911,"Alex Vesia",29,2025,"LAD",68,0,59.7,4,2,5,3.02,3.17,3.72,3.86,87,0.99,33.8,9.3,3.8,28.5,82,0.8
140256,676254,"Ryan Walker",29,2025,"SF",68,0,61.3,5,7,17,4.11,4.7,4.18,3.39,96,1.26,22.6,6.8,1.5,48.3,93,0.4
140382,681810,"Austin Warren",29,2025,"NYM",5,0,9.3,1,0,0,0.96,0.96,4.54,3.97,104,0.96,26.5,11.8,2.9,38.1,100,0
141107,642216,"Allan Winans",29,2025,"NYY",3,1,9.3,0,1,0,8.68,10.61,5.08,6.16,110,1.71,13,6.5,4.3,45.7,112,0
147067,688497,"Taylor Rashi",29,2025,"AZ",10,0,16.3,0,1,2,4.41,4.41,4.12,2,91,1.47,30.6,11.1,0,40.5,91,0.1
70342,547001,"Cody Poteet",30,2025,"BAL",1,0,2.7,0,0,0,16.88,16.88,5.63,4.55,113,3,6.3,12.5,0,38.5,125,0
100261,608337,"Lucas Giolito",30,2025,"BOS",26,26,145,10,4,0,3.41,3.85,5.2,4.08,110,1.29,19.7,9.1,2.8,38.9,115,0.8
100273,608566,"Germán Márquez",30,2025,"COL",26,26,126.3,3,16,0,6.63,7.55,7.14,5.56,121,1.7,14,8.1,3.9,36,158,-2.1
100368,612434,"Miguel Castro",30,2025,"CWS",6,0,6,0,0,0,7.5,7.5,5.28,6.88,109,1.67,14.3,17.9,3.6,50,117,0
100408,614179,"José Ruiz",30,2025,,18,0,16.3,1,0,0,8.82,9.37,4.83,5.43,104,1.96,19,11.4,3.8,43.6,107,0
100568,621237,"José Alvarado",30,2025,"PHI",28,0,26,4,2,7,3.81,4.15,3.5,3.69,83,1.31,28.1,6.1,3.5,44.6,78,0.4
100854,622379,"Luis F. Castillo",30,2025,"SEA",2,2,7,0,0,0,7.71,9,5.11,4.62,109,2.71,12.2,17.1,0,37.9,113,0
100957,622503,"Nabil Crismatt",30,2025,"AZ",8,5,34,3,0,0,3.71,5.29,4.84,4.93,104,1.44,16.3,5.9,3.9,43.2,107,0.3
101008,622554,"Seranthony Domínguez",30,2025,,67,0,62.7,4,4,2,3.16,4.31,4.38,3.38,91,1.28,30.3,13.8,1.9,43.1,97,0.3
101060,622608,"Antonio Senzatela",30,2025,"COL",30,23,130,4,15,0,6.65,7.13,6.91,5.57,121,1.84,11.8,7.6,3.6,43.6,153,-2.1
101165,622761,"Jorge Mateo",30,2025,"BAL",1,0,1,0,0,0,45,45,5.41,25.05,108,7,0,18.2,9.1,12.5,120,0
101190,622786,"Jesus Tinoco",30,2025,"MIA",20,0,19.3,2,1,4,5.12,5.59,5.23,4.1,114,1.29,12.5,10,1.3,41.9,116,-0.1
101630,624512,"Reese McGuire",30,2025,"CHC",1,0,1,0,0,0,9,9,4.91,19.22,104,3,0,16.7,16.7,40,109,0
101993,640451,"Hunter Harvey",30,2025,"KC",12,0,10.7,1,0,0,0,0,4.15,1.27,93,0.66,28.2,2.6,0,44.4,92,0.1
102555,641482,"Nestor Cortes",30,2025,,8,8,34.3,2,4,0,6.29,6.29,6.11,8.38,118,1.63,18.5,12.7,8.3,33,135,-0.2
102652,641816,"Tyler Mahle",30,2025,"TEX",16,16,86.7,6,4,0,2.18,2.18,4.93,3.28,111,1.13,19.1,8.4,1.4,38.6,109,0.8
102751,642100,"Gabe Speier",30,2025,"SEA",76,0,62,4,3,0,2.61,2.76,2.81,2.23,69,0.87,33.7,4.5,2.1,39.3,62,1.4
102764,642133,"Rowdy Tellez",30,2025,"TEX",1,0,2,0,0,0,13.5,13.5,4.93,11.05,106,2.5,0,0,9.1,40,109,0
102779,642180,"Tyler Wade",30,2025,"SD",1,0,1,0,0,0,9,9,4.9,6.22,107,3,0,16.7,0,60,109,0
102785,642207,"Devin Williams",30,2025,"NYY",67,0,62,4,6,18,4.79,5.37,3.37,2.6,77,1.13,34.7,9.7,1.9,44.3,75,1
102921,642397,"Gregory Soto",30,2025,,70,0,60.3,1,5,1,4.18,4.92,4.11,3.41,91,1.43,25.1,8.6,1.4,43.1,91,0.5
103038,642528,"Jonathan Loáisiga",30,2025,"NYY",30,0,29.7,0,1,1,4.25,4.55,4.35,5.75,101,1.48,18.5,7.4,5.2,50,96,0.2
103091,642585,"Félix Bautista",30,2025,"BAL",35,0,34.7,1,1,19,2.6,2.6,3.85,3.28,86,1.13,35.2,16.2,2.1,50.7,85,0.4
103420,643396,"Isiah Kiner-Falefa",30,2025,"TOR",1,0,0.7,0,0,0,0,0,4.75,3.05,108,0,0,0,0,0,105,0
104899,656945,"Tanner Scott",30,2025,"LAD",61,0,57,1,4,23,4.74,5.21,3.87,4.73,91,1.25,25.3,7.2,4.6,37.8,86,0.6
105472,641302,"Tyler Alexander",30,2025,,52,5,97.7,5,14,1,4.98,5.71,4.63,3.62,104,1.4,19.4,7.1,2.1,33.1,102,0.4
106129,664854,"Ryan Helsley",30,2025,,58,0,56,3,4,21,4.82,5.14,4.16,4.22,94,1.55,25,9.9,3.2,44.2,92,0.4
106145,664353,"José Urquidy",30,2025,"DET",2,0,2.3,0,0,0,7.71,7.71,5.77,4.33,112,3,21.4,21.4,0,25,128,0
106294,664875,"Justin Lawrence",30,2025,"PIT",17,0,17.7,1,0,0,0.51,0.51,3.99,2.32,91,0.96,33.3,11.6,0,47.2,88,0.2
106490,664948,"Anthony Misiewicz",30,2025,"MIN",5,0,4.7,0,0,0,9.64,9.64,4.81,9.05,102,1.93,21.7,17.4,8.7,21.4,107,0
106667,623465,"Evan Phillips",30,2025,"LAD",7,0,5.7,0,0,1,0,0,3.85,2.17,94,1.06,27.3,9.1,0,71.4,85,0.1
107174,621111,"Walker Buehler",30,2025,,26,24,126,10,7,0,4.93,5.21,6.57,5.57,125,1.51,16.3,10.6,3.9,42,145,-1.4
107194,640454,"Matt Krook",30,2025,"ATH",3,0,3.3,0,0,0,5.4,5.4,4.59,2.15,101,1.8,20,6.7,0,27.3,102,0
107438,669199,"Lake Bachar",30,2025,"MIA",53,1,71,8,2,3,3.93,4.31,5.04,4.34,106,1.2,25.3,10.1,3.4,34,112,-0.2
107441,641329,"Bryan Baker",30,2025,,73,0,68.7,4,4,3,4.06,4.33,3.54,3.84,85,1.11,30.3,6.2,4.7,37.4,78,1
107467,670280,"David Bednar",30,2025,,64,0,62.7,6,5,27,2.3,2.59,3.15,2.2,72,1.04,34.3,7.6,1.6,44.1,70,1.2
107522,641386,"Ben Bowden",30,2025,"ATH",11,0,10.7,0,0,0,4.22,5.06,4.82,5.58,108,1.31,14.9,10.6,4.3,40,107,0
107554,669203,"Corbin Burnes",30,2025,"AZ",11,11,64.3,3,2,0,2.66,3.22,4.23,4.03,98,1.17,23.8,9.8,2.6,49.7,94,1.1
107636,650644,"Aaron Civale",30,2025,,23,18,102,4,9,1,4.85,5.21,5,4.6,108,1.27,20.2,7.6,3.7,33.6,111,0.7
107762,668674,"Lucas Erceg",30,2025,"KC",61,0,61.3,8,4,2,2.64,2.79,4.23,3.41,97,1.17,19.3,7.2,1.6,51.4,94,0.4
107918,641656,"Ian Hamilton",30,2025,"NYY",36,1,40,2,1,0,4.28,4.5,4.8,4.3,106,1.25,25.3,13.3,3,37,106,0
107920,641658,"Garrett Hampson",30,2025,"STL",1,0,1,0,0,0,0,0,4.34,3.22,101,0,0,0,0,66.7,96,0
107951,663321,"Nick Hernandez",30,2025,"HOU",10,0,10.7,0,0,0,5.06,5.06,5.96,6.89,114,1.88,21.2,15.4,5.8,24.2,132,-0.1
107983,669450,"Cooper Hummel",30,2025,"HOU",1,0,1,0,0,0,36,36,5.16,19.05,106,5,0,0,11.1,25,114,0
108053,650633,"Michael King",30,2025,"SD",15,15,73.3,5,3,0,3.44,3.8,4.44,4.51,102,1.2,24.7,8.4,3.9,38.6,98,1.1
108089,669276,"Dylan Lee",30,2025,"ATL",74,0,68.3,2,4,2,3.29,3.56,3.11,4.09,79,0.98,28.6,5.3,4.9,35.8,69,1.3
108112,670032,"Nicky Lopez",30,2025,"LAA",1,0,0.3,0,0,0,0,0,3.94,12.05,98,3,0,50,0,0,87,0
108169,661527,"Seth Martinez",30,2025,"MIA",6,0,6.7,0,0,0,5.4,5.4,5.63,7.27,118,1.05,14.8,11.1,7.4,20,125,-0.1
108430,615698,"Cal Quantrill",30,2025,,26,26,117.7,4,12,0,6.04,6.2,6.08,5.23,117,1.45,16.6,6.8,4.3,33.2,135,-0.5
108507,668670,"Jake Rogers",30,2025,"DET",4,0,3.7,0,0,0,2.45,2.45,5.17,3.87,111,1.36,0,0,0,40,114,0
108753,669711,"Greg Weissert",30,2025,"BOS",72,0,67,6,6,4,2.82,3.63,4.41,3.59,104,1.16,20.5,7.6,2.2,41.1,98,0.3
108774,642215,"Weston Wilson",30,2025,"PHI",2,0,3,0,0,0,0,0,5.26,3.22,114,1,0,0,0,16.7,117,0
108818,669211,"Keegan Akin",30,2025,"BAL",64,3,63.3,5,4,8,3.41,3.98,4.62,4.85,105,1.37,22,12.3,3.7,37.1,102,0.2
108828,669622,"Anthony Bender",30,2025,"MIA",51,0,50,3,5,4,2.16,2.34,4.37,3.7,103,1.08,20.6,10.3,1.5,48.2,97,0.3
108830,669456,"Shane Bieber",30,2025,"TOR",7,7,40.3,4,2,0,3.57,3.57,3.77,4.39,92,1.02,23.3,4.4,5,49.1,84,0.9
108873,641540,"Dane Dunning",30,2025,,12,0,20.7,0,0,2,6.97,7.4,4.51,5.07,102,1.5,22.1,7.4,4.2,40.6,100,0.1
108937,643377,"Griffin Jax",30,2025,,73,2,66,1,7,0,4.23,4.5,2.72,2.43,65,1.29,35,7.4,2.5,45.3,60,1.6
108957,641778,"Eric Lauer",30,2025,"TOR",28,15,104.7,9,2,0,3.18,3.35,4.8,3.77,105,1.11,23.9,6.1,3.5,28.7,106,0.8
108977,656716,"Zach McKinstry",30,2025,"DET",1,0,0.3,0,0,0,0,0,4.22,3.05,99,0,0,0,0,100,93,0
109027,640462,"A.J. Puk",30,2025,"AZ",8,0,8,0,0,4,3.38,3.38,3.83,4.6,87,1.25,34.3,5.7,5.7,25,85,0.1
109030,670990,"Yohan Ramírez",30,2025,"PIT",24,0,33.3,3,3,0,5.4,6.75,4.27,3.88,91,1.47,29,10.3,2.6,37.8,94,0.2
109104,669330,"Tyler Wells",30,2025,"BAL",4,4,21.7,2,1,0,2.91,2.91,4.68,4.06,104,0.88,22,2.4,4.9,33.9,104,0.3
109150,641672,"Thomas Hatch",30,2025,,12,1,34,2,1,0,5.82,6.09,5.68,5.93,118,1.68,14.5,11.2,4.6,44.2,126,-0.3
109159,641312,"Shaun Anderson",30,2025,"LAA",7,0,11.3,1,0,0,10.32,10.32,4.78,8.78,104,2.03,19.6,5.4,10.7,31,106,0
109502,641401,"Connor Brogdon",30,2025,"LAA",43,0,47,3,2,0,5.36,5.94,4.72,5.16,104,1.32,24.6,9,5.5,30.3,105,0.1
110119,677161,"Zack Kelly",30,2025,"BOS",28,0,35.3,1,3,0,4.58,5.35,4.45,3.45,99,1.33,23,7.9,2,41.2,99,0.2
110249,676760,"Ron Marinaccio",30,2025,"SD",7,0,10.7,0,0,0,0.84,0.84,4.2,2.1,98,0.94,28.6,9.5,0,42.3,93,0.1
110298,676801,"Chas McCormick",30,2025,"HOU",3,0,3,0,0,0,6,6,5.02,6.38,108,1.67,6.7,13.3,0,40,111,0
110462,676617,"Riley O'Brien",30,2025,"STL",42,0,48,3,1,6,2.06,2.44,4.22,3.7,98,1.15,22.6,11.1,1,53.6,94,0.3
111013,676684,"Will Vest",30,2025,"DET",64,0,68.7,6,5,23,3.01,3.41,3.27,2.63,79,1.21,26.4,7.7,1.4,57.5,72,1.2
111031,677020,"Josh Walker",30,2025,"TOR",3,0,5,0,0,0,7.2,7.2,4.07,1.65,94,2,32,8,0,35.7,90,0
111081,669145,"Bruce Zimmermann",30,2025,"MIL",1,1,6,0,1,0,7.5,9,4.41,8.22,101,1.5,3.6,7.1,7.1,60,98,0.1
111083,676604,"Tyler Zuber",30,2025,,10,0,12,0,1,0,11.25,11.25,4.83,5.64,105,1.92,23.7,10.2,5.1,28.2,107,0
111185,677976,"Randy Dobnak",30,2025,"MIN",1,0,5.3,0,0,0,1.69,1.69,5.31,6.24,116,0.75,5.3,10.5,5.3,50,118,0
111306,660271,"Shohei Ohtani",30,2025,"LAD",14,14,47,1,1,0,2.87,2.87,3.37,1.93,73,1.02,33.2,4.3,1.6,41,75,1.3
120416,641585,"J.P. France",30,2025,"HOU",2,0,4,1,0,0,2.25,2.25,4.72,2.05,103,1,31.3,12.5,0,11.1,105,0
125575,667463,"John King",30,2025,"STL",51,0,48.3,2,1,0,4.66,5.59,3.9,5.09,98,1.63,12.6,6.3,3.6,59.4,86,0.5
134488,642016,"Daniel Robert",30,2025,"PHI",15,0,13,0,0,0,4.15,4.85,5.34,5.22,112,1.62,25.4,16.9,3.4,26.5,118,-0.1
137496,656986,"Bennett Sousa",30,2025,"HOU",44,0,50.7,5,1,4,2.84,3.2,3.51,2.63,84,1.03,29.6,7.5,2,38.4,78,0.8
141089,621051,"Steven Wilson",30,2025,"CWS",59,0,55.3,2,2,2,3.42,3.42,5.62,4.21,116,1.3,21.2,9.1,2.9,26.1,125,-0.5
69377,600917,"José Leclerc",31,2025,"ATH",10,0,9,0,1,0,6,6,5.36,7.27,112,2,17.4,10.9,6.5,33.3,119,-0.1
69756,606303,"Joel Payamps",31,2025,,30,0,26.3,0,1,1,6.84,6.84,5.25,4.63,110,1.52,20.5,7.7,3.4,31.7,116,-0.1
70610,608331,"Max Fried",31,2025,"NYY",32,32,195.3,19,5,0,2.86,3.36,3.53,2.98,85,1.1,23.6,6.4,1.7,51.9,78,4.8
70611,608334,"Carson Fulmer",31,2025,"LAA",13,0,29.3,0,0,0,5.83,5.83,4.79,4.62,105,1.23,21.1,8.9,4.1,41.9,106,0
70636,608371,"Lucas Sims",31,2025,"WSH",18,0,12.3,1,0,0,13.86,13.86,6.14,8.33,118,2.27,18.1,19.4,2.8,39.5,136,-0.2
70795,607192,"Tyler Glasnow",31,2025,"LAD",18,18,90.3,4,3,0,3.19,3.29,3.83,3.84,86,1.1,29,11.7,2.7,44.4,85,1.9
70913,596133,"Luke Weaver",31,2025,"NYY",64,0,64.7,4,4,8,3.62,3.9,4.45,3.81,103,1.02,27.5,7.6,3.8,26.8,99,0.3
71057,607481,"Aaron Bummer",31,2025,"ATL",42,2,54.3,3,2,0,3.81,4.47,4.07,3.67,92,1.27,21.6,7.6,1.3,54.5,90,0.5
71071,607455,"Anthony Banda",31,2025,"LAD",71,1,65,5,1,0,3.18,3.18,5.09,4.65,106,1.23,22.7,13,3,39.2,113,-0.2
71326,605507,"Zach Thompson",31,2025,"ATL",2,0,3.7,0,0,0,0,0,4.98,2.41,107,0.27,25,8.3,0,37.5,110,0
100518,621107,"Zach Eflin",31,2025,"BAL",14,14,71.3,6,5,0,5.93,6.06,4.79,5.56,107,1.42,16.2,4.2,5.8,40.2,106,0.7
100519,621112,"Paul Blackburn",31,2025,,15,4,39,0,3,1,6.23,6.69,4.89,4.42,104,1.51,19.4,6.9,3.4,43.8,108,0.1
100521,621121,"Lance McCullers Jr.",31,2025,"HOU",16,13,55.3,2,5,0,6.67,7.32,5.11,5.69,106,1.81,22.3,14.2,3.6,47.6,113,0.3
100572,621242,"Edwin Díaz",31,2025,"NYM",62,0,66.3,6,3,28,1.63,1.9,2.94,2.36,68,0.87,38,8.1,1.6,46.6,65,1.4
100574,621244,"José Berríos",31,2025,"TOR",31,30,166,9,5,0,4.17,4.66,4.95,4.56,110,1.3,19.8,8,3.7,41.9,110,1.4
100606,621366,"Ryan Borucki",31,2025,,39,0,35,1,3,0,4.63,5.14,3.8,4.32,93,1.29,22.1,11,2.8,53.1,84,0.4
100653,621512,"Tomás Nido",31,2025,"DET",1,0,1.7,0,0,0,0,0,5.15,4.85,112,0,0,0,0,40,114,0
101023,622569,"Pablo Reyes",31,2025,"NYY",1,0,1,0,0,0,27,27,5.79,16.05,113,5,0,0,12.5,25,128,0
101074,622663,"Luis Severino",31,2025,"ATH",29,29,162.7,8,11,0,4.54,5.15,5.06,4.02,108,1.3,17.6,7.1,2.3,41,112,1.2
101184,622780,"Angel Perdomo",31,2025,"ATH",4,0,3.3,0,0,0,5.4,5.4,4.79,5.45,100,1.5,12.5,18.8,0,60,106,0
101249,623167,"Chris Flexen",31,2025,"CHC",21,1,43.7,5,1,1,3.09,3.71,5.52,5.12,119,1.15,12.4,6.7,3.9,34.7,122,-0.3
101384,623352,"Josh Hader",31,2025,"HOU",48,0,52.7,6,2,28,2.05,2.73,3.68,3.16,83,0.85,36.9,7.8,3.9,20.7,81,0.7
101728,625643,"Reynaldo López",31,2025,"ATL",1,1,5,0,0,0,5.4,5.4,5.72,6.62,113,2.2,4,8,4,40.9,127,0
103789,596295,"Austin Gomber",31,2025,"COL",12,12,57.7,0,7,0,7.49,7.96,7.01,6.59,123,1.72,12.5,6.3,5.9,33.2,155,-0.9
104921,657024,"Erik Swanson",31,2025,"TOR",6,0,5.3,1,0,0,15.19,15.19,6.39,10.17,119,2.44,10,16.7,6.7,23.8,142,-0.1
104945,657097,"Jacob Webb",31,2025,"TEX",55,0,66,5,4,1,3,3.27,4.76,4.22,108,1.03,21.7,7.1,3.7,31.9,106,0
105394,656222,"Jalen Beeks",31,2025,"AZ",61,2,57.3,5,3,1,3.77,4.08,4.35,4.1,100,1.08,20.3,8.7,2.6,45.7,96,0.3
105635,664141,"JT Brubaker",31,2025,,17,1,28.7,0,0,0,3.77,3.77,5.45,2.96,111,1.22,18.8,10.3,0,42.7,121,-0.2
105642,621114,"Ryan Burr",31,2025,"TOR",2,0,2,1,0,0,0,0,4.04,1.55,95,1,37.5,12.5,0,50,89,0
105739,664076,"Garrett Cleavinger",31,2025,"TB",67,0,61.3,2,6,2,2.35,2.49,3.15,3.51,75,0.95,33.7,7.4,3.7,44.9,70,1.2
105904,664123,"Scott Effross",31,2025,"NYY",11,0,10.7,0,0,0,8.44,8.44,4.88,3.99,106,1.78,11.8,5.9,2,50,108,0
105933,664126,"Pete Fairbanks",31,2025,"TB",61,0,60.3,4,5,27,2.83,3.28,3.95,3.55,94,1.04,24.2,7.4,2.9,44.6,87,0.6
105954,621053,"Tyler Ferguson",31,2025,"ATH",56,0,58,4,2,2,4.66,4.97,5.12,4.05,112,1.33,22,13.8,1.6,36.4,113,-0.2
106036,664139,"Ian Gibaut",31,2025,"CIN",25,0,25.3,0,1,0,4.62,4.62,5.58,4.53,117,1.34,13.8,7.3,2.8,37.2,124,-0.2
106041,656457,"Tyler Gilbert",31,2025,"CWS",46,5,51,4,2,1,3.88,4.24,4.75,3.93,106,1.25,22.8,11.2,2.3,32.1,105,0.1
106140,623474,"Jimmy Herget",31,2025,"COL",59,0,83.3,1,2,0,2.48,2.59,4.49,3.4,99,1.18,23.3,7.5,1.7,34.3,99,0.3
106259,664068,"Scott Kingery",31,2025,"LAA",1,0,2,0,0,0,36,36,5.19,15.05,108,6,5.6,0,11.1,29.4,115,0
106454,656730,"Trevor Megill",31,2025,"MIL",50,0,47,6,3,30,2.49,3.06,3.61,2.59,83,1.13,31.3,8.9,1.6,38.3,80,0.7
106558,621028,"Kevin Newman",31,2025,"LAA",2,0,4,0,0,0,6.75,6.75,6.14,9.55,123,1,0,0,12.5,6.3,136,-0.1
106664,656848,"Michael Petersen",31,2025,,15,0,18,0,0,0,4,5.5,5.64,4.67,113,1.39,21.5,8.9,3.8,27.3,125,-0.2
106989,622253,"Dillon Tate",31,2025,"TOR",6,0,6.3,0,0,0,4.26,4.26,5.3,5.89,112,2.21,23.5,17.6,2.9,26.3,117,0
107018,663423,"Trent Thornton",31,2025,"SEA",33,0,42.3,2,0,0,4.68,4.89,4.96,4.66,110,1.3,17.8,7.8,3.3,43.1,110,-0.1
107058,664285,"Framber Valdez",31,2025,"HOU",31,31,192,13,11,0,3.66,3.84,3.41,3.29,82,1.24,23.3,8.5,1.9,58.3,76,5
107155,664849,"Danny Young",31,2025,"NYM",10,0,8.3,0,0,0,4.32,5.4,3.11,1.54,78,1.44,35.1,8.1,0,60,69,0.2
107263,663399,"Brandon Waddell",31,2025,"NYM",11,1,31.3,0,0,0,3.45,3.45,5.27,4.63,111,1.28,16.4,8.2,3,39,117,-0.1
107502,669854,"Ronel Blanco",31,2025,"HOU",9,9,48.3,3,4,0,4.1,4.1,4.41,4.19,101,1.18,24.1,10.1,3.5,32.8,98,0.7
107838,670329,"Rico Garcia",31,2025,,29,1,34.3,0,2,0,3.15,3.15,3.65,3.66,88,1.19,26.8,7,3.5,46.8,81,0.5
107865,664062,"Tony Gonsolin",31,2025,"LAD",7,7,36,3,2,0,5,5.25,4.81,6.11,104,1.42,24.2,11.5,5.7,38.8,106,0.4
107925,664129,"Geoff Hartlieb",31,2025,,4,0,3.3,0,0,0,21.6,21.6,5.1,13.25,106,4.2,20.8,25,8.3,30.8,113,0
108066,621139,"Brooks Kriske",31,2025,,16,0,18,0,1,0,7.5,7.5,5.8,4.32,113,1.94,20.5,17,1.1,38.2,128,-0.2
108235,621345,"A.J. Minter",31,2025,"NYM",13,0,11,0,0,0,1.64,1.64,3.61,1.77,87,0.91,32.6,9.3,0,48,80,0.2
108406,621363,"Colin Poche",31,2025,,14,0,9.3,1,2,0,12.54,13.5,5.72,6.76,114,2.79,21.2,26.9,1.9,18.5,127,-0.1
108560,669947,"Jesse Scholtens",31,2025,"TB",2,0,8.3,0,1,0,5.4,7.56,4.14,2.81,95,1.44,31.6,7.9,2.6,39.1,92,0.1
108561,670167,"John Schreiber",31,2025,"KC",74,0,64,3,3,1,3.8,4.08,4.36,4.08,99,1.19,23.4,7.2,3.8,39.3,96,0.3
108893,656464,"Kevin Ginkel",31,2025,"AZ",29,0,25.7,1,4,3,7.36,7.71,4.2,3.73,95,1.64,24,10.7,1.7,42.9,93,0.2
109484,676961,"Caleb Boushley",31,2025,"TEX",25,1,43.3,0,0,1,6.02,6.85,4.61,3.76,99,1.57,21.2,7.3,2.6,39.7,102,0.1
109881,621057,"Justin Garza",31,2025,"NYM",5,0,6.7,0,0,0,5.4,5.4,5.34,4.72,113,1.35,10.7,3.6,3.6,37.5,118,0
115326,666974,"Yennier Cano",31,2025,"BAL",65,0,58,3,7,2,5.12,5.59,3.87,4.19,93,1.48,21.1,9.6,2.8,53.5,86,0.6
120131,680837,"Ryan Fitzgerald",31,2025,"MIN",2,0,2.3,0,0,0,0,0,4.97,3.05,107,0.86,0,0,0,22.2,110,0
125761,657649,"Jared Koenig",31,2025,"MIL",72,0,66,6,1,2,2.86,2.86,3.49,3.44,87,1.17,25.4,7.5,2.2,45.5,77,1
130442,682171,"Penn Murfee",31,2025,"CWS",15,0,12.7,0,1,0,7.82,7.82,4.9,5.5,105,1.89,20.6,7.9,4.8,34.1,109,0
142461,684007,"Shota Imanaga",31,2025,"CHC",25,25,144.7,9,8,0,3.73,3.86,5.17,4.95,112,0.99,20.6,4.6,5.5,29.1,114,0.9
150097,702352,"Spencer Bivens",31,2025,"SF",54,0,81,4,3,3,4.11,4.67,4.64,3.79,104,1.35,17.8,7.3,1.7,52,103,0.2
67148,592836,"Taijuan Walker",32,2025,"PHI",34,21,123.7,5,8,1,4.08,4.51,4.92,5.16,111,1.41,16,7.8,3.9,43.8,109,0.9
67243,593423,"Frankie Montas",32,2025,"NYM",9,7,38.7,3,2,0,6.28,6.75,5.43,5.42,108,1.6,18,7.9,4.5,40.5,120,0.1
67588,593958,"Eduardo Rodriguez",32,2025,"AZ",29,29,154.3,9,9,0,5.02,5.48,4.98,4.66,103,1.54,20.6,8.6,3.6,36.8,110,1.2
68087,596142,"Gary Sánchez",32,2025,"BAL",1,0,1,0,0,0,36,36,5.12,22.05,105,3,0,14.3,14.3,20,113,0
69545,605288,"Adrian Houser",32,2025,,21,21,125,8,5,0,3.31,3.53,4.75,3.72,105,1.28,17.8,7.3,1.9,48.4,105,1.3
70188,608032,"Carlos Estévez",32,2025,"KC",67,0,66,4,5,42,2.45,3,6.14,3.58,123,1.06,20.1,8.2,1.9,24.9,136,-1
70271,605483,"Blake Snell",32,2025,"LAD",11,11,61.3,5,4,0,2.35,3.08,3.42,2.78,79,1.26,28.3,10.2,1.2,47.4,76,1.6
70397,595978,"Austin Hedges",32,2025,"CLE",3,0,3,0,0,0,6,6,4.9,3.38,107,2.33,6.3,6.3,0,35.7,108,0
70429,605130,"Scott Barlow",32,2025,"CIN",75,1,68.3,6,3,1,4.21,4.61,4.89,4.79,105,1.39,24.8,14.9,2.6,43.5,108,-0.1
70445,605242,"Michael Fulmer",32,2025,,3,0,5.7,0,0,0,4.76,4.76,5.35,5.42,114,1.41,13,8.7,4.3,22.2,118,0
70464,605347,"Jorge López",32,2025,"WSH",26,0,24.7,6,0,1,6.57,6.57,4.84,3.47,105,1.26,16.2,5.7,1,46.8,107,0
70485,605452,"Joe Ross",32,2025,"PHI",37,1,51,2,1,0,5.12,5.29,4.92,4.97,108,1.47,17.1,7.9,3.5,44.6,109,-0.1
70543,607179,"Jordan Weems",32,2025,"HOU",4,0,4.3,0,1,0,14.54,14.54,6.1,5.13,121,2.77,0,13,0,25,135,-0.1
70762,596112,"Robert Stephenson",32,2025,"LAA",12,0,10,2,0,0,2.7,3.6,4.83,3.55,103,1,23.8,7.1,2.4,29.6,107,0
70768,547184,"Michael Kelly",32,2025,"ATH",42,0,39.7,4,4,2,2.95,3.86,5.12,4.74,112,1.26,17.5,11.4,3,41,113,-0.1
70798,605540,"Brandon Woodruff",32,2025,"MIL",12,12,64.7,7,2,0,3.2,3.62,3.49,3.25,84,0.91,32.3,5.4,3.5,34,77,1.6
70822,605280,"Clay Holmes",32,2025,"NYM",33,31,165.7,12,8,0,3.53,4.02,4.47,4.2,104,1.3,18.2,9.3,2,55.1,99,2.3
70883,607074,"Carlos Rodón",32,2025,"NYY",33,33,195.3,18,9,0,3.09,3.41,3.94,3.69,95,1.05,25.7,9.3,2.8,43.1,87,3.9
70943,605400,"Aaron Nola",32,2025,"PHI",17,17,94.3,5,10,0,6.01,6.2,4.18,4.67,93,1.35,24,6.9,4.5,42.5,93,1.6
70964,607200,"Erick Fedde",32,2025,,32,24,141,4,13,0,5.49,5.74,6.34,5.29,125,1.52,13.3,10.8,3,39.6,140,-1.3
70966,595897,"Nick Burdi",32,2025,"BOS",4,0,5.3,0,0,0,0,0,4.7,2.3,100,1.31,23.8,9.5,0,57.1,104,0
71017,596001,"Jakob Junis",32,2025,"CLE",57,0,66.7,4,1,0,2.97,3.24,4.38,3.36,101,1.23,20.1,6.6,1.8,39.6,97,0.3
71042,595928,"John Curtiss",32,2025,"AZ",30,0,36.7,3,2,1,3.93,4.42,5.2,4.1,113,0.93,17,3.5,3.5,28.6,115,-0.2
71098,607536,"Kyle Freeland",32,2025,"COL",31,31,162.7,5,17,0,4.98,5.81,5.26,4.27,106,1.42,17.5,5.4,3.1,40.7,117,0.8
71245,596103,"Austin Slater",32,2025,"NYY",1,0,0.7,0,0,0,0,0,4.42,3.05,101,1.5,0,0,0,100,98,0
100945,622491,"Luis Castillo",32,2025,"SEA",32,32,180.7,11,8,0,3.54,3.79,4.37,3.79,100,1.18,21.7,6.2,3.1,40.8,97,2.7
101621,624431,"Jose Trevino",32,2025,"CIN",2,0,2.3,0,0,0,3.86,3.86,5.12,3.65,110,2.14,8.3,8.3,0,10,113,0
102032,592254,"José De León",32,2025,"BOS",1,1,6.7,1,0,0,4.05,4.05,4.74,3.95,103,1.65,28.6,10.7,3.6,29.4,105,0.1
102061,601713,"Nick Pivetta",32,2025,"SD",31,31,181.7,13,5,0,2.92,3.12,4.18,3.58,98,0.99,26.4,6.9,3.1,33.3,93,3.1
103808,605447,"Jordan Romano",32,2025,"PHI",49,0,42.7,2,4,8,8.23,8.44,4.03,5.47,96,1.45,25.1,9.1,5.3,37.5,89,0.4
103809,605513,"Spencer Turnbull",32,2025,"TOR",3,1,6.3,1,1,0,7.11,7.11,5.14,5.73,109,2.53,12.1,12.1,3,48,114,0
104719,656186,"Dan Altavilla",32,2025,"CWS",28,0,29,0,1,2,2.48,2.79,5.15,5.36,113,1.17,17.5,12.5,3.3,50,114,-0.1
104777,656420,"J.P. Feyereisen",32,2025,,4,0,4,0,2,0,11.25,15.75,4.56,8.47,98,3,17.4,4.3,8.7,38.9,101,0
104863,656794,"Sean Newcomb",32,2025,,48,5,92.3,2,5,2,2.73,3.51,3.6,2.95,88,1.35,23.3,7.9,1.3,46,80,1.5
105016,657424,"Matt Gage",32,2025,,33,2,31,0,1,0,3.19,3.19,4.16,2.8,98,1.52,19.7,8.8,0,49,92,0.3
105101,657585,"Reed Garrett",32,2025,"NYM",58,1,55.3,3,6,3,3.9,4.39,4.13,3.55,93,1.32,26.9,10.9,2.1,41.5,91,0.5
105425,656546,"Jeff Hoffman",32,2025,"TOR",71,0,68,9,7,33,4.37,4.5,3.81,4.81,91,1.19,29.3,9.4,5.2,39.5,84,0.8
105736,664199,"Taylor Clarke",32,2025,"KC",51,0,55.3,1,1,1,3.25,3.25,4.46,3.88,99,0.85,21.4,4.4,3.9,44.1,99,0.2
106414,664208,"Phil Maton",32,2025,,63,0,61.3,4,5,5,2.79,3.08,3.17,2.67,78,1.08,32.5,9.6,1.2,44.5,70,1.2
106709,663432,"Tanner Rainey",32,2025,,13,0,9.7,0,1,0,11.17,11.17,5.11,4.01,106,1.76,23.4,19.1,0,50,113,0
106870,642048,"Tayler Saucedo",32,2025,"SEA",10,0,13.3,0,0,0,8.1,8.1,3.88,4.77,95,1.88,18.2,9.1,3,57.4,86,0.1
106950,605488,"Jeffrey Springs",32,2025,"ATH",32,30,171,11,11,0,4.11,4.74,5.6,4.56,115,1.21,19.4,7.6,3.9,30.9,124,0
107792,670036,"Matt Festa",32,2025,"CLE",63,0,54.7,5,4,0,4.12,4.77,3.95,3.05,94,1.08,24.8,6.6,1.8,39.3,88,0.5
108123,664192,"Joey Lucchesi",32,2025,"SF",38,0,38.3,0,1,0,3.76,3.99,4.03,4.06,95,1.23,18.8,7.3,2.4,51.7,89,0.3
109041,670950,"Trevor Richards",32,2025,,5,0,5.7,0,0,0,7.94,7.94,5.83,2.41,104,2.29,17.2,6.9,0,31.8,129,-0.1
109203,606996,"Kyle Hart",32,2025,"SD",20,6,43,3,3,0,5.86,5.86,5.31,5.27,112,1.19,20.7,7.3,5,30.7,118,0
109313,669920,"Jason Alexander",32,2025,,18,13,77.3,4,2,1,4.77,5.24,4.67,5.01,104,1.37,19.3,7.7,4.5,43.8,103,0.8
136521,673540,"Kodai Senga",32,2025,"NYM",22,22,113.3,7,6,0,3.02,3.49,4.81,4.21,102,1.31,22.6,11.4,2.5,46.7,107,1.1
147894,691094,"Randy Wynne",32,2025,"CIN",1,0,3,0,0,1,3,3,4.77,6.56,104,1.33,23.1,7.7,7.7,33.3,106,0
59660,571771,"Enrique Hernández",33,2025,"LAD",5,0,5.3,0,0,0,15.19,18.56,6.81,9.79,122,3.56,2.7,21.6,2.7,42.9,151,-0.1
66311,570632,"José Ureña",33,2025,,19,6,55,0,1,1,4.58,4.75,6.15,5.14,122,1.45,13.9,9.4,3.3,35.7,136,-0.6
67083,592662,"Robbie Ray",33,2025,"SF",32,32,182.3,11,8,0,3.65,4,4.63,4.02,100,1.21,24.6,9.7,2.9,36,102,2.2
67560,593833,"Wander Suero",33,2025,"ATL",5,0,6.3,0,0,0,11.37,11.37,4.47,9.07,104,2.21,21.9,12.5,9.4,33.3,99,0
67604,593974,"Wandy Peralta",33,2025,"SD",71,1,71.7,6,1,0,3.14,3.64,3.99,3.71,97,1.34,20.1,9.6,1.6,58.7,88,0.7
68444,547179,"Michael Lorenzen",33,2025,"KC",27,26,141.7,7,11,0,4.64,4.83,5.18,4.5,106,1.33,21,6.4,4.1,39.2,115,0.8
68490,592094,"Jason Adam",33,2025,"SD",65,0,65.3,8,4,0,1.93,2.48,3.84,3.16,92,1.15,25.9,9.3,1.5,43.3,85,0.7
68564,592351,"Jon Gray",33,2025,"TEX",6,0,14,1,1,0,7.71,7.71,5.94,7.26,121,1.5,19,9.5,7.9,17.8,132,-0.2
68592,592426,"Luke Jackson",33,2025,,52,0,51,2,5,9,4.06,5.29,5.1,4.4,113,1.35,17.4,12.8,1.8,50.7,113,-0.2
68691,592773,"Ryne Stanek",33,2025,"NYM",65,0,56,4,6,3,5.46,6.27,5.48,4.49,111,1.57,22.7,12.5,2.7,32.7,121,-0.4
68692,592779,"Brock Stewart",33,2025,,43,0,37.7,2,2,0,2.63,2.63,3.98,3.12,92,1.19,27.7,8.2,1.9,36.7,88,0.4
68694,592791,"Jameson Taillon",33,2025,"CHC",23,23,129.7,11,7,0,3.68,3.75,5.13,4.74,114,1.06,18.9,5.2,4.6,33.8,114,0.8
68781,594902,"Ben Lively",33,2025,"CLE",9,9,44.7,2,2,0,3.22,3.22,6,4.5,122,1.19,16.3,8.4,3.4,30.6,133,-0.2
68933,595345,"Steven Okert",33,2025,"HOU",68,1,71.7,3,2,1,3.01,3.14,3.81,2.67,91,0.89,30.4,6.9,2.2,23.4,84,0.8
70486,605463,"Tayler Scott",33,2025,,24,0,27.3,1,2,0,7.9,8.23,5.38,6.29,111,1.9,17.9,13.4,4.5,41.8,119,-0.2
71343,605218,"Carl Edwards Jr.",33,2025,,4,0,6,0,0,0,4.5,4.5,4.39,4.72,102,1.17,25,12.5,4.2,40,97,0
100206,592866,"Trevor Williams",33,2025,"WSH",17,17,82.7,3,10,0,6.21,6.42,5.48,4.22,109,1.54,17.4,5.6,2.9,33,121,0.2
100612,621381,"Matt Strahm",33,2025,"PHI",66,0,62.3,2,3,6,2.74,3.18,4.4,3.08,98,1.07,27.3,7.8,2,20.1,97,0.3
102028,592155,"Cam Booser",33,2025,"CWS",39,0,31,2,4,1,5.52,6.39,5.01,6.18,106,1.52,24.5,13.3,5.6,28.7,111,-0.1
102052,594580,"Sam Moll",33,2025,"CIN",23,0,18.3,1,0,0,6.38,7.85,4.2,5.3,94,1.42,27.2,12.3,4.9,34.7,93,0.1
102428,640448,"Kyle Finnegan",33,2025,,56,0,57,4,4,24,3.47,3.79,3.84,3.16,92,1.11,24,7.9,1.7,48.1,85,0.6
102658,641835,"Tim Mayza",33,2025,,15,0,16.7,0,0,0,3.78,3.78,4.11,4.24,98,1.32,20.3,6.8,2.7,53.8,91,0.1
102770,642152,"Lou Trivino",33,2025,,47,2,47.7,3,2,0,3.97,4.34,5.27,4.82,112,1.34,17.9,8.7,2.9,32.9,117,-0.2
102796,642239,"Rob Zastryzny",33,2025,"MIL",26,1,22,2,1,0,2.45,2.86,4.25,4.68,98,1.23,21.5,10.8,3.2,40.3,94,0.2
103721,640455,"Sean Manaea",33,2025,"NYM",15,12,60.7,2,4,0,5.64,5.64,3.5,4.48,83,1.22,28.5,4.6,4.9,35.5,78,1.4
103842,621383,"Tanner Banks",33,2025,"PHI",69,1,67.3,6,2,1,3.07,3.21,3.87,3.73,93,1.01,22.8,4.5,3.4,36.3,86,0.8
103929,642232,"Ryan Yarbrough",33,2025,"NYY",19,8,64,3,1,1,4.36,4.36,4.59,4.96,106,1.2,20.8,7.2,4.9,38.8,102,0.6
104735,656257,"Jeff Brigham",33,2025,"AZ",4,0,3.3,0,0,0,8.1,8.1,5.72,6.22,115,2.4,16.7,5.6,5.6,21.4,127,0
104928,657044,"Ryan Thompson",33,2025,"AZ",48,0,41.3,3,2,1,3.92,4.57,3.96,3.83,95,1.33,20.6,7.4,2.3,49.2,88,0.4
104993,657240,"Julian Merryweather",33,2025,"CHC",21,0,18.7,0,1,0,5.79,6.27,5.22,4.78,107,1.82,17,12.5,2.3,43.5,116,-0.1
105056,657514,"Brennan Bernardino",33,2025,"BOS",55,3,51.7,4,3,1,3.14,4.01,4.48,3.38,105,1.28,19.1,12,0.4,49,99,0.2
110477,672391,"Kaleb Ort",33,2025,"HOU",49,0,46,2,2,1,4.89,5.09,4.28,4.94,100,1.35,25.3,13.9,4.1,41.4,95,0.3
58533,527048,"Martín Pérez",34,2025,"CWS",11,10,56,1,6,0,3.54,3.7,5.37,4.16,113,1.11,19.3,9.6,2.6,38.8,119,0.2
59592,571466,"Tucker Barnhart",34,2025,"TEX",1,0,2,0,0,0,13.5,13.5,4.75,4.55,105,2.5,0,0,0,60,105,0
60626,571946,"Shelby Miller",34,2025,,48,0,46,4,3,10,2.74,3.33,4.09,3.53,93,1.04,29,8.1,2.7,33.6,91,0.4
66174,554340,"Yimi García",34,2025,"TOR",22,0,21,1,2,3,3.86,4.29,4.52,3.76,100,1.19,27.8,13.3,2.2,42.3,100,0.1
66214,554431,"Tyler Matzek",34,2025,"NYY",7,0,6.3,0,0,0,4.26,4.26,4.63,3.21,103,2.53,20,14.3,0,30.4,102,0
68557,592332,"Kevin Gausman",34,2025,"TOR",32,32,193,10,11,0,3.59,3.68,4.3,3.33,98,1.06,24.4,6.5,2.7,36.7,95,3.1
68565,643338,"Chad Green",34,2025,"TOR",45,0,43.7,3,2,1,5.56,5.77,5.09,6.64,116,1.47,18.4,6.8,7.4,33.6,113,-0.1
69637,606160,"Rafael Montero",34,2025,,59,0,60.3,1,2,0,4.48,5.07,4.77,4.15,107,1.31,22.9,14.6,2,48.1,106,0
69887,607259,"Nick Martinez",34,2025,"CIN",40,26,165.7,11,14,0,4.45,4.67,4.96,4.42,107,1.21,17,6.1,3.2,38,110,1.2
70293,542888,"Shawn Armstrong",34,2025,"TEX",71,2,74,4,3,9,2.31,2.55,4.1,2.98,97,0.81,26.1,7,1.8,35.9,91,0.6
70361,571948,"Hoby Milner",34,2025,"TEX",73,0,70.3,3,4,0,3.84,4.48,3.76,3.3,95,1.27,19.8,7.2,1.7,51.4,83,0.9
70371,573186,"Marcus Stroman",34,2025,"NYY",9,9,39,3,2,0,6.23,6.23,5.23,5.1,111,1.54,14.9,9.1,3.4,47.3,116,0.2
70437,605182,"Mike Clevinger",34,2025,"CWS",8,0,5.7,0,2,0,7.94,7.94,5.92,6.23,117,2.29,9.7,25.8,0,50,131,-0.1
70514,606965,"Chris Devenski",34,2025,"NYM",13,1,16.7,0,0,0,2.16,2.16,4.44,3.58,102,0.9,21.5,7.7,1.5,45.5,98,0.1
70641,608379,"Michael Wacha",34,2025,"KC",31,31,172.7,10,13,0,3.86,3.86,5.05,3.57,110,1.22,17.6,6.3,2.1,35.9,112,1.2
99821,571927,"Steven Matz",34,2025,,53,2,76.7,5,2,2,3.05,3.64,3.5,3.5,92,1.08,19.1,3.6,2.6,46,78,1.2
99839,572955,"Pierce Johnson",34,2025,"ATL",65,0,59,3,3,1,3.05,3.2,4.51,4,99,1.2,24.8,8,3.4,34.6,100,0.2
99874,571760,"Andrew Heaney",34,2025,,27,23,122.3,5,10,0,5.52,5.66,5.76,5.68,116,1.38,16,7.5,4.7,36.4,127,-0.2
99953,573262,"Mike Yastrzemski",34,2025,"SF",1,0,1,0,0,0,18,18,4.52,9.22,98,3,0,14.3,0,60,100,0
99954,573124,"Taylor Rogers",34,2025,,57,0,50.7,3,2,0,3.38,4.44,3.91,4.47,93,1.38,24,10.4,3.2,40.8,87,0.5
100036,571912,"Luke Maile",34,2025,"KC",1,0,1,0,0,0,0,0,6.05,6.05,121,1,0,25,0,33.3,134,0
100110,573009,"Joe Mantiply",34,2025,"AZ",10,0,9.7,0,1,0,15.83,15.83,4.35,9.53,98,3,13.8,5.2,8.6,41.3,96,0.1
100171,571657,"Kyle Farmer",34,2025,"COL",1,0,1,0,0,0,9,9,4.43,16.22,102,3,0,0,20,20,98,0
100294,608650,"Dietrich Enns",34,2025,,24,3,46.3,3,3,2,4.27,4.86,3.76,3.59,88,1.4,24.5,7.5,3,39,83,0.7
100300,608671,"Travis Jankowski",34,2025,"NYM",1,0,1,0,0,0,18,18,5.6,9.22,110,3,0,16.7,0,25,124,0
100323,608717,"Chris Stratton",34,2025,,15,0,21,0,0,0,7.71,8.57,4.43,4.89,98,2,21.2,9.6,3.8,48.6,98,0.1
100544,621199,"Matt Bowman",34,2025,"BAL",20,0,24.7,0,1,0,6.2,6.57,5.47,4.67,112,1.5,15.8,5.3,3.5,34.1,121,-0.2
101250,623168,"Tyler Heineman",34,2025,"TOR",3,0,3.3,0,0,0,32.4,32.4,6.16,8.75,114,4.5,0,0,3.7,40,136,-0.1
102011,571510,"Matthew Boyd",34,2025,"CHC",31,31,179.7,14,8,0,3.21,3.46,4.33,3.74,99,1.09,21.4,5.8,2.6,37.6,96,2.8
102077,608665,"Kendall Graveman",34,2025,"AZ",19,0,17.7,1,0,0,7.13,7.13,5.86,5.88,121,1.98,11,14.6,2.4,41.7,130,-0.2
102190,623437,"Justin Topa",34,2025,"MIN",54,1,60,1,5,4,3.9,4.8,4.46,2.95,99,1.43,18.3,6.7,0.7,46.7,99,0.3
102634,641755,"Tyler Kinley",34,2025,,73,0,72.7,6,3,3,3.96,4.33,5.27,3.77,109,1.18,23.7,10.7,1.9,32.7,117,-0.4
102705,641941,"Emilio Pagán",34,2025,"CIN",70,0,68.7,2,4,32,2.88,3.41,4.08,3.81,96,0.92,30,8.1,3.7,28.5,90,0.6
103395,643361,"Kevin Herget",34,2025,,7,0,13,0,0,0,2.77,3.46,5.98,3.45,120,1.31,10.7,8.9,0,33.3,133,-0.2
103426,643410,"Mark Leiter Jr.",34,2025,"NYY",59,0,48.3,6,7,2,4.84,5.77,4.34,3.46,93,1.53,24.7,7.8,2.3,46.5,96,0.3
103494,643511,"Tyler Rogers",34,2025,,81,0,77.3,4,6,0,1.98,2.33,3.52,2.97,93,0.94,16.1,2.3,1.3,60.7,78,1.2
107196,623433,"Nick Anderson",34,2025,"COL",12,0,14.7,0,0,0,6.14,6.14,5.14,5.13,110,1.36,16.1,4.8,4.8,34.7,114,-0.1
108282,667297,"Tommy Nance",34,2025,"TOR",30,0,31.7,2,0,0,1.99,3.13,3.59,1.79,86,1.01,25.4,5.6,0,52.3,79,0.5
125512,579328,"Yusei Kikuchi",34,2025,"LAA",33,33,178.3,7,11,0,3.99,4.39,4.45,4.14,97,1.42,22.5,9.6,3.1,39.5,98,2.5
138046,663158,"Robert Suarez",34,2025,"SD",70,0,69.7,4,6,40,2.97,3.1,3.85,2.97,91,0.9,27.9,5.9,2.2,35.8,85,0.8
55769,518585,"Fernando Cruz",35,2025,"NYY",49,0,48,3,4,2,3.56,3.94,3.87,3.09,81,1.19,36,12,2.5,38.6,86,0.5
57820,543135,"Nathan Eovaldi",35,2025,"TEX",22,22,130,11,3,0,1.73,1.94,3.25,2.71,81,0.85,26,4.2,2,49.7,72,3.6
58343,543391,"Casey Kelly",35,2025,"AZ",2,0,1.7,0,0,0,0,0,4.71,5.02,103,1.2,0,16.7,0,40,104,0
58715,544150,"Albert Suárez",35,2025,"BAL",5,1,11.7,2,0,0,2.31,3.09,4.87,2.11,98,0.94,22.7,4.5,0,41.9,108,0
58750,543859,"Michael Tonkin",35,2025,"MIN",21,0,24,2,1,0,4.88,4.88,5.68,4.72,117,1.17,18.4,7.8,2.9,32.4,126,-0.2
59012,541640,"Erasmo Ramírez",35,2025,"MIN",9,0,11,0,1,1,2.45,3.27,5.71,5.05,116,1.09,11.9,4.8,4.8,37.1,126,-0.1
59541,552640,"Andrew Kittredge",35,2025,,54,0,53,4,3,5,3.4,3.74,3.18,3.04,77,0.98,30.8,5.3,3.4,48.9,70,1
59626,571578,"Patrick Corbin",35,2025,"TEX",31,30,155.3,7,11,0,4.4,4.58,5.15,4.16,107,1.36,19.8,7.7,3.2,38.9,114,0.9
61025,476594,"Robert Stock",35,2025,"BOS",2,0,2.7,0,0,0,10.13,10.13,5.24,11.67,116,3,6.7,26.7,6.7,30,116,0
65851,518397,"Scott Alexander",35,2025,,21,0,17.7,1,1,0,6.11,6.11,5.21,7.7,110,1.81,9.9,11.1,6.2,50.8,115,-0.1
65947,542881,"Tyler Anderson",35,2025,"LAA",26,26,136.3,2,8,0,4.56,4.82,6.77,5.51,125,1.41,17.4,9.5,4.7,29.2,150,-1.7
66213,554430,"Zack Wheeler",35,2025,"PHI",24,24,149.7,10,5,0,2.71,2.89,2.88,3.09,71,0.94,33.3,5.6,3.2,41.3,64,4.8
67028,592454,"Tommy Kahnle",35,2025,"DET",66,0,63,1,5,9,4.43,4.57,5.18,4.64,113,1.3,18.7,11.6,3,47.6,115,-0.3
68419,534910,"Jesse Hahn",35,2025,"SEA",3,0,5,0,1,0,5.4,7.2,4.97,8.05,103,2.2,12,20,4,68.8,110,0
69159,542932,"Jon Berti",35,2025,"CHC",4,0,3.7,0,0,0,7.36,7.36,6.74,6.5,127,2.18,0,21.1,0,13.3,149,-0.1
69172,543294,"Kyle Hendricks",35,2025,"LAA",31,31,164.7,8,10,0,4.76,5.03,5.28,4.51,113,1.28,16.4,6.2,3.6,38.6,117,0.8
69177,543518,"Scott McGough",35,2025,,13,0,16,0,0,0,6.75,6.75,5.04,5.88,108,1.56,21.3,9.3,5.3,33.3,112,0
69837,606930,"Jacob Barnes",35,2025,"TOR",6,0,8,0,1,0,9,10.13,5.08,4.55,110,1.63,13.9,8.3,2.8,39.3,113,0
69856,607067,"Colin Rea",35,2025,"CHC",32,27,159.3,11,7,1,3.95,4.12,4.73,4.2,106,1.24,19.2,6.6,3,39,105,1.6
70069,607625,"Seth Lugo",35,2025,"KC",26,26,145.3,8,7,0,4.15,4.33,5.5,5,116,1.29,20.5,9,4.4,38.6,122,0.3
70306,543243,"Sonny Gray",35,2025,"STL",32,32,180.7,14,8,0,4.28,4.63,3.34,3.48,81,1.23,26.7,5,3.3,44.7,74,4.9
70432,605154,"John Brebbia",35,2025,,22,0,23.3,1,1,0,7.71,8.87,5.37,5.7,110,1.71,22.6,10.4,4.3,31.9,119,-0.2
70436,605177,"Andrew Chafin",35,2025,,42,0,33.7,1,1,0,2.41,2.94,4.29,3.48,94,1.43,25.2,13.3,1.4,45.5,95,0.2
70637,608372,"Tomoyuki Sugano",35,2025,"BAL",30,30,157,10,10,0,4.7,4.87,5.26,5.27,115,1.33,15.7,5.3,4.9,40.6,117,0.8
70803,543101,"Anthony DeSclafani",35,2025,"AZ",13,4,38.7,1,2,2,5.12,5.35,4.41,6.38,99,1.27,21.3,7.1,6.5,42.2,98,0.3
71054,543592,"Austin Nola",35,2025,"COL",1,0,1,0,0,0,72,72,6.11,29.22,107,8,0,0,18.2,9.1,135,0
71213,607732,"Jacob Stallings",35,2025,"COL",1,0,2,0,0,0,4.5,4.5,5.12,2.22,108,1,12.5,0,0,42.9,113,0
99616,543056,"Danny Coulombe",35,2025,,55,1,43,2,1,2,2.3,2.3,4.03,3.21,96,1.16,24.4,10.2,1.7,39.1,89,0.4
100324,608718,"Brent Suter",35,2025,"CIN",48,3,67.7,1,2,0,4.52,5.05,4.11,4.66,99,1.29,18.2,6.2,3.8,43.6,91,0.6
101231,623149,"Paul Sewald",35,2025,,22,0,19.7,1,1,2,4.58,5.03,5.59,4.57,117,1.22,24.7,7.4,4.9,14.5,124,-0.2
101287,623211,"Huascar Brazobán",35,2025,"NYM",52,3,63,5,2,2,3.57,4.14,4.06,4.13,96,1.24,21.8,10.3,2.3,50.6,90,0.6
102294,628452,"Raisel Iglesias",35,2025,"ATL",70,0,67.3,4,6,29,3.21,3.34,4.17,3.45,97,1.01,27.3,6.4,3,32,92,0.5
102757,642121,"Cole Sulser",35,2025,"TB",18,0,22.7,2,1,0,1.99,1.99,4.04,2.61,94,1.19,24.4,7.8,1.1,41,89,0.2
105123,657612,"Tim Hill",35,2025,"NYY",70,0,67,4,4,0,3.09,3.63,3.69,4.21,101,1.1,13.8,5.9,3,63.7,82,0.9
51611,500743,"Miguel Rojas",36,2025,"LAD",4,0,5,0,0,0,12.6,12.6,5.97,12.82,119,2.6,0,7.1,10.7,36,132,-0.1
51645,500779,"Jose Quintana",36,2025,"MIL",24,24,131.7,11,7,0,3.96,4.44,5.51,4.9,118,1.29,16,9,3.2,42.2,122,0.3
56426,521230,"Liam Hendriks",36,2025,"BOS",14,0,13.7,0,2,0,6.59,7.24,5.69,4.95,116,1.39,20.3,11.9,3.4,28.2,126,-0.1
57557,519326,"Hunter Strickland",36,2025,"LAA",19,0,22,1,2,1,3.27,3.68,5.53,4.32,117,1.23,15.4,11,2.2,32.8,123,-0.2
58436,519008,"T.J. McFarland",36,2025,"ATH",27,0,15.7,0,0,0,6.89,6.89,4.29,4.58,102,1.85,9.5,4.1,2.7,60.3,95,0.1
58552,519151,"Ryan Pressly",36,2025,"CHC",44,0,41.3,2,3,5,4.35,5.23,4.7,5.14,105,1.52,15.4,9.3,3.3,51.5,104,0.1
60625,571945,"Miles Mikolas",36,2025,"STL",31,31,156.3,8,11,0,4.84,5.01,5.4,5.12,116,1.32,14.9,5.5,4.3,40.1,119,0.5
65751,519242,"Chris Sale",36,2025,"ATL",21,20,125.7,7,5,0,2.58,2.72,3.03,2.76,73,1.07,32.4,6.3,2.2,39.4,67,3.8
65879,518876,"Merrill Kelly",36,2025,,32,32,184,12,9,0,3.52,3.86,4.16,3.79,97,1.11,22.3,6.4,3.1,42.9,92,3.2
67355,593576,"Héctor Neris",36,2025,,35,0,26.7,3,2,0,6.75,8.44,4.79,5.27,102,1.69,28.2,12.9,4.8,25,106,0
68404,519141,"Drew Pomeranz",36,2025,"CHC",57,4,49.7,2,2,1,2.17,2.54,3.66,3.45,89,1.07,28.1,7.4,2.5,38.9,81,0.7
69516,605135,"Chris Bassitt",36,2025,"TOR",32,31,170.3,11,9,0,3.96,4.23,4.31,3.92,95,1.33,22.6,7.1,3,45.9,95,2.7
47965,445276,"Kenley Jansen",37,2025,"LAA",62,0,59,5,4,29,2.59,2.75,4.82,3.9,107,0.95,24.4,8.1,3.4,26.8,107,0
49786,477132,"Clayton Kershaw",37,2025,"LAD",23,22,112.7,11,2,0,3.36,3.67,4.33,3.64,101,1.22,18.1,7.6,1.7,47.7,96,1.7
53014,547973,"Aroldis Chapman",37,2025,"BOS",67,0,61.3,5,3,32,1.17,1.32,2.98,1.65,70,0.7,37.3,6.6,1.3,38.3,66,1.3
55617,518489,"Ryan Brasier",37,2025,"CHC",28,1,26,0,1,0,4.5,4.5,4.59,3.26,103,1.23,19,4.8,1.9,40,102,0.1
58350,518886,"Craig Kimbrel",37,2025,,14,0,12,0,1,0,2.25,3,4.29,4.14,99,1.33,34.7,14.3,4.1,28,95,0.1
59179,458677,"Justin Wilson",37,2025,"BOS",61,0,48.3,4,1,0,3.35,4.1,3.57,2.86,86,1.41,27.5,9.7,1.4,45.3,79,0.7
59507,548384,"Brooks Raley",37,2025,"NYM",30,0,25.7,3,1,0,2.45,2.45,4.27,2.21,100,0.78,25.3,6.1,0,33.3,94,0.2
65801,502043,"Kyle Gibson",37,2025,"BAL",4,4,12.3,0,3,0,16.78,16.78,5.35,10.51,106,2.92,13.7,9.6,9.6,48.2,118,0.1
67740,594798,"Jacob deGrom",37,2025,"TEX",30,30,172.7,12,8,0,2.97,2.97,3.57,3.56,90,0.92,27.7,5.5,3.9,37.6,79,4.2
68099,596271,"Casey Lawrence",37,2025,,6,0,17.7,1,2,0,4.08,7.64,5.36,4.07,115,1.53,8.8,1.3,2.5,39.4,119,-0.1
68804,595014,"Blake Treinen",37,2025,"LAD",32,0,26.7,2,7,2,5.4,6.08,4.68,4.84,100,1.84,27.9,14.7,3.1,34.7,104,0.1
102254,628317,"Kenta Maeda",37,2025,"DET",7,0,8,0,0,0,7.88,9,6.39,6.05,109,1.88,18.6,14,2.3,40,141,-0.2
47229,471911,"Carlos Carrasco",38,2025,,11,9,45.7,2,2,0,7.09,7.09,6.13,5.58,119,1.71,16,8,4.7,34.8,136,-0.3
49727,472610,"Luis García",38,2025,,58,0,55.3,2,2,2,3.42,3.74,4.81,3.31,100,1.46,20.6,11.2,0.9,48.4,107,0
53155,506433,"Yu Darvish",38,2025,"SD",15,15,72,5,5,0,5.38,5.5,4.4,4.9,100,1.18,23,6.4,4.7,39.4,97,1.1
58453,489119,"Wade Miley",38,2025,"CIN",3,2,12,1,0,0,6.75,6.75,6.17,7.06,118,1.75,12.7,10.9,5.5,35,137,-0.1
59239,489446,"Kirby Yates",38,2025,"LAD",50,0,41.3,4,3,3,5.23,5.66,4.46,4.92,96,1.35,29.1,10.1,5,29.6,99,0.2
60922,573204,"Caleb Thielbar",38,2025,"CHC",67,0,58,3,4,1,2.64,2.64,3.6,3.09,89,0.88,25.5,5.9,2.3,39.7,80,0.8
51434,493603,"Adam Ottavino",39,2025,"NYY",3,0,1.7,0,0,0,0,0,4.95,6.65,109,2.4,33.3,44.4,0,0,110,0
54159,455119,"Chris Martin",39,2025,"TEX",49,0,42.3,2,6,2,2.98,3.83,3.68,3.43,89,1.18,24.9,4,3.5,43.4,81,0.6
56753,453286,"Max Scherzer",40,2025,"TOR",17,17,85,5,5,0,5.19,5.19,5.68,4.91,114,1.29,22.9,6.4,5.3,27.5,126,0
57235,502085,"David Robertson",40,2025,"PHI",20,0,17.7,2,0,2,4.08,4.58,3.94,5.04,92,1.47,28.2,10.3,5.1,43.8,87,0.2
47279,445926,"Jesse Chavez",41,2025,"ATL",4,0,8,0,1,0,9,9,5.38,9.6,113,2.38,18.6,11.6,9.3,23.3,119,-0.1
48258,450203,"Charlie Morton",41,2025,,33,27,142,9,11,0,5.83,5.96,4.93,4.87,103,1.58,22.8,11,3.5,43.4,109,1.1
45613,434378,"Justin Verlander",42,2025,"SF",29,29,152,4,11,0,3.91,4.38,5.69,3.93,113,1.37,20.7,7.9,2.4,34.3,126,0
36959,448179,"Rich Hill",45,2025,"KC",2,2,9,0,2,0,5,7,5.69,7.72,116,1.89,9.3,18.6,4.7,48.4,126,0