Team,playerid,Name,role,position,manual_war
ARI,677950,Alek Thomas,starter_hitter,CF,
ARI,467793,Carlos Santana,starter_hitter,1B,
ARI,682998,Corbin Carroll,starter_hitter,RF,
ARI,672515,Gabriel Moreno,starter_hitter,C,
ARI,672695,Geraldo Perdomo,starter_hitter,SS,
ARI,678489,Jorge Barrosa,starter_hitter,LF,
ARI,606466,Ketel Marte,starter_hitter,2B,
ARI,571448,Nolan Arenado,starter_hitter,3B,
ARI,656976,Pavin Smith,starter_hitter,DH,
ARI,680728,Adrian Del Castillo,bench_hitter,C,
ARI,605244,Aramis Garcia,bench_hitter,C,
ARI,545121,Ildemaro Vargas,bench_hitter,2B,
ARI,676070,Jacob Amaya,bench_hitter,SS,
ARI,543510,James McCann,bench_hitter,C,
ARI,691783,Jordan Lawlar,bench_hitter,2B,
ARI,,Jose Fernandez,bench_hitter,SS,
ARI,,Kristian Robinson,bench_hitter,CF,
ARI,666971,Lourdes Gurriel Jr.,bench_hitter,CF,
ARI,663609,Luken Baker,bench_hitter,1B,
ARI,694374,Tim Tawa,bench_hitter,2B,
ARI,682988,Tyler Locklear,bench_hitter,1B,
ARI,686796,Blake Walston,starter_pitcher,SP,
ARI,694297,Brandon Pfaadt,starter_pitcher,SP,
ARI,669203,Corbin Burnes,starter_pitcher,SP,
ARI,593958,Eduardo Rodriguez,starter_pitcher,SP,
ARI,518876,Merrill Kelly,starter_pitcher,SP,
ARI,647336,Michael Soroka,starter_pitcher,SP,
ARI,669194,Ryne Nelson,starter_pitcher,SP,
ARI,656464,Kevin Ginkel,closer,RP,
ARI,623149,Paul Sewald,closer,RP,
ARI,694851,Andrew Hoffmann,reliever,RP,
ARI,805299,Brandyn Garcia,reliever,RP,
ARI,686826,Bryce Jarvis,reliever,RP,
ARI,,Christian Montes De Oca,reliever,RP,
ARI,691441,Cristian Mena,reliever,RP,
ARI,686753,Drey Jameson,reliever,RP,
ARI,,Dylan Ray,reliever,RP,
ARI,,Gerardo Carrillo,reliever,RP,
ARI,663462,Isaiah Campbell,reliever,RP,
ARI,595928,John Curtiss,reliever,RP,
ARI,686228,Juan Burgos,reliever,RP,
ARI,666661,Juan Morillo,reliever,RP,
ARI,658551,Junior Fernández,reliever,RP,
ARI,669704,Kade Strowd,reliever,RP,
ARI,,Kohl Drake,reliever,RP,
ARI,,Mitch Bratt,reliever,RP,
ARI,,Philip Abner,reliever,RP,
ARI,657044,Ryan Thompson,reliever,RP,
ARI,681869,Shawn Dubin,reliever,RP,
ARI,664199,Taylor Clarke,reliever,RP,
ARI,688497,Taylor Rashi,reliever,RP,
ARI,641672,Thomas Hatch,reliever,RP,
ARI,700270,Yilber Díaz,reliever,RP,
ATH,667670,Brent Rooker,starter_hitter,DH,
ATH,672016,Denzel Clarke,starter_hitter,CF,
ATH,805779,Jacob Wilson,starter_hitter,SS,
ATH,643446,Jeff McNeil,starter_hitter,2B,
ATH,671732,Lawrence Butler,starter_hitter,RF,
ATH,691777,Max Muncy,starter_hitter,3B,
ATH,701762,Nick Kurtz,starter_hitter,1B,
ATH,669127,Shea Langeliers,starter_hitter,C,
ATH,691016,Tyler Soderstrom,starter_hitter,LF,
ATH,628451,Andy Ibáñez,bench_hitter,2B,
ATH,642851,Austin Wynns,bench_hitter,C,
ATH,695391,Brett Harris,bench_hitter,3B,
ATH,661531,Brian Serven,bench_hitter,C,
ATH,681526,Bryan Lavastida,bench_hitter,C,
ATH,687799,Cade Marlowe,bench_hitter,RF,
ATH,666126,Carlos Cortes,bench_hitter,CF,
ATH,595453,Chad Wallach,bench_hitter,C,
ATH,687515,Colby Thomas,bench_hitter,CF,
ATH,687231,Darell Hernaiz,bench_hitter,SS,
ATH,608841,Joey Meneses,bench_hitter,1B,
ATH,,Junior Perez,bench_hitter,CF,
ATH,683021,Michael Stefanic,bench_hitter,2B,
ATH,680869,Zack Gelof,bench_hitter,2B,
ATH,650644,Aaron Civale,starter_pitcher,SP,
ATH,682052,Jacob Lopez,starter_pitcher,SP,
ATH,605488,Jeffrey Springs,starter_pitcher,SP,
ATH,806960,Luis Morales,starter_pitcher,SP,
ATH,622663,Luis Severino,starter_pitcher,SP,
ATH,663687,Hogan Harris,closer,RP,
ATH,686993,Justin Sterner,closer,RP,
ATH,643410,Mark Leiter Jr.,closer,RP,
ATH,641386,Ben Bowden,reliever,RP,
ATH,,Braden Nett,reliever,RP,
ATH,669620,Brady Basso,reliever,RP,
ATH,621139,Brooks Kriske,reliever,RP,
ATH,,Chen Zhong-Ao Zhuang,reliever,RP,
ATH,674384,Eduarniel Núñez,reliever,RP,
ATH,665660,Elvis Alvarado,reliever,RP,
ATH,664129,Geoff Hartlieb,reliever,RP,
ATH,680684,Gunnar Hoglund,reliever,RP,
ATH,,Henry Baez,reliever,RP,
ATH,669372,J.T. Ginn,reliever,RP,
ATH,678022,Jack Perkins,reliever,RP,
ATH,669270,Joel Kuhnel,reliever,RP,
ATH,683155,Joey Estes,reliever,RP,
ATH,665622,Luis Medina,reliever,RP,
ATH,686930,Mason Barnett,reliever,RP,
ATH,640454,Matt Krook,reliever,RP,
ATH,547184,Michael Kelly,reliever,RP,
ATH,663321,Nick Hernandez,reliever,RP,
ATH,605130,Scott Barlow,reliever,RP,
ATH,621053,Tyler Ferguson,reliever,RP,
ATH,593833,Wander Suero,reliever,RP,
ATL,663586,Austin Riley,starter_hitter,3B,
ATL,686948,Drake Baldwin,starter_hitter,C,
ATL,595777,Jurickson Profar,starter_hitter,DH,
ATL,621566,Matt Olson,starter_hitter,1B,
ATL,643289,Mauricio Dubón,starter_hitter,SS,
ATL,671739,Michael Harris II,starter_hitter,CF,
ATL,573262,Mike Yastrzemski,starter_hitter,LF,
ATL,645277,Ozzie Albies,starter_hitter,2B,
ATL,660670,Ronald Acuña Jr.,starter_hitter,RF,
ATL,668845,Aaron Schunk,bench_hitter,3B,
ATL,689172,Brett Wisely,bench_hitter,2B,
ATL,676551,Brewer Hicklen,bench_hitter,RF,
ATL,644433,Chadwick Tromp,bench_hitter,C,
ATL,680577,DaShawn Keirsey Jr.,bench_hitter,CF,
ATL,642201,Eli White,bench_hitter,CF,
ATL,673490,Ha-Seong Kim,bench_hitter,SS,
ATL,665856,Jair Camargo,bench_hitter,C,
ATL,641680,Jonah Heim,bench_hitter,C,
ATL,677954,Jordan Groshans,bench_hitter,3B,
ATL,622761,Jorge Mateo,bench_hitter,2B,
ATL,640492,José Azocar,bench_hitter,CF,
ATL,663897,Luke Williams,bench_hitter,SS,
ATL,805373,Nacho Alvarez Jr.,bench_hitter,3B,
ATL,669221,Sean Murphy,bench_hitter,C,
ATL,663536,Tristin English,bench_hitter,1B,
ATL,700363,AJ Smith-Shawver,starter_pitcher,SP,
ATL,693821,Bryce Elder,starter_pitcher,SP,
ATL,519242,Chris Sale,starter_pitcher,SP,
ATL,656550,Grant Holmes,starter_pitcher,SP,
ATL,625643,Reynaldo López,starter_pitcher,SP,
ATL,680885,Spencer Schwellenbach,starter_pitcher,SP,
ATL,675911,Spencer Strider,starter_pitcher,SP,
ATL,628452,Raisel Iglesias,closer,RP,
ATL,607481,Aaron Bummer,reliever,RP,
ATL,683627,Anthony Molina,reliever,RP,
ATL,,Austin Pope,reliever,RP,
ATL,,Blayne Enlow,reliever,RP,
ATL,670241,Darius Vines,reliever,RP,
ATL,678226,Daysbel Hernández,reliever,RP,
ATL,800311,Didier Fuentes,reliever,RP,
ATL,689266,Dylan Dodd,reliever,RP,
ATL,669276,Dylan Lee,reliever,RP,
ATL,,Hayden Harris,reliever,RP,
ATL,676702,Hunter Stratton,reliever,RP,
ATL,694462,Hurston Waldrep,reliever,RP,
ATL,641656,Ian Hamilton,reliever,RP,
ATL,675916,James Karinchak,reliever,RP,
ATL,642770,Javy Guerra,reliever,RP,
ATL,,Jhancarlos Lara,reliever,RP,
ATL,606303,Joel Payamps,reliever,RP,
ATL,666214,Joey Wentz,reliever,RP,
ATL,660761,José Suarez,reliever,RP,
ATL,663158,Robert Suarez,reliever,RP,
ATL,,Rolddy Muñoz,reliever,RP,
ATL,656887,Sean Reid-Foley,reliever,RP,
ATL,605463,Tayler Scott,reliever,RP,
ATL,641755,Tyler Kinley,reliever,RP,
BAL,668939,Adley Rutschman,starter_hitter,C,
BAL,677942,Blaze Alexander,starter_hitter,2B,
BAL,681297,Colton Cowser,starter_hitter,CF,
BAL,687637,Dylan Beavers,starter_hitter,RF,
BAL,683002,Gunnar Henderson,starter_hitter,SS,
BAL,676059,Jordan Westburg,starter_hitter,3B,
BAL,624413,Pete Alonso,starter_hitter,1B,
BAL,694212,Samuel Basallo,starter_hitter,DH,
BAL,621493,Taylor Ward,starter_hitter,LF,
BAL,691723,Coby Mayo,bench_hitter,1B,
BAL,677008,Heston Kjerstad,bench_hitter,LF,
BAL,702616,Jackson Holliday,bench_hitter,2B,
BAL,669236,Jeremiah Jackson,bench_hitter,2B,
BAL,678877,Jhonkensy Noel,bench_hitter,RF,
BAL,676480,José Barrero,bench_hitter,SS,
BAL,665750,Leody Taveras,bench_hitter,CF,
BAL,676679,Luis Vázquez,bench_hitter,SS,
BAL,668974,Maverick Handley,bench_hitter,C,
BAL,,Reed Trimble,bench_hitter,RF,
BAL,663624,Ryan Mountcastle,bench_hitter,1B,
BAL,676116,Ryan Noda,bench_hitter,1B,
BAL,669087,Sam Huff,bench_hitter,C,
BAL,641933,Tyler O'Neill,bench_hitter,CF,
BAL,642215,Weston Wilson,bench_hitter,LF,
BAL,683770,Will Robertson,bench_hitter,RF,
BAL,605135,Chris Bassitt,starter_pitcher,SP,
BAL,665152,Dean Kremer,starter_pitcher,SP,
BAL,680694,Kyle Bradish,starter_pitcher,SP,
BAL,669358,Shane Baz,starter_pitcher,SP,
BAL,669432,Trevor Rogers,starter_pitcher,SP,
BAL,621107,Zach Eflin,starter_pitcher,SP,
BAL,664854,Ryan Helsley,closer,RP,
BAL,544150,Albert Suárez,reliever,RP,
BAL,552640,Andrew Kittredge,reliever,RP,
BAL,,Anthony Nunez,reliever,RP,
BAL,687064,Brandon Young,reliever,RP,
BAL,700249,Cade Povich,reliever,RP,
BAL,,Cameron Foster,reliever,RP,
BAL,694646,Chayce McDermott,reliever,RP,
BAL,608650,Dietrich Enns,reliever,RP,
BAL,660600,Enoli Paredes,reliever,RP,
BAL,664991,Grant Wolfram,reliever,RP,
BAL,668968,Hans Crouse,reliever,RP,
BAL,664744,Jose Espada,reliever,RP,
BAL,677020,Josh Walker,reliever,RP,
BAL,669211,Keegan Akin,reliever,RP,
BAL,670329,Rico Garcia,reliever,RP,
BAL,669330,Tyler Wells,reliever,RP,
BAL,682274,Yaramil Hiraldo,reliever,RP,
BAL,666974,Yennier Cano,reliever,RP,
BOS,702332,Caleb Durbin,starter_hitter,2B,
BOS,665966,Carlos Narváez,starter_hitter,C,
BOS,678882,Ceddanne Rafaela,starter_hitter,CF,
BOS,680776,Jarren Duran,starter_hitter,DH,
BOS,691785,Marcelo Mayer,starter_hitter,3B,
BOS,701350,Roman Anthony,starter_hitter,LF,
BOS,596115,Trevor Story,starter_hitter,SS,
BOS,575929,Willson Contreras,starter_hitter,1B,
BOS,677800,Wilyer Abreu,starter_hitter,RF,
BOS,655316,Andruw Monasterio,bench_hitter,SS,
BOS,678011,Anthony Seigler,bench_hitter,3B,
BOS,657136,Connor Wong,bench_hitter,C,
BOS,643396,Isiah Kiner-Falefa,bench_hitter,2B,
BOS,641511,Jason Delay,bench_hitter,C,
BOS,692225,Kristian Campbell,bench_hitter,2B,
BOS,807799,Masataka Yoshida,bench_hitter,CF,
BOS,642136,Matt Thaiss,bench_hitter,C,
BOS,681508,Mickey Gasper,bench_hitter,C,
BOS,681987,Nate Eaton,bench_hitter,3B,
BOS,686765,Nick Sogard,bench_hitter,SS,
BOS,663853,Romy Gonzalez,bench_hitter,2B,
BOS,671213,Triston Casas,bench_hitter,1B,
BOS,,Tsung-Che Cheng,bench_hitter,SS,
BOS,681962,Vinny Capra,bench_hitter,SS,
BOS,678394,Brayan Bello,starter_pitcher,SP,
BOS,676979,Garrett Crochet,starter_pitcher,SP,
BOS,670912,Johan Oviedo,starter_pitcher,SP,
BOS,676710,Kutter Crawford,starter_pitcher,SP,
BOS,663776,Patrick Sandoval,starter_pitcher,SP,
BOS,624133,Ranger Suárez,starter_pitcher,SP,
BOS,543243,Sonny Gray,starter_pitcher,SP,
BOS,656557,Tanner Houck,starter_pitcher,SP,
BOS,547973,Aroldis Chapman,closer,RP,
BOS,813349,Connelly Early,reliever,RP,
BOS,682967,Devin Sweet,reliever,RP,
BOS,676477,Garrett Whitlock,reliever,RP,
BOS,669711,Greg Weissert,reliever,RP,
BOS,665048,Hobie Harris,reliever,RP,
BOS,663558,Jovani Morán,reliever,RP,
BOS,686580,Justin Slaten,reliever,RP,
BOS,664918,Kyle Keller,reliever,RP,
BOS,,Noah Song,reliever,RP,
BOS,801139,Payton Tolle,reliever,RP,
BOS,,Ryan Watson,reliever,RP,
BOS,661527,Seth Martinez,reliever,RP,
BOS,594027,Tayron Guerrero,reliever,RP,
BOS,,Tyler Samaniego,reliever,RP,
BOS,,Tyler Uberstine,reliever,RP,
BOS,657697,Vinny Nittoli,reliever,RP,
BOS,677161,Zack Kelly,reliever,RP,
CHC,608324,Alex Bregman,starter_hitter,3B,
CHC,608348,Carson Kelly,starter_hitter,C,
CHC,621020,Dansby Swanson,starter_hitter,SS,
CHC,664023,Ian Happ,starter_hitter,LF,
CHC,683737,Michael Busch,starter_hitter,1B,
CHC,694208,Moisés Ballesteros,starter_hitter,DH,
CHC,663538,Nico Hoerner,starter_hitter,2B,
CHC,691718,Pete Crow-Armstrong,starter_hitter,CF,
CHC,673548,Seiya Suzuki,starter_hitter,RF,
CHC,,Ben Cowles,bench_hitter,SS,
CHC,676801,Chas McCormick,bench_hitter,CF,
CHC,687066,Eric Yang,bench_hitter,C,
CHC,,James Triantos,bench_hitter,2B,
CHC,,Justin Dean,bench_hitter,CF,
CHC,682634,Kevin Alcántara,bench_hitter,CF,
CHC,807713,Matt Shaw,bench_hitter,2B,
CHC,665804,Miguel Amaya,bench_hitter,C,
CHC,680911,Owen Miller,bench_hitter,SS,
CHC,,Pedro Ramirez,bench_hitter,3B,
CHC,664068,Scott Kingery,bench_hitter,SS,
CHC,592122,Tyler Austin,bench_hitter,1B,
CHC,690990,Cade Horton,starter_pitcher,SP,
CHC,665795,Edward Cabrera,starter_pitcher,SP,
CHC,592791,Jameson Taillon,starter_pitcher,SP,
CHC,657006,Justin Steele,starter_pitcher,SP,
CHC,571510,Matthew Boyd,starter_pitcher,SP,
CHC,684007,Shota Imanaga,starter_pitcher,SP,
CHC,694037,Daniel Palencia,closer,RP,
CHC,676962,Ben Brown,reliever,RP,
CHC,573204,Caleb Thielbar,reliever,RP,
CHC,656212,Charlie Barnes,reliever,RP,
CHC,607067,Colin Rea,reliever,RP,
CHC,676092,Collin Snider,reliever,RP,
CHC,656686,Corbin Martin,reliever,RP,
CHC,681799,Ethan Roberts,reliever,RP,
CHC,656620,Gabe Klobosits,reliever,RP,
CHC,668970,Gavin Hollowell,reliever,RP,
CHC,571948,Hoby Milner,reliever,RP,
CHC,640451,Hunter Harvey,reliever,RP,
CHC,680891,Jack Neely,reliever,RP,
CHC,657097,Jacob Webb,reliever,RP,
CHC,665871,Javier Assad,reliever,RP,
CHC,656257,Jeff Brigham,reliever,RP,
CHC,696136,Jordan Wicks,reliever,RP,
CHC,657140,Kyle Wright,reliever,RP,
CHC,681432,Luke Little,reliever,RP,
CHC,664208,Phil Maton,reliever,RP,
CHC,687863,Porter Hodge,reliever,RP,
CHC,,Riley Martin,reliever,RP,
CHC,669020,Ryan Rolison,reliever,RP,
CHC,595881,Tyler Beede,reliever,RP,
CHC,605441,Yacksel Ríos,reliever,RP,
CHW,643217,Andrew Benintendi,starter_hitter,LF,
CHW,669720,Austin Hays,starter_hitter,RF,
CHW,681460,Brooks Baldwin,starter_hitter,CF,
CHW,805367,Chase Meidroth,starter_hitter,2B,
CHW,695657,Colson Montgomery,starter_hitter,SS,
CHW,700337,Edgar Quero,starter_hitter,DH,
CHW,691019,Kyle Teel,starter_hitter,C,
CHW,678246,Miguel Vargas,starter_hitter,3B,
CHW,,Munetaka Murakami,starter_hitter,1B,2.5
CHW,678554,Curtis Mead,bench_hitter,3B,
CHW,656537,Derek Hill,bench_hitter,CF,
CHW,691011,Drew Romo,bench_hitter,C,
CHW,687957,Dustin Harris,bench_hitter,CF,
CHW,677592,Everson Pereira,bench_hitter,CF,
CHW,672284,Jarred Kelenic,bench_hitter,LF,
CHW,686676,Korey Lee,bench_hitter,C,
CHW,672820,Lenyn Sosa,bench_hitter,2B,
CHW,682668,Luisangel Acuña,bench_hitter,2B,
CHW,686554,Oliver Dunn,bench_hitter,3B,
CHW,,Tanner Murray,bench_hitter,3B,
CHW,,Tristan Peters,bench_hitter,CF,
CHW,641743,Anthony Kay,starter_pitcher,SP,
CHW,663436,Davis Martin,starter_pitcher,SP,
CHW,689672,Drew Thorpe,starter_pitcher,SP,
CHW,607200,Erick Fedde,starter_pitcher,SP,
CHW,681066,Ky Bush,starter_pitcher,SP,
CHW,680732,Sean Burke,starter_pitcher,SP,
CHW,681343,Shane Smith,starter_pitcher,SP,
CHW,622554,Seranthony Domínguez,closer,RP,
CHW,685126,Brandon Eisert,reliever,RP,
CHW,669684,Chris Murphy,reliever,RP,
CHW,,David Sandlin,reliever,RP,
CHW,,Duncan Davitt,reliever,RP,
CHW,691799,Grant Taylor,reliever,RP,
CHW,683568,Jairo Iriarte,reliever,RP,
CHW,,Jake Palisch,reliever,RP,
CHW,,Jedixson Paez,reliever,RP,
CHW,686563,Jonathan Cannon,reliever,RP,
CHW,663855,Jordan Hicks,reliever,RP,
CHW,673929,Jordan Leasure,reliever,RP,
CHW,678024,Mike Vasil,reliever,RP,
CHW,656794,Sean Newcomb,reliever,RP,
CHW,,Tanner McDougal,reliever,RP,
CHW,656457,Tyler Gilbert,reliever,RP,
CHW,668338,Tyson Miller,reliever,RP,
CHW,682790,Wikelman González,reliever,RP,
CIN,682829,Elly De La Cruz,starter_hitter,SS,
CIN,553993,Eugenio Suárez,starter_hitter,DH,
CIN,668709,JJ Bleday,starter_hitter,LF,
CIN,663647,Ke'Bryan Hayes,starter_hitter,3B,
CIN,680574,Matt McLain,starter_hitter,2B,
CIN,682622,Noelvi Marte,starter_hitter,RF,
CIN,701398,Sal Stewart,starter_hitter,1B,
CIN,670770,TJ Friedl,starter_hitter,CF,
CIN,663886,Tyler Stephenson,starter_hitter,C,
CIN,694362,Blake Dunn,bench_hitter,CF,
CIN,687952,Christian Encarnacion-Strand,bench_hitter,1B,
CIN,667472,Dane Myers,bench_hitter,CF,
CIN,,Edwin Arroyo,bench_hitter,SS,
CIN,,Héctor Rodríguez,bench_hitter,LF,
CIN,624431,Jose Trevino,bench_hitter,C,
CIN,656308,Michael Chavis,bench_hitter,2B,
CIN,669911,Michael Toglia,bench_hitter,1B,
CIN,664731,P.J. Higgins,bench_hitter,1B,
CIN,677956,Rece Hinds,bench_hitter,RF,
CIN,668715,Spencer Steer,bench_hitter,2B,
CIN,,Tyler Callihan,bench_hitter,2B,
CIN,,Will Banfield,bench_hitter,C,
CIN,666181,Will Benson,bench_hitter,CF,
CIN,671096,Andrew Abbott,starter_pitcher,SP,
CIN,663903,Brady Singer,starter_pitcher,SP,
CIN,682227,Brandon Williamson,starter_pitcher,SP,
CIN,695505,Chase Burns,starter_pitcher,SP,
CIN,668881,Hunter Greene,starter_pitcher,SP,
CIN,687924,Julian Aguiar,starter_pitcher,SP,
CIN,666157,Nick Lodolo,starter_pitcher,SP,
CIN,641941,Emilio Pagán,closer,RP,
CIN,664948,Anthony Misiewicz,reliever,RP,
CIN,605335,Brandon Leibrandt,reliever,RP,
CIN,656271,Brock Burke,reliever,RP,
CIN,657571,Caleb Ferguson,reliever,RP,
CIN,695534,Chase Petty,reliever,RP,
CIN,683175,Connor Phillips,reliever,RP,
CIN,670766,Darren McCaughan,reliever,RP,
CIN,669721,Davis Daniel,reliever,RP,
CIN,668933,Graham Ashcraft,reliever,RP,
CIN,,Hagen Danner,reliever,RP,
CIN,,Jose Franco,reliever,RP,
CIN,622251,Josh Staumont,reliever,RP,
CIN,682825,Luis Mey,reliever,RP,
CIN,680689,Lyon Richardson,reliever,RP,
CIN,572955,Pierce Johnson,reliever,RP,
CIN,695076,Rhett Lowder,reliever,RP,
CIN,,Sam Benschoter,reliever,RP,
CIN,594580,Sam Moll,reliever,RP,
CIN,663574,Tony Santillan,reliever,RP,
CIN,628708,Yunior Marte,reliever,RP,
CIN,687209,Zach Maxwell,reliever,RP,
CLE,666310,Bo Naylor,starter_hitter,C,
CLE,677587,Brayan Rocchio,starter_hitter,SS,
CLE,692216,CJ Kayfus,starter_hitter,DH,
CLE,,Chase DeLauter,starter_hitter,CF,
CLE,672356,Gabriel Arias,starter_hitter,2B,
CLE,671655,George Valera,starter_hitter,RF,
CLE,608070,José Ramírez,starter_hitter,3B,
CLE,700932,Kyle Manzardo,starter_hitter,1B,
CLE,680757,Steven Kwan,starter_hitter,LF,
CLE,682657,Angel Martínez,bench_hitter,2B,
CLE,595978,Austin Hedges,bench_hitter,C,
CLE,666198,Carter Kieboom,bench_hitter,1B,
CLE,682177,Daniel Schneemann,bench_hitter,2B,
CLE,681807,David Fry,bench_hitter,DH,
CLE,624513,Dom Nuñez,bench_hitter,C,
CLE,671286,Johnathan Rodríguez,bench_hitter,CF,
CLE,,Juan Brito,bench_hitter,2B,
CLE,,Kahlil Watson,bench_hitter,CF,
CLE,666134,Nolan Jones,bench_hitter,CF,
CLE,,Petey Halpin,bench_hitter,CF,
CLE,656413,Stuart Fairchild,bench_hitter,LF,
CLE,668909,Gavin Williams,starter_pitcher,SP,
CLE,676282,Joey Cantillo,starter_pitcher,SP,
CLE,671106,Logan Allen,starter_pitcher,SP,
CLE,677944,Slade Cecconi,starter_pitcher,SP,
CLE,676440,Tanner Bibee,starter_pitcher,SP,
CLE,671922,Cade Smith,closer,RP,
CLE,,Austin Peterson,reliever,RP,
CLE,672578,Carlos Hernández,reliever,RP,
CLE,676051,Codi Heuer,reliever,RP,
CLE,670059,Colin Holderman,reliever,RP,
CLE,641401,Connor Brogdon,reliever,RP,
CLE,,Daniel Espino,reliever,RP,
CLE,,Doug Nikhazy,reliever,RP,
CLE,681870,Erik Sabrowski,reliever,RP,
CLE,,Franco Aleman,reliever,RP,
CLE,683769,Hunter Gaddis,reliever,RP,
CLE,670036,Matt Festa,reliever,RP,
CLE,800048,Parker Messick,reliever,RP,
CLE,658648,Pedro Avila,reliever,RP,
CLE,,Peyton Pallette,reliever,RP,
CLE,542888,Shawn Armstrong,reliever,RP,
CLE,682120,Tim Herrin,reliever,RP,
CLE,663986,Trevor Stephan,reliever,RP,
COL,686668,Brenton Doyle,starter_hitter,CF,
COL,666397,Edouard Julien,starter_hitter,2B,
COL,678662,Ezequiel Tovar,starter_hitter,SS,
COL,696100,Hunter Goodman,starter_hitter,C,
COL,664983,Jake McCarthy,starter_hitter,RF,
COL,687597,Jordan Beck,starter_hitter,LF,
COL,666160,Mickey Moniak,starter_hitter,DH,
COL,687859,Troy Johnston,starter_hitter,1B,
COL,650489,Willi Castro,starter_hitter,3B,
COL,691182,Adael Amador,bench_hitter,2B,
COL,688760,Blaine Crim,bench_hitter,1B,
COL,690924,Braxton Fulford,bench_hitter,C,
COL,664954,Brett Sullivan,bench_hitter,C,
COL,,Chad Stevens,bench_hitter,SS,
COL,668843,Conner Capel,bench_hitter,RF,
COL,,Drew Avans,bench_hitter,CF,
COL,592178,Kris Bryant,bench_hitter,1B,
COL,691720,Kyle Karros,bench_hitter,3B,
COL,668832,Kyle McCann,bench_hitter,C,
COL,690022,Ryan Ritter,bench_hitter,2B,
COL,,Sterlin Thompson,bench_hitter,LF,
COL,671289,Tyler Freeman,bench_hitter,CF,
COL,605353,Vimael Machín,bench_hitter,3B,
COL,691728,Zac Veen,bench_hitter,RF,
COL,801403,Chase Dollander,starter_pitcher,SP,
COL,500779,Jose Quintana,starter_pitcher,SP,
COL,607536,Kyle Freeland,starter_pitcher,SP,
COL,547179,Michael Lorenzen,starter_pitcher,SP,
COL,608372,Tomoyuki Sugano,starter_pitcher,SP,
COL,680767,Victor Vodnik,closer,RP,
COL,622608,Antonio Senzatela,reliever,RP,
COL,657514,Brennan Bernardino,reliever,RP,
COL,687223,Carson Palmquist,reliever,RP,
COL,687145,Evan Justice,reliever,RP,
COL,,Gabriel Hughes,reliever,RP,
COL,677955,Jaden Hill,reliever,RP,
COL,623474,Jimmy Herget,reliever,RP,
COL,675848,Juan Mejia,reliever,RP,
COL,624522,Keegan Thompson,reliever,RP,
COL,678821,Luis Peralta,reliever,RP,
COL,685326,McCade Brown,reliever,RP,
COL,656786,Parker Mushinski,reliever,RP,
COL,622256,Patrick Weigel,reliever,RP,
COL,701487,Pierson Ohl,reliever,RP,
COL,,RJ Petit,reliever,RP,
COL,663372,Ryan Feltner,reliever,RP,
COL,668943,Ryan Miller,reliever,RP,
COL,678020,Seth Halvorsen,reliever,RP,
COL,685299,Tanner Gordon,reliever,RP,
COL,678368,Valente Bellozo,reliever,RP,
COL,,Welinton Herrera,reliever,RP,
COL,688642,Zach Agnos,reliever,RP,
DET,690993,Colt Keith,starter_hitter,3B,
DET,693307,Dillon Dingler,starter_hitter,C,
DET,650402,Gleyber Torres,starter_hitter,2B,
DET,681481,Kerry Carpenter,starter_hitter,DH,
DET,678009,Parker Meadows,starter_hitter,CF,
DET,682985,Riley Greene,starter_hitter,LF,
DET,679529,Spencer Torkelson,starter_hitter,1B,
DET,672761,Wenceel Pérez,starter_hitter,RF,
DET,656716,Zach McKinstry,starter_hitter,SS,
DET,667452,Corey Julks,bench_hitter,LF,
DET,,Eduardo Valencia,bench_hitter,C,
DET,,Hao-Yu  Lee,bench_hitter,3B,
DET,690291,Jace Jung,bench_hitter,3B,
DET,663330,Jahmai Jones,bench_hitter,CF,
DET,668670,Jake Rogers,bench_hitter,C,
DET,595879,Javier Báez,bench_hitter,2B,
DET,663837,Matt Vierling,bench_hitter,CF,
DET,,Trei Cruz,bench_hitter,SS,
DET,700242,Trey Sweeney,bench_hitter,SS,
DET,663554,Casey Mize,starter_pitcher,SP,
DET,664285,Framber Valdez,starter_pitcher,SP,
DET,656427,Jack Flaherty,starter_pitcher,SP,
DET,695549,Jackson Jobe,starter_pitcher,SP,
DET,434378,Justin Verlander,starter_pitcher,SP,
DET,681857,Reese Olson,starter_pitcher,SP,
DET,669373,Tarik Skubal,starter_pitcher,SP,
DET,445276,Kenley Jansen,closer,RP,
DET,690544,Bailey Horn,reliever,RP,
DET,689225,Beau Brieske,reliever,RP,
DET,676428,Brant Hurter,reliever,RP,
DET,669724,Brenan Hanifee,reliever,RP,
DET,676614,Bryan Sammons,reliever,RP,
DET,686972,Cole Waites,reliever,RP,
DET,623454,Drew Anderson,reliever,RP,
DET,,Drew Sommers,reliever,RP,
DET,699911,Dugan Darnell,reliever,RP,
DET,,Dylan File,reliever,RP,
DET,681916,Dylan Smith,reliever,RP,
DET,646241,Enmanuel De Jesus,reliever,RP,
DET,,Jack Little,reliever,RP,
DET,672456,Keider Montero,reliever,RP,
DET,663455,Konnor Pilkington,reliever,RP,
DET,640448,Kyle Finnegan,reliever,RP,
DET,641360,Phil Bickford,reliever,RP,
DET,676568,Ricky Vanasco,reliever,RP,
DET,687830,Sawyer Gipson-Long,reliever,RP,
DET,664123,Scott Effross,reliever,RP,
DET,674944,Sean Guenther,reliever,RP,
DET,675512,Troy Melton,reliever,RP,
DET,680744,Ty Madden,reliever,RP,
DET,663947,Tyler Holton,reliever,RP,
DET,,Tyler Mattison,reliever,RP,
DET,,Tyler Owens,reliever,RP,
DET,,Wandisson Charles,reliever,RP,
DET,676684,Will Vest,reliever,RP,
HOU,621043,Carlos Correa,starter_hitter,3B,
HOU,572233,Christian Walker,starter_hitter,1B,
HOU,676694,Jake Meyers,starter_hitter,CF,
HOU,665161,Jeremy Peña,starter_hitter,SS,
HOU,694388,Joey Loperfido,starter_hitter,LF,
HOU,514888,Jose Altuve,starter_hitter,2B,
HOU,673237,Yainer Diaz,starter_hitter,C,
HOU,670541,Yordan Alvarez,starter_hitter,DH,
HOU,805904,Zach Cole,starter_hitter,RF,
HOU,694728,Brice Matthews,bench_hitter,2B,
HOU,701358,Cam Smith,bench_hitter,CF,
HOU,542208,Carlos Pérez,bench_hitter,C,
HOU,663967,César Salazar,bench_hitter,C,
HOU,670623,Isaac Paredes,bench_hitter,2B,
HOU,,Jack Winkler,bench_hitter,3B,
HOU,669397,Nick Allen,bench_hitter,2B,
HOU,694376,Shay Whitcomb,bench_hitter,3B,
HOU,666211,Taylor Trammell,bench_hitter,CF,
HOU,701305,Zach Dezenzo,bench_hitter,LF,
HOU,687888,Brandon Walter,starter_pitcher,SP,
HOU,664299,Cristian Javier,starter_pitcher,SP,
HOU,669713,Hayden Wesneski,starter_pitcher,SP,
HOU,686613,Hunter Brown,starter_pitcher,SP,
HOU,621121,Lance McCullers Jr.,starter_pitcher,SP,
HOU,681347,Mike Burrows,starter_pitcher,SP,
HOU,669854,Ronel Blanco,starter_pitcher,SP,
HOU,,Ryan Weiss,starter_pitcher,SP,
HOU,,Tatsuya Imai,starter_pitcher,SP,1.5
HOU,623352,Josh Hader,closer,RP,
HOU,805123,AJ Blubaugh,reliever,RP,
HOU,686294,Amos Willingham,reliever,RP,
HOU,687424,Anthony Maldonado,reliever,RP,
HOU,656986,Bennett Sousa,reliever,RP,
HOU,650556,Bryan Abreu,reliever,RP,
HOU,687911,Bryan King,reliever,RP,
HOU,,Christian Roa,reliever,RP,
HOU,675989,Cody Bolton,reliever,RP,
HOU,676467,Colton Gordon,reliever,RP,
HOU,660853,Enyel De Los Santos,reliever,RP,
HOU,641585,J.P. France,reliever,RP,
HOU,669920,Jason Alexander,reliever,RP,
HOU,681151,Jayden Murray,reliever,RP,
HOU,678906,Kai-Wei Teng,reliever,RP,
HOU,701121,Logan VanWey,reliever,RP,
HOU,,Miguel Ullola,reliever,RP,
HOU,663878,Nate Pearson,reliever,RP,
HOU,663567,Peter Lambert,reliever,RP,
HOU,682610,Roddery Muñoz,reliever,RP,
HOU,681293,Spencer Arrighetti,reliever,RP,
HOU,595345,Steven Okert,reliever,RP,
HOU,676680,Tom Cosgrove,reliever,RP,
KCR,677951,Bobby Witt Jr.,starter_hitter,SS,
KCR,695600,Carter Jensen,starter_hitter,DH,
KCR,686555,Isaac Collins,starter_hitter,LF,
KCR,695506,Jac Caglianone,starter_hitter,RF,
KCR,663697,Jonathan India,starter_hitter,2B,
KCR,664728,Kyle Isbel,starter_hitter,CF,
KCR,672580,Maikel Garcia,starter_hitter,3B,
KCR,521692,Salvador Perez,starter_hitter,C,
KCR,686469,Vinnie Pasquantino,starter_hitter,1B,
KCR,647351,Abraham Toro,bench_hitter,1B,
KCR,663731,Connor Kaiser,bench_hitter,SS,
KCR,680118,Dairon Blanco,bench_hitter,LF,
KCR,671221,Drew Waters,bench_hitter,CF,
KCR,670231,John Rave,bench_hitter,LF,
KCR,670224,Kameron Misner,bench_hitter,CF,
KCR,657041,Lane Thomas,bench_hitter,CF,
KCR,686681,Michael Massey,bench_hitter,2B,
KCR,679845,Nick Loftin,bench_hitter,2B,
KCR,694355,Tyler Gentry,bench_hitter,RF,
KCR,686475,Tyler Tolbert,bench_hitter,2B,
KCR,679525,Alec Marsh,starter_pitcher,SP,
KCR,666142,Cole Ragans,starter_pitcher,SP,
KCR,663460,Kris Bubic,starter_pitcher,SP,
KCR,608379,Michael Wacha,starter_pitcher,SP,
KCR,702070,Noah Cameron,starter_pitcher,SP,
KCR,607625,Seth Lugo,starter_pitcher,SP,
KCR,608032,Carlos Estévez,closer,RP,
KCR,656638,Alex Lange,reliever,RP,
KCR,663559,Bailey Falter,reliever,RP,
KCR,,Ben Kudrna,reliever,RP,
KCR,663738,Daniel Lynch IV,reliever,RP,
KCR,669212,Eli Morgan,reliever,RP,
KCR,,Eric Cerantola,reliever,RP,
KCR,,Helcris Olivárez,reliever,RP,
KCR,663704,James McArthur,reliever,RP,
KCR,670167,John Schreiber,reliever,RP,
KCR,621016,Jose Cuas,reliever,RP,
KCR,668674,Lucas Erceg,reliever,RP,
KCR,679883,Luinder Avila,reliever,RP,
KCR,696131,Mason Black,reliever,RP,
KCR,621381,Matt Strahm,reliever,RP,
KCR,687765,Mitch Spence,reliever,RP,
KCR,683232,Nick Mears,reliever,RP,
KCR,686701,Ryan Bergert,reliever,RP,
KCR,663568,Stephen Kolek,reliever,RP,
KCR,674444,Steven Cruz,reliever,RP,
LAA,695681,Christian Moore,starter_hitter,2B,
LAA,666176,Jo Adell,starter_hitter,CF,
LAA,624585,Jorge Soler,starter_hitter,LF,
LAA,666139,Josh Lowe,starter_hitter,RF,
LAA,681351,Logan O'Hoppe,starter_hitter,C,
LAA,545361,Mike Trout,starter_hitter,DH,
LAA,694384,Nolan Schanuel,starter_hitter,1B,
LAA,660162,Yoán Moncada,starter_hitter,3B,
LAA,687263,Zach Neto,starter_hitter,SS,
LAA,543685,Anthony Rendon,bench_hitter,3B,
LAA,669326,Bryce Teodosio,bench_hitter,CF,
LAA,694203,Denzer Guzman,bench_hitter,SS,
LAA,622268,Donovan Walton,bench_hitter,2B,
LAA,672569,Gustavo Campero,bench_hitter,LF,
LAA,642350,Jose Siri,bench_hitter,CF,
LAA,677347,Kyren Paris,bench_hitter,CF,
LAA,683090,Matthew Lugo,bench_hitter,CF,
LAA,694359,Niko Kavadas,bench_hitter,1B,
LAA,672724,Oswald Peraza,bench_hitter,2B,
LAA,665861,Sebastián Rivero,bench_hitter,C,
LAA,518595,Travis d'Arnaud,bench_hitter,C,
LAA,687093,Vaughn Grissom,bench_hitter,2B,
LAA,685133,Wade Meckler,bench_hitter,CF,
LAA,666201,Alek Manoah,starter_pitcher,SP,
LAA,680570,Grayson Rodriguez,starter_pitcher,SP,
LAA,667755,José Soriano,starter_pitcher,SP,
LAA,672282,Reid Detmers,starter_pitcher,SP,
LAA,579328,Yusei Kikuchi,starter_pitcher,SP,
LAA,519141,Drew Pomeranz,closer,RP,
LAA,489446,Kirby Yates,closer,RP,
LAA,596112,Robert Stephenson,closer,RP,
LAA,656008,Aneurys Zabala,reliever,RP,
LAA,622780,Angel Perdomo,reliever,RP,
LAA,608718,Brent Suter,reliever,RP,
LAA,702674,Caden Dana,reliever,RP,
LAA,681217,Chase Silseth,reliever,RP,
LAA,660623,Huascar Ynoa,reliever,RP,
LAA,686799,Jack Kochanowicz,reliever,RP,
LAA,,Jayvien Sandridge,reliever,RP,
LAA,605447,Jordan Romano,reliever,RP,
LAA,820862,José Fermin,reliever,RP,
LAA,672391,Kaleb Ort,reliever,RP,
LAA,815083,Mitch Farris,reliever,RP,
LAA,680704,Nick Sandlin,reliever,RP,
LAA,666171,Ryan Zeferjahn,reliever,RP,
LAA,691951,Sam Aldegheri,reliever,RP,
LAA,696147,Sam Bachman,reliever,RP,
LAA,641312,Shaun Anderson,reliever,RP,
LAA,642048,Tayler Saucedo,reliever,RP,
LAA,682989,Victor Mederos,reliever,RP,
LAA,,Walbert Urena,reliever,RP,
LAD,681624,Andy Pages,starter_hitter,CF,
LAD,518692,Freddie Freeman,starter_hitter,1B,
LAD,808975,Hyeseong Kim,starter_hitter,2B,
LAD,663656,Kyle Tucker,starter_hitter,RF,
LAD,571970,Max Muncy,starter_hitter,3B,
LAD,605141,Mookie Betts,starter_hitter,SS,
LAD,660271,Shohei Ohtani,starter_hitter,DH,
LAD,606192,Teoscar Hernández,starter_hitter,LF,
LAD,669257,Will Smith,starter_hitter,C,
LAD,669743,Alex Call,bench_hitter,CF,
LAD,690976,Alex Freeland,bench_hitter,2B,
LAD,642020,Chuckie Robinson,bench_hitter,C,
LAD,687221,Dalton Rushing,bench_hitter,C,
LAD,571771,Enrique Hernández,bench_hitter,2B,
LAD,669374,Keston Hiura,bench_hitter,1B,
LAD,685301,Matt Gorski,bench_hitter,LF,
LAD,672279,Michael Siani,bench_hitter,CF,
LAD,500743,Miguel Rojas,bench_hitter,2B,
LAD,680837,Ryan Fitzgerald,bench_hitter,SS,
LAD,,Ryan Ward,bench_hitter,LF,
LAD,664874,Seby Zavala,bench_hitter,C,
LAD,669242,Tommy Edman,bench_hitter,2B,
LAD,605483,Blake Snell,starter_pitcher,SP,
LAD,686218,Emmet Sheehan,starter_pitcher,SP,
LAD,808963,Roki Sasaki,starter_pitcher,SP,
LAD,607192,Tyler Glasnow,starter_pitcher,SP,
LAD,808967,Yoshinobu Yamamoto,starter_pitcher,SP,
LAD,621242,Edwin Díaz,closer,RP,
LAD,681911,Alex Vesia,reliever,RP,
LAD,,Antoine Kelly,reliever,RP,
LAD,676508,Ben Casparius,reliever,RP,
LAD,595014,Blake Treinen,reliever,RP,
LAD,676272,Bobby Miller,reliever,RP,
LAD,660813,Brusdar Graterol,reliever,RP,
LAD,,Carlos Duran,reliever,RP,
LAD,608344,Cole Irvin,reliever,RP,
LAD,683618,Edgardo Henriquez,reliever,RP,
LAD,694813,Gavin Stone,reliever,RP,
LAD,676263,Jack Dreyer,reliever,RP,
LAD,607179,Jordan Weems,reliever,RP,
LAD,680736,Justin Wrobleski,reliever,RP,
LAD,669165,Kyle Hurt,reliever,RP,
LAD,689017,Landon Knack,reliever,RP,
LAD,,Nick Frasso,reliever,RP,
LAD,680897,Nick Nastrini,reliever,RP,
LAD,687798,Nick Robertson,reliever,RP,
LAD,801434,Paul Gervase,reliever,RP,
LAD,689981,River Ryan,reliever,RP,
LAD,,Ronan Kopp,reliever,RP,
LAD,656924,Ryder Ryan,reliever,RP,
LAD,656945,Tanner Scott,reliever,RP,
LAD,694361,Will Klein,reliever,RP,
LAD,670090,Wyatt Mills,reliever,RP,
MIA,682663,Agustín Ramírez,starter_hitter,C,
MIA,681393,Connor Norby,starter_hitter,3B,
MIA,665052,Griffin Conine,starter_hitter,DH,
MIA,805300,Jakob Marsee,starter_hitter,CF,
MIA,669065,Kyle Stowers,starter_hitter,LF,
MIA,689414,Liam Hicks,starter_hitter,1B,
MIA,672640,Otto Lopez,starter_hitter,SS,
MIA,683357,Owen Caissie,starter_hitter,RF,
MIA,669364,Xavier Edwards,starter_hitter,2B,
MIA,640459,Brian Navarreto,bench_hitter,C,
MIA,666624,Christopher Morel,bench_hitter,2B,
MIA,669288,Daniel Johnson,bench_hitter,RF,
MIA,,Deyvison De Los Santos,bench_hitter,1B,
MIA,665923,Esteury Ruiz,bench_hitter,LF,
MIA,688363,Graham Pauley,bench_hitter,2B,
MIA,681715,Heriberto Hernández,bench_hitter,CF,
MIA,,Jared Serna,bench_hitter,SS,
MIA,691594,Javier Sanoja,bench_hitter,2B,
MIA,,Joe Mack,bench_hitter,C,
MIA,691185,Maximo Acosta,bench_hitter,SS,
MIA,666129,Braxton Garrett,starter_pitcher,SP,
MIA,663978,Chris Paddack,starter_pitcher,SP,
MIA,691587,Eury Pérez,starter_pitcher,SP,
MIA,676974,Max Meyer,starter_pitcher,SP,
MIA,645261,Sandy Alcantara,starter_pitcher,SP,
MIA,664126,Pete Fairbanks,closer,RP,
MIA,800049,Adam Mazur,reliever,RP,
MIA,677053,Andrew Nardi,reliever,RP,
MIA,669622,Anthony Bender,reliever,RP,
MIA,687134,Bradley Blalock,reliever,RP,
MIA,806188,Cade Gibson,reliever,RP,
MIA,676534,Calvin Faucher,reliever,RP,
MIA,,Dax Fulton,reliever,RP,
MIA,670183,Garrett Acton,reliever,RP,
MIA,676083,Janson Junk,reliever,RP,
MIA,667463,John King,reliever,RP,
MIA,,Josh White,reliever,RP,
MIA,669199,Lake Bachar,reliever,RP,
MIA,656848,Michael Petersen,reliever,RP,
MIA,,Patrick Monteverde,reliever,RP,
MIA,687473,Ryan Gusto,reliever,RP,
MIA,663969,Tyler Phillips,reliever,RP,
MIA,676604,Tyler Zuber,reliever,RP,
MIA,,William Kempner,reliever,RP,
MIA,694350,Zach Brzykcy,reliever,RP,
MIL,683734,Andrew Vaughn,starter_hitter,1B,
MIL,668930,Brice Turang,starter_hitter,2B,
MIL,592885,Christian Yelich,starter_hitter,DH,
MIL,666152,David Hamilton,starter_hitter,3B,
MIL,669003,Garrett Mitchell,starter_hitter,CF,
MIL,694192,Jackson Chourio,starter_hitter,LF,
MIL,687401,Joey Ortiz,starter_hitter,SS,
MIL,686217,Sal Frelick,starter_hitter,RF,
MIL,661388,William Contreras,starter_hitter,C,
MIL,668731,Akil Baddoo,bench_hitter,LF,
MIL,663368,Blake Perkins,bench_hitter,CF,
MIL,663604,Brandon Lockridge,bench_hitter,CF,
MIL,,Eddys Leonard,bench_hitter,2B,
MIL,596142,Gary Sánchez,bench_hitter,C,
MIL,675659,Greg Jones,bench_hitter,CF,
MIL,674441,Jacob Hurtubise,bench_hitter,LF,
MIL,641343,Jake Bauers,bench_hitter,1B,
MIL,,Jeferson Quero,bench_hitter,C,
MIL,672642,Steward Berroa,bench_hitter,CF,
MIL,672012,Tyler Black,bench_hitter,LF,
MIL,605540,Brandon Woodruff,starter_pitcher,SP,
MIL,694477,Chad Patrick,starter_pitcher,SP,
MIL,694819,Jacob Misiorowski,starter_pitcher,SP,
MIL,701656,Logan Henderson,starter_pitcher,SP,
MIL,682990,Quinn Priester,starter_pitcher,SP,
MIL,682842,Abner Uribe,closer,RP,
MIL,656730,Trevor Megill,closer,RP,
MIL,676879,Aaron Ashby,reliever,RP,
MIL,672582,Angel Zerpa,reliever,RP,
MIL,687075,Brandon Sproat,reliever,RP,
MIL,692230,Carlos Rodriguez,reliever,RP,
MIL,,Coleman Crow,reliever,RP,
MIL,684974,Craig Yoho,reliever,RP,
MIL,669084,DL Hall,reliever,RP,
MIL,680723,Drew Rom,reliever,RP,
MIL,668834,Easton McGee,reliever,RP,
MIL,642520,Gerson Garabito,reliever,RP,
MIL,681982,Grant Anderson,reliever,RP,
MIL,656266,J.B. Bukauskas,reliever,RP,
MIL,621097,Jacob Waguespack,reliever,RP,
MIL,657649,Jared Koenig,reliever,RP,
MIL,690986,Kyle Harrison,reliever,RP,
MIL,657265,Peter Strzelecki,reliever,RP,
MIL,642239,Rob Zastryzny,reliever,RP,
MIL,688107,Robert Gasser,reliever,RP,
MIL,671111,Sammy Peralta,reliever,RP,
MIL,,Shane Drohan,reliever,RP,
MIN,686797,Brooks Lee,starter_hitter,SS,
MIN,621439,Byron Buxton,starter_hitter,CF,
MIN,605137,Josh Bell,starter_hitter,1B,
MIN,807712,Luke Keaschall,starter_hitter,2B,
MIN,670242,Matt Wallner,starter_hitter,RF,
MIN,668904,Royce Lewis,starter_hitter,3B,
MIN,680777,Ryan Jeffers,starter_hitter,C,
MIN,663616,Trevor Larnach,starter_hitter,LF,
MIN,605170,Victor Caratini,starter_hitter,DH,
MIN,702176,Alan Roden,bench_hitter,LF,
MIN,656577,Alex Jackson,bench_hitter,C,
MIN,668885,Austin Martin,bench_hitter,CF,
MIN,675915,David Bañuelos,bench_hitter,C,
MIN,,Emmanuel Rodriguez,bench_hitter,CF,
MIN,676572,Eric Wagaman,bench_hitter,1B,
MIN,,Gabriel Gonzalez,bench_hitter,LF,
MIN,681546,James Outman,bench_hitter,CF,
MIN,665019,Kody Clemens,bench_hitter,2B,
MIN,668952,Ryan Kreidler,bench_hitter,2B,
MIN,656484,Tristan Gray,bench_hitter,2B,
MIN,641927,Bailey Ober,starter_pitcher,SP,
MIN,657746,Joe Ryan,starter_pitcher,SP,
MIN,641154,Pablo López,starter_pitcher,SP,
MIN,680573,Simeon Woods Richardson,starter_pitcher,SP,
MIN,671737,Taj Bradley,starter_pitcher,SP,
MIN,805673,Zebby Matthews,starter_pitcher,SP,
MIN,573124,Taylor Rogers,closer,RP,
MIN,,Andrew Morris,reliever,RP,
MIN,607455,Anthony Banda,reliever,RP,
MIN,663485,Cole Sands,reliever,RP,
MIN,,Connor Prielipp,reliever,RP,
MIN,701581,David Festa,reliever,RP,
MIN,679358,Eric Orze,reliever,RP,
MIN,701643,Grant Hartwig,reliever,RP,
MIN,,John Klein,reliever,RP,
MIN,657240,Julian Merryweather,reliever,RP,
MIN,623437,Justin Topa,reliever,RP,
MIN,,Kendry Rojas,reliever,RP,
MIN,681892,Kody Funderburk,reliever,RP,
MIN,,Marco Raya,reliever,RP,
MIN,690953,Mick Abel,reliever,RP,
MIN,701519,Travis Adams,reliever,RP,
NYM,666182,Bo Bichette,starter_hitter,3B,
NYM,683146,Brett Baty,starter_hitter,DH,
NYM,,Carson Benge,starter_hitter,RF,
NYM,682626,Francisco Alvarez,starter_hitter,C,
NYM,596019,Francisco Lindor,starter_hitter,SS,
NYM,593871,Jorge Polanco,starter_hitter,1B,
NYM,665742,Juan Soto,starter_hitter,LF,
NYM,673357,Luis Robert Jr.,starter_hitter,CF,
NYM,543760,Marcus Semien,starter_hitter,2B,
NYM,624414,Christian Arroyo,bench_hitter,3B,
NYM,665506,Cristian Pache,bench_hitter,CF,
NYM,666197,Grae Kessinger,bench_hitter,SS,
NYM,663584,Hayden Senger,bench_hitter,C,
NYM,676724,Jared Young,bench_hitter,LF,
NYM,678225,Ji Hwan Bae,bench_hitter,CF,
NYM,670351,Jose Rojas,bench_hitter,LF,
NYM,620443,Luis Torrens,bench_hitter,C,
NYM,669004,MJ Melendez,bench_hitter,LF,
NYM,668901,Mark Vientos,bench_hitter,1B,
NYM,,Nick Morabito,bench_hitter,CF,
NYM,677595,Ronny Mauricio,bench_hitter,2B,
NYM,621438,Tyrone Taylor,bench_hitter,CF,
NYM,660644,Vidal Bruján,bench_hitter,SS,
NYM,605280,Clay Holmes,starter_pitcher,SP,
NYM,656849,David Peterson,starter_pitcher,SP,
NYM,642547,Freddy Peralta,starter_pitcher,SP,
NYM,673540,Kodai Senga,starter_pitcher,SP,
NYM,690997,Nolan McLean,starter_pitcher,SP,
NYM,640455,Sean Manaea,starter_pitcher,SP,
NYM,656731,Tylor Megill,starter_pitcher,SP,
NYM,642207,Devin Williams,closer,RP,
NYM,640470,Adbert Alzolay,reliever,RP,
NYM,,Alex Carrillo,reliever,RP,
NYM,644429,Anderson Severino,reliever,RP,
NYM,681810,Austin Warren,reliever,RP,
NYM,663399,Brandon Waddell,reliever,RP,
NYM,548384,Brooks Raley,reliever,RP,
NYM,663542,Bryan Hudson,reliever,RP,
NYM,681035,Christian Scott,reliever,RP,
NYM,650960,Daniel Duarte,reliever,RP,
NYM,,Dylan Ross,reliever,RP,
NYM,623211,Huascar Brazobán,reliever,RP,
NYM,682175,Joe Jacques,reliever,RP,
NYM,680702,Joey Gerber,reliever,RP,
NYM,804636,Jonah Tong,reliever,RP,
NYM,,Jonathan Pintaro,reliever,RP,
NYM,663795,Justin Hagenman,reliever,RP,
NYM,643361,Kevin Herget,reliever,RP,
NYM,472610,Luis García,reliever,RP,
NYM,596133,Luke Weaver,reliever,RP,
NYM,657508,Mike Baumann,reliever,RP,
NYM,,Nate Lavender,reliever,RP,
NYM,476594,Robert Stock,reliever,RP,
NYM,668964,Tobias Myers,reliever,RP,
NYY,592450,Aaron Judge,starter_hitter,RF,
NYY,669224,Austin Wells,starter_hitter,C,
NYY,700250,Ben Rice,starter_hitter,1B,
NYY,641355,Cody Bellinger,starter_hitter,LF,
NYY,519317,Giancarlo Stanton,starter_hitter,DH,
NYY,665862,Jazz Chisholm Jr.,starter_hitter,2B,
NYY,676609,José Caballero,starter_hitter,SS,
NYY,641857,Ryan McMahon,starter_hitter,3B,
NYY,663757,Trent Grisham,starter_hitter,CF,
NYY,645305,Ali Sánchez,bench_hitter,C,
NYY,642708,Amed Rosario,bench_hitter,2B,
NYY,683011,Anthony Volpe,bench_hitter,SS,
NYY,669699,Braden Shewmake,bench_hitter,SS,
NYY,668752,Duke Ellis,bench_hitter,CF,
NYY,641555,J.C. Escarra,bench_hitter,C,
NYY,691176,Jasson Domínguez,bench_hitter,LF,
NYY,680716,Jonathan Ornelas,bench_hitter,SS,
NYY,678391,Jorbit Vivas,bench_hitter,2B,
NYY,,Kenedy Corona,bench_hitter,CF,
NYY,682617,Marco Luciano,bench_hitter,LF,
NYY,680474,Max Schuemann,bench_hitter,2B,
NYY,665828,Oswaldo Cabrera,bench_hitter,CF,
NYY,502671,Paul Goldschmidt,bench_hitter,1B,
NYY,668721,Payton Henry,bench_hitter,C,
NYY,664913,Seth Brown,bench_hitter,LF,
NYY,,Spencer Jones,bench_hitter,CF,
NYY,670097,Zack Short,bench_hitter,SS,
NYY,693645,Cam Schlittler,starter_pitcher,SP,
NYY,607074,Carlos Rodón,starter_pitcher,SP,
NYY,657376,Clarke Schmidt,starter_pitcher,SP,
NYY,543037,Gerrit Cole,starter_pitcher,SP,
NYY,661563,Luis Gil,starter_pitcher,SP,
NYY,608331,Max Fried,starter_pitcher,SP,
NYY,677960,Ryan Weathers,starter_pitcher,SP,
NYY,701542,Will Warren,starter_pitcher,SP,
NYY,670280,David Bednar,closer,RP,
NYY,680572,Adam Kloffenstein,reliever,RP,
NYY,683409,Angel Chivilli,reliever,RP,
NYY,687396,Brent Headrick,reliever,RP,
NYY,,Cade Winquest,reliever,RP,
NYY,666808,Camilo Doval,reliever,RP,
NYY,,Dom Hamel,reliever,RP,
NYY,669395,Dylan Coleman,reliever,RP,
NYY,,Elmer Rodríguez,reliever,RP,
NYY,518585,Fernando Cruz,reliever,RP,
NYY,656234,Jake Bird,reliever,RP,
NYY,665645,Kervin Castro,reliever,RP,
NYY,674370,Osvaldo Bido,reliever,RP,
NYY,621112,Paul Blackburn,reliever,RP,
NYY,642232,Ryan Yarbrough,reliever,RP,
NYY,657612,Tim Hill,reliever,RP,
NYY,660787,Yerry De los Santos,reliever,RP,
PHI,666969,Adolis García,starter_hitter,RF,
PHI,664761,Alec Bohm,starter_hitter,3B,
PHI,669016,Brandon Marsh,starter_hitter,LF,
PHI,547180,Bryce Harper,starter_hitter,1B,
PHI,681082,Bryson Stott,starter_hitter,2B,
PHI,592663,J.T. Realmuto,starter_hitter,C,
PHI,,Justin Crawford,starter_hitter,CF,
PHI,656941,Kyle Schwarber,starter_hitter,DH,
PHI,607208,Trea Turner,starter_hitter,SS,
PHI,650559,Bryan De La Cruz,bench_hitter,RF,
PHI,624641,Edmundo Sosa,bench_hitter,2B,
PHI,,Gabriel Rincones Jr.,bench_hitter,RF,
PHI,596117,Garrett Stubbs,bench_hitter,C,
PHI,679032,Johan Rojas,bench_hitter,CF,
PHI,678894,Liover Peguero,bench_hitter,SS,
PHI,656627,Mark Kolozsvary,bench_hitter,C,
PHI,805249,Otto Kemp,bench_hitter,2B,
PHI,694175,Pedro León,bench_hitter,CF,
PHI,665561,Rafael Marchán,bench_hitter,C,
PHI,650907,René Pinto,bench_hitter,C,
PHI,605400,Aaron Nola,starter_pitcher,SP,
PHI,,Andrew Painter,starter_pitcher,SP,
PHI,650911,Cristopher Sánchez,starter_pitcher,SP,
PHI,666200,Jesús Luzardo,starter_pitcher,SP,
PHI,592836,Taijuan Walker,starter_pitcher,SP,
PHI,554430,Zack Wheeler,starter_pitcher,SP,
PHI,661395,Jhoan Duran,closer,RP,
PHI,660604,Alan Rangel,reliever,RP,
PHI,641745,Brad Keller,reliever,RP,
PHI,669060,Bryse Wilson,reliever,RP,
PHI,663767,Chase Shugart,reliever,RP,
PHI,642016,Daniel Robert,reliever,RP,
PHI,,Jean Cabrera,reliever,RP,
PHI,680742,Jonathan Bowlan,reliever,RP,
PHI,642546,Jonathan Hernández,reliever,RP,
PHI,621237,José Alvarado,reliever,RP,
PHI,679775,Kyle Backhus,reliever,RP,
PHI,686651,Levi Stoudt,reliever,RP,
PHI,676661,Max Lazar,reliever,RP,
PHI,675650,Michael Mercado,reliever,RP,
PHI,,Nolan Hoffman,reliever,RP,
PHI,689147,Orion Kerkering,reliever,RP,
PHI,686751,Seth Johnson,reliever,RP,
PHI,621383,Tanner Banks,reliever,RP,
PHI,656353,Tucker Davidson,reliever,RP,
PHI,,Yoniel Curet,reliever,RP,
PHI,,Zach McCambley,reliever,RP,
PHI,647315,Zach Pop,reliever,RP,
PIT,664040,Brandon Lowe,starter_hitter,2B,
PIT,668804,Bryan Reynolds,starter_hitter,RF,
PIT,669707,Jared Triolo,starter_hitter,3B,
PIT,663698,Joey Bart,starter_hitter,C,
PIT,542303,Marcell Ozuna,starter_hitter,DH,
PIT,693304,Nick Gonzales,starter_hitter,SS,
PIT,665833,Oneil Cruz,starter_hitter,CF,
PIT,656811,Ryan O'Hearn,starter_hitter,LF,
PIT,687462,Spencer Horwitz,starter_hitter,1B,
PIT,675961,Alika Williams,bench_hitter,SS,
PIT,695257,Billy Cook,bench_hitter,CF,
PIT,673995,Davis Wendzel,bench_hitter,SS,
PIT,666150,Dominic Fletcher,bench_hitter,CF,
PIT,682848,Endy Rodríguez,bench_hitter,C,
PIT,665839,Enmanuel Valdez,bench_hitter,1B,
PIT,680779,Henry Davis,bench_hitter,C,
PIT,669261,Jack Suwinski,bench_hitter,CF,
PIT,663968,Jake Mangum,bench_hitter,CF,
PIT,,Jhostynxon Garcia,bench_hitter,CF,
PIT,694377,Nick Yorke,bench_hitter,2B,
PIT,,Rafael Flores Jr.,bench_hitter,C,
PIT,682927,Ronny Simon,bench_hitter,LF,
PIT,677952,Braxton Ashcraft,starter_pitcher,SP,
PIT,696149,Bubba Chandler,starter_pitcher,SP,
PIT,683003,Jared Jones,starter_pitcher,SP,
PIT,664353,José Urquidy,starter_pitcher,SP,
PIT,656605,Mitch Keller,starter_pitcher,SP,
PIT,694973,Paul Skenes,starter_pitcher,SP,
PIT,642701,Dennis Santana,closer,RP,
PIT,663366,Beau Burrows,reliever,RP,
PIT,,Brandan Bidois,reliever,RP,
PIT,676742,Cam Sanders,reliever,RP,
PIT,669387,Carmen Mlodzinski,reliever,RP,
PIT,681895,Evan Sisk,reliever,RP,
PIT,642397,Gregory Soto,reliever,RP,
PIT,,Hunter Barco,reliever,RP,
PIT,676755,Isaac Mattson,reliever,RP,
PIT,686747,Joe La Sorsa,reliever,RP,
PIT,664875,Justin Lawrence,reliever,RP,
PIT,693312,Kyle Nicolas,reliever,RP,
PIT,682254,Mason Montgomery,reliever,RP,
PIT,690382,Michael Darrell-Hicks,reliever,RP,
PIT,663562,Noah Davis,reliever,RP,
PIT,,Ryan Harbin,reliever,RP,
PIT,802419,Thomas Harrington,reliever,RP,
PIT,,Wilber Dotel,reliever,RP,
PIT,670990,Yohan Ramírez,reliever,RP,
SDP,665487,Fernando Tatis Jr.,starter_hitter,RF,
SDP,666023,Freddy Fermin,starter_hitter,C,
SDP,657757,Gavin Sheets,starter_hitter,1B,
SDP,701538,Jackson Merrill,starter_hitter,CF,
SDP,630105,Jake Cronenworth,starter_hitter,2B,
SDP,592518,Manny Machado,starter_hitter,3B,
SDP,609280,Miguel Andujar,starter_hitter,DH,
SDP,657656,Ramón Laureano,starter_hitter,LF,
SDP,593428,Xander Bogaerts,starter_hitter,SS,
SDP,,Blake Hunt,bench_hitter,C,
SDP,669369,Bryce Johnson,bench_hitter,CF,
SDP,,Carlos Rodríguez,bench_hitter,LF,
SDP,669304,Jose Miranda,bench_hitter,3B,
SDP,669134,Luis Campusano,bench_hitter,C,
SDP,669200,Mason McCoy,bench_hitter,SS,
SDP,669256,Nick Solak,bench_hitter,LF,
SDP,622569,Pablo Reyes,bench_hitter,2B,
SDP,669392,Samad Taylor,bench_hitter,2B,
SDP,,Sung-Mun Song,bench_hitter,2B,
SDP,,Tirso Ornelas,bench_hitter,LF,
SDP,695238,Will Wagner,bench_hitter,2B,
SDP,676664,JP Sears,starter_pitcher,SP,
SDP,605397,Joe Musgrove,starter_pitcher,SP,
SDP,650633,Michael King,starter_pitcher,SP,
SDP,601713,Nick Pivetta,starter_pitcher,SP,
SDP,681190,Randy Vásquez,starter_pitcher,SP,
SDP,506433,Yu Darvish,starter_pitcher,SP,
SDP,695243,Mason Miller,closer,RP,
SDP,670970,Adrian Morejon,reliever,RP,
SDP,689690,Alek Jacob,reliever,RP,
SDP,699134,Bradgley Rodriguez,reliever,RP,
SDP,663773,Bryan Hoeing,reliever,RP,
SDP,592769,D.J. Snelten,reliever,RP,
SDP,,Daison Acosta,reliever,RP,
SDP,688158,David Morgan,reliever,RP,
SDP,,Garrett Hawkins,reliever,RP,
SDP,680232,Jackson Wolf,reliever,RP,
SDP,669093,Jeremiah Estrada,reliever,RP,
SDP,606996,Kyle Hart,reliever,RP,
SDP,670810,Logan Gillaspie,reliever,RP,
SDP,663362,Matt Waldron,reliever,RP,
SDP,,Omar Cruz,reliever,RP,
SDP,666207,Riley Pint,reliever,RP,
SDP,676760,Ron Marinaccio,reliever,RP,
SDP,663474,Triston McKenzie,reliever,RP,
SDP,686654,Ty Adcock,reliever,RP,
SDP,593974,Wandy Peralta,reliever,RP,
SDP,673513,Yuki Matsui,reliever,RP,
SEA,680977,Brendan Donovan,starter_hitter,3B,
SEA,663728,Cal Raleigh,starter_hitter,C,
SEA,702284,Cole Young,starter_hitter,2B,
SEA,686527,Dominic Canzone,starter_hitter,DH,
SEA,641487,J.P. Crawford,starter_hitter,SS,
SEA,647304,Josh Naylor,starter_hitter,1B,
SEA,677594,Julio Rodríguez,starter_hitter,CF,
SEA,668227,Randy Arozarena,starter_hitter,LF,
SEA,645302,Victor Robles,starter_hitter,RF,
SEA,668800,Andrew Knizner,bench_hitter,C,
SEA,,Brennen Davis,bench_hitter,LF,
SEA,657247,Brian O'Keefe,bench_hitter,C,
SEA,656582,Connor Joe,bench_hitter,1B,
SEA,656883,Jakson Reetz,bench_hitter,C,
SEA,640902,Jhonny Pereda,bench_hitter,C,
SEA,660844,Leo Rivas,bench_hitter,2B,
SEA,670042,Luke Raley,bench_hitter,1B,
SEA,670156,Miles Mastrobuoni,bench_hitter,3B,
SEA,621550,Patrick Wisdom,bench_hitter,1B,
SEA,,Rhylan Thomas,bench_hitter,RF,
SEA,608701,Rob Refsnyder,bench_hitter,CF,
SEA,669208,Ryan Bliss,bench_hitter,2B,
SEA,669717,Will Wilson,bench_hitter,SS,
SEA,693433,Bryan Woo,starter_pitcher,SP,
SEA,682243,Bryce Miller,starter_pitcher,SP,
SEA,669923,George Kirby,starter_pitcher,SP,
SEA,688138,Logan Evans,starter_pitcher,SP,
SEA,669302,Logan Gilbert,starter_pitcher,SP,
SEA,622491,Luis Castillo,starter_pitcher,SP,
SEA,662253,Andrés Muñoz,closer,RP,
SEA,,Alex Hoppe,reliever,RP,
SEA,685116,Austin Kitchen,reliever,RP,
SEA,,Blas Castaño,reliever,RP,
SEA,672841,Carlos Vargas,reliever,RP,
SEA,596271,Casey Lawrence,reliever,RP,
SEA,668984,Casey Legumina,reliever,RP,
SEA,,Cole Wilcox,reliever,RP,
SEA,681867,Cooper Criswell,reliever,RP,
SEA,641540,Dane Dunning,reliever,RP,
SEA,,Domingo Gonzalez,reliever,RP,
SEA,660825,Eduard Bazardo,reliever,RP,
SEA,676106,Emerson Hancock,reliever,RP,
SEA,642100,Gabe Speier,reliever,RP,
SEA,670871,Guillo Zuñiga,reliever,RP,
SEA,646242,Jhonathan Díaz,reliever,RP,
SEA,678606,Jose A. Ferrer,reliever,RP,
SEA,666374,Matt Brash,reliever,RP,
SEA,621074,Michael Rucker,reliever,RP,
SEA,677976,Randy Dobnak,reliever,RP,
SEA,,Robinson Ortiz,reliever,RP,
SEA,702795,Ryan Loutos,reliever,RP,
SEA,700187,Troy Taylor,reliever,RP,
SEA,691172,Yosver Zulueta,reliever,RP,
SFG,805811,Bryce Eldridge,starter_hitter,DH,
SFG,664056,Harrison Bader,starter_hitter,CF,
SFG,671218,Heliot Ramos,starter_hitter,LF,
SFG,808982,Jung Hoo Lee,starter_hitter,RF,
SFG,650333,Luis Arraez,starter_hitter,2B,
SFG,656305,Matt Chapman,starter_hitter,3B,
SFG,672275,Patrick Bailey,starter_hitter,C,
SFG,646240,Rafael Devers,starter_hitter,1B,
SFG,642715,Willy Adames,starter_hitter,SS,
SFG,671083,Buddy Kennedy,bench_hitter,3B,
SFG,669477,Casey Schmitt,bench_hitter,2B,
SFG,683766,Christian Koss,bench_hitter,2B,
SFG,,Daniel Susac,bench_hitter,C,
SFG,,Diego Cartaya,bench_hitter,C,
SFG,687551,Drew Gilbert,bench_hitter,CF,
SFG,606992,Eric Haase,bench_hitter,C,
SFG,687529,Grant McCray,bench_hitter,CF,
SFG,666931,Jared Oliva,bench_hitter,RF,
SFG,666464,Jerar Encarnacion,bench_hitter,1B,
SFG,,Jesus Rodriguez,bench_hitter,C,
SFG,682515,Logan Porter,bench_hitter,C,
SFG,682641,Luis Matos,bench_hitter,RF,
SFG,678545,Osleivis Basabe,bench_hitter,SS,
SFG,666149,Tyler Fitzgerald,bench_hitter,2B,
SFG,605288,Adrian Houser,starter_pitcher,SP,
SFG,694738,Landen Roupp,starter_pitcher,SP,
SFG,657277,Logan Webb,starter_pitcher,SP,
SFG,592662,Robbie Ray,starter_pitcher,SP,
SFG,641816,Tyler Mahle,starter_pitcher,SP,
SFG,676254,Ryan Walker,closer,RP,
SFG,694918,Blade Tidwell,reliever,RP,
SFG,668873,Caleb Kilian,reliever,RP,
SFG,693313,Carson Seymour,reliever,RP,
SFG,687931,Carson Whisenhunt,reliever,RP,
SFG,669062,Erik Miller,reliever,RP,
SFG,666619,Gregory Santos,reliever,RP,
SFG,806185,Hayden Birdsong,reliever,RP,
SFG,664141,JT Brubaker,reliever,RP,
SFG,666711,Joel Peguero,reliever,RP,
SFG,676130,José Buttó,reliever,RP,
SFG,676775,Keaton Winn,reliever,RP,
SFG,657424,Matt Gage,reliever,RP,
SFG,676606,Nick Margevicius,reliever,RP,
SFG,665665,Reiver Sanmartin,reliever,RP,
SFG,656529,Sam Hentges,reliever,RP,
SFG,702352,Spencer Bivens,reliever,RP,
SFG,686790,Trevor McDonald,reliever,RP,
SFG,663941,Tristan Beck,reliever,RP,
STL,676475,Alec Burleson,starter_hitter,1B,
STL,671056,Iván Herrera,starter_hitter,DH,
STL,,JJ Wetherholt,starter_hitter,2B,
STL,691023,Jordan Walker,starter_hitter,RF,
STL,663457,Lars Nootbaar,starter_hitter,LF,
STL,691026,Masyn Winn,starter_hitter,SS,
STL,669357,Nolan Gorman,starter_hitter,3B,
STL,686780,Pedro Pagés,starter_hitter,C,
STL,687363,Victor Scott II,starter_hitter,CF,
STL,676632,Bligh Madris,bench_hitter,1B,
STL,682868,Bryan Ramos,bench_hitter,3B,
STL,,Bryan Torres,bench_hitter,2B,
STL,,César Prieto,bench_hitter,3B,
STL,699625,Jimmy Crooks,bench_hitter,C,
STL,,Joshua Baez,bench_hitter,RF,
STL,665877,José Fermín,bench_hitter,2B,
STL,,Leonardo Bernal,bench_hitter,C,
STL,,Matt Koperniak,bench_hitter,RF,
STL,701675,Nathan Church,bench_hitter,CF,
STL,676369,Nelson Velázquez,bench_hitter,RF,
STL,695336,Thomas Saggese,bench_hitter,2B,
STL,650968,Yohel Pozo,bench_hitter,C,
STL,669467,Andre Pallante,starter_pitcher,SP,
STL,669160,Dustin May,starter_pitcher,SP,
STL,681517,Kyle Leahy,starter_pitcher,SP,
STL,669461,Matthew Liberatore,starter_pitcher,SP,
STL,700241,Michael McGreevy,starter_pitcher,SP,
STL,668941,JoJo Romero,closer,RP,
STL,676617,Riley O'Brien,closer,RP,
STL,669145,Bruce Zimmermann,reliever,RP,
STL,,Brycen Mautz,reliever,RP,
STL,688297,Chris Roycroft,reliever,RP,
STL,666277,George Soriano,reliever,RP,
STL,,Gerson Moreno,reliever,RP,
STL,700669,Gordon Graceffo,reliever,RP,
STL,690928,Hunter Dobbins,reliever,RP,
STL,694363,Jared Shuster,reliever,RP,
STL,677865,Justin Bruihl,reliever,RP,
STL,,Matt Pushard,reliever,RP,
STL,694335,Matt Svanson,reliever,RP,
STL,,Nick Raquet,reliever,RP,
STL,676050,Packy Naughton,reliever,RP,
STL,690916,Richard Fitts,reliever,RP,
STL,681676,Ryan Fernandez,reliever,RP,
STL,592773,Ryne Stanek,reliever,RP,
STL,656240,Scott Blewett,reliever,RP,
STL,,Tink Hence,reliever,RP,
STL,668868,Zack Thompson,reliever,RP,
TBR,656775,Cedric Mullins,starter_hitter,CF,
TBR,802415,Chandler Simpson,starter_hitter,LF,
TBR,666158,Gavin Lux,starter_hitter,2B,
TBR,641584,Jake Fraley,starter_hitter,RF,
TBR,666018,Jonathan Aranda,starter_hitter,1B,
TBR,691406,Junior Caminero,starter_hitter,3B,
TBR,663743,Nick Fortes,starter_hitter,C,
TBR,670764,Taylor Walls,starter_hitter,SS,
TBR,650490,Yandy Díaz,starter_hitter,DH,
TBR,810938,Ben Williamson,bench_hitter,2B,
TBR,666165,Blake Sabol,bench_hitter,C,
TBR,700246,Carson Williams,bench_hitter,SS,
TBR,,Dominic Keegan,bench_hitter,C,
TBR,658668,Edward Olivares,bench_hitter,RF,
TBR,676439,Hunter Feduccia,bench_hitter,C,
TBR,689200,Jacob Melton,bench_hitter,CF,
TBR,676356,Jonny DeLuca,bench_hitter,CF,
TBR,669234,Justyn-Henry Malloy,bench_hitter,CF,
TBR,669722,Logan Davidson,bench_hitter,1B,
TBR,686482,Logan Driscoll,bench_hitter,C,
TBR,680700,Richie Palacios,bench_hitter,RF,
TBR,668723,Ryan Vilade,bench_hitter,RF,
TBR,683748,Victor Mesa Jr.,bench_hitter,CF,
TBR,656876,Drew Rasmussen,starter_pitcher,SP,
TBR,607259,Nick Martinez,starter_pitcher,SP,
TBR,686752,Ryan Pepiot,starter_pitcher,SP,
TBR,663556,Shane McClanahan,starter_pitcher,SP,
TBR,571927,Steven Matz,starter_pitcher,SP,
TBR,670955,Edwin Uceta,closer,RP,
TBR,664076,Garrett Cleavinger,closer,RP,
TBR,643377,Griffin Jax,closer,RP,
TBR,681806,Andrew Wantz,reliever,RP,
TBR,641329,Bryan Baker,reliever,RP,
TBR,592155,Cam Booser,reliever,RP,
TBR,,Cam Robinson,reliever,RP,
TBR,642121,Cole Sulser,reliever,RP,
TBR,685801,Hunter Bigge,reliever,RP,
TBR,693855,Ian Seymour,reliever,RP,
TBR,663765,Jake Woodford,reliever,RP,
TBR,669947,Jesse Scholtens,reliever,RP,
TBR,671212,Joe Boyle,reliever,RP,
TBR,697812,Joe Rock,reliever,RP,
TBR,687330,Kevin Kelly,reliever,RP,
TBR,676831,Kodi Whitley,reliever,RP,
TBR,692285,Luis Guerrero,reliever,RP,
TBR,669438,Mason Englert,reliever,RP,
TBR,621051,Steven Wilson,reliever,RP,
TBR,672782,Yoendrys Gómez,reliever,RP,
TEX,607043,Brandon Nimmo,starter_hitter,RF,
TEX,608369,Corey Seager,starter_hitter,SS,
TEX,643376,Danny Jansen,starter_hitter,C,
TEX,694497,Evan Carter,starter_hitter,CF,
TEX,669394,Jake Burger,starter_hitter,1B,
TEX,592626,Joc Pederson,starter_hitter,DH,
TEX,673962,Josh Jung,starter_hitter,3B,
TEX,669701,Josh Smith,starter_hitter,2B,
TEX,694671,Wyatt Langford,starter_hitter,LF,
TEX,696030,Alejandro Osuna,bench_hitter,LF,
TEX,623205,Andrew Velazquez,bench_hitter,SS,
TEX,683227,Cody Freeman,bench_hitter,3B,
TEX,677649,Ezequiel Duran,bench_hitter,2B,
TEX,681146,Jonah Bride,bench_hitter,3B,
TEX,645444,Jose Herrera,bench_hitter,C,
TEX,679822,Justin Foscue,bench_hitter,2B,
TEX,543309,Kyle Higashioka,bench_hitter,C,
TEX,680737,Michael Helman,bench_hitter,CF,
TEX,668472,Nick Pratto,bench_hitter,1B,
TEX,621006,Richie Martin,bench_hitter,SS,
TEX,664059,Sam Haggerty,bench_hitter,CF,
TEX,680862,Willie MacIver,bench_hitter,C,
TEX,674003,Cody Bradford,starter_pitcher,SP,
TEX,683004,Jack Leiter,starter_pitcher,SP,
TEX,656641,Jacob Latz,starter_pitcher,SP,
TEX,594798,Jacob deGrom,starter_pitcher,SP,
TEX,656756,Jordan Montgomery,starter_pitcher,SP,
TEX,669022,MacKenzie Gore,starter_pitcher,SP,
TEX,543135,Nathan Eovaldi,starter_pitcher,SP,
TEX,676395,Robert Garcia,closer,RP,
TEX,664747,Alexis Díaz,reliever,RP,
TEX,,Carter Baumler,reliever,RP,
TEX,455119,Chris Martin,reliever,RP,
TEX,668390,Cole Winn,reliever,RP,
TEX,,David Davalillo,reliever,RP,
TEX,,Emiliano Teodo,reliever,RP,
TEX,596001,Jakob Junis,reliever,RP,
TEX,,Jose Corniell,reliever,RP,
TEX,622250,Josh Sborz,reliever,RP,
TEX,677958,Kumar Rocker,reliever,RP,
TEX,,Leandro Lopez,reliever,RP,
TEX,681168,Luis Curvelo,reliever,RP,
TEX,687847,Marc Church,reliever,RP,
TEX,666168,Mason Thompson,reliever,RP,
TEX,671305,Michel Otañez,reliever,RP,
TEX,641907,Patrick Murphy,reliever,RP,
TEX,,Trey Supak,reliever,RP,
TEX,641302,Tyler Alexander,reliever,RP,
TEX,,Winston Santos,reliever,RP,
TOR,680718,Addison Barger,starter_hitter,RF,
TOR,672386,Alejandro Kirk,starter_hitter,C,
TOR,665926,Andrés Giménez,starter_hitter,SS,
TOR,662139,Daulton Varsho,starter_hitter,CF,
TOR,676391,Ernie Clement,starter_hitter,2B,
TOR,543807,George Springer,starter_hitter,DH,
TOR,660821,Jesús Sánchez,starter_hitter,LF,
TOR,,Kazuma Okamoto,starter_hitter,3B,1.5
TOR,665489,Vladimir Guerrero Jr.,starter_hitter,1B,
TOR,623993,Anthony Santander,bench_hitter,CF,
TOR,,Brandon Valenzuela,bench_hitter,C,
TOR,,C.J. Stubbs,bench_hitter,C,
TOR,676914,Davis Schneider,bench_hitter,2B,
TOR,682729,Jonatan Clase,bench_hitter,CF,
TOR,677870,Leo Jiménez,bench_hitter,2B,
TOR,664702,Myles Straw,bench_hitter,CF,
TOR,664770,Nathan Lukes,bench_hitter,CF,
TOR,,Rafael Lantigua,bench_hitter,2B,
TOR,623168,Tyler Heineman,bench_hitter,C,
TOR,670102,Bowden Francis,starter_pitcher,SP,
TOR,664074,Cody Ponce,starter_pitcher,SP,
TOR,656302,Dylan Cease,starter_pitcher,SP,
TOR,814005,Jake Bloss,starter_pitcher,SP,
TOR,621244,José Berríos,starter_pitcher,SP,
TOR,592332,Kevin Gausman,starter_pitcher,SP,
TOR,669456,Shane Bieber,starter_pitcher,SP,
TOR,702056,Trey Yesavage,starter_pitcher,SP,
TOR,656546,Jeff Hoffman,closer,RP,
TOR,,Adam Macko,reliever,RP,
TOR,680755,Braydon Fisher,reliever,RP,
TOR,663893,Brendon Little,reliever,RP,
TOR,695445,Chase Lee,reliever,RP,
TOR,657756,Connor Seabold,reliever,RP,
TOR,641778,Eric Lauer,reliever,RP,
TOR,676596,Josh Fleming,reliever,RP,
TOR,681751,Lazaro Estrada,reliever,RP,
TOR,686973,Louis Varland,reliever,RP,
TOR,689254,Mason Fluharty,reliever,RP,
TOR,674681,Michael Plassmeyer,reliever,RP,
TOR,,Ricky Tiedemann,reliever,RP,
TOR,667297,Tommy Nance,reliever,RP,
TOR,643511,Tyler Rogers,reliever,RP,
TOR,554340,Yimi García,reliever,RP,
WSN,691781,Brady House,starter_hitter,3B,
WSN,682928,CJ Abrams,starter_hitter,SS,
WSN,695734,Daylen Lile,starter_hitter,LF,
WSN,686611,Dylan Crews,starter_hitter,RF,
WSN,696285,Jacob Young,starter_hitter,CF,
WSN,695578,James Wood,starter_hitter,DH,
WSN,660688,Keibert Ruiz,starter_hitter,C,
WSN,671277,Luis García Jr.,starter_hitter,1B,
WSN,683083,Nasim Nuñez,starter_hitter,2B,
WSN,,Abimelec Ortiz,bench_hitter,1B,
WSN,665953,Andrés Chaparro,bench_hitter,1B,
WSN,,Christian Franklin,bench_hitter,CF,
WSN,686452,Drew Millas,bench_hitter,C,
WSN,,Harry Ford,bench_hitter,C,
WSN,686894,Joey Wiemer,bench_hitter,CF,
WSN,677588,José Tena,bench_hitter,2B,
WSN,682119,Levi Jordan,bench_hitter,SS,
WSN,670223,Matt Mervis,bench_hitter,1B,
WSN,682619,Orelvis Martinez,bench_hitter,2B,
WSN,656180,Riley Adams,bench_hitter,C,
WSN,690987,Robert Hassell III,bench_hitter,CF,
WSN,642727,Sergio Alcántara,bench_hitter,SS,
WSN,668663,Tres Barrera,bench_hitter,C,
WSN,702358,Trey Lipscomb,bench_hitter,3B,
WSN,682653,Warming Bernabel,bench_hitter,1B,
WSN,695418,Brad Lord,starter_pitcher,SP,
WSN,676917,Cade Cavalli,starter_pitcher,SP,
WSN,687792,DJ Herz,starter_pitcher,SP,
WSN,656492,Foster Griffin,starter_pitcher,SP,
WSN,680686,Josiah Gray,starter_pitcher,SP,
WSN,571945,Miles Mikolas,starter_pitcher,SP,
WSN,592866,Trevor Williams,starter_pitcher,SP,
WSN,690925,Clayton Beeter,closer,RP,
WSN,669371,Cole Henry,closer,RP,
WSN,701552,Andre Granillo,reliever,RP,
WSN,674841,Andrew Alvarez,reliever,RP,
WSN,691251,Andry Lara,reliever,RP,
WSN,656755,Bryce Montes de Oca,reliever,RP,
WSN,,Griff McGarry,reliever,RP,
WSN,681402,Gus Varland,reliever,RP,
WSN,671131,Jackson Rutledge,reliever,RP,
WSN,671109,Jake Eder,reliever,RP,
WSN,663623,Jake Irvin,reliever,RP,
WSN,642759,Julian Fernández,reliever,RP,
WSN,686610,Ken Waldichuk,reliever,RP,
WSN,,Luis Perales,reliever,RP,
WSN,680730,Mitchell Parker,reliever,RP,
WSN,687377,Orlando Ribalta,reliever,RP,
WSN,676571,PJ Poulin,reliever,RP,
WSN,687606,Paxton Schultz,reliever,RP,
WSN,663992,Richard Lovelady,reliever,RP,
WSN,,Riley Cornelio,reliever,RP,
WSN,829272,Shinnosuke Ogasawara,reliever,RP,
WSN,683068,Zach Penrod,reliever,RP,
