Name,Team,Level,Age,W,L,ERA,G,GS,CG,ShO,SV,BS,HLD,IP,TBF,H,R,ER,HR,BB,IBB,HBP,WP,BK,SO,PlayerId
"Daniel Camarena","SDP","AA",30,1,7,6.20095784324505,25,17,0,0,3,0,,69.2,313,89,54,48,9,16,0,5,4,2,54,"14467"
"Scott Blewett","ATL","AA",27,3,4,4.211009763806511,17,13,0,0,0,0,,72.2,308,59,37,34,7,29,0,3,8,0,76,"16427"
"Lake Bachar","SDP","AA",28,5,1,2.685083099287937,42,0,0,0,5,1,,60.1,251,52,22,18,4,25,0,2,4,1,69,"19222"
"Alan Rangel","ATL","AA",25,3,15,4.660714285714286,23,23,0,0,0,0,,112,482,104,62,58,16,41,0,3,5,3,128,"19524"
"Sterling Sharp","BOS","AA",28,3,5,5.35797728993187,20,18,0,0,0,0,,85.2,382,95,51,51,12,37,0,4,4,0,65,"19671"
"Parker Dunshee","SFG","AA",28,4,1,2.5620435102650987,23,1,0,0,0,1,,45.2,202,35,19,13,4,22,0,9,2,1,55,"20018"
"Ty Tice","ATL","AA",26,0,2,5.225806451612903,25,1,0,0,3,0,,31,145,35,18,18,2,14,0,1,6,0,48,"20177"
"Isaac Mattson","MIN","AA",27,3,1,3.6185572702556916,21,1,0,0,0,3,,32.1,139,15,15,13,3,24,0,4,3,0,42,"20385"
"Peter Solomon","ARI","AA",26,0,2,4.172726693902214,7,7,0,0,0,0,,36.2,155,36,22,17,6,10,0,1,10,0,38,"20476"
"Tyler Phillips","PHI","AA",25,4,5,5.028340391604799,17,16,0,0,0,0,,82.1,349,84,48,46,12,30,0,2,4,1,80,"20629"
"Jose Espada","SDP","AA",26,3,2,2.8125,26,7,0,0,0,0,,64,263,47,26,20,5,33,0,0,1,1,85,"21131"
"Jonathan Bermudez","MIA","AA",27,5,5,4.579505547271057,19,18,0,0,0,0,,94.1,410,91,50,48,14,39,0,8,6,3,109,"21241"
"Grant Wolfram","TEX","AA",26,10,0,2.020408163265306,29,1,0,0,1,1,,49,187,27,12,11,4,14,0,2,7,0,67,"21623"
"Kyle Tyler","SEA","AA",26,7,11,5.6,27,26,0,0,0,0,,135,619,157,93,84,15,58,0,4,13,2,138,"22092"
"Ryan Miller","BOS","AA",27,5,3,4.027624648931906,41,1,0,0,2,3,,60.1,260,63,30,27,8,19,0,4,3,0,67,"22187"
"Tobias Myers","MIL","AA",24,10,5,5.033898677051806,27,26,1,1,0,0,,137.2,586,129,85,77,30,45,0,5,9,4,168,"22191"
"Sean Reynolds","MIA","AA",25,1,1,2.3478258435803037,24,0,0,0,9,1,,30.2,130,21,12,8,1,16,0,2,0,0,37,"22253"
"Owen White","TEX","AA",23,2,3,3.5147932167543687,12,12,0,0,0,0,,56.1,227,40,22,22,5,23,0,5,1,0,48,"22273"
"Matt Sauer","NYY","AA",24,6,4,3.424390498790499,14,13,0,0,0,0,,68.1,281,49,27,26,11,29,0,2,5,1,83,"22284"
"Angel De Jesus","DET","AA",26,1,4,4.211009763806511,32,0,0,0,2,1,,36.1,160,31,24,17,7,20,0,1,4,3,45,"22323"
"Raymond Burgos","SFG","AA",24,5,2,2.1696431527332787,26,0,0,0,2,2,,37.1,152,28,14,9,2,15,0,1,4,0,37,"22370"
"Michel Otanez","ARI","AA",25,4,2,5.454545454545454,28,0,0,0,1,5,,33,152,30,21,20,2,21,0,4,9,3,55,"22533"
"Keider Montero","DET","AA",22,10,2,4.932692669552486,15,15,0,0,0,0,,69.1,307,73,41,38,7,31,0,1,1,2,91,"22630"
"Yoendrys Gomez","NYY","AA",23,0,3,3.581632931894803,19,19,0,0,0,0,,65.1,274,47,28,26,6,37,0,1,3,2,78,"22872"
"Prelander Berroa","SEA","AA",23,5,1,2.8928573680688796,43,5,0,0,6,1,,65.1,276,45,24,21,2,39,0,2,5,1,101,"22932"
"Robinson Pina","LAA","AA",24,4,3,3.2857142857142856,19,7,0,0,0,0,,63,256,45,24,23,2,30,0,6,8,0,58,"23091"
"Jake Wong","CIN","AA",26,2,2,5.170212765957447,22,1,0,0,1,1,,47,197,43,31,27,9,15,0,1,4,1,50,"23095"
"Steven Cruz","KCR","AA",24,0,0,2.2040812894733524,29,0,0,0,9,2,,32.2,137,20,11,8,1,20,0,2,4,1,42,"23165"
"Nolan Hoffman","BAL","AA",25,1,2,3.0483874718927533,29,0,0,0,7,1,,41.1,176,40,17,14,1,12,0,3,4,1,34,"23381"
"Brett de Geus","KCR","AA",25,2,1,2.801887195786846,20,2,0,0,1,0,,35.1,141,34,11,11,3,8,0,1,1,2,29,"23592"
"Omar Cruz","PIT","AA",24,1,4,3.9375,27,1,0,0,0,0,,48,216,39,21,21,2,30,0,7,8,2,44,"23875"
"Randy Rodriguez","SFG","AA",23,2,1,2.9670332779762014,16,0,0,0,1,1,,30.1,129,19,13,10,1,18,0,3,3,0,40,"23974"
"Kai-Wei Teng","SFG","AA",24,1,3,4.753521637556225,12,12,0,0,0,0,,47.1,202,38,27,25,4,20,0,10,2,0,68,"24282"
"Adam Kloffenstein","TOR","AA",22,5,5,3.235955056179775,17,17,1,0,0,0,,89,380,79,42,32,8,34,1,7,7,0,105,"24493"
"Lyon Richardson","CIN","AA",23,0,2,2.152173913043478,15,15,0,0,0,0,,46,188,35,13,11,2,22,0,2,8,0,58,"24581"
"John Rooney","LAD","AA",26,3,2,2.3823529411764706,29,0,0,0,3,1,,34,141,33,13,9,3,9,0,4,2,1,37,"24590"
"Jonathan Bowlan","KCR","AA",26,1,5,7.2,10,9,0,0,0,0,,35,164,44,30,28,7,13,0,3,4,1,47,"24607"
"Braydon Fisher","LAD","AA",22,5,4,2.9508196721311477,42,1,0,0,5,3,,61,262,41,29,20,9,37,3,2,11,1,82,"24609"
"Victor Vodnik","COL","AA",23,3,1,2.699999705723386,34,0,0,0,6,3,,46.2,195,30,14,14,2,26,1,3,9,0,65,"24614"
"Kelvin Caceres","LAA","AA",23,5,1,5.613860538012735,34,0,0,0,2,2,,33.2,159,30,21,21,3,22,2,5,8,1,53,"24681"
"Devin Sweet","SEA","AA",26,4,1,1.542857142857143,27,0,0,0,5,0,,35,136,24,7,6,1,8,0,1,1,0,47,"25348"
"Nash Walters","CHW","AA",26,2,4,6.428571428571429,30,1,0,0,6,1,,35,154,29,28,25,5,21,1,3,4,1,51,"25413"
"Ryan Zeferjahn","BOS","AA",25,0,4,5.023255813953488,34,0,0,0,2,2,,43,204,33,27,24,7,40,0,6,4,0,68,"25420"
"Paxton Schultz","TOR","AA",25,3,3,3.302158635877281,10,10,0,0,0,0,,46.1,198,42,19,17,3,19,0,0,4,0,54,"25501"
"Justin Slaten","TEX","AA",25,4,3,3.155844468534838,35,1,0,0,2,2,,51.1,203,41,21,18,9,16,0,0,6,0,76,"25648"
"Sawyer Gipson-Long","DET","AA",25,6,5,3.7384615384615385,14,13,0,0,0,0,,65,255,51,27,27,12,15,0,2,2,0,76,"26048"
"Blas Castano","SEA","AA",24,5,6,4.580357649876811,24,11,0,0,0,0,,74.2,321,69,44,38,8,35,0,8,5,10,72,"26117"
"Austin Pope","ARI","AA",24,2,0,4.231342801752483,29,0,0,0,1,0,,44.2,191,43,22,21,5,15,0,3,5,0,56,"26136"
"Connor Gillispie","BAL","AA",25,7,4,3.890490255701269,27,14,2,1,2,0,,115.2,482,96,55,50,14,37,0,9,3,0,99,"26171"
"Blair Henley","HOU","AA",26,3,6,5.0625004827976685,25,17,0,0,1,1,,106.2,476,104,67,60,8,53,0,11,11,3,106,"26190"
"Kade Strowd","BAL","AA",25,4,1,5.204819755537631,35,0,0,0,2,3,,55.1,255,54,42,32,7,32,0,4,3,1,67,"26191"
"Andrew Saalfrank","ARI","AA",25,4,0,2.7000004119873675,21,0,0,0,1,1,,33.1,141,23,11,10,0,20,0,1,2,0,45,"26203"
"Jackson Rutledge","WSN","AA",24,6,1,3.1609758450373837,12,12,0,0,0,0,,68.1,272,50,25,24,5,25,0,5,5,0,62,"26215"
"Joey Estes","OAK","AA",21,6,6,3.2779554313662316,20,17,0,0,0,0,,104.1,430,84,43,38,14,31,0,9,1,0,100,"26257"
"Hunter Bigge","CHC","AA",25,3,1,3.5038163857710294,31,0,0,0,2,1,,43.2,184,34,18,17,3,21,0,2,5,0,56,"26259"
"DJ Herz","WSN","AA",22,3,3,3.434629160453293,22,22,0,0,0,0,,94.1,411,67,42,36,5,57,0,7,10,4,133,"26389"
"Porter Hodge","CHC","AA",22,6,7,5.132232052162366,35,12,0,0,0,1,,80.2,361,64,49,46,3,49,2,9,11,0,103,"26413"
"Ryan Gusto","HOU","AA",24,5,2,2.9347828520719155,14,8,0,0,1,1,,61.1,249,37,22,20,2,25,0,4,0,1,62,"26440"
"Wikelman Gonzalez","BOS","AA",21,3,1,2.4206899099089427,10,10,0,0,0,0,,48.1,198,27,15,13,2,28,0,2,4,0,63,"26641"
"Anthony Molina","TBR","AA",21,2,5,4.613065680350735,15,15,1,0,0,0,,66.1,294,72,42,34,8,20,0,0,8,1,52,"26952"
"Alec Marsh","KCR","AA",25,3,3,5.323944234062973,11,11,0,0,0,0,,47.1,212,51,31,28,4,24,0,2,6,2,56,"27451"
"Anthony Veneziano","KCR","AA",25,5,1,2.1259845074011743,8,8,0,0,0,0,,42.1,169,37,10,10,5,5,0,5,3,1,48,"27453"
"Emerson Hancock","SEA","AA",24,11,5,4.316326530612245,20,20,0,0,0,0,,98,411,83,49,47,9,38,0,7,3,1,107,"27470"
"Cole Wilcox","TBR","AA",23,6,8,5.231250498890924,25,25,0,0,0,0,,106.2,454,95,71,62,14,44,0,9,6,0,99,"27481"
"Landon Knack","LAD","AA",25,2,0,2.197674613568915,12,12,0,0,0,0,,57.1,223,42,18,14,3,12,0,1,2,0,61,"27487"
"Clayton Beeter","NYY","AA",24,6,2,2.0769229027948986,12,12,0,0,0,0,,60.2,256,44,14,14,3,31,0,7,3,0,76,"27494"
"Kyle Hurt","LAD","AA",25,2,3,4.153846153846154,19,15,0,0,0,0,,65,279,50,32,30,7,33,0,4,14,0,110,"27514"
"Evan Kravetz","CIN","AA",26,3,0,2.4,17,0,0,0,1,1,,30,117,20,8,8,3,9,0,1,1,0,36,"27536"
"Zac Kristofak","LAA","AA",25,4,3,4.071428571428571,16,6,0,0,0,0,,42,173,34,21,19,3,16,2,2,2,1,33,"27585"
"Jake Eder","CHW","AA",24,2,4,6.702127659574468,11,11,0,0,0,0,,47,220,49,36,35,7,31,0,8,3,2,60,"27590"
"Mitchell Parker","WSN","AA",23,9,6,4.1964813139778485,25,23,0,0,0,0,,113.2,485,100,58,53,10,54,0,0,13,3,132,"27636"
"Connor Phillips","CIN","AA",22,2,2,3.340206711005254,14,14,0,0,0,0,,64.2,284,58,29,24,9,27,0,6,6,0,111,"27649"
"Christian Roa","CIN","AA",24,4,5,4.88135593220339,13,13,0,0,0,0,,59,258,41,35,32,7,44,0,6,1,0,87,"27662"
"Tanner Gordon","ATL","AA",25,6,7,4.99159611861646,15,15,1,1,0,0,,79.1,336,78,49,44,12,21,0,1,3,0,76,"27669"
"Carson Spiers","CIN","AA",25,8,3,3.6867469879518073,28,9,0,0,0,0,,83,363,71,37,34,6,41,1,7,2,0,106,"27685"
"Jack Kochanowicz","LAA","AA",22,4,5,6.526066822653446,16,16,1,0,0,0,,70.1,311,81,54,51,15,22,0,9,3,0,55,"27688"
"Brian Van Belle","BOS","AA",26,6,3,3,14,13,0,0,0,0,,81,331,72,32,27,9,25,0,6,2,1,69,"27695"
"Mick Abel","PHI","AA",21,5,5,4.141104682136459,22,22,0,0,0,0,,108.2,458,73,53,50,15,62,0,5,2,0,126,"27756"
"Eury Perez","MIA","AA",20,3,1,3.190908648278164,8,8,0,0,0,0,,36.2,142,24,16,13,5,10,0,0,3,2,54,"27768"
"Kyle Nicolas","PIT","AA",24,3,5,4.360248033962081,12,12,0,0,0,0,,53.2,239,56,34,26,8,23,0,3,3,0,63,"27775"
"Jared Jones","PIT","AA",21,1,4,2.233082962963473,10,10,0,0,0,0,,44.1,179,32,11,11,3,16,0,4,2,0,47,"27863"
"Noah Murdock","KCR","AA",24,3,1,5.869565217391305,36,1,0,0,1,1,,69,315,62,52,45,4,49,0,6,7,0,77,"27908"
"Austin Kitchen","COL","AA",26,6,2,3.6201114232485105,43,0,0,0,3,4,,59.2,253,62,27,24,4,15,0,5,0,0,54,"27910"
"Cristian Mena","CHW","AA",20,7,6,4.657894736842105,23,23,0,0,0,0,,114,488,99,64,59,17,55,0,5,13,5,136,"27974"
"Luke Little","CHC","AA",22,3,2,3.1153841582981756,23,0,0,0,0,0,,34.2,154,20,12,12,1,28,1,7,6,0,63,"28036"
"River Ryan","LAD","AA",24,1,6,3.3287672972361575,24,22,0,0,0,0,,97.1,413,78,41,36,8,44,0,10,7,1,98,"29514"
"Andre Granillo","STL","AA",23,3,4,4.418181818181818,44,0,0,0,14,4,,55,231,42,33,27,6,25,1,1,10,1,72,"29542"
"Patrick Monteverde","MIA","AA",25,10,5,3.3157894736842106,21,21,0,0,0,0,,114,465,91,51,42,13,46,0,4,5,0,114,"29564"
"Joe Boyle","OAK","AA",23,8,6,4.085526443955975,22,22,0,0,0,0,,101.1,456,75,52,46,6,82,0,8,12,3,150,"29608"
"Kyle Backhus","ARI","AA",25,5,4,3.7636363636363637,40,0,0,0,10,4,,55,246,56,25,23,6,26,0,2,1,1,64,"29615"
"Andrew Hoffmann","KCR","AA",23,4,6,5.5648858202802245,20,19,0,0,0,0,,87.1,390,95,55,54,12,43,0,5,2,1,87,"29633"
"Mason Montgomery","TBR","AA",23,5,4,4.179566958359942,25,25,0,0,0,0,,107.2,468,98,55,50,18,49,0,7,4,1,131,"29770"
"Ky Bush","CHW","AA",23,4,7,6.384235973321625,15,15,0,0,0,0,,67.2,300,71,53,48,16,36,0,3,12,1,69,"29823"
"Jackson Wolf","SDP","AA",24,8,13,4.126005530718091,26,26,0,0,0,0,,124.1,503,106,62,57,17,32,0,3,1,0,135,"29832"
"Nick Nastrini","CHW","AA",23,8,3,4.073684783047997,21,21,0,0,0,0,,95,420,86,51,43,9,44,0,5,7,1,116,"29833"
"Emmet Sheehan","LAD","AA",23,4,1,1.856250177025812,12,10,0,0,0,0,,53.1,211,24,11,11,5,23,0,5,1,0,88,"29839"
"Ryan Bergert","SDP","AA",23,1,2,2.8636363636363638,9,8,0,0,0,0,,44,177,32,16,14,1,18,0,2,2,0,51,"29863"
"Chayce McDermott","BAL","AA",24,5,6,3.556097825667057,16,14,0,0,1,0,,68.1,287,42,29,27,6,44,0,1,4,0,88,"29866"
"James Meeker","MIL","AA",28,8,4,3.134831460674157,34,8,0,0,1,0,,89,371,90,39,31,12,12,1,5,2,0,80,"29891"
"Spencer Arrighetti","HOU","AA",23,7,2,4.153845805589797,13,8,0,0,0,1,,60.2,253,48,28,28,4,23,0,6,2,0,79,"29921"
"Jordan Leasure","LAD","AA",24,2,2,3.085714285714286,29,0,0,0,9,0,,35,141,21,12,12,6,16,1,1,7,1,56,"29950"
"Grant Holman","OAK","AA",23,0,2,5.845361744259194,25,0,0,0,3,1,,32.1,146,36,21,21,8,11,2,2,1,0,45,"30002"
"Joe Rock","COL","AA",22,1,10,4.5,19,19,1,0,0,0,,90,395,94,53,45,13,32,0,6,3,2,108,"30016"
"Julian Aguiar","CIN","AA",22,4,4,4.280487406615522,11,11,0,0,0,0,,54.2,232,57,32,26,6,13,0,2,4,1,61,"30031"
"Cade Povich","BAL","AA",23,6,7,4.868852763495071,18,18,0,0,0,0,,81.1,353,74,46,44,12,37,0,4,6,0,118,"30055"
"David Festa","MIN","AA",23,3,3,4.3875,21,19,0,0,0,0,,80,342,76,45,39,8,33,0,2,6,0,104,"30056"
"Landen Roupp","SFG","AA",24,0,0,1.7419354838709677,10,10,0,0,0,0,,31,120,22,6,6,1,9,0,3,0,0,42,"30076"
"Carson Seymour","SFG","AA",24,5,3,3.994083200857237,28,23,0,0,0,0,,112.2,466,96,58,50,8,43,0,5,8,3,114,"30084"
"Ben Casparius","LAD","AA",24,2,7,6.622642462768909,18,13,0,0,0,0,,70.2,323,73,57,52,15,37,0,7,11,2,76,"30085"
"Jordan Wicks","CHC","AA",23,4,0,3.394286010243967,13,13,0,0,0,0,,58.1,238,49,27,22,9,19,0,1,6,0,69,"30094"
"Mike Vasil","NYM","AA",23,1,2,3.7058823529411766,10,10,0,0,0,0,,51,197,35,22,21,8,8,0,1,4,0,57,"30105"
"Christian Scott","NYM","AA",24,4,3,2.467741935483871,12,12,0,0,0,0,,62,235,44,17,17,5,8,0,5,0,0,77,"30107"
"Chad Patrick","OAK","AA",24,4,8,5.100977547305433,21,21,0,0,0,0,,102.1,446,112,60,58,17,38,0,3,4,0,104,"30113"
"Brant Hurter","DET","AA",24,6,7,3.2796610169491527,26,26,0,0,0,0,,118,498,108,50,43,7,33,0,11,6,1,133,"30133"
"Ty Madden","DET","AA",23,3,4,3.4322033898305087,26,25,0,0,0,0,,118,492,101,50,45,16,50,0,4,2,0,146,"30140"
"Doug Nikhazy","CLE","AA",23,4,8,4.9411764705882355,26,22,0,0,0,0,,102,474,92,65,56,13,73,0,4,7,1,128,"30142"
"Jack Leiter","TEX","AA",23,2,6,5.069388386552882,19,19,0,0,0,0,,81.2,351,67,48,46,14,47,0,5,4,1,110,"30146"
"Dom Hamel","NYM","AA",24,8,6,3.846774193548387,26,25,0,0,0,0,,124,527,108,56,53,12,49,0,3,9,3,160,"30153"
"Richard Fitts","NYY","AA",23,11,5,3.4781661706227247,27,27,0,0,0,0,,152.2,629,131,60,59,22,43,0,3,4,0,163,"30160"
"Carlos Rodriguez","MIL","AA",21,9,6,2.7654988797744693,25,25,0,0,0,0,,123.2,516,82,46,38,10,53,0,9,7,2,152,"30161"
"Mason Black","SFG","AA",23,1,5,3.5714285714285716,16,16,0,0,0,0,,63,254,45,28,25,7,21,0,3,2,0,83,"30171"
"Pierson Ohl","MIN","AA",23,7,3,2.689655172413793,16,14,0,0,0,0,,87,339,70,26,26,9,13,1,2,1,0,74,"30179"
"Travis Adams","MIN","AA",23,4,10,5.66261450701909,26,25,0,0,0,0,,109.2,479,118,75,69,16,43,0,3,7,1,97,"30180"
"Noah Cameron","KCR","AA",23,3,10,6.09677462225529,17,17,0,0,0,0,,72.1,324,87,52,49,14,26,0,4,5,0,74,"30184"
"Christian Montes De Oca","ARI","AA",23,2,3,4.278688524590164,42,0,0,0,9,4,,61,256,51,33,29,8,26,1,2,8,2,55,"30206"
"Spencer Bivens","SFG","AA",29,5,4,3.6923076923076925,27,4,0,0,0,1,,78,330,66,36,32,3,34,0,7,9,0,72,"30226"
"Hunter Dobbins","BOS","AA",23,5,5,4.269768047920837,13,12,0,0,0,0,,71.2,307,69,36,34,8,26,0,3,3,0,78,"30240"
"Bryan Woo","SEA","AA",23,3,2,2.0454545454545454,9,9,0,0,0,0,,44,172,27,10,10,2,12,0,5,4,0,59,"30279"
"Luis Guerrero","BOS","AA",22,3,2,1.8120803513412629,43,0,0,0,18,4,,49.2,212,26,14,10,2,30,1,2,8,2,59,"31184"
"Colton Gordon","HOU","AA",24,4,5,3.953571644023985,20,18,0,0,1,0,,93.1,394,75,44,41,9,36,0,7,4,2,121,"31312"
"Jack Perkins","OAK","AA",23,1,0,5.666666666666667,12,11,0,0,0,0,,54,252,70,39,34,2,29,0,4,2,0,44,"31468"
"Victor Mederos","LAA","AA",22,4,9,5.673913043478261,20,20,0,0,0,0,,92,414,93,65,58,21,43,0,9,9,0,99,"31533"
"Mason Fluharty","TOR","AA",21,2,5,4.251969014802349,36,0,0,0,4,4,,42.1,193,49,23,20,6,18,4,3,1,1,54,"31553"
"Blade Tidwell","NYM","AA",22,3,3,4.718447300949437,8,8,0,0,0,0,,34.1,148,32,18,18,6,17,0,5,5,1,41,"31701"
"Jonathan Cannon","CHW","AA",22,1,4,5.772414400552095,11,11,0,0,0,0,,48.1,225,61,40,31,8,15,0,1,5,0,39,"31730"
"Mason Barnett","KCR","AA",22,2,1,3.5816320953941974,7,7,0,0,0,0,,32.2,137,27,13,13,2,12,0,1,1,1,43,"31741"
"Logan VanWey","HOU","AA",24,2,1,3,23,0,0,0,2,0,,30,129,21,13,10,5,17,0,3,0,0,42,"31884"
"Adam Mazur","SDP","AA",22,2,3,4.026315789473684,12,7,0,0,0,0,,38,164,47,18,17,3,7,0,0,2,0,43,"31900"
"Hayden Harris","ATL","AA",24,3,2,2.8285714285714287,23,0,0,0,0,1,,35,146,27,13,11,1,17,0,1,4,0,50,"31913"
"Drew Thorpe","NYY","AA",22,4,0,1.4835166389881007,5,5,0,0,0,0,,30.1,110,15,5,5,3,5,0,0,2,1,44,"31967"
"Danny Duffy","TEX","AA",34,2,2,2.2978725735555376,24,0,0,0,0,1,,31.1,138,23,9,8,0,21,0,1,3,2,39,"3542"
"John Doxakis","TBR","AA",24,8,3,5.465587382179129,35,0,0,0,0,2,,82.1,370,77,56,50,9,42,1,12,8,1,83,"sa1115967"
"Adam Leverett","PHI","AA",24,0,6,3.9375,35,8,0,0,0,1,,64,274,63,33,28,4,27,0,5,2,0,52,"sa1169991"
"Edgar Barclay","NYY","AA",25,3,1,1.3235294117647058,11,0,0,0,0,0,,34,135,26,7,5,1,11,0,0,3,2,51,"sa1170012"
"Jack Cushing","OAK","AA",26,8,4,4.342105263157895,28,18,0,0,2,0,,114,477,116,61,55,18,24,0,3,3,0,119,"sa1170342"
"Chris Kachmar","CHC","AA",26,3,2,4.835820895522388,25,11,0,0,0,0,,67,296,72,39,36,12,21,0,8,5,0,75,"sa1170503"
"Luis Quinones","TOR","AA",25,4,5,4.795367077882219,28,12,0,0,0,1,,86.1,358,63,50,46,18,34,0,4,10,0,104,"sa1170867"
"Charles Hall","OAK","AA",28,1,1,5.7,16,0,0,0,0,0,,30,133,20,19,19,2,25,0,2,3,1,27,"sa1170906"
"David Leal","OAK","AA",26,7,5,5.442688075291815,36,8,0,0,1,0,,84.1,372,100,51,51,13,22,0,4,1,0,68,"sa1171029"
"Andy Fisher","CIN","AA",27,4,0,2.9423076923076925,45,0,0,0,1,4,,52,212,37,17,17,4,21,0,6,2,0,45,"sa1172135"
"Tyler Burch","BAL","AA",25,2,3,3.073170731707317,26,0,0,0,1,0,,41,183,40,15,14,5,21,0,2,3,3,34,"sa1172727"
"Justin Lopez","SDP","AA",23,3,1,4.6,37,0,0,0,4,1,,45,198,38,24,23,5,29,1,4,1,2,43,"sa3002670"
"Alemao Hernandez","WSN","AA",23,5,6,3.483871396448861,16,14,0,0,0,0,,82.2,350,93,39,32,11,13,0,4,2,1,59,"sa3002788"
"Jose E. Martinez","STL","AA",24,3,2,5.797546554991043,29,1,0,0,0,2,,54.1,268,64,43,35,7,43,1,5,5,2,24,"sa3002796"
"Dayeison Arias","SEA","AA",26,0,1,4.618420589003253,41,0,0,0,0,2,,50.2,231,39,27,26,3,37,0,9,5,0,61,"sa3002812"
"Juan Mercedes","SEA","AA",23,2,1,6.604317271754562,12,10,0,0,0,0,,46.1,217,56,35,34,8,20,0,5,1,0,40,"sa3002818"
"Yefri Del Rosario","KCR","AA",23,6,2,3.1153846153846154,39,0,0,0,2,3,,52,225,38,24,18,4,26,2,3,13,0,65,"sa3002971"
"Luis Palacios","MIA","AA",22,9,7,4.623853211009174,19,17,0,0,0,0,,109,456,114,60,56,21,26,0,5,2,4,81,"sa3003021"
"Samuel Reyes","CHC","AA",27,3,1,2.7226887265131685,23,1,0,0,1,1,,39.2,164,28,13,12,2,19,0,0,2,2,44,"sa3003036"
"Angel Macuare","HOU","AA",23,1,4,5.306357913476323,15,10,0,0,2,1,,57.2,262,71,38,34,9,17,0,5,2,0,54,"sa3003039"
"Noe Toribio","PIT","AA",23,2,3,3.789473684210526,34,0,0,0,3,4,,57,250,48,25,24,6,27,0,8,5,1,68,"sa3003041"
"Tahnaj Thomas","PIT","AA",24,4,2,4.872181010102123,36,1,0,0,3,1,,44.1,196,40,29,24,5,30,1,6,2,1,26,"sa3003066"
"Jose Montilla","ATL","AA",25,1,2,6.798561897394403,21,6,0,0,0,0,,46.1,209,54,41,35,8,20,0,0,2,2,36,"sa3003102"
"Manuel Cachutt","CIN","AA",26,2,0,4.32,26,4,0,0,0,1,,50,216,38,26,24,8,27,0,5,3,1,37,"sa3003133"
"Seth Nordlin","MIN","AA",25,2,7,5.828193440831831,27,11,0,0,0,0,,75.2,343,99,53,49,10,21,1,4,2,0,58,"sa3004215"
"Alex Mauricio","NYY","AA",26,2,2,3.1438352878690443,36,0,0,0,5,5,,48.2,205,42,18,17,5,19,0,3,8,0,45,"sa3004337"
"Jorge Benitez","SEA","AA",24,2,3,2.135593220338983,40,0,0,0,1,4,,59,259,40,26,14,3,39,0,8,7,1,74,"sa3004462"
"Nick Kuzia","COL","AA",27,7,1,5.236363636363636,45,0,0,0,10,6,,55,248,47,34,32,5,30,1,8,7,1,51,"sa3004493"
"Shawn Semple","NYY","AA",27,5,8,5.272727983823369,22,17,0,0,0,0,,99,444,130,69,58,17,28,1,3,6,0,65,"sa3004661"
"Hayden Deal","ATL","AA",28,3,1,3.5625,29,5,0,0,0,1,,48,212,46,22,19,2,22,0,6,5,0,41,"sa3004680"
"Tim Naughton","DET","AA",27,4,3,4.618420589003253,36,3,0,0,1,1,,50.2,214,48,26,26,5,19,0,2,4,1,60,"sa3004713"
"Steven Jennings","NYY","AA",24,3,2,2.8723407169444224,20,0,0,0,1,1,,31.1,129,21,13,10,2,12,0,2,2,2,40,"sa3004812"
"David Parkinson","PHI","AA",27,9,5,3.562005420453534,24,22,0,0,0,0,,126.1,546,121,61,50,17,51,0,5,8,1,131,"sa3004857"
"Diosmerky Taveras","HOU","AA",23,3,3,4.660714285714286,21,2,0,0,0,2,,56,250,58,35,29,6,25,0,6,3,0,58,"sa3004872"
"John Swanda","LAA","AA",24,0,5,8.910001359558313,16,4,0,0,0,2,,33.1,170,42,36,33,1,25,0,8,6,1,35,"sa3004944"
"Ethan Lindow","PHI","AA",24,3,5,4.909091171002751,23,17,0,0,0,0,,95.1,416,101,53,52,18,37,0,3,4,1,81,"sa3005028"
"Matt Turner","CLE","AA",23,0,1,4.153846589166682,14,0,0,0,0,0,,30.1,135,27,16,14,1,18,0,3,0,0,26,"sa3005029"
"Blayne Enlow","MIN","AA",24,3,1,3.1666666666666665,11,10,0,0,0,0,,54,226,48,23,19,6,13,0,8,0,2,65,"sa3005117"
"Alex Valverde","NYM","AA",26,3,2,4.138686707585287,14,8,0,0,0,0,,45.2,198,41,21,21,3,23,0,3,8,2,41,"sa3005207"
"Francis Peguero","MIN","AA",25,3,4,4.5,31,0,0,0,3,3,,40,175,42,24,20,9,10,0,2,1,2,34,"sa3005209"
"Cam Robinson","MIL","AA",23,3,1,5.062499396503044,41,0,0,0,15,2,,42.2,211,47,26,24,6,32,0,3,3,0,47,"sa3005216"
"Alex Scherff","MIN","AA",25,4,2,3.5660377358490565,39,0,0,0,4,1,,53,238,50,23,21,5,31,1,1,8,0,66,"sa3005397"
"Nick Gallagher","CHW","AA",27,1,2,5.613860538012735,28,0,0,0,0,0,,33.2,157,27,28,21,2,23,0,10,4,0,43,"sa3005408"
"Juan Sanchez","SFG","AA",22,6,4,2.3877551020408165,28,0,0,0,3,2,,49,195,34,16,13,3,20,1,0,1,1,52,"sa3005444"
"Junior Santos","NYM","AA",21,4,8,5.938144329896907,28,15,0,0,3,1,,97,439,119,67,64,10,41,0,5,2,1,71,"sa3005470"
"Efrain Contreras","SDP","AA",23,6,7,4.917525773195877,35,17,0,0,4,1,,97,421,87,59,53,14,49,1,4,5,3,117,"sa3005692"
"Jorge Juan","OAK","AA",24,1,4,5.6571428571428575,26,0,0,0,1,2,,35,170,29,23,22,3,34,0,6,9,1,37,"sa3005826"
"Cristian Hernandez","PHI","AA",22,4,4,3.6580641560152944,35,4,0,0,0,1,,51.2,230,50,26,21,10,24,2,5,2,3,66,"sa3005836"
"Luis De Avila","ATL","AA",22,6,10,3.2837839192069356,25,25,0,0,0,0,,123.1,521,99,53,45,8,61,0,7,7,3,125,"sa3005839"
"Josan Mendez","MIA","AA",22,6,1,4.408163265306122,34,0,0,0,1,4,,49,216,55,31,24,6,16,0,2,2,0,41,"sa3006122"
"Adrian Hernandez","TOR","AA",23,2,3,4.623287188042712,38,0,0,0,0,1,,48.2,231,35,30,25,5,46,3,7,10,2,60,"sa3006177"
"Ivan Armstrong","LAA","AA",22,2,4,5.142857142857143,43,4,0,0,0,2,,70,326,77,43,40,13,39,0,7,10,0,76,"sa3006358"
"Victor Munoz","TBR","AA",22,8,7,7.487395438019275,26,12,0,0,0,0,,79.1,361,93,66,66,10,33,0,8,6,0,64,"sa3006381"
"Cristian Charle","MIA","AA",23,5,2,3.13953488372093,25,0,0,0,1,2,,43,170,28,17,15,10,21,0,2,2,1,46,"sa3006407"
"Carlos Garcia","TBR","AA",24,3,1,4.061946354155906,20,0,0,0,0,1,,37.2,163,29,18,17,3,24,2,4,2,0,49,"sa3006590"
"Yoelvin Silven","CHW","AA",24,3,4,7.6445790159458955,41,0,0,0,0,0,,55.1,256,67,50,47,12,24,0,2,6,0,59,"sa3006619"
"Andrew Perez","CHW","AA",25,2,3,4.418181205308227,22,1,0,0,0,3,,36.2,153,32,19,18,2,12,0,0,5,1,43,"sa3006640"
"Josh Green","ARI","AA",27,1,0,2.054347613132766,21,0,0,0,5,0,,30.2,121,19,7,7,2,9,0,3,2,0,26,"sa3006701"
"Aaron Shortridge","PIT","AA",26,11,8,5.0096381858264465,29,27,2,0,0,0,,138.1,604,157,86,77,19,49,0,3,6,3,118,"sa3006759"
"Jake Lee","LAA","AA",28,1,2,4.422413211373532,17,4,0,0,0,1,,38.2,153,32,19,19,5,7,0,1,4,2,38,"sa3006766"
"Matt Frisbee","SFG","AA",26,6,0,4.537814544188614,27,0,0,0,0,0,,39.2,171,38,23,20,8,15,0,3,0,0,30,"sa3006801"
"Alejandro Melean","TOR","AA",22,3,2,4.405263511678878,25,6,0,0,0,2,,63.1,289,63,38,31,8,37,2,3,5,0,64,"sa3006815"
"Julio Robaina","HOU","AA",22,10,6,3.1810344827586206,26,16,0,0,0,0,,116,492,105,46,41,6,48,0,2,11,0,114,"sa3006817"
"Gabe Mosser","SDP","AA",27,1,4,4.973684210526316,10,9,0,0,0,0,,38,168,43,26,21,10,15,0,2,3,0,31,"sa3006834"
"Conner Loeprich","BAL","AA",25,4,2,4.909091395498637,34,0,0,0,2,3,,51.1,223,47,34,28,6,17,0,5,7,1,55,"sa3006986"
"Tanner Dodson","LAD","AA",26,5,6,3.910345239083677,38,0,0,0,0,1,,48.1,215,42,23,21,6,29,1,2,3,0,38,"sa3007008"
"Bobby Milacki","SDP","AA",26,5,5,4.846153846153846,18,5,0,0,1,2,,52,230,55,36,28,14,17,0,6,1,0,44,"sa3007216"
"Edgar Escobar","STL","AA",26,7,2,4.821428946781466,25,7,0,0,0,0,,65.1,284,62,38,35,7,36,0,3,6,0,55,"sa3007244"
"Troy Watson","TOR","AA",26,3,6,5.58,37,0,0,0,6,6,,50,237,51,39,31,4,33,2,1,5,0,46,"sa3007249"
"Austin Briggs","OAK","AA",27,1,2,4.714285714285714,40,0,0,0,2,3,,42,196,37,30,22,2,32,0,7,10,0,48,"sa3007261"
"Domingo Gonzalez","ATL","AA",23,3,5,4.192546186502001,40,1,0,0,1,0,,53.2,249,45,31,25,2,33,0,9,12,1,76,"sa3007495"
"Adam Wolf","DET","AA",26,5,4,3.480468957452116,40,7,0,0,2,0,,85.1,372,69,36,33,5,39,0,18,4,2,79,"sa3007587"
"Jake Higginbotham","DET","AA",27,2,1,3.3096770935376476,35,0,0,0,0,2,,51.2,225,52,20,19,4,22,0,3,1,1,46,"sa3007590"
"Trey Riley","ATL","AA",25,2,3,4.068492725477587,42,0,0,0,2,1,,48.2,226,42,28,22,2,41,0,4,8,2,59,"sa3007611"
"Tanner Myatt","NYY","AA",25,3,1,2.8421052631578947,43,0,0,0,7,3,,57,239,31,21,18,4,38,0,3,4,1,69,"sa3007719"
"Chris Gau","TBR","AA",26,5,1,2.091549520524739,36,0,0,0,5,2,,47.1,185,30,12,11,3,15,1,1,3,0,59,"sa3007728"
"Justin Jarvis","MIL","AA",23,6,4,3.3303969235050586,14,14,0,0,0,0,,75.2,318,69,31,28,10,26,0,2,4,0,91,"sa3007775"
"Theo McDowell","TEX","AA",24,2,2,8.048075742270287,26,0,0,0,0,0,,34.2,169,41,32,31,7,31,1,0,3,0,41,"sa3007809"
"Blake Workman","ARI","AA",25,1,0,6.9,17,0,0,0,0,0,,30,132,33,25,23,11,9,1,2,0,0,32,"sa3007856"
"Denny Bentley","MIN","AA",25,3,1,4.361538973475409,29,0,0,0,0,2,,43.1,192,50,22,21,3,18,1,2,6,0,45,"sa3007931"
"Calvin Coker","OAK","AA",27,3,4,3.147982278181155,46,0,0,0,6,2,,74.1,313,76,32,26,4,24,0,2,1,2,49,"sa3007932"
"Durbin Feltman","OAK","AA",26,5,1,2.8928575369777048,21,0,0,0,2,1,,37.1,156,30,12,12,3,14,0,2,5,1,40,"sa3007959"
"Blake Whitney","CHC","AA",27,4,0,3.0145635533843627,38,0,0,0,4,3,,68.2,291,62,26,23,5,26,1,2,5,0,80,"sa3007966"
"Reid Schaller","WSN","AA",26,1,4,3.8297872340425534,32,0,0,0,1,3,,47,191,34,21,20,4,18,0,5,2,0,57,"sa3008023"
"Keylan Killgore","PHI","AA",26,3,2,5.204819755537631,46,0,0,0,0,5,,55.1,250,59,40,32,9,28,0,0,6,0,67,"sa3008069"
"Antonio Jimenez","TBR","AA",22,4,0,2.8321675299619096,25,1,0,0,2,0,,47.2,203,39,15,15,10,25,0,1,2,0,51,"sa3008074"
"Ben Onyshko","SEA","AA",26,1,1,5.213793652111569,27,3,0,0,0,2,,48.1,227,46,33,28,4,21,0,20,6,0,45,"sa3008096"
"Regi Grace","MIN","AA",23,1,3,4.112583197039997,27,1,0,0,2,2,,50.1,217,40,27,23,5,23,0,6,3,0,53,"sa3008101"
"Robbie Baker","MIL","AA",28,3,2,5.963190742276501,31,0,0,0,0,2,,54.1,242,66,36,36,16,20,0,1,4,1,57,"sa3008103"
"Ben Madison","SFG","AA",25,2,2,3.978946968987418,19,0,0,0,2,1,,31.2,144,19,17,14,3,30,0,4,7,0,43,"sa3008173"
"Nolan Kingham","ATL","AA",26,4,2,4.114285714285714,7,6,0,0,0,0,,35,151,38,18,16,1,12,0,2,1,2,22,"sa3008224"
"Michael Byrne","CIN","AA",26,4,1,2.769230769230769,31,0,0,0,2,3,,52,219,44,18,16,5,16,0,1,7,0,63,"sa3008227"
"Blake Rivera","SFG","AA",25,2,5,4.927006750509805,37,0,0,0,2,1,,45.2,221,42,30,25,3,41,2,4,4,1,57,"sa3008261"
"Kohl Franklin","CHC","AA",23,4,10,5.9883275593356196,21,21,0,0,0,0,,85.2,379,90,60,57,19,38,0,8,7,0,86,"sa3008335"
"Nick Starr","TEX","AA",26,5,3,5.958621316698936,33,0,0,0,1,3,,48.1,206,51,32,32,7,14,0,1,2,1,52,"sa3008488"
"Jake Haberer","SEA","AA",28,1,1,4.212765957446808,36,4,0,0,0,0,,47,202,38,22,22,4,27,0,6,4,0,41,"sa3008514"
"Zach Haake","PHI","AA",26,2,5,5.0625004827976685,12,11,0,0,0,0,,53.1,231,52,32,30,6,19,0,4,5,0,48,"sa3008523"
"Royber Salinas","OAK","AA",22,1,5,5.480198433768277,18,16,0,0,1,0,,67.1,288,59,44,41,9,31,0,1,5,0,89,"sa3009243"
"Enmanuel Mejia","TBR","AA",24,3,3,4.846153846153846,33,0,0,0,7,1,,39,176,31,29,21,6,22,0,3,4,1,61,"sa3009262"
"Andrew Quezada","COL","AA",26,4,8,5.518867924528302,25,20,1,0,0,0,,106,477,132,69,65,17,41,0,5,9,0,85,"sa3009858"
"Travis Kuhn","SEA","AA",25,5,3,3.1280484894498044,49,0,0,0,4,1,,54.2,229,47,25,19,2,22,0,4,3,0,51,"sa3009928"
"Stephen Jones","COL","AA",25,1,1,1.989473484493709,24,0,0,0,5,2,,31.2,131,24,7,7,2,11,0,5,3,0,49,"sa3009935"
"Chase Solesky","CHW","AA",25,3,2,3.230769230769231,9,9,0,0,0,0,,39,163,40,14,14,2,13,0,3,5,2,29,"sa3009940"
"Luis Moreno","NYM","AA",24,9,6,4.977653843444051,25,21,0,0,0,1,,119.1,526,118,73,66,12,59,0,6,4,1,117,"sa3009950"
"Jordan Jones","CLE","AA",25,2,3,2,37,0,0,0,1,2,,63,259,33,24,14,7,42,0,3,0,1,63,"sa3009984"
"Gabriel Ponce","TOR","AA",24,4,4,4.764706416938604,30,0,0,0,0,0,,45.1,209,41,32,24,4,32,4,3,5,0,61,"sa3009985"
"Zach Hart","CLE","AA",26,1,1,5.576086378503221,17,1,0,0,0,0,,30.2,149,32,21,19,6,17,0,5,1,0,30,"sa3009997"
"Garvin Alston","WSN","AA",26,2,4,4.909090483484226,44,1,0,0,0,2,,58.2,263,69,32,32,5,25,0,3,3,0,45,"sa3010238"
"Connor Van Scoyoc","COL","AA",23,2,1,5.615999314453209,8,8,0,0,0,0,,41.2,185,47,27,26,7,15,0,3,3,0,36,"sa3010243"
"Seth Mayberry","SDP","AA",23,3,4,5.048780487804878,31,0,0,0,0,2,,41,197,41,29,23,5,27,0,6,4,1,54,"sa3010244"
"Austin Roberts","MIA","AA",24,4,1,4.609756097560975,24,0,0,0,2,2,,41,172,38,22,21,6,15,0,2,6,0,37,"sa3010254"
"Triston Polley","TEX","AA",26,4,3,5.468353902275577,36,0,0,0,0,1,,52.2,236,58,37,32,5,19,0,4,0,0,52,"sa3010258"
"Andrew Bash","TOR","AA",26,1,0,2.8770488204894993,23,2,0,0,0,0,,40.2,182,37,14,13,2,24,0,2,2,0,42,"sa3010259"
"Logan Gragg","STL","AA",24,3,7,5.737500547170691,23,17,0,0,0,0,,106.2,476,121,70,68,22,42,0,9,3,0,90,"sa3010306"
"John Matthews","TEX","AA",25,3,2,8.059700574766634,32,1,0,0,0,2,,44.2,223,46,42,40,4,35,1,12,2,0,44,"sa3010311"
"Jason Blanchard","SDP","AA",26,1,0,7.363635342180378,29,0,0,0,0,1,,36.2,184,49,33,30,6,19,0,3,1,0,48,"sa3010313"
"Jake Walkinshaw","OAK","AA",26,1,3,5.940000906372209,8,6,0,0,0,0,,33.1,147,37,26,22,7,13,0,0,0,0,23,"sa3010317"
"Zach Vennaro","MIL","AA",27,4,3,6.04799926171884,41,0,0,0,4,2,,41.2,207,38,35,28,1,35,1,11,6,1,47,"sa3010326"
"M.D. Johnson","MIA","AA",25,3,6,5.621701382875986,25,25,0,0,0,0,,113.2,495,100,76,71,19,57,0,10,8,5,100,"sa3010364"
"Cameron Junker","PIT","AA",25,4,5,3.2530123472110195,45,1,0,0,2,2,,55.1,242,45,25,20,3,29,0,7,3,0,43,"sa3010365"
"Jacob Wallace","KCR","AA",24,1,5,4.195946378547707,49,0,0,0,5,4,,49.1,238,46,34,23,1,40,3,5,6,0,57,"sa3010374"
"Ryan Shreve","STL","AA",25,4,4,4.542056398627479,44,0,0,0,0,4,,71.1,309,73,36,36,12,27,0,1,1,1,63,"sa3010555"
"Tyler Beck","WSN","AA",27,5,0,5.076923076923077,25,1,0,0,0,0,,39,176,34,23,22,5,23,1,4,6,1,42,"sa3010563"
"Alec Barger","COL","AA",25,3,4,5.6037737865726465,43,0,0,0,5,1,,53,237,50,38,33,5,31,0,3,5,0,63,"sa3010566"
"Randy Labaut","CLE","AA",26,3,0,1.8173074256739359,17,0,0,0,1,0,,34.2,138,23,8,7,2,14,0,0,2,0,37,"sa3010615"
"Brandon Komar","STL","AA",24,4,6,4.622282992013267,24,21,2,1,0,0,,122.2,511,119,66,63,15,44,0,2,1,3,86,"sa3010630"
"Dante Biasi","KCR","AA",25,4,4,4.434782608695652,36,3,0,0,2,1,,69,311,56,43,34,12,52,0,4,5,1,77,"sa3010647"
"Michael Bienlien","DET","AA",25,1,1,8.727272727272727,23,1,0,0,0,1,,33,155,40,32,32,5,17,0,2,3,0,37,"sa3010649"
"Cole McDonald","HOU","AA",26,2,3,3.9375,35,0,0,0,7,2,,48,205,40,25,21,2,21,0,2,6,2,66,"sa3010652"
"Hunter McMahon","MIN","AA",25,2,1,6.7127077482198425,40,0,0,0,4,2,,60.1,265,65,50,45,9,19,1,7,5,0,57,"sa3010658"
"Andrew Schultz","PHI","AA",25,1,3,5.973450520817509,34,0,0,0,0,1,,37.2,176,35,30,25,3,30,1,4,7,0,41,"sa3010782"
"Nelson L. Alvarez","TBR","AA",25,5,4,4.135135135135135,34,0,0,0,2,1,,37,154,28,18,17,2,16,0,4,8,0,57,"sa3010783"
"Cayne Ueckert","CHC","AA",27,4,3,4.57627177820649,36,0,0,0,4,3,,39.1,173,36,22,20,3,22,0,3,6,0,50,"sa3010789"
"Dylan Spacke","BOS","AA",25,1,1,3.4615384615384617,30,0,0,0,0,1,,52,221,45,20,20,4,27,0,7,4,0,37,"sa3010812"
"Bryce Tassin","DET","AA",26,2,2,4.673076237447264,20,1,0,0,0,1,,34.2,160,42,27,18,3,14,0,0,1,1,31,"sa3010814"
"Fineas Del Bonta-Smith","COL","AA",26,2,2,5.4,35,0,0,0,1,0,,45,202,49,28,27,12,21,0,3,6,0,55,"sa3010821"
"Andrew Magno","DET","AA",25,3,3,2.1038963123565586,36,0,0,0,10,2,,51.1,213,34,19,12,1,27,0,1,2,0,67,"sa3010824"
"Bradley Hanner","CLE","AA",24,8,6,2.7835055925043783,41,0,0,0,8,1,,64.2,280,48,24,20,6,34,2,12,8,1,70,"sa3010837"
"Austin Bergner","DET","AA",26,6,2,4.411764705882353,28,2,0,0,2,3,,51,226,47,29,25,6,26,0,1,5,0,62,"sa3011122"
"Mike Ruff","COL","AA",25,0,6,7.75,26,12,0,0,0,1,,72,337,81,63,62,18,42,0,10,3,0,61,"sa3011125"
"Grant Gambrell","BOS","AA",25,6,3,3.415019968810551,15,15,0,0,0,0,,84.1,353,71,34,32,10,32,0,1,2,2,84,"sa3011129"
"Antoine Kelly","TEX","AA",23,3,1,1.953947172270607,43,0,0,0,11,0,,50.2,217,37,19,11,4,22,0,3,2,2,69,"sa3011135"
"Daniel Juarez","NYM","AA",22,1,3,3.266129434170807,21,2,0,0,0,0,,41.1,167,30,18,15,4,12,0,3,0,0,37,"sa3011139"
"Jimmy Robbins","TOR","AA",25,5,8,4.673077471580796,22,18,0,0,0,0,,86.2,392,78,48,45,7,54,0,7,8,0,86,"sa3011145"
"Connor Lunn","STL","AA",24,7,7,4.707692307692308,25,23,0,0,1,0,,130,554,150,72,68,17,31,0,1,3,0,111,"sa3011189"
"Ryan Garcia","TEX","AA",25,3,9,6.658784470303971,26,26,0,0,0,0,,98.2,442,97,76,73,20,62,0,3,6,0,110,"sa3011190"
"T.J. Sikkema","KCR","AA",24,4,4,5.847926678489768,34,0,0,0,0,2,,72.1,316,61,50,47,11,39,1,11,2,0,63,"sa3011191"
"Brett Schulze","PHI","AA",25,5,5,4.413460890922416,31,0,0,0,6,3,,34.2,145,25,18,17,3,16,1,2,5,0,53,"sa3011195"
"Josh Hendrickson","PHI","AA",25,2,9,5.418367346938775,21,21,0,0,0,0,,98,455,115,69,59,23,41,0,11,5,2,77,"sa3011196"
"Michael Dominguez","TOR","AA",22,1,1,4.289719014430677,8,8,0,0,0,0,,35.2,147,22,17,17,11,23,0,0,0,0,41,"sa3011198"
"Jeff Belge","TBR","AA",25,6,1,3.483870624776471,41,0,0,0,2,2,,51.2,229,42,21,20,2,31,0,0,7,2,74,"sa3011231"
"Alec Gamboa","LAD","AA",26,7,0,2.25,14,0,0,0,0,0,,36,143,17,9,9,2,19,0,2,4,1,33,"sa3011249"
"Aidan Anderson","TEX","AA",26,1,3,3.8098163075655425,33,2,0,0,1,0,,54.1,238,52,27,23,2,21,2,5,4,0,73,"sa3011250"
"Taylor Floyd","MIN","AA",25,2,2,5.973450520817509,28,0,0,0,0,1,,37.2,175,45,26,25,6,19,0,3,1,1,41,"sa3011367"
"Drew Parrish","KCR","AA",25,2,2,4.909090909090909,7,6,0,0,1,0,,33,149,33,18,18,8,15,0,3,0,0,32,"sa3011395"
"Nick Bennett","MIL","AA",25,3,3,4.078125,32,3,0,0,0,0,,64,277,61,34,29,9,25,0,5,2,2,63,"sa3011410"
"Evan Fitterer","MIA","AA",23,7,7,4.457943925233645,23,23,0,0,0,0,,107,487,95,60,53,15,72,0,12,8,4,100,"sa3011433"
"Michael Cuevas","WSN","AA",22,4,8,5.52901081478505,23,23,0,0,0,0,,97.2,440,112,69,60,10,45,0,6,8,0,74,"sa3011437"
"Ryan Jensen","CHC","AA",25,2,5,5.567011185008757,14,6,0,0,0,0,,32.1,152,36,23,20,4,22,0,1,5,0,40,"sa3011496"
"Spencer Stockton","CIN","AA",27,3,2,3.558139534883721,28,0,0,0,2,1,,43,182,37,17,17,6,20,0,0,0,0,47,"sa3011500"
"Houston Roth","BAL","AA",25,7,3,5.012658227848101,25,4,0,0,2,0,,79,341,70,44,44,17,44,0,3,7,0,82,"sa3011527"
"Mitchell Stumpo","ARI","AA",27,1,4,6.950493999444339,30,0,0,0,0,1,,33.2,169,36,30,26,6,31,0,2,8,2,54,"sa3011585"
"Conor Grammes","ARI","AA",25,5,2,3.5474448603670594,30,6,0,0,0,3,,45.2,207,40,26,18,5,35,1,3,6,0,65,"sa3011651"
"Peyton Plumlee","HOU","AA",26,1,6,7.659574468085107,19,7,0,0,3,2,,47,224,55,43,40,6,28,0,3,5,0,53,"sa3011654"
"Kendall Williams","LAD","AA",22,3,3,3.923076923076923,8,8,0,0,0,0,,39,173,30,17,17,1,23,0,3,3,1,33,"sa3011674"
"Lucas Knowles","WSN","AA",25,4,2,3.654135757576592,25,1,0,0,0,2,,44.1,181,40,19,18,8,13,0,2,2,0,43,"sa3011676"
"Brendan Cellucci","BOS","AA",25,1,2,5.294117647058823,37,0,0,0,0,2,,51,241,60,36,30,7,33,1,2,8,1,63,"sa3011710"
"Sem Robberse","TOR","AA",21,3,5,4.060150841751769,18,18,0,0,0,0,,88.2,372,71,42,40,14,33,0,3,3,0,86,"sa3011735"
"Pedro Garcia","CIN","AA",28,4,4,5.837837837837838,37,0,0,0,6,8,,37,171,26,24,24,7,28,1,6,4,2,64,"sa3011805"
"Matthew Thompson","CHW","AA",22,6,15,4.849866150142318,27,27,0,0,0,0,,124.1,568,110,78,67,15,85,0,3,17,5,136,"sa3011866"
"Graeme Stinson","TBR","AA",25,3,6,5.955883021173255,29,2,0,0,1,3,,45.1,212,43,32,30,5,30,0,8,11,0,51,"sa3011900"
"Chris McMahon","COL","AA",24,2,3,5.91044776119403,15,15,0,0,0,0,,67,313,84,48,44,13,25,0,5,1,1,66,"sa3014429"
"Shane Drohan","BOS","AA",24,5,0,1.3235294117647058,6,6,0,0,0,0,,34,128,19,5,5,1,9,0,1,1,0,36,"sa3014447"
"Tyler Brown","HOU","AA",24,5,3,3.122448979591837,38,0,0,0,3,1,,49,209,37,22,17,5,26,0,3,5,0,49,"sa3014450"
"Tanner Burns","CLE","AA",24,5,3,3.011538815018735,29,14,1,0,1,0,,86.2,360,68,31,29,11,41,0,4,8,3,86,"sa3014451"
"Garrett Stallings","BAL","AA",25,3,2,4.725000450611158,13,7,0,0,0,0,,53.1,223,48,29,28,8,19,0,0,4,0,53,"sa3014457"
"Beck Way","KCR","AA",23,2,9,6.665272817606628,28,17,0,0,0,0,,79.2,387,78,65,59,10,62,0,17,5,2,80,"sa3014462"
"Zach McCambley","MIA","AA",24,4,0,3.756522237565047,25,0,0,0,1,1,,38.1,170,38,20,16,1,22,0,2,7,0,44,"sa3014478"
"Christian Chamberlain","KCR","AA",23,1,2,1.989473484493709,20,0,0,0,0,3,,31.2,136,13,10,7,0,22,0,5,1,2,49,"sa3014486"
"Nick Frasso","LAD","AA",24,3,4,3.909502802301164,21,21,0,0,0,0,,73.2,315,68,34,32,4,24,0,7,1,0,94,"sa3014492"
"Nick Garcia","COL","AA",24,3,9,7.346290148747321,26,18,0,0,0,0,,94.1,439,119,81,77,20,38,0,10,5,2,83,"sa3014501"
"Tekoah Roby","STL","AA",21,2,3,4.628571832150865,14,14,0,0,0,0,,58.1,239,55,32,30,6,15,0,2,5,0,69,"sa3014519"
"Dax Fulton","MIA","AA",21,2,4,5.181818181818182,7,6,0,0,0,0,,33,148,32,21,19,4,19,0,2,0,0,39,"sa3014535"
"Chih-Jung Liu","BOS","AA",24,7,8,5.352769917425035,26,24,1,1,0,0,,114.1,510,117,74,68,19,61,0,8,8,2,145,"sa3014675"
"Tink Hence","STL","AA",20,2,5,5.466258180420126,12,12,0,0,0,0,,54.1,239,60,37,33,8,22,0,2,5,0,53,"sa3014709"
"Nick Trogrlic-Iverson","STL","AA",25,4,5,4.871134786882662,41,0,0,0,0,2,,64.2,296,69,48,35,7,29,1,9,4,2,55,"sa3014782"
"Wil Jensen","SFG","AA",25,7,0,2.5280898876404496,34,4,0,0,1,1,,89,373,75,28,25,10,41,0,4,2,0,93,"sa3014786"
"Braden Zarbnisky","PHI","AA",26,5,1,2.974576655834218,30,0,0,0,1,2,,39.1,165,33,18,13,6,16,1,1,5,1,47,"sa3014791"
"Cesar Gomez","HOU","AA",24,2,4,7.9266066142240215,34,0,0,0,2,5,,36.1,187,53,40,32,6,24,0,2,5,1,32,"sa3014799"
"Shohei Tomioka","OAK","AA",27,2,0,3.022387715537488,29,0,0,0,2,0,,44.2,201,44,19,15,2,26,0,1,7,1,53,"sa3014808"
"Robbie Peto","LAD","AA",24,1,1,7.9714285714285715,12,6,0,0,0,0,,35,180,47,32,31,8,27,0,2,8,0,33,"sa3014848"
"Stevie Branche","CIN","AA",26,1,4,4.790323170117184,31,0,0,0,2,0,,41.1,190,28,27,22,2,33,0,7,12,0,60,"sa3014866"
"Joe Jones","BOS","AA",27,2,3,4.8214289819708025,32,3,0,0,2,1,,37.1,170,29,24,20,4,25,1,7,4,0,39,"sa3014870"
"Ryan Murphy","SFG","AA",23,2,9,4.360248653826442,29,27,0,0,0,0,,107.1,465,102,56,52,15,51,0,7,8,0,107,"sa3014871"
"TJ Shook","MIL","AA",25,7,5,4.623287912827997,25,12,0,0,1,1,,97.1,412,83,59,50,13,36,0,9,2,0,107,"sa3014915"
"Cole Percival","LAA","AA",24,1,5,6.567566467254689,15,7,0,0,0,1,,49.1,238,56,43,36,4,29,0,7,3,1,44,"sa3014919"
"Dane Acker","TEX","AA",24,1,1,2.739130434782609,12,12,0,0,0,0,,46,197,33,17,14,4,26,0,3,1,0,51,"sa3014924"
"Blane Abeyta","NYY","AA",24,8,8,5.669291338582677,25,23,1,1,0,0,,127,565,130,83,80,18,51,0,13,2,4,126,"sa3014975"
"Blake Goldsberry","COL","AA",26,3,2,3.8571432996641803,33,2,0,0,1,1,,44.1,189,40,21,19,8,20,0,1,2,0,55,"sa3014978"
"Nick Krauth","TEX","AA",23,5,11,6.009404676163757,24,22,0,0,0,0,,106.1,474,122,75,71,12,37,0,14,0,2,73,"sa3015006"
"Adam Seminaris","MIL","AA",24,2,5,5.7018628136427205,12,12,0,0,0,0,,53.2,235,60,35,34,5,21,0,2,5,0,57,"sa3015010"
"Case Williams","COL","AA",21,1,11,7.081967921719703,23,23,0,0,0,0,,101.2,478,131,87,80,22,51,0,7,8,0,79,"sa3015013"
"Mason Hickman","CLE","AA",24,4,4,3.951219144568174,35,0,0,0,0,3,,54.2,234,46,27,24,9,32,1,1,2,0,71,"sa3015033"
"Trey Benton","CLE","AA",25,1,4,3.8297872340425534,42,0,0,0,0,1,,47,221,50,33,20,5,30,2,2,10,1,65,"sa3015034"
"Jake McSteen","ATL","AA",27,1,2,4.129411394059898,40,0,0,0,1,4,,56.2,248,61,30,26,10,18,0,1,3,0,51,"sa3015087"
"Michael Brewer","TEX","AA",22,2,3,6.165355071463406,35,0,0,0,1,1,,42.1,195,43,31,29,7,29,1,2,4,1,38,"sa3015149"
"Wilmer Flores","DET","AA",22,5,3,3.9049591701235395,18,18,0,0,0,0,,80.2,337,72,36,35,5,32,0,3,5,2,82,"sa3015223"
"Aaron Rozek","MIN","AA",27,3,3,5.755813953488372,26,15,0,0,1,0,,86,377,93,59,55,15,30,0,6,6,1,81,"sa3015224"
"Nolan Clenney","NYM","AA",27,1,2,5.355372576169426,25,0,0,0,2,4,,40.1,189,48,28,24,7,18,0,1,1,0,44,"sa3015328"
"Kenyon Yovan","LAA","AA",25,3,6,4.856115640996002,44,0,0,0,10,3,,46.1,198,39,30,25,8,22,1,2,8,1,45,"sa3016839"
"Tommy Sommer","CHW","AA",24,2,4,6.088235294117647,16,14,0,0,0,0,,68,306,67,48,46,17,46,0,1,7,0,57,"sa3016906"
"Theo Denlinger","BOS","AA",26,2,4,4.695651687160607,24,0,0,0,0,1,,30.2,134,25,19,16,1,15,0,3,2,1,34,"sa3016908"
"Jimmy Joyce","SEA","AA",24,0,3,3.8152169958179933,7,7,0,0,0,0,,30.2,128,29,13,13,1,10,0,2,0,1,29,"sa3016914"
"Garrett Schoenle","CHW","AA",25,4,7,6.224026590721486,34,18,0,0,0,0,,102.2,462,97,72,71,15,64,1,7,6,0,117,"sa3016937"
"Kevin Kopps","SDP","AA",26,4,3,2.6341460963787826,33,0,0,0,6,2,,54.2,247,55,27,16,2,24,1,5,10,1,67,"sa3017005"
"Ross Carver","CLE","AA",23,1,5,6.153489245532971,19,15,0,0,0,0,,71.2,322,68,52,49,9,34,0,6,6,2,81,"sa3017069"
"Griff McGarry","PHI","AA",24,1,1,3.1280484894498044,13,13,0,0,0,0,,54.2,231,31,23,19,4,36,0,2,4,0,74,"sa3017130"
"Dylan Spain","COL","AA",25,2,2,5.845361744259194,22,0,0,0,0,2,,32.1,148,35,24,21,8,11,1,8,2,1,31,"sa3017134"
"Andrew Baker","PHI","AA",23,0,6,8.121951219512194,41,0,0,0,1,4,,41,210,35,41,37,6,48,0,5,10,1,64,"sa3017196"
"Nick Dombkowski","PIT","AA",24,5,6,3.7058823529411766,33,8,0,0,0,1,,85,356,76,37,35,13,26,0,2,3,2,58,"sa3017201"
"Justin Meis","PIT","AA",23,4,3,4.554216867469879,29,10,0,0,1,1,,83,369,74,46,42,13,47,0,5,2,1,77,"sa3017207"
"Ray Gaither","HOU","AA",25,4,1,3.5100005355835777,30,0,0,0,3,3,,33.1,161,31,23,13,4,24,0,2,3,0,36,"sa3017270"
"Trey McLoughlin","NYM","AA",24,2,1,3.3113212313844547,25,0,0,0,4,2,,35.1,145,30,16,13,4,10,0,0,4,0,38,"sa3017277"
"Gil Luna","CHW","AA",23,1,3,6.1260496346546285,40,0,0,0,2,3,,39.2,184,30,33,27,3,41,0,5,8,0,51,"sa3017301"
"Patrick Wicklander","TBR","AA",23,5,2,4.077551528314275,23,11,0,0,0,1,,81.2,358,92,49,37,14,27,0,3,5,0,69,"sa3017304"
"Evan Gates","SFG","AA",25,4,6,4.3915666687348764,42,0,0,0,6,3,,55.1,262,64,35,27,3,30,0,1,9,0,72,"sa3017311"
"Logan Workman","TBR","AA",24,4,4,4.121052962538305,15,15,1,0,0,0,,63.1,275,67,38,29,7,21,0,1,2,0,71,"sa3017313"
"William Fleming","KCR","AA",24,2,0,4.342656879274928,10,8,0,0,0,0,,47.2,208,49,23,23,6,17,0,1,2,0,38,"sa3017314"
"Sean Hunley","TBR","AA",23,5,5,3.618556701030928,22,22,0,0,0,0,,97,398,90,49,39,13,19,0,10,2,0,89,"sa3017316"
"Ryan Cusick","OAK","AA",23,5,7,4.770318278407351,22,22,0,0,0,0,,94.1,405,83,50,50,17,57,0,1,5,0,84,"sa3017385"
"Antonio Knowles","LAD","AA",23,2,2,5.048780487804878,34,0,0,0,2,2,,41,172,26,24,23,5,27,0,5,6,0,43,"sa3017387"
"Brett Kerry","LAA","AA",24,6,4,3.878873406160313,23,20,0,0,2,0,,118.1,488,100,54,51,23,40,1,1,3,1,106,"sa3017390"
"Adrian Chaidez","HOU","AA",24,1,6,6.750000757329689,18,6,0,0,0,1,,45.1,209,38,37,34,6,33,2,7,10,0,50,"sa3017417"
"Matt Osterberg","PHI","AA",24,1,1,3.2637366057738215,6,6,0,0,0,0,,30.1,121,26,12,11,3,6,0,0,0,0,30,"sa3017462"
"Aaron Brown","HOU","AA",24,5,2,4.295454971061307,26,14,0,0,2,1,,102.2,450,111,59,49,13,36,0,2,3,0,110,"sa3017500"
"Alex Cornwell","STL","AA",24,2,1,2.6999996254661385,7,7,0,0,0,0,,36.2,148,35,14,11,2,8,0,1,1,0,31,"sa3017501"
"Lael Lockhart","DET","AA",25,6,3,4.161654612795563,26,12,0,0,0,2,,88.2,383,76,46,41,9,45,0,4,5,0,107,"sa3017502"
"Christopher Troye","BOS","AA",24,0,0,3.774193548387097,24,0,0,0,0,0,,31,144,20,17,13,0,27,0,2,4,0,50,"sa3017530"
"Bryan Pope","STL","AA",24,2,2,4.21875,24,0,0,0,0,1,,32,155,42,23,15,4,14,0,3,0,0,32,"sa3017532"
"Carlos Tavera","BAL","AA",24,3,7,4.857741206052288,23,17,0,0,0,0,,79.2,368,70,57,43,15,58,0,2,14,2,89,"sa3017536"
"Wyatt Olds","BOS","AA",23,0,7,8.474451610876864,23,8,0,0,0,2,,45.2,237,42,45,43,4,47,0,13,10,0,54,"sa3017539"
"Peter Van Loon","BAL","AA",24,2,7,6.037266508562881,18,11,0,0,1,1,,53.2,241,57,37,36,12,23,0,3,6,0,70,"sa3017543"
"Rhett Kouba","HOU","AA",23,7,5,3.272727272727273,23,21,0,0,0,0,,110,451,95,48,40,12,23,0,10,5,0,118,"sa3017544"
"Jacob Webb","BOS","AA",24,8,3,5.033898305084746,41,0,0,0,0,4,,59,266,50,39,33,5,38,1,3,8,1,65,"sa3017547"
"Justin Armbruester","BAL","AA",24,3,2,2.467741935483871,12,12,1,0,0,0,,62,252,52,21,17,5,19,0,3,3,1,43,"sa3017548"
"Alex Pham","BAL","AA",23,0,2,2.670329446450584,14,9,0,0,1,0,,60.2,235,43,20,18,5,17,0,0,3,0,54,"sa3017550"
"Luke Albright","ARI","AA",23,8,5,5.464285714285714,25,25,0,0,0,0,,112,514,118,74,68,11,69,0,4,5,1,136,"sa3017592"
"Jake Rice","ARI","AA",25,5,0,7.5,40,0,0,0,3,0,,42,201,37,35,35,5,34,1,7,4,0,58,"sa3017593"
"Jack Sinclair","WSN","AA",24,2,5,4.122136924436505,35,0,0,0,1,3,,43.2,189,39,22,20,8,25,1,3,7,1,45,"sa3017596"
"Riley Martin","CHC","AA",25,5,1,3.5217391304347827,30,0,0,0,4,0,,46,197,32,25,18,3,28,0,2,6,0,78,"sa3017601"
"Dustin Saenz","WSN","AA",24,5,5,4.438356164383562,15,15,0,0,0,0,,73,299,77,36,36,8,19,0,3,3,1,42,"sa3017610"
"Ryan Long","BAL","AA",23,3,3,6.51063829787234,12,6,0,0,1,0,,47,206,52,34,34,8,17,0,1,0,1,42,"sa3017616"
"Sam Benschoter","CIN","AA",25,7,12,7.277628630985445,27,27,0,0,0,0,,123.2,576,137,102,100,29,67,0,13,13,0,140,"sa3017639"
"Luke Murphy","LAA","AA",23,3,3,4.959183673469388,44,1,0,0,2,0,,49,223,53,33,27,4,27,0,1,4,2,62,"sa3017653"
"Adam McKillican","COL","AA",25,3,0,6.210000947570945,25,0,0,0,1,1,,33.1,155,36,26,23,5,14,0,3,3,1,33,"sa3017687"
"Haylen Green","CHW","AA",25,1,0,5.5588235294117645,27,0,0,0,5,1,,34,156,36,22,21,3,16,1,4,0,0,34,"sa3017716"
"Thomas Farr","CIN","AA",24,1,7,7.634483562020512,11,11,0,0,0,0,,48.1,226,59,50,41,8,22,0,6,5,2,22,"sa3017720"
"Ben Harris","LAD","AA",23,2,3,4.877418874687059,46,0,0,0,2,3,,51.2,236,32,32,28,4,48,1,5,13,1,74,"sa3017779"
"Ryan Sublette","LAD","AA",24,2,4,6.274648561574217,43,1,0,0,2,5,,47.1,227,38,35,33,6,46,0,6,7,0,60,"sa3017781"
"Walker Powell","CHC","AA",27,11,6,3.675,25,21,0,0,0,0,,120,475,105,57,49,23,25,0,3,1,4,109,"sa3017815"
"Houston Harding","LAA","AA",25,1,0,7.381295774313923,17,2,0,0,0,0,,46.1,218,53,39,38,7,31,0,2,1,0,46,"sa3017820"
"RJ Petit","DET","AA",23,2,4,3.8322576872541183,37,1,0,0,2,1,,51.2,235,62,29,22,6,17,0,5,0,1,48,"sa3017848"
"Will Dion","CLE","AA",23,3,4,2.602409638554217,17,15,0,0,0,0,,83,329,67,27,24,6,25,0,1,1,3,88,"sa3017850"
"Nick Zwack","SFG","AA",24,5,7,6.555555555555555,24,16,0,0,0,2,,81,365,93,62,59,14,32,0,3,1,1,91,"sa3017867"
"Zac Leigh","CHC","AA",25,3,2,4.114285714285714,25,0,0,0,2,1,,35,150,26,17,16,4,16,0,3,2,0,52,"sa3017873"
"Tyler Samaniego","PIT","AA",24,2,1,5.5140850995652215,41,1,0,0,6,2,,47.1,208,51,31,29,2,23,0,4,2,0,54,"sa3017876"
"Landon Marceaux","LAA","AA",23,3,7,5.459016393442623,13,13,0,0,0,0,,61,274,77,47,37,7,20,0,2,7,0,45,"sa3017913"
"Jamison Hill","ARI","AA",24,7,6,4.3474576271186445,26,25,0,0,0,0,,118,521,95,60,57,13,74,0,10,9,2,104,"sa3017935"
"Danny Watson","NYY","AA",22,4,0,1.643478478934708,30,0,0,0,5,1,,38.1,151,18,8,7,5,16,0,3,3,0,43,"sa3017952"
"Jaylen Nowlin","MIN","AA",22,3,1,3.8230083333232057,9,7,0,0,0,0,,37.2,173,31,21,16,4,22,0,8,8,0,35,"sa3017978"
"Blake Beers","OAK","AA",24,3,10,7.809918340247079,18,17,0,0,0,0,,80.2,374,98,76,70,16,34,0,12,6,0,74,"sa3018004"
"Ricky Tiedemann","TOR","AA",20,0,5,5.0625,11,11,0,0,0,0,,32,146,28,22,18,1,20,0,2,1,1,58,"sa3018096"
"Davis Sharpe","CLE","AA",23,7,5,4.3021974415037185,41,0,0,0,3,8,,60.2,269,67,38,29,8,16,2,5,12,0,64,"sa3018112"
"Tyler Mattison","DET","AA",23,2,0,1.6200002471924206,22,3,0,0,4,1,,33.1,136,20,9,6,0,18,1,0,3,1,46,"sa3018117"
"Chandler Champlain","KCR","AA",23,5,5,3.8219178082191783,14,14,0,0,0,0,,73,302,64,38,31,11,25,0,4,3,0,64,"sa3018138"
"Tommy Mace","CLE","AA",24,4,5,5.489010528815089,14,9,0,0,1,0,,60.2,279,69,40,37,9,36,0,3,3,4,51,"sa3018140"
"Blake Holub","DET","AA",24,1,3,3.7933889081200096,30,0,0,0,7,2,,40.1,162,36,19,17,6,13,0,2,4,1,44,"sa3018147"
"Hunter Stanley","CLE","AA",25,4,11,4.915966386554622,26,24,0,0,0,0,,119,523,116,76,65,16,49,0,1,6,2,108,"sa3018148"
"Jack Leftwich","CLE","AA",24,6,7,5.1923076923076925,23,14,0,0,0,0,,78,326,71,48,45,12,25,0,1,6,1,70,"sa3018169"
"Chad Dallas","TOR","AA",23,7,3,4.096552155230519,18,18,0,0,0,0,,96.2,414,85,48,44,15,37,0,6,3,2,107,"sa3018180"
"Orlando Ortiz-Mayr","LAD","AA",25,3,8,5.785713800642932,13,11,0,0,0,1,,60.2,271,65,40,39,9,19,0,9,12,5,48,"sa3018181"
"Sean Sullivan","PIT","AA",22,8,4,3.8797657431115957,24,21,1,0,0,1,,113.2,476,106,53,49,13,38,0,4,2,0,97,"sa3018185"
"Russell Smith","MIL","AA",24,1,3,5.108108108108108,21,1,0,0,0,1,,37,168,37,22,21,8,18,0,5,5,0,47,"sa3018191"
"Anthony Solometo","PIT","AA",20,2,4,4.354838280970589,12,12,0,0,0,0,,51.2,217,49,27,25,6,14,0,3,2,3,50,"sa3018259"
"Yu-Min Lin","ARI","AA",19,5,2,4.278688524590164,11,11,0,0,0,0,,61,259,49,34,29,7,26,0,8,2,1,64,"sa3019278"
"Ryan Middendorf","MIL","AA",25,3,1,3.744525130387452,32,0,0,0,2,2,,45.2,209,54,24,19,4,12,1,6,3,0,43,"sa3019506"
"Duncan Snider","SDP","AA",25,0,4,5.633094143555362,13,11,0,0,0,0,,46.1,214,48,32,29,5,33,1,4,2,1,32,"sa3019695"
"Jonah Scolaro","CHW","AA",24,3,2,3.718562534486459,34,0,0,0,0,1,,55.2,239,38,24,23,5,32,0,6,3,0,66,"sa3019817"
"T.J. Brock","TOR","AA",23,2,1,6.680413422010508,32,0,0,0,9,3,,32.1,154,38,27,24,7,14,0,4,10,0,56,"sa3020079"
"John Michael Bertrand","SFG","AA",25,2,3,4.673076923076923,11,11,0,0,0,0,,52,225,56,30,27,1,21,0,1,3,0,39,"sa3020082"
"Isaac Coffey","BOS","AA",23,7,4,3.9244189528016338,12,11,0,0,0,0,,57.1,251,46,27,25,11,23,0,9,2,0,72,"sa3020222"
"Tyler Stuart","NYM","AA",23,3,2,3.6,7,7,0,0,0,0,,35,145,34,16,14,4,9,0,1,3,1,28,"sa3020264"
"Jared Kollar","SDP","AA",24,2,2,4.618420589003253,12,12,0,0,0,0,,50.2,230,58,29,26,5,20,0,3,1,1,34,"sa3020439"
"Chase Hampton","NYY","AA",21,2,2,4.374301303091951,11,11,0,0,0,0,,59.2,248,54,33,29,8,21,0,0,5,2,68,"sa3020682"
"Jake Pilarski","LAD","AA",25,1,2,6.230769883750023,25,0,0,0,1,2,,30.1,147,36,25,21,3,24,0,1,5,0,24,"sa3020685"
"Ben Holmes","CHW","AA",31,2,4,3.3,25,0,0,0,4,3,,30,124,24,18,11,6,9,0,2,3,0,36,"sa549147"
"Teddy Stankiewicz","CIN","AA",29,3,2,6.230769962107727,11,7,0,0,0,0,,43.1,200,54,32,30,6,16,0,3,2,0,32,"sa657954"
"Raffi Vizcaino","ARI","AA",27,1,1,4.628571428571429,27,2,0,0,4,1,,35,154,29,22,18,7,22,0,1,3,1,48,"sa736742"
"Ronald Medrano","KCR","AA",27,1,1,5.225806451612903,9,6,0,0,0,0,,31,139,34,20,18,3,11,0,5,1,0,27,"sa737377"
"A.J. Puckett","SEA","AA",28,6,3,4.35,44,3,0,0,0,3,,60,260,56,31,29,5,25,1,7,1,2,52,"sa738686"
"Jefry Yan","MIA","AA",26,3,3,3.7058823529411766,43,0,0,0,13,1,,51,233,38,26,21,3,39,0,5,9,1,91,"sa828460"
"Juan Nunez","TOR","AA",27,2,3,3.889831011475516,32,0,0,0,1,0,,39.1,183,21,21,17,2,42,2,3,15,1,59,"sa828600"
"Trey Supak","OAK","AA",27,4,0,4.889764367022701,25,0,0,0,2,3,,42.1,191,42,26,23,4,18,1,4,2,1,38,"sa828707"
"Carlos Luna","MIN","AA",26,2,9,5.873684210526315,23,16,0,0,0,0,,95,414,106,69,62,30,24,0,8,3,1,96,"sa828727"
"Jordan Brink","MIN","AA",30,1,2,6,28,0,0,0,5,2,,33,148,31,22,22,4,21,0,1,3,0,27,"sa829003"
"Logan Sawyer","STL","AA",30,5,3,5.213793652111569,38,0,0,0,7,4,,48.1,215,54,29,28,4,17,1,3,6,0,59,"sa829628"
"Brady Puckett","MIA","AA",27,2,2,3.9913048774128628,32,0,0,0,0,2,,38.1,170,37,22,17,4,23,2,5,4,0,35,"sa829632"
"Jeff Bain","ARI","AA",27,1,3,7.1566271638642425,19,7,0,0,0,0,,55.1,255,73,53,44,17,17,0,7,4,1,48,"sa829808"
"Malvin Pena","WSN","AA",26,1,0,2.5445024145234263,41,0,0,0,3,2,,63.2,257,45,21,18,5,28,0,3,2,4,55,"sa830644"
"Kyle Wilcox","ATL","AA",29,4,4,2.1259845074011743,36,0,0,0,3,1,,42.1,173,21,11,10,2,23,1,2,10,0,64,"sa857699"
"Carlos Guzman","CHC","AA",25,6,2,4.855263157894737,35,1,0,0,0,3,,76,336,74,46,41,8,43,0,6,8,3,82,"sa871477"
"Domingo Robles","ATL","AA",25,9,7,3.393854893257307,23,22,0,0,0,0,,119.1,494,109,53,45,9,32,0,5,10,6,119,"sa872881"
"Nolan Watson","SDP","AA",26,3,3,4.078125,14,12,0,0,0,0,,64,271,60,34,29,7,22,0,5,1,3,41,"sa874732"
"Gray Fenter","NYY","AA",27,2,2,5.008065132395237,10,10,0,0,0,0,,41.1,182,37,27,23,6,21,0,0,5,0,51,"sa875233"
"Collin Kober","SEA","AA",28,4,1,5.55,43,1,0,0,0,3,,60,270,61,41,37,10,22,0,10,6,0,60,"sa913150"
"Noah Bremer","TEX","AA",27,1,4,6.30656864065255,14,13,0,0,0,0,,45.2,204,50,35,32,7,22,0,3,1,1,33,"sa915571"
"Alex Troop","WSN","AA",26,3,9,4.38079514467304,24,18,0,0,0,0,,100.2,433,92,53,49,15,43,0,6,3,1,95,"sa915638"
"Wilfredo Pereira","STL","AA",24,10,8,4.968523369557627,26,24,0,0,0,0,,137.2,591,138,84,76,18,53,0,10,9,1,104,"sa917136"
"Jose Chacin","NYM","AA",26,3,5,5.04672933180831,18,16,0,0,0,0,,71.1,298,68,43,40,18,18,0,1,6,4,63,"sa917323"
"Oliver Garcia","PIT","AA",25,7,3,4.273381764076482,41,0,0,0,7,1,,46.1,219,43,29,22,3,33,3,7,6,1,50,"sa917415"
"Deyni Olivero","ARI","AA",25,5,5,9.529411764705882,17,17,0,0,0,0,,68,338,108,77,72,15,38,0,3,6,1,38,"sa917869"
"Kevin Gowdy","LAD","AA",25,2,1,4.9304354368041245,31,0,0,0,3,1,,38.1,168,35,24,21,4,20,0,3,6,4,41,"sa917928"
"Travis MacGregor","PIT","AA",25,4,0,1.8349517281470036,16,1,0,0,0,1,,34.1,140,29,8,7,3,13,0,0,0,0,45,"sa917950"
"Curtis Taylor","MIN","AA",27,2,5,3.9767441860465116,31,1,0,0,2,2,,43,189,37,24,19,3,21,0,5,6,1,46,"sa917970"
"Braeden Ogle","PIT","AA",25,0,0,4.909090909090909,29,1,0,0,2,1,,33,152,26,21,18,6,28,0,3,3,1,36,"sa917989"
"Henry Henry","SDP","AA",24,1,3,5.845361744259194,24,1,0,0,0,0,,32.1,153,32,22,21,1,28,0,3,4,0,25,"sa918121"
"Trevor Bettencourt","LAD","AA",28,4,1,4.868851850059153,33,1,0,0,0,2,,40.2,186,47,25,22,3,19,2,1,9,0,42,"sa918556"
"Chad Donato","MIN","AA",28,1,7,11.571428571428571,13,11,0,0,0,1,,42,217,72,55,54,13,23,0,2,0,0,36,"sa919112"
"Raul Brito","SDP","AA",26,5,1,2.677686288084713,17,0,0,0,0,0,,40.1,181,39,14,12,1,19,0,5,7,1,52,"sa928287"
"Kenny Hernandez","STL","AA",25,7,2,5.95945945945946,15,14,0,0,0,0,,74,329,85,52,49,5,32,0,2,5,0,67,"sa943755"
"Daison Acosta","NYM","AA",24,4,3,4.75,29,0,0,0,3,2,,36,161,28,21,19,6,24,4,3,4,2,39,"sa944989"
"Lisandro Santos","NYY","AA",24,2,3,2.6470588235294117,33,0,0,0,0,2,,51,218,31,25,15,3,34,0,2,6,2,55,"sa945728"
"Christian Mejias","MIL","AA",24,6,12,6.8983519375288385,27,24,0,0,0,0,,121.1,552,127,99,93,21,58,0,11,15,6,123,"sa946165"